/*******************************************************************************
 * Size: 24 px
 * Bpp: 4
 * Opts: --bpp 4 --no-compress --font C:\Windows\Fonts\malgunbd.ttf --format lvgl --lv-include lvgl.h --size 24 --range 0x20-0x7E --range 0x00A0-0x00FF --range 0x2000-0x206F --range 0x2190-0x21FF --range 0x25A0-0x25FF --symbols 가각간갈값강같개객갱거건검것게격결겼경계고공과관괄광교구권균그근금급기길김까깨꺼꼬꽂꾸끄끊끝끼나난남낮내낸낼냅너넘넣네넷노농누눌는능늦니닉닙다단닫달담답당대더던덮데도돌동되된될됨됩두둔둠뒤듈드든들등따때또라락람래략량러런렀렇려력령로록롤료루류르른를름리릭림립마막만많맞매맨먼멈메면명모목못무문물므미밀밍바밖반받발방배백버번범벤벨변별보복본볼부북분불붙블비빌빠사삭산살삼삽상새색샘생서석섞선설성세센셋션소속손송수순숨스습시식신실심쌓쓰씀아안않알압았앙앞야약양어업없에여연열영옆예오온올옵와완왔외요용우운움워원웨위유으은을음응의이인일읽임입있자작잡장재저적전절점접정제져조존종주준줄중즉증지직진질짐집짧쪽차찾채처첨첫청체초최추축출충춰취츠측치칩칭카칸캐캔커컬컴켜코콘큐크클큽키킷타탄탐태택터테텐통투트튼팅파패퍼편평포폭폰폴표프픈플핀필하학한할함합해핵했행허험현형호홈화확환활황회후휴흔히힙℃ --lv-font-name korean_24_bold -o C:\Users\USER\Documents\PlatformIO\Projects\esp32p4\src\korean_24_bold.c
 ******************************************************************************/

#ifdef LV_LVGL_H_INCLUDE_SIMPLE
#include "lvgl.h"
#else
#include "lvgl.h"
#endif

#ifndef KOREAN_24_BOLD
#define KOREAN_24_BOLD 1
#endif

#if KOREAN_24_BOLD

/*-----------------
 *    BITMAPS
 *----------------*/

/*Store the image of the glyphs*/
static LV_ATTRIBUTE_LARGE_CONST const uint8_t glyph_bitmap[] = {
    /* U+0020 " " */

    /* U+0021 "!" */
    0xd, 0xff, 0x80, 0xdf, 0xf8, 0xc, 0xff, 0x70,
    0xcf, 0xf7, 0xb, 0xff, 0x60, 0xbf, 0xf6, 0xa,
    0xff, 0x50, 0xaf, 0xf5, 0x9, 0xff, 0x40, 0x9f,
    0xf4, 0x8, 0xff, 0x30, 0x8f, 0xf3, 0x3, 0x66,
    0x10, 0x0, 0x0, 0x2, 0xa8, 0x10, 0xef, 0xfa,
    0xf, 0xff, 0xc0, 0x6e, 0xe3,

    /* U+0022 "\"" */
    0xff, 0xd0, 0x6f, 0xf5, 0xef, 0xc0, 0x5f, 0xf4,
    0xdf, 0xb0, 0x4f, 0xf3, 0xcf, 0xa0, 0x3f, 0xf2,
    0xbf, 0x90, 0x2f, 0xf1, 0x58, 0x40, 0x8, 0x80,

    /* U+0023 "#" */
    0x0, 0x0, 0xc, 0xf6, 0x0, 0xbf, 0x70, 0x0,
    0x0, 0x0, 0xff, 0x30, 0xe, 0xf4, 0x0, 0x0,
    0x0, 0x2f, 0xf0, 0x1, 0xff, 0x10, 0x0, 0x0,
    0x5, 0xfd, 0x0, 0x4f, 0xe0, 0x0, 0x0, 0x0,
    0x8f, 0xa0, 0x7, 0xfb, 0x0, 0x0, 0x6f, 0xff,
    0xff, 0xff, 0xff, 0xff, 0xf0, 0x9, 0xff, 0xff,
    0xff, 0xff, 0xff, 0xfc, 0x0, 0x0, 0x1f, 0xf1,
    0x1, 0xff, 0x10, 0x0, 0x0, 0x5, 0xfd, 0x0,
    0x4f, 0xe0, 0x0, 0x0, 0x0, 0x8f, 0x90, 0x8,
    0xfa, 0x0, 0x0, 0x4f, 0xff, 0xff, 0xff, 0xff,
    0xff, 0xf2, 0x7, 0xff, 0xff, 0xff, 0xff, 0xff,
    0xfe, 0x0, 0x0, 0x2f, 0xf0, 0x2, 0xff, 0x0,
    0x0, 0x0, 0x5, 0xfc, 0x0, 0x5f, 0xd0, 0x0,
    0x0, 0x0, 0x9f, 0x90, 0x9, 0xf9, 0x0, 0x0,
    0x0, 0xc, 0xf6, 0x0, 0xcf, 0x60, 0x0, 0x0,
    0x0, 0x67, 0x10, 0x7, 0x71, 0x0, 0x0, 0x0,

    /* U+0024 "$" */
    0x0, 0x0, 0xb, 0xe0, 0x0, 0x0, 0x0, 0x0,
    0xb, 0xe0, 0x0, 0x0, 0x0, 0x8, 0xdf, 0xff,
    0xea, 0x30, 0x1, 0xdf, 0xff, 0xff, 0xff, 0x80,
    0xb, 0xff, 0xde, 0xfa, 0xef, 0x80, 0x2f, 0xfc,
    0xb, 0xe0, 0x4, 0x50, 0x5f, 0xf8, 0xb, 0xe0,
    0x0, 0x0, 0x5f, 0xfa, 0xb, 0xe0, 0x0, 0x0,
    0x2f, 0xff, 0x6b, 0xe0, 0x0, 0x0, 0xa, 0xff,
    0xff, 0xe0, 0x0, 0x0, 0x0, 0xbf, 0xff, 0xfd,
    0x50, 0x0, 0x0, 0x6, 0xef, 0xff, 0xfb, 0x10,
    0x0, 0x0, 0xc, 0xff, 0xff, 0xc0, 0x0, 0x0,
    0xb, 0xe6, 0xff, 0xf5, 0x0, 0x0, 0xb, 0xe0,
    0x7f, 0xf9, 0x0, 0x0, 0xb, 0xe0, 0x4f, 0xf9,
    0x2c, 0x40, 0xb, 0xe0, 0x9f, 0xf7, 0x2f, 0xfe,
    0xae, 0xfd, 0xff, 0xf1, 0x2f, 0xff, 0xff, 0xff,
    0xfe, 0x40, 0x3, 0x9d, 0xff, 0xfc, 0x81, 0x0,
    0x0, 0x0, 0xb, 0xe0, 0x0, 0x0, 0x0, 0x0,
    0xb, 0xe0, 0x0, 0x0, 0x0, 0x0, 0x7, 0x90,
    0x0, 0x0,

    /* U+0025 "%" */
    0x1, 0x9e, 0xfd, 0x70, 0x0, 0x0, 0x9, 0xff,
    0x10, 0x1, 0xef, 0xff, 0xff, 0x80, 0x0, 0x3,
    0xff, 0x60, 0x0, 0x8f, 0xd2, 0x7, 0xff, 0x10,
    0x0, 0xcf, 0xc0, 0x0, 0xd, 0xf7, 0x0, 0xf,
    0xf4, 0x0, 0x6f, 0xf3, 0x0, 0x0, 0xff, 0x50,
    0x0, 0xef, 0x50, 0x1f, 0xf8, 0x0, 0x0, 0xe,
    0xf6, 0x0, 0xf, 0xf3, 0xa, 0xfe, 0x0, 0x0,
    0x0, 0xaf, 0xd1, 0x8, 0xfe, 0x4, 0xff, 0x50,
    0x0, 0x0, 0x2, 0xff, 0xff, 0xff, 0x50, 0xdf,
    0xb0, 0x0, 0x0, 0x0, 0x2, 0xbf, 0xfc, 0x40,
    0x8f, 0xf1, 0x0, 0x0, 0x0, 0x0, 0x0, 0x0,
    0x0, 0x2f, 0xf7, 0x4, 0xcf, 0xfb, 0x30, 0x0,
    0x0, 0x0, 0xc, 0xfd, 0x5, 0xff, 0xff, 0xff,
    0x20, 0x0, 0x0, 0x6, 0xff, 0x30, 0xef, 0x90,
    0x2e, 0xfa, 0x0, 0x0, 0x1, 0xef, 0x90, 0x3f,
    0xf1, 0x0, 0x7f, 0xe0, 0x0, 0x0, 0x9f, 0xe1,
    0x5, 0xfe, 0x0, 0x5, 0xfe, 0x0, 0x0, 0x3f,
    0xf5, 0x0, 0x4f, 0xf0, 0x0, 0x6f, 0xd0, 0x0,
    0xd, 0xfb, 0x0, 0x0, 0xff, 0x60, 0xc, 0xf8,
    0x0, 0x7, 0xff, 0x20, 0x0, 0x7, 0xff, 0xce,
    0xfd, 0x10, 0x2, 0xff, 0x70, 0x0, 0x0, 0x6,
    0xdf, 0xe9, 0x10,

    /* U+0026 "&" */
    0x0, 0x0, 0x7d, 0xff, 0xd8, 0x10, 0x0, 0x0,
    0x0, 0x0, 0x0, 0x1d, 0xff, 0xff, 0xff, 0xe1,
    0x0, 0x0, 0x0, 0x0, 0x0, 0x9f, 0xfe, 0x76,
    0xdf, 0xfa, 0x0, 0x0, 0x0, 0x0, 0x0, 0xdf,
    0xf4, 0x0, 0x2f, 0xfd, 0x0, 0x0, 0x0, 0x0,
    0x0, 0xcf, 0xf2, 0x0, 0x1f, 0xfc, 0x0, 0x3d,
    0xd8, 0x0, 0x0, 0x8f, 0xf8, 0x0, 0x9f, 0xf6,
    0x0, 0x1f, 0xfb, 0x0, 0x0, 0x1d, 0xff, 0x9c,
    0xff, 0xa0, 0x0, 0x2f, 0xfb, 0x0, 0x0, 0x3,
    0xff, 0xff, 0xf5, 0x0, 0x0, 0x3f, 0xf9, 0x0,
    0x0, 0x7f, 0xff, 0xff, 0xfd, 0x30, 0x0, 0x7f,
    0xf6, 0x0, 0x9, 0xff, 0xf6, 0x3b, 0xff, 0xf5,
    0x0, 0xcf, 0xf1, 0x0, 0x5f, 0xff, 0x30, 0x0,
    0x6f, 0xff, 0x33, 0xff, 0xa0, 0x0, 0xcf, 0xf9,
    0x0, 0x0, 0x5, 0xff, 0xed, 0xff, 0x20, 0x0,
    0xef, 0xf6, 0x0, 0x0, 0x0, 0x8f, 0xff, 0xf7,
    0x0, 0x0, 0xdf, 0xf9, 0x0, 0x0, 0x0, 0x1f,
    0xff, 0xc0, 0x0, 0x0, 0xaf, 0xff, 0x40, 0x0,
    0x6, 0xef, 0xff, 0xf5, 0x0, 0x0, 0x3f, 0xff,
    0xfd, 0xbc, 0xff, 0xff, 0xdf, 0xff, 0xcb, 0xe2,
    0x5, 0xff, 0xff, 0xff, 0xff, 0xf7, 0x8, 0xff,
    0xff, 0xf2, 0x0, 0x18, 0xcf, 0xfe, 0xc7, 0x10,
    0x0, 0x5c, 0xfe, 0xb1,

    /* U+0027 "'" */
    0xf, 0xfc, 0xe, 0xfb, 0xd, 0xfa, 0xc, 0xf8,
    0xb, 0xf7, 0x5, 0x83,

    /* U+0028 "(" */
    0x0, 0x0, 0xaf, 0xf1, 0x0, 0x5, 0xff, 0x60,
    0x0, 0x1e, 0xfc, 0x0, 0x0, 0x7f, 0xf5, 0x0,
    0x0, 0xef, 0xe0, 0x0, 0x5, 0xff, 0x80, 0x0,
    0x9, 0xff, 0x40, 0x0, 0xd, 0xff, 0x0, 0x0,
    0xf, 0xfe, 0x0, 0x0, 0xf, 0xfc, 0x0, 0x0,
    0x2f, 0xfb, 0x0, 0x0, 0x2f, 0xfb, 0x0, 0x0,
    0xf, 0xfc, 0x0, 0x0, 0xf, 0xfe, 0x0, 0x0,
    0xd, 0xff, 0x10, 0x0, 0x9, 0xff, 0x40, 0x0,
    0x5, 0xff, 0x90, 0x0, 0x0, 0xef, 0xe0, 0x0,
    0x0, 0x7f, 0xf6, 0x0, 0x0, 0x1e, 0xfd, 0x0,
    0x0, 0x4, 0xff, 0x80, 0x0, 0x0, 0x8d, 0xc1,

    /* U+0029 ")" */
    0x7f, 0xf4, 0x0, 0x0, 0xcf, 0xe1, 0x0, 0x3,
    0xff, 0x90, 0x0, 0xb, 0xff, 0x10, 0x0, 0x5f,
    0xf8, 0x0, 0x0, 0xef, 0xe0, 0x0, 0xb, 0xff,
    0x20, 0x0, 0x7f, 0xf7, 0x0, 0x4, 0xff, 0x90,
    0x0, 0x3f, 0xfa, 0x0, 0x1, 0xff, 0xc0, 0x0,
    0x1f, 0xfc, 0x0, 0x3, 0xff, 0xa0, 0x0, 0x4f,
    0xf9, 0x0, 0x7, 0xff, 0x70, 0x0, 0xbf, 0xf2,
    0x0, 0xe, 0xfe, 0x0, 0x5, 0xff, 0x80, 0x0,
    0xcf, 0xf1, 0x0, 0x4f, 0xf9, 0x0, 0xd, 0xfd,
    0x0, 0x6, 0xdc, 0x30, 0x0,

    /* U+002A "*" */
    0x0, 0x0, 0xbf, 0xa0, 0x0, 0x0, 0x0, 0x9,
    0xf8, 0x0, 0x0, 0x4, 0x40, 0x7f, 0x60, 0x54,
    0x0, 0xcf, 0xda, 0xfa, 0xef, 0xb0, 0xa, 0xdf,
    0xff, 0xff, 0xca, 0x0, 0x0, 0x3f, 0xff, 0x30,
    0x0, 0x0, 0x2e, 0xf7, 0xfe, 0x10, 0x0, 0xd,
    0xfa, 0xb, 0xfd, 0x0, 0x0, 0x4e, 0x20, 0x2e,
    0x40, 0x0, 0x0, 0x0, 0x0, 0x0, 0x0,

    /* U+002B "+" */
    0x0, 0x0, 0x7, 0xfb, 0x0, 0x0, 0x0, 0x0,
    0x0, 0x7f, 0xb0, 0x0, 0x0, 0x0, 0x0, 0x7,
    0xfb, 0x0, 0x0, 0x0, 0x0, 0x0, 0x7f, 0xb0,
    0x0, 0x0, 0x0, 0x0, 0x7, 0xfb, 0x0, 0x0,
    0x2, 0xff, 0xff, 0xff, 0xff, 0xff, 0xf6, 0x2f,
    0xff, 0xff, 0xff, 0xff, 0xff, 0x60, 0x44, 0x44,
    0x9f, 0xc4, 0x44, 0x41, 0x0, 0x0, 0x7, 0xfb,
    0x0, 0x0, 0x0, 0x0, 0x0, 0x7f, 0xb0, 0x0,
    0x0, 0x0, 0x0, 0x7, 0xfb, 0x0, 0x0, 0x0,
    0x0, 0x0, 0x7f, 0xb0, 0x0, 0x0,

    /* U+002C "," */
    0x0, 0x33, 0x20, 0x6f, 0xf9, 0x9, 0xff, 0x40,
    0xcf, 0xf0, 0xf, 0xfb, 0x3, 0xff, 0x60, 0x6f,
    0xf2, 0x0,

    /* U+002D "-" */
    0x16, 0x66, 0x66, 0x62, 0x4f, 0xff, 0xff, 0xf4,
    0x4f, 0xff, 0xff, 0xf4,

    /* U+002E "." */
    0x18, 0x93, 0xa, 0xff, 0xe0, 0xcf, 0xff, 0x3,
    0xde, 0x70,

    /* U+002F "/" */
    0x0, 0x0, 0x0, 0x0, 0x6f, 0xf9, 0x0, 0x0,
    0x0, 0x0, 0xcf, 0xf2, 0x0, 0x0, 0x0, 0x3,
    0xff, 0xc0, 0x0, 0x0, 0x0, 0x9, 0xff, 0x50,
    0x0, 0x0, 0x0, 0xf, 0xfe, 0x0, 0x0, 0x0,
    0x0, 0x6f, 0xf8, 0x0, 0x0, 0x0, 0x0, 0xdf,
    0xf2, 0x0, 0x0, 0x0, 0x3, 0xff, 0xb0, 0x0,
    0x0, 0x0, 0xa, 0xff, 0x50, 0x0, 0x0, 0x0,
    0x1f, 0xfe, 0x0, 0x0, 0x0, 0x0, 0x7f, 0xf8,
    0x0, 0x0, 0x0, 0x0, 0xdf, 0xf1, 0x0, 0x0,
    0x0, 0x4, 0xff, 0xb0, 0x0, 0x0, 0x0, 0xa,
    0xff, 0x40, 0x0, 0x0, 0x0, 0x1f, 0xfd, 0x0,
    0x0, 0x0, 0x0, 0x7f, 0xf7, 0x0, 0x0, 0x0,
    0x0, 0xef, 0xf1, 0x0, 0x0, 0x0, 0x4, 0xff,
    0xa0, 0x0, 0x0, 0x0, 0xb, 0xff, 0x30, 0x0,
    0x0, 0x0, 0x1f, 0xfd, 0x0, 0x0, 0x0, 0x0,
    0x38, 0x84, 0x0, 0x0, 0x0, 0x0,

    /* U+0030 "0" */
    0x0, 0x0, 0x5c, 0xef, 0xd8, 0x0, 0x0, 0x0,
    0xa, 0xff, 0xff, 0xff, 0xd1, 0x0, 0x0, 0x8f,
    0xff, 0xbb, 0xff, 0xfb, 0x0, 0x1, 0xff, 0xf6,
    0x0, 0x6f, 0xff, 0x30, 0x7, 0xff, 0xd0, 0x0,
    0xe, 0xff, 0x80, 0xb, 0xff, 0x80, 0x0, 0x9,
    0xff, 0xb0, 0xe, 0xff, 0x60, 0x0, 0x7, 0xff,
    0xe0, 0xf, 0xff, 0x40, 0x0, 0x5, 0xff, 0xf0,
    0xf, 0xff, 0x30, 0x0, 0x5, 0xff, 0xf0, 0x1f,
    0xff, 0x30, 0x0, 0x5, 0xff, 0xf0, 0xf, 0xff,
    0x40, 0x0, 0x5, 0xff, 0xf0, 0xf, 0xff, 0x50,
    0x0, 0x7, 0xff, 0xd0, 0xd, 0xff, 0x80, 0x0,
    0x9, 0xff, 0xa0, 0x9, 0xff, 0xc0, 0x0, 0xe,
    0xff, 0x60, 0x4, 0xff, 0xf5, 0x0, 0x6f, 0xff,
    0x10, 0x0, 0xcf, 0xff, 0xbb, 0xff, 0xf7, 0x0,
    0x0, 0x1e, 0xff, 0xff, 0xff, 0xa0, 0x0, 0x0,
    0x1, 0x8d, 0xfe, 0xc5, 0x0, 0x0,

    /* U+0031 "1" */
    0x0, 0x0, 0x4e, 0xf8, 0x0, 0x2a, 0xff, 0xf8,
    0x2b, 0xff, 0xff, 0xf8, 0x6f, 0xff, 0xff, 0xf8,
    0x6f, 0xf9, 0xcf, 0xf8, 0x37, 0x20, 0xcf, 0xf8,
    0x0, 0x0, 0xcf, 0xf8, 0x0, 0x0, 0xcf, 0xf8,
    0x0, 0x0, 0xcf, 0xf8, 0x0, 0x0, 0xcf, 0xf8,
    0x0, 0x0, 0xcf, 0xf8, 0x0, 0x0, 0xcf, 0xf8,
    0x0, 0x0, 0xcf, 0xf8, 0x0, 0x0, 0xcf, 0xf8,
    0x0, 0x0, 0xcf, 0xf8, 0x0, 0x0, 0xcf, 0xf8,
    0x0, 0x0, 0xcf, 0xf8, 0x0, 0x0, 0xcf, 0xf8,

    /* U+0032 "2" */
    0x0, 0x4a, 0xef, 0xfd, 0x81, 0x0, 0xb, 0xff,
    0xff, 0xff, 0xfe, 0x20, 0xe, 0xff, 0xdc, 0xef,
    0xff, 0xc0, 0xe, 0x81, 0x0, 0x8, 0xff, 0xf3,
    0x2, 0x0, 0x0, 0x0, 0xff, 0xf5, 0x0, 0x0,
    0x0, 0x0, 0xef, 0xf5, 0x0, 0x0, 0x0, 0x2,
    0xff, 0xf3, 0x0, 0x0, 0x0, 0xc, 0xff, 0xd0,
    0x0, 0x0, 0x1, 0xcf, 0xff, 0x40, 0x0, 0x0,
    0x4e, 0xff, 0xf6, 0x0, 0x0, 0x6, 0xff, 0xff,
    0x50, 0x0, 0x0, 0x6f, 0xff, 0xd2, 0x0, 0x0,
    0x3, 0xff, 0xfc, 0x10, 0x0, 0x0, 0xc, 0xff,
    0xc0, 0x0, 0x0, 0x0, 0x2f, 0xff, 0x20, 0x0,
    0x0, 0x0, 0x6f, 0xff, 0xdd, 0xdd, 0xdd, 0xd3,
    0x7f, 0xff, 0xff, 0xff, 0xff, 0xf4, 0x8f, 0xff,
    0xff, 0xff, 0xff, 0xf4,

    /* U+0033 "3" */
    0x1, 0x7c, 0xef, 0xeb, 0x60, 0x0, 0xa, 0xff,
    0xff, 0xff, 0xfb, 0x0, 0xa, 0xfc, 0xab, 0xff,
    0xff, 0x70, 0x5, 0x20, 0x0, 0x1d, 0xff, 0xc0,
    0x0, 0x0, 0x0, 0x8, 0xff, 0xd0, 0x0, 0x0,
    0x0, 0x9, 0xff, 0xb0, 0x0, 0x0, 0x0, 0x3f,
    0xff, 0x40, 0x0, 0x5a, 0xbd, 0xff, 0xf7, 0x0,
    0x0, 0x8f, 0xff, 0xfd, 0x40, 0x0, 0x0, 0x8f,
    0xff, 0xff, 0xfa, 0x10, 0x0, 0x0, 0x2, 0x6e,
    0xff, 0xb0, 0x0, 0x0, 0x0, 0x3, 0xff, 0xf3,
    0x0, 0x0, 0x0, 0x0, 0xff, 0xf6, 0x0, 0x0,
    0x0, 0x1, 0xff, 0xf5, 0x37, 0x0, 0x0, 0xb,
    0xff, 0xf1, 0x4f, 0xfb, 0xab, 0xef, 0xff, 0x90,
    0x4f, 0xff, 0xff, 0xff, 0xfa, 0x0, 0x5, 0xbd,
    0xff, 0xda, 0x40, 0x0,

    /* U+0034 "4" */
    0x0, 0x0, 0x0, 0x3, 0xff, 0xf2, 0x0, 0x0,
    0x0, 0x0, 0xb, 0xff, 0xf2, 0x0, 0x0, 0x0,
    0x0, 0x3f, 0xff, 0xf2, 0x0, 0x0, 0x0, 0x0,
    0xcf, 0xff, 0xf2, 0x0, 0x0, 0x0, 0x6, 0xff,
    0xff, 0xf2, 0x0, 0x0, 0x0, 0x1e, 0xf8, 0xef,
    0xf2, 0x0, 0x0, 0x0, 0xbf, 0xe0, 0xef, 0xf2,
    0x0, 0x0, 0x6, 0xff, 0x40, 0xef, 0xf2, 0x0,
    0x0, 0x2f, 0xfa, 0x0, 0xef, 0xf2, 0x0, 0x0,
    0xdf, 0xd0, 0x0, 0xef, 0xf2, 0x0, 0xb, 0xff,
    0x30, 0x0, 0xef, 0xf2, 0x0, 0x5f, 0xfc, 0x77,
    0x77, 0xff, 0xf8, 0x71, 0x6f, 0xff, 0xff, 0xff,
    0xff, 0xff, 0xf3, 0x6f, 0xff, 0xff, 0xff, 0xff,
    0xff, 0xf3, 0x0, 0x0, 0x0, 0x0, 0xef, 0xf2,
    0x0, 0x0, 0x0, 0x0, 0x0, 0xef, 0xf2, 0x0,
    0x0, 0x0, 0x0, 0x0, 0xef, 0xf2, 0x0, 0x0,
    0x0, 0x0, 0x0, 0xef, 0xf2, 0x0,

    /* U+0035 "5" */
    0x5, 0xff, 0xff, 0xff, 0xff, 0x90, 0x6, 0xff,
    0xff, 0xff, 0xff, 0x90, 0x7, 0xff, 0xdc, 0xcc,
    0xcc, 0x70, 0x8, 0xff, 0x50, 0x0, 0x0, 0x0,
    0x9, 0xff, 0x40, 0x0, 0x0, 0x0, 0xa, 0xff,
    0x30, 0x0, 0x0, 0x0, 0xb, 0xff, 0x20, 0x0,
    0x0, 0x0, 0xc, 0xff, 0xef, 0xfc, 0x70, 0x0,
    0xd, 0xff, 0xff, 0xff, 0xfd, 0x10, 0xc, 0xcb,
    0xac, 0xff, 0xff, 0xb0, 0x0, 0x0, 0x0, 0x1b,
    0xff, 0xf2, 0x0, 0x0, 0x0, 0x1, 0xff, 0xf5,
    0x0, 0x0, 0x0, 0x0, 0xff, 0xf5, 0x0, 0x0,
    0x0, 0x2, 0xff, 0xf3, 0x26, 0x0, 0x0, 0x1c,
    0xff, 0xe0, 0x3f, 0xeb, 0xac, 0xff, 0xff, 0x60,
    0x3f, 0xff, 0xff, 0xff, 0xf8, 0x0, 0x7, 0xce,
    0xff, 0xd9, 0x30, 0x0,

    /* U+0036 "6" */
    0x0, 0x0, 0x39, 0xdf, 0xfd, 0x80, 0x0, 0x0,
    0x7f, 0xff, 0xff, 0xfe, 0x0, 0x0, 0x7f, 0xff,
    0xea, 0xad, 0xd0, 0x0, 0x2f, 0xff, 0x80, 0x0,
    0x2, 0x0, 0xb, 0xff, 0x90, 0x0, 0x0, 0x0,
    0x1, 0xff, 0xf1, 0x0, 0x0, 0x0, 0x0, 0x5f,
    0xfb, 0x3, 0x78, 0x61, 0x0, 0x8, 0xff, 0x98,
    0xff, 0xff, 0xf4, 0x0, 0xaf, 0xfd, 0xff, 0xff,
    0xff, 0xf2, 0xb, 0xff, 0xfb, 0x20, 0x5e, 0xff,
    0x90, 0xbf, 0xfe, 0x0, 0x0, 0x7f, 0xfe, 0xa,
    0xff, 0xb0, 0x0, 0x4, 0xff, 0xf0, 0x8f, 0xfb,
    0x0, 0x0, 0x3f, 0xff, 0x4, 0xff, 0xe0, 0x0,
    0x6, 0xff, 0xd0, 0xe, 0xff, 0x70, 0x1, 0xef,
    0xf8, 0x0, 0x6f, 0xff, 0xcb, 0xef, 0xfe, 0x10,
    0x0, 0x9f, 0xff, 0xff, 0xfe, 0x30, 0x0, 0x0,
    0x5b, 0xef, 0xd9, 0x10, 0x0,

    /* U+0037 "7" */
    0xef, 0xff, 0xff, 0xff, 0xff, 0xfd, 0xef, 0xff,
    0xff, 0xff, 0xff, 0xfd, 0xbc, 0xcc, 0xcc, 0xcc,
    0xef, 0xf8, 0x0, 0x0, 0x0, 0x0, 0xef, 0xf1,
    0x0, 0x0, 0x0, 0x7, 0xff, 0x80, 0x0, 0x0,
    0x0, 0xe, 0xff, 0x10, 0x0, 0x0, 0x0, 0x7f,
    0xf9, 0x0, 0x0, 0x0, 0x0, 0xef, 0xf2, 0x0,
    0x0, 0x0, 0x6, 0xff, 0xb0, 0x0, 0x0, 0x0,
    0xd, 0xff, 0x50, 0x0, 0x0, 0x0, 0x3f, 0xff,
    0x0, 0x0, 0x0, 0x0, 0x8f, 0xfa, 0x0, 0x0,
    0x0, 0x0, 0xdf, 0xf6, 0x0, 0x0, 0x0, 0x2,
    0xff, 0xf1, 0x0, 0x0, 0x0, 0x7, 0xff, 0xd0,
    0x0, 0x0, 0x0, 0xa, 0xff, 0xa0, 0x0, 0x0,
    0x0, 0xe, 0xff, 0x70, 0x0, 0x0, 0x0, 0x1f,
    0xff, 0x40, 0x0, 0x0,

    /* U+0038 "8" */
    0x0, 0x7, 0xcf, 0xfd, 0x81, 0x0, 0x1, 0xdf,
    0xff, 0xff, 0xff, 0x30, 0xb, 0xff, 0xf9, 0x8d,
    0xff, 0xe0, 0x1f, 0xff, 0x30, 0x0, 0xef, 0xf5,
    0x3f, 0xfe, 0x0, 0x0, 0xaf, 0xf7, 0x1f, 0xff,
    0x0, 0x0, 0xcf, 0xf4, 0x9, 0xff, 0xb2, 0x18,
    0xff, 0xc0, 0x0, 0xaf, 0xff, 0xff, 0xfa, 0x0,
    0x0, 0x3e, 0xff, 0xff, 0xe6, 0x0, 0x7, 0xff,
    0xfc, 0xbf, 0xff, 0x90, 0x3f, 0xff, 0x30, 0x2,
    0xef, 0xf5, 0x9f, 0xf8, 0x0, 0x0, 0x6f, 0xfc,
    0xcf, 0xf5, 0x0, 0x0, 0x3f, 0xfe, 0xcf, 0xf6,
    0x0, 0x0, 0x4f, 0xfe, 0x9f, 0xfd, 0x0, 0x0,
    0xbf, 0xfb, 0x2f, 0xff, 0xe9, 0x9d, 0xff, 0xf3,
    0x5, 0xff, 0xff, 0xff, 0xff, 0x60, 0x0, 0x29,
    0xdf, 0xfd, 0x93, 0x0,

    /* U+0039 "9" */
    0x0, 0x18, 0xdf, 0xfc, 0x50, 0x0, 0x3, 0xef,
    0xff, 0xff, 0xfa, 0x0, 0x1e, 0xff, 0xeb, 0xcf,
    0xff, 0x70, 0x9f, 0xfd, 0x10, 0x7, 0xff, 0xe0,
    0xdf, 0xf6, 0x0, 0x0, 0xdf, 0xf5, 0xff, 0xf4,
    0x0, 0x0, 0x9f, 0xf8, 0xff, 0xf6, 0x0, 0x0,
    0xaf, 0xfb, 0xcf, 0xfd, 0x10, 0x3, 0xff, 0xfb,
    0x5f, 0xff, 0xea, 0xbf, 0xff, 0xfc, 0x9, 0xff,
    0xff, 0xff, 0xaf, 0xfb, 0x0, 0x6c, 0xff, 0xb3,
    0x8f, 0xf9, 0x0, 0x0, 0x0, 0x0, 0xaf, 0xf7,
    0x0, 0x0, 0x0, 0x0, 0xef, 0xf3, 0x0, 0x0,
    0x0, 0x7, 0xff, 0xd0, 0x5, 0x0, 0x0, 0x5f,
    0xff, 0x50, 0xf, 0xeb, 0xad, 0xff, 0xfb, 0x0,
    0xf, 0xff, 0xff, 0xff, 0xb0, 0x0, 0x8, 0xce,
    0xfe, 0xb5, 0x0, 0x0,

    /* U+003A ":" */
    0x3d, 0xe6, 0xc, 0xff, 0xf0, 0xaf, 0xfe, 0x1,
    0x89, 0x30, 0x0, 0x0, 0x0, 0x0, 0x0, 0x0,
    0x0, 0x0, 0x0, 0x0, 0x0, 0x0, 0x1, 0x89,
    0x30, 0xaf, 0xfe, 0xc, 0xff, 0xf0, 0x3d, 0xe7,
    0x0,

    /* U+003B ";" */
    0x2, 0xdf, 0x70, 0xb, 0xff, 0xf1, 0x9, 0xff,
    0xf0, 0x0, 0x8a, 0x30, 0x0, 0x0, 0x0, 0x0,
    0x0, 0x0, 0x0, 0x0, 0x0, 0x0, 0x0, 0x0,
    0x0, 0x0, 0x0, 0x0, 0x33, 0x20, 0x6, 0xff,
    0x90, 0x9, 0xff, 0x40, 0xc, 0xff, 0x0, 0xf,
    0xfb, 0x0, 0x3f, 0xf6, 0x0, 0x6f, 0xf2, 0x0,

    /* U+003C "<" */
    0x0, 0x0, 0x0, 0x0, 0x0, 0x41, 0x0, 0x0,
    0x0, 0x0, 0x4c, 0xf2, 0x0, 0x0, 0x0, 0x3b,
    0xff, 0xf2, 0x0, 0x0, 0x3b, 0xff, 0xfc, 0x50,
    0x0, 0x2a, 0xff, 0xfb, 0x40, 0x0, 0x2a, 0xff,
    0xfb, 0x30, 0x0, 0x0, 0xdf, 0xfb, 0x20, 0x0,
    0x0, 0x0, 0xbf, 0xff, 0x82, 0x0, 0x0, 0x0,
    0x5, 0xdf, 0xff, 0xa3, 0x0, 0x0, 0x0, 0x4,
    0xcf, 0xff, 0xc5, 0x0, 0x0, 0x0, 0x4, 0xcf,
    0xff, 0xe1, 0x0, 0x0, 0x0, 0x3, 0xbf, 0xf2,
    0x0, 0x0, 0x0, 0x0, 0x3, 0xa1,

    /* U+003D "=" */
    0x4, 0x44, 0x44, 0x44, 0x44, 0x44, 0x12, 0xff,
    0xff, 0xff, 0xff, 0xff, 0xf6, 0x2f, 0xff, 0xff,
    0xff, 0xff, 0xff, 0x60, 0x0, 0x0, 0x0, 0x0,
    0x0, 0x0, 0x0, 0x0, 0x0, 0x0, 0x0, 0x0,
    0x0, 0x44, 0x44, 0x44, 0x44, 0x44, 0x41, 0x2f,
    0xff, 0xff, 0xff, 0xff, 0xff, 0x62, 0xff, 0xff,
    0xff, 0xff, 0xff, 0xf6,

    /* U+003E ">" */
    0x61, 0x0, 0x0, 0x0, 0x0, 0x0, 0xdf, 0x70,
    0x0, 0x0, 0x0, 0x0, 0xdf, 0xfe, 0x70, 0x0,
    0x0, 0x0, 0x19, 0xff, 0xfe, 0x70, 0x0, 0x0,
    0x0, 0x18, 0xff, 0xfe, 0x60, 0x0, 0x0, 0x0,
    0x17, 0xef, 0xfd, 0x60, 0x0, 0x0, 0x0, 0x7,
    0xff, 0xf2, 0x0, 0x0, 0x1, 0x8e, 0xff, 0xd1,
    0x0, 0x3, 0xaf, 0xff, 0xd5, 0x0, 0x5, 0xcf,
    0xff, 0xc5, 0x0, 0x0, 0xcf, 0xff, 0xc4, 0x0,
    0x0, 0x0, 0xdf, 0xb4, 0x0, 0x0, 0x0, 0x0,
    0x93, 0x0, 0x0, 0x0, 0x0, 0x0,

    /* U+003F "?" */
    0x28, 0xdf, 0xfd, 0x92, 0x0, 0xff, 0xff, 0xff,
    0xff, 0x30, 0xff, 0xfd, 0xef, 0xff, 0xd0, 0xe5,
    0x0, 0x9, 0xff, 0xf1, 0x10, 0x0, 0x2, 0xff,
    0xf2, 0x0, 0x0, 0x3, 0xff, 0xf0, 0x0, 0x0,
    0xc, 0xff, 0x80, 0x0, 0x0, 0xbf, 0xfc, 0x0,
    0x0, 0xb, 0xff, 0xb0, 0x0, 0x0, 0x6f, 0xfb,
    0x0, 0x0, 0x0, 0xbf, 0xf1, 0x0, 0x0, 0x0,
    0xcf, 0xe0, 0x0, 0x0, 0x0, 0x6b, 0xa1, 0x0,
    0x0, 0x0, 0x0, 0x0, 0x0, 0x0, 0x0, 0x29,
    0x91, 0x0, 0x0, 0x0, 0xcf, 0xfb, 0x0, 0x0,
    0x0, 0xef, 0xfd, 0x0, 0x0, 0x0, 0x5e, 0xe4,
    0x0, 0x0,

    /* U+0040 "@" */
    0x0, 0x0, 0x0, 0x5, 0xad, 0xff, 0xec, 0x82,
    0x0, 0x0, 0x0, 0x0, 0x0, 0x5e, 0xff, 0xff,
    0xff, 0xff, 0xfa, 0x10, 0x0, 0x0, 0x0, 0x9f,
    0xfe, 0x83, 0x0, 0x14, 0xaf, 0xfe, 0x20, 0x0,
    0x0, 0x9f, 0xfa, 0x10, 0x0, 0x0, 0x0, 0x3e,
    0xfe, 0x10, 0x0, 0x5f, 0xf9, 0x0, 0x0, 0x0,
    0x0, 0x0, 0x2f, 0xfa, 0x0, 0xe, 0xfc, 0x0,
    0x6, 0xdf, 0xd3, 0xff, 0x50, 0x7f, 0xf2, 0x6,
    0xff, 0x30, 0x9, 0xff, 0xff, 0xef, 0xf4, 0x0,
    0xff, 0x70, 0xbf, 0xc0, 0x5, 0xff, 0x80, 0x1d,
    0xff, 0x20, 0xc, 0xfa, 0xf, 0xf7, 0x0, 0xdf,
    0xd0, 0x0, 0x6f, 0xf1, 0x0, 0xaf, 0xb2, 0xff,
    0x40, 0x1f, 0xf7, 0x0, 0x5, 0xff, 0x0, 0xa,
    0xfb, 0x3f, 0xf3, 0x3, 0xff, 0x40, 0x0, 0x7f,
    0xe0, 0x0, 0xcf, 0xa3, 0xff, 0x30, 0x4f, 0xf3,
    0x0, 0xa, 0xfe, 0x0, 0xe, 0xf7, 0x2f, 0xf4,
    0x3, 0xff, 0x50, 0x0, 0xff, 0xe0, 0x4, 0xff,
    0x10, 0xff, 0x80, 0xe, 0xfd, 0x21, 0xad, 0xff,
    0x32, 0xdf, 0x90, 0xb, 0xfc, 0x0, 0x7f, 0xff,
    0xfe, 0x3f, 0xff, 0xff, 0xb0, 0x0, 0x5f, 0xf4,
    0x0, 0x7d, 0xfc, 0x30, 0x5d, 0xfd, 0x70, 0x0,
    0x0, 0xdf, 0xe1, 0x0, 0x0, 0x0, 0x0, 0x0,
    0x0, 0x0, 0x0, 0x2, 0xff, 0xd2, 0x0, 0x0,
    0x0, 0x0, 0x0, 0x0, 0x0, 0x0, 0x4, 0xef,
    0xfa, 0x51, 0x0, 0x14, 0x9e, 0x0, 0x0, 0x0,
    0x0, 0x2, 0xbf, 0xff, 0xff, 0xff, 0xff, 0xf0,
    0x0, 0x0, 0x0, 0x0, 0x0, 0x38, 0xce, 0xff,
    0xec, 0x83, 0x0, 0x0, 0x0,

    /* U+0041 "A" */
    0x0, 0x0, 0x0, 0xaf, 0xff, 0x90, 0x0, 0x0,
    0x0, 0x0, 0x0, 0xf, 0xff, 0xfe, 0x0, 0x0,
    0x0, 0x0, 0x0, 0x5, 0xff, 0xff, 0xf4, 0x0,
    0x0, 0x0, 0x0, 0x0, 0xbf, 0xfb, 0xff, 0x90,
    0x0, 0x0, 0x0, 0x0, 0x1f, 0xff, 0x4f, 0xfe,
    0x0, 0x0, 0x0, 0x0, 0x6, 0xff, 0xb0, 0xef,
    0xf4, 0x0, 0x0, 0x0, 0x0, 0xcf, 0xf6, 0xa,
    0xff, 0xa0, 0x0, 0x0, 0x0, 0x1f, 0xff, 0x10,
    0x5f, 0xff, 0x0, 0x0, 0x0, 0x7, 0xff, 0xb0,
    0x0, 0xff, 0xf5, 0x0, 0x0, 0x0, 0xdf, 0xf6,
    0x0, 0xa, 0xff, 0xb0, 0x0, 0x0, 0x2f, 0xff,
    0x10, 0x0, 0x5f, 0xff, 0x10, 0x0, 0x8, 0xff,
    0xff, 0xff, 0xff, 0xff, 0xf6, 0x0, 0x0, 0xef,
    0xff, 0xff, 0xff, 0xff, 0xff, 0xc0, 0x0, 0x3f,
    0xff, 0xcb, 0xbb, 0xbb, 0xdf, 0xff, 0x10, 0x9,
    0xff, 0xe0, 0x0, 0x0, 0x1, 0xff, 0xf7, 0x0,
    0xef, 0xf9, 0x0, 0x0, 0x0, 0xc, 0xff, 0xc0,
    0x5f, 0xff, 0x40, 0x0, 0x0, 0x0, 0x7f, 0xff,
    0x2a, 0xff, 0xe0, 0x0, 0x0, 0x0, 0x2, 0xff,
    0xf7,

    /* U+0042 "B" */
    0xff, 0xff, 0xff, 0xfd, 0xa3, 0x0, 0xf, 0xff,
    0xff, 0xff, 0xff, 0xf7, 0x0, 0xff, 0xfc, 0xaa,
    0xdf, 0xff, 0xf3, 0xf, 0xff, 0x60, 0x0, 0x6f,
    0xff, 0x80, 0xff, 0xf6, 0x0, 0x0, 0xff, 0xf8,
    0xf, 0xff, 0x60, 0x0, 0xf, 0xff, 0x50, 0xff,
    0xf6, 0x0, 0x9, 0xff, 0xc0, 0xf, 0xff, 0xca,
    0xbe, 0xff, 0xb1, 0x0, 0xff, 0xff, 0xff, 0xff,
    0xc5, 0x0, 0xf, 0xff, 0xff, 0xff, 0xff, 0xfc,
    0x10, 0xff, 0xf6, 0x0, 0x16, 0xff, 0xfc, 0xf,
    0xff, 0x60, 0x0, 0x7, 0xff, 0xf2, 0xff, 0xf6,
    0x0, 0x0, 0x3f, 0xff, 0x4f, 0xff, 0x60, 0x0,
    0x5, 0xff, 0xf3, 0xff, 0xf6, 0x0, 0x1, 0xdf,
    0xff, 0xf, 0xff, 0xca, 0xab, 0xff, 0xff, 0x80,
    0xff, 0xff, 0xff, 0xff, 0xff, 0xa0, 0xf, 0xff,
    0xff, 0xff, 0xea, 0x40, 0x0,

    /* U+0043 "C" */
    0x0, 0x0, 0x0, 0x5a, 0xdf, 0xfe, 0xc8, 0x10,
    0x0, 0x3, 0xdf, 0xff, 0xff, 0xff, 0xf3, 0x0,
    0x5, 0xff, 0xff, 0xff, 0xff, 0xff, 0x30, 0x3,
    0xff, 0xff, 0xa4, 0x10, 0x14, 0xa3, 0x0, 0xdf,
    0xff, 0x50, 0x0, 0x0, 0x0, 0x0, 0x5f, 0xff,
    0x70, 0x0, 0x0, 0x0, 0x0, 0xa, 0xff, 0xe0,
    0x0, 0x0, 0x0, 0x0, 0x0, 0xdf, 0xfa, 0x0,
    0x0, 0x0, 0x0, 0x0, 0xf, 0xff, 0x80, 0x0,
    0x0, 0x0, 0x0, 0x0, 0xff, 0xf8, 0x0, 0x0,
    0x0, 0x0, 0x0, 0xf, 0xff, 0x90, 0x0, 0x0,
    0x0, 0x0, 0x0, 0xdf, 0xfd, 0x0, 0x0, 0x0,
    0x0, 0x0, 0x9, 0xff, 0xf5, 0x0, 0x0, 0x0,
    0x0, 0x0, 0x2f, 0xff, 0xe3, 0x0, 0x0, 0x0,
    0x0, 0x0, 0xaf, 0xff, 0xf8, 0x20, 0x2, 0x6c,
    0x30, 0x0, 0xdf, 0xff, 0xff, 0xff, 0xff, 0xf3,
    0x0, 0x0, 0xaf, 0xff, 0xff, 0xff, 0xff, 0x30,
    0x0, 0x0, 0x39, 0xde, 0xff, 0xda, 0x50,

    /* U+0044 "D" */
    0xff, 0xff, 0xff, 0xfe, 0xb8, 0x20, 0x0, 0xf,
    0xff, 0xff, 0xff, 0xff, 0xff, 0xa0, 0x0, 0xff,
    0xfe, 0xdd, 0xef, 0xff, 0xff, 0xd0, 0xf, 0xff,
    0x60, 0x0, 0x17, 0xff, 0xff, 0xa0, 0xff, 0xf6,
    0x0, 0x0, 0x2, 0xef, 0xff, 0x2f, 0xff, 0x60,
    0x0, 0x0, 0x5, 0xff, 0xf7, 0xff, 0xf6, 0x0,
    0x0, 0x0, 0xe, 0xff, 0xbf, 0xff, 0x60, 0x0,
    0x0, 0x0, 0xbf, 0xfd, 0xff, 0xf6, 0x0, 0x0,
    0x0, 0x9, 0xff, 0xef, 0xff, 0x60, 0x0, 0x0,
    0x0, 0xaf, 0xfe, 0xff, 0xf6, 0x0, 0x0, 0x0,
    0xc, 0xff, 0xcf, 0xff, 0x60, 0x0, 0x0, 0x0,
    0xff, 0xf9, 0xff, 0xf6, 0x0, 0x0, 0x0, 0x7f,
    0xff, 0x4f, 0xff, 0x60, 0x0, 0x0, 0x4f, 0xff,
    0xc0, 0xff, 0xf6, 0x0, 0x2, 0x8f, 0xff, 0xf3,
    0xf, 0xff, 0xed, 0xde, 0xff, 0xff, 0xf4, 0x0,
    0xff, 0xff, 0xff, 0xff, 0xff, 0xc3, 0x0, 0xf,
    0xff, 0xff, 0xff, 0xd9, 0x40, 0x0, 0x0,

    /* U+0045 "E" */
    0xff, 0xff, 0xff, 0xff, 0xfa, 0xf, 0xff, 0xff,
    0xff, 0xff, 0xa0, 0xff, 0xfe, 0xdd, 0xdd, 0xd9,
    0xf, 0xff, 0x60, 0x0, 0x0, 0x0, 0xff, 0xf6,
    0x0, 0x0, 0x0, 0xf, 0xff, 0x60, 0x0, 0x0,
    0x0, 0xff, 0xf6, 0x0, 0x0, 0x0, 0xf, 0xff,
    0x60, 0x0, 0x0, 0x0, 0xff, 0xff, 0xff, 0xff,
    0xf3, 0xf, 0xff, 0xff, 0xff, 0xff, 0x30, 0xff,
    0xfe, 0xdd, 0xdd, 0xd2, 0xf, 0xff, 0x60, 0x0,
    0x0, 0x0, 0xff, 0xf6, 0x0, 0x0, 0x0, 0xf,
    0xff, 0x60, 0x0, 0x0, 0x0, 0xff, 0xf6, 0x0,
    0x0, 0x0, 0xf, 0xff, 0xed, 0xdd, 0xdd, 0xd0,
    0xff, 0xff, 0xff, 0xff, 0xff, 0xf, 0xff, 0xff,
    0xff, 0xff, 0xf0,

    /* U+0046 "F" */
    0xff, 0xff, 0xff, 0xff, 0xfa, 0xff, 0xff, 0xff,
    0xff, 0xfa, 0xff, 0xfe, 0xdd, 0xdd, 0xd9, 0xff,
    0xf6, 0x0, 0x0, 0x0, 0xff, 0xf6, 0x0, 0x0,
    0x0, 0xff, 0xf6, 0x0, 0x0, 0x0, 0xff, 0xf6,
    0x0, 0x0, 0x0, 0xff, 0xf6, 0x0, 0x0, 0x0,
    0xff, 0xff, 0xff, 0xff, 0xf2, 0xff, 0xff, 0xff,
    0xff, 0xf2, 0xff, 0xfe, 0xdd, 0xdd, 0xd2, 0xff,
    0xf6, 0x0, 0x0, 0x0, 0xff, 0xf6, 0x0, 0x0,
    0x0, 0xff, 0xf6, 0x0, 0x0, 0x0, 0xff, 0xf6,
    0x0, 0x0, 0x0, 0xff, 0xf6, 0x0, 0x0, 0x0,
    0xff, 0xf6, 0x0, 0x0, 0x0, 0xff, 0xf6, 0x0,
    0x0, 0x0,

    /* U+0047 "G" */
    0x0, 0x0, 0x0, 0x49, 0xde, 0xfe, 0xda, 0x50,
    0x0, 0x0, 0x3d, 0xff, 0xff, 0xff, 0xff, 0xf2,
    0x0, 0x5, 0xff, 0xff, 0xff, 0xff, 0xff, 0xf2,
    0x0, 0x3f, 0xff, 0xf9, 0x30, 0x0, 0x26, 0xc2,
    0x0, 0xdf, 0xff, 0x40, 0x0, 0x0, 0x0, 0x0,
    0x5, 0xff, 0xf7, 0x0, 0x0, 0x0, 0x0, 0x0,
    0xa, 0xff, 0xe0, 0x0, 0x0, 0x0, 0x0, 0x0,
    0xe, 0xff, 0xa0, 0x0, 0x0, 0x0, 0x0, 0x0,
    0xf, 0xff, 0x80, 0x0, 0xf, 0xff, 0xff, 0xfd,
    0xf, 0xff, 0x80, 0x0, 0xf, 0xff, 0xff, 0xfd,
    0xf, 0xff, 0x90, 0x0, 0xd, 0xdd, 0xef, 0xfd,
    0xc, 0xff, 0xd0, 0x0, 0x0, 0x0, 0x8f, 0xfd,
    0x8, 0xff, 0xf4, 0x0, 0x0, 0x0, 0x8f, 0xfd,
    0x2, 0xff, 0xfe, 0x10, 0x0, 0x0, 0x8f, 0xfd,
    0x0, 0x9f, 0xff, 0xe6, 0x10, 0x2, 0xaf, 0xfd,
    0x0, 0xb, 0xff, 0xff, 0xff, 0xff, 0xff, 0xfd,
    0x0, 0x0, 0x9f, 0xff, 0xff, 0xff, 0xff, 0xf9,
    0x0, 0x0, 0x2, 0x8c, 0xef, 0xfe, 0xb7, 0x20,

    /* U+0048 "H" */
    0xff, 0xf6, 0x0, 0x0, 0x0, 0xf, 0xff, 0x6f,
    0xff, 0x60, 0x0, 0x0, 0x0, 0xff, 0xf6, 0xff,
    0xf6, 0x0, 0x0, 0x0, 0xf, 0xff, 0x6f, 0xff,
    0x60, 0x0, 0x0, 0x0, 0xff, 0xf6, 0xff, 0xf6,
    0x0, 0x0, 0x0, 0xf, 0xff, 0x6f, 0xff, 0x60,
    0x0, 0x0, 0x0, 0xff, 0xf6, 0xff, 0xf6, 0x0,
    0x0, 0x0, 0xf, 0xff, 0x6f, 0xff, 0x60, 0x0,
    0x0, 0x0, 0xff, 0xf6, 0xff, 0xff, 0xff, 0xff,
    0xff, 0xff, 0xff, 0x6f, 0xff, 0xff, 0xff, 0xff,
    0xff, 0xff, 0xf6, 0xff, 0xff, 0xff, 0xff, 0xff,
    0xff, 0xff, 0x6f, 0xff, 0x60, 0x0, 0x0, 0x0,
    0xff, 0xf6, 0xff, 0xf6, 0x0, 0x0, 0x0, 0xf,
    0xff, 0x6f, 0xff, 0x60, 0x0, 0x0, 0x0, 0xff,
    0xf6, 0xff, 0xf6, 0x0, 0x0, 0x0, 0xf, 0xff,
    0x6f, 0xff, 0x60, 0x0, 0x0, 0x0, 0xff, 0xf6,
    0xff, 0xf6, 0x0, 0x0, 0x0, 0xf, 0xff, 0x6f,
    0xff, 0x60, 0x0, 0x0, 0x0, 0xff, 0xf6,

    /* U+0049 "I" */
    0xff, 0xf6, 0xff, 0xf6, 0xff, 0xf6, 0xff, 0xf6,
    0xff, 0xf6, 0xff, 0xf6, 0xff, 0xf6, 0xff, 0xf6,
    0xff, 0xf6, 0xff, 0xf6, 0xff, 0xf6, 0xff, 0xf6,
    0xff, 0xf6, 0xff, 0xf6, 0xff, 0xf6, 0xff, 0xf6,
    0xff, 0xf6, 0xff, 0xf6,

    /* U+004A "J" */
    0x0, 0x0, 0xe, 0xff, 0x70, 0x0, 0x0, 0xef,
    0xf7, 0x0, 0x0, 0xe, 0xff, 0x70, 0x0, 0x0,
    0xef, 0xf7, 0x0, 0x0, 0xe, 0xff, 0x70, 0x0,
    0x0, 0xef, 0xf7, 0x0, 0x0, 0xe, 0xff, 0x70,
    0x0, 0x0, 0xef, 0xf7, 0x0, 0x0, 0xe, 0xff,
    0x70, 0x0, 0x0, 0xef, 0xf7, 0x0, 0x0, 0xe,
    0xff, 0x60, 0x0, 0x0, 0xef, 0xf6, 0x0, 0x0,
    0xf, 0xff, 0x50, 0x0, 0x5, 0xff, 0xf2, 0x52,
    0x4, 0xef, 0xfd, 0xa, 0xff, 0xff, 0xff, 0x50,
    0xaf, 0xff, 0xff, 0x80, 0x6, 0xdf, 0xeb, 0x40,
    0x0,

    /* U+004B "K" */
    0xff, 0xf6, 0x0, 0x0, 0x3f, 0xff, 0xc0, 0xff,
    0xf6, 0x0, 0x0, 0xdf, 0xfe, 0x20, 0xff, 0xf6,
    0x0, 0x8, 0xff, 0xf5, 0x0, 0xff, 0xf6, 0x0,
    0x4f, 0xff, 0x90, 0x0, 0xff, 0xf6, 0x0, 0xef,
    0xfc, 0x0, 0x0, 0xff, 0xf6, 0xa, 0xff, 0xf2,
    0x0, 0x0, 0xff, 0xf6, 0x5f, 0xff, 0x50, 0x0,
    0x0, 0xff, 0xf7, 0xef, 0xf9, 0x0, 0x0, 0x0,
    0xff, 0xfe, 0xff, 0xe0, 0x0, 0x0, 0x0, 0xff,
    0xfc, 0xff, 0xf6, 0x0, 0x0, 0x0, 0xff, 0xf6,
    0xcf, 0xff, 0x30, 0x0, 0x0, 0xff, 0xf6, 0x2f,
    0xff, 0xd0, 0x0, 0x0, 0xff, 0xf6, 0x6, 0xff,
    0xfa, 0x0, 0x0, 0xff, 0xf6, 0x0, 0xbf, 0xff,
    0x60, 0x0, 0xff, 0xf6, 0x0, 0x1e, 0xff, 0xf2,
    0x0, 0xff, 0xf6, 0x0, 0x5, 0xff, 0xfd, 0x0,
    0xff, 0xf6, 0x0, 0x0, 0xaf, 0xff, 0x90, 0xff,
    0xf6, 0x0, 0x0, 0xe, 0xff, 0xf5,

    /* U+004C "L" */
    0xff, 0xf6, 0x0, 0x0, 0x0, 0xff, 0xf6, 0x0,
    0x0, 0x0, 0xff, 0xf6, 0x0, 0x0, 0x0, 0xff,
    0xf6, 0x0, 0x0, 0x0, 0xff, 0xf6, 0x0, 0x0,
    0x0, 0xff, 0xf6, 0x0, 0x0, 0x0, 0xff, 0xf6,
    0x0, 0x0, 0x0, 0xff, 0xf6, 0x0, 0x0, 0x0,
    0xff, 0xf6, 0x0, 0x0, 0x0, 0xff, 0xf6, 0x0,
    0x0, 0x0, 0xff, 0xf6, 0x0, 0x0, 0x0, 0xff,
    0xf6, 0x0, 0x0, 0x0, 0xff, 0xf6, 0x0, 0x0,
    0x0, 0xff, 0xf6, 0x0, 0x0, 0x0, 0xff, 0xf6,
    0x0, 0x0, 0x0, 0xff, 0xfe, 0xdd, 0xdd, 0xdc,
    0xff, 0xff, 0xff, 0xff, 0xfe, 0xff, 0xff, 0xff,
    0xff, 0xfe,

    /* U+004D "M" */
    0xff, 0xff, 0xf1, 0x0, 0x0, 0x0, 0x0, 0xbf,
    0xff, 0xf1, 0xff, 0xff, 0xf6, 0x0, 0x0, 0x0,
    0x1, 0xff, 0xff, 0xf1, 0xff, 0xff, 0xfc, 0x0,
    0x0, 0x0, 0x7, 0xff, 0xff, 0xf1, 0xff, 0xfe,
    0xff, 0x10, 0x0, 0x0, 0xd, 0xfd, 0xff, 0xf1,
    0xff, 0xfa, 0xff, 0x70, 0x0, 0x0, 0x3f, 0xfa,
    0xff, 0xf1, 0xff, 0xf7, 0xff, 0xd0, 0x0, 0x0,
    0x9f, 0xf6, 0xff, 0xf1, 0xff, 0xf2, 0xff, 0xf3,
    0x0, 0x0, 0xef, 0xe3, 0xff, 0xf1, 0xff, 0xf1,
    0xaf, 0xf8, 0x0, 0x4, 0xff, 0x83, 0xff, 0xf1,
    0xff, 0xf1, 0x4f, 0xfe, 0x0, 0xa, 0xff, 0x23,
    0xff, 0xf1, 0xff, 0xf1, 0xe, 0xff, 0x40, 0xf,
    0xfd, 0x3, 0xff, 0xf1, 0xff, 0xf1, 0x8, 0xff,
    0xa0, 0x6f, 0xf7, 0x3, 0xff, 0xf1, 0xff, 0xf1,
    0x3, 0xff, 0xf0, 0xbf, 0xf1, 0x3, 0xff, 0xf1,
    0xff, 0xf1, 0x0, 0xdf, 0xf5, 0xff, 0xb0, 0x3,
    0xff, 0xf1, 0xff, 0xf1, 0x0, 0x7f, 0xfd, 0xff,
    0x50, 0x3, 0xff, 0xf1, 0xff, 0xf1, 0x0, 0x1f,
    0xff, 0xff, 0x0, 0x3, 0xff, 0xf1, 0xff, 0xf1,
    0x0, 0xb, 0xff, 0xfa, 0x0, 0x3, 0xff, 0xf1,
    0xff, 0xf1, 0x0, 0x5, 0xff, 0xf4, 0x0, 0x3,
    0xff, 0xf1, 0xff, 0xf1, 0x0, 0x0, 0xff, 0xe0,
    0x0, 0x3, 0xff, 0xf1,

    /* U+004E "N" */
    0xff, 0xff, 0x20, 0x0, 0x0, 0x1, 0xff, 0xf1,
    0xff, 0xff, 0xb0, 0x0, 0x0, 0x1, 0xff, 0xf1,
    0xff, 0xff, 0xf5, 0x0, 0x0, 0x1, 0xff, 0xf1,
    0xff, 0xff, 0xfe, 0x10, 0x0, 0x1, 0xff, 0xf1,
    0xff, 0xfe, 0xff, 0x90, 0x0, 0x1, 0xff, 0xf1,
    0xff, 0xf6, 0xff, 0xf3, 0x0, 0x1, 0xff, 0xf1,
    0xff, 0xf3, 0x9f, 0xfd, 0x0, 0x1, 0xff, 0xf1,
    0xff, 0xf3, 0x1e, 0xff, 0x70, 0x1, 0xff, 0xf1,
    0xff, 0xf3, 0x5, 0xff, 0xf2, 0x1, 0xff, 0xf1,
    0xff, 0xf3, 0x0, 0xbf, 0xfb, 0x1, 0xff, 0xf1,
    0xff, 0xf3, 0x0, 0x2f, 0xff, 0x51, 0xff, 0xf1,
    0xff, 0xf3, 0x0, 0x7, 0xff, 0xe2, 0xff, 0xf1,
    0xff, 0xf3, 0x0, 0x0, 0xdf, 0xfa, 0xff, 0xf1,
    0xff, 0xf3, 0x0, 0x0, 0x3f, 0xff, 0xff, 0xf1,
    0xff, 0xf3, 0x0, 0x0, 0x9, 0xff, 0xff, 0xf1,
    0xff, 0xf3, 0x0, 0x0, 0x1, 0xef, 0xff, 0xf1,
    0xff, 0xf3, 0x0, 0x0, 0x0, 0x5f, 0xff, 0xf1,
    0xff, 0xf3, 0x0, 0x0, 0x0, 0xb, 0xff, 0xf1,

    /* U+004F "O" */
    0x0, 0x0, 0x1, 0x7c, 0xef, 0xec, 0x71, 0x0,
    0x0, 0x0, 0x0, 0x7f, 0xff, 0xff, 0xff, 0xfe,
    0x50, 0x0, 0x0, 0x9, 0xff, 0xff, 0xff, 0xff,
    0xff, 0xf6, 0x0, 0x0, 0x6f, 0xff, 0xe6, 0x10,
    0x27, 0xff, 0xff, 0x30, 0x0, 0xef, 0xfe, 0x10,
    0x0, 0x0, 0x3f, 0xff, 0xb0, 0x6, 0xff, 0xf4,
    0x0, 0x0, 0x0, 0x9, 0xff, 0xf2, 0xb, 0xff,
    0xd0, 0x0, 0x0, 0x0, 0x2, 0xff, 0xf6, 0xe,
    0xff, 0xa0, 0x0, 0x0, 0x0, 0x0, 0xff, 0xf9,
    0xf, 0xff, 0x80, 0x0, 0x0, 0x0, 0x0, 0xdf,
    0xfa, 0xf, 0xff, 0x80, 0x0, 0x0, 0x0, 0x0,
    0xdf, 0xfa, 0xe, 0xff, 0x90, 0x0, 0x0, 0x0,
    0x0, 0xff, 0xf8, 0xc, 0xff, 0xd0, 0x0, 0x0,
    0x0, 0x2, 0xff, 0xf5, 0x8, 0xff, 0xf4, 0x0,
    0x0, 0x0, 0x9, 0xff, 0xf1, 0x1, 0xff, 0xfd,
    0x10, 0x0, 0x0, 0x4f, 0xff, 0xa0, 0x0, 0x8f,
    0xff, 0xe5, 0x10, 0x28, 0xff, 0xff, 0x20, 0x0,
    0xb, 0xff, 0xff, 0xff, 0xff, 0xff, 0xf5, 0x0,
    0x0, 0x0, 0x9f, 0xff, 0xff, 0xff, 0xfe, 0x40,
    0x0, 0x0, 0x0, 0x2, 0x8d, 0xff, 0xeb, 0x60,
    0x0, 0x0,

    /* U+0050 "P" */
    0xff, 0xff, 0xff, 0xfd, 0x93, 0x0, 0xf, 0xff,
    0xff, 0xff, 0xff, 0xf8, 0x0, 0xff, 0xfd, 0xbc,
    0xef, 0xff, 0xf4, 0xf, 0xff, 0x60, 0x0, 0x7f,
    0xff, 0xb0, 0xff, 0xf6, 0x0, 0x0, 0xbf, 0xff,
    0xf, 0xff, 0x60, 0x0, 0x8, 0xff, 0xf0, 0xff,
    0xf6, 0x0, 0x0, 0x9f, 0xff, 0xf, 0xff, 0x60,
    0x0, 0xd, 0xff, 0xc0, 0xff, 0xf6, 0x0, 0x3b,
    0xff, 0xf5, 0xf, 0xff, 0xff, 0xff, 0xff, 0xfa,
    0x0, 0xff, 0xff, 0xff, 0xff, 0xf8, 0x0, 0xf,
    0xff, 0xdb, 0xba, 0x71, 0x0, 0x0, 0xff, 0xf6,
    0x0, 0x0, 0x0, 0x0, 0xf, 0xff, 0x60, 0x0,
    0x0, 0x0, 0x0, 0xff, 0xf6, 0x0, 0x0, 0x0,
    0x0, 0xf, 0xff, 0x60, 0x0, 0x0, 0x0, 0x0,
    0xff, 0xf6, 0x0, 0x0, 0x0, 0x0, 0xf, 0xff,
    0x60, 0x0, 0x0, 0x0, 0x0,

    /* U+0051 "Q" */
    0x0, 0x0, 0x1, 0x7c, 0xef, 0xec, 0x71, 0x0,
    0x0, 0x0, 0x0, 0x0, 0x7f, 0xff, 0xff, 0xff,
    0xfe, 0x50, 0x0, 0x0, 0x0, 0x9, 0xff, 0xff,
    0xff, 0xff, 0xff, 0xf6, 0x0, 0x0, 0x0, 0x6f,
    0xff, 0xe6, 0x10, 0x27, 0xff, 0xff, 0x30, 0x0,
    0x0, 0xef, 0xfe, 0x10, 0x0, 0x0, 0x3f, 0xff,
    0xc0, 0x0, 0x6, 0xff, 0xf4, 0x0, 0x0, 0x0,
    0x9, 0xff, 0xf2, 0x0, 0xb, 0xff, 0xd0, 0x0,
    0x0, 0x0, 0x2, 0xff, 0xf6, 0x0, 0xe, 0xff,
    0xa0, 0x0, 0x0, 0x0, 0x0, 0xff, 0xf9, 0x0,
    0xf, 0xff, 0x80, 0x0, 0x0, 0x0, 0x0, 0xdf,
    0xfa, 0x0, 0xf, 0xff, 0x80, 0x0, 0x0, 0x0,
    0x0, 0xdf, 0xfa, 0x0, 0xe, 0xff, 0x90, 0x0,
    0x0, 0x0, 0x0, 0xff, 0xf8, 0x0, 0xc, 0xff,
    0xd0, 0x0, 0x0, 0x0, 0x2, 0xff, 0xf5, 0x0,
    0x8, 0xff, 0xf4, 0x0, 0x0, 0x0, 0x9, 0xff,
    0xf1, 0x0, 0x1, 0xff, 0xfd, 0x10, 0x0, 0x0,
    0x4f, 0xff, 0xa0, 0x0, 0x0, 0x8f, 0xff, 0xe5,
    0x10, 0x28, 0xff, 0xfe, 0x10, 0x0, 0x0, 0xb,
    0xff, 0xff, 0xff, 0xff, 0xff, 0xf4, 0x0, 0x0,
    0x0, 0x0, 0x9f, 0xff, 0xff, 0xff, 0xff, 0xfb,
    0x0, 0x0, 0x0, 0x0, 0x2, 0x8d, 0xff, 0xeb,
    0xff, 0xff, 0xb0, 0x0, 0x0, 0x0, 0x0, 0x0,
    0x0, 0x0, 0x4f, 0xff, 0xfc, 0x0, 0x0, 0x0,
    0x0, 0x0, 0x0, 0x0, 0x4, 0xff, 0xff, 0xc0,

    /* U+0052 "R" */
    0xff, 0xff, 0xff, 0xfe, 0xa4, 0x0, 0x0, 0xff,
    0xff, 0xff, 0xff, 0xff, 0x90, 0x0, 0xff, 0xfc,
    0xab, 0xdf, 0xff, 0xf5, 0x0, 0xff, 0xf6, 0x0,
    0x5, 0xff, 0xfb, 0x0, 0xff, 0xf6, 0x0, 0x0,
    0xcf, 0xfd, 0x0, 0xff, 0xf6, 0x0, 0x0, 0xaf,
    0xfc, 0x0, 0xff, 0xf6, 0x0, 0x0, 0xdf, 0xfa,
    0x0, 0xff, 0xf6, 0x0, 0x9, 0xff, 0xf3, 0x0,
    0xff, 0xfd, 0xbb, 0xef, 0xff, 0x70, 0x0, 0xff,
    0xff, 0xff, 0xff, 0xb4, 0x0, 0x0, 0xff, 0xff,
    0xff, 0xff, 0xb1, 0x0, 0x0, 0xff, 0xf6, 0x4,
    0xef, 0xfc, 0x0, 0x0, 0xff, 0xf6, 0x0, 0x3f,
    0xff, 0x70, 0x0, 0xff, 0xf6, 0x0, 0x9, 0xff,
    0xf2, 0x0, 0xff, 0xf6, 0x0, 0x1, 0xef, 0xfb,
    0x0, 0xff, 0xf6, 0x0, 0x0, 0x6f, 0xff, 0x50,
    0xff, 0xf6, 0x0, 0x0, 0xd, 0xff, 0xe1, 0xff,
    0xf6, 0x0, 0x0, 0x4, 0xff, 0xf9,

    /* U+0053 "S" */
    0x0, 0x7, 0xbe, 0xff, 0xeb, 0x60, 0x3, 0xef,
    0xff, 0xff, 0xff, 0xe0, 0x1f, 0xff, 0xff, 0xdd,
    0xff, 0xe0, 0x8f, 0xff, 0x70, 0x0, 0x4, 0x90,
    0xbf, 0xfc, 0x0, 0x0, 0x0, 0x0, 0xbf, 0xfe,
    0x0, 0x0, 0x0, 0x0, 0x8f, 0xff, 0xb1, 0x0,
    0x0, 0x0, 0x1e, 0xff, 0xff, 0x81, 0x0, 0x0,
    0x3, 0xef, 0xff, 0xff, 0x91, 0x0, 0x0, 0x19,
    0xff, 0xff, 0xfe, 0x20, 0x0, 0x0, 0x29, 0xff,
    0xff, 0xd0, 0x0, 0x0, 0x0, 0x1c, 0xff, 0xf5,
    0x0, 0x0, 0x0, 0x1, 0xff, 0xf8, 0x20, 0x0,
    0x0, 0x0, 0xff, 0xf9, 0xba, 0x30, 0x0, 0x8,
    0xff, 0xf6, 0xcf, 0xfe, 0xdd, 0xff, 0xff, 0xe0,
    0xcf, 0xff, 0xff, 0xff, 0xfe, 0x30, 0x28, 0xce,
    0xff, 0xeb, 0x60, 0x0,

    /* U+0054 "T" */
    0x9f, 0xff, 0xff, 0xff, 0xff, 0xff, 0xf9, 0x9f,
    0xff, 0xff, 0xff, 0xff, 0xff, 0xf9, 0x8d, 0xdd,
    0xdf, 0xff, 0xfd, 0xdd, 0xd8, 0x0, 0x0, 0xa,
    0xff, 0xa0, 0x0, 0x0, 0x0, 0x0, 0xa, 0xff,
    0xa0, 0x0, 0x0, 0x0, 0x0, 0xa, 0xff, 0xa0,
    0x0, 0x0, 0x0, 0x0, 0xa, 0xff, 0xa0, 0x0,
    0x0, 0x0, 0x0, 0xa, 0xff, 0xa0, 0x0, 0x0,
    0x0, 0x0, 0xa, 0xff, 0xa0, 0x0, 0x0, 0x0,
    0x0, 0xa, 0xff, 0xa0, 0x0, 0x0, 0x0, 0x0,
    0xa, 0xff, 0xa0, 0x0, 0x0, 0x0, 0x0, 0xa,
    0xff, 0xa0, 0x0, 0x0, 0x0, 0x0, 0xa, 0xff,
    0xa0, 0x0, 0x0, 0x0, 0x0, 0xa, 0xff, 0xa0,
    0x0, 0x0, 0x0, 0x0, 0xa, 0xff, 0xa0, 0x0,
    0x0, 0x0, 0x0, 0xa, 0xff, 0xa0, 0x0, 0x0,
    0x0, 0x0, 0xa, 0xff, 0xa0, 0x0, 0x0, 0x0,
    0x0, 0xa, 0xff, 0xa0, 0x0, 0x0,

    /* U+0055 "U" */
    0x2f, 0xff, 0x30, 0x0, 0x0, 0xa, 0xff, 0xb2,
    0xff, 0xf3, 0x0, 0x0, 0x0, 0xaf, 0xfb, 0x2f,
    0xff, 0x30, 0x0, 0x0, 0xa, 0xff, 0xb2, 0xff,
    0xf3, 0x0, 0x0, 0x0, 0xaf, 0xfb, 0x2f, 0xff,
    0x30, 0x0, 0x0, 0xa, 0xff, 0xb2, 0xff, 0xf3,
    0x0, 0x0, 0x0, 0xaf, 0xfb, 0x2f, 0xff, 0x30,
    0x0, 0x0, 0xa, 0xff, 0xb2, 0xff, 0xf3, 0x0,
    0x0, 0x0, 0xaf, 0xfb, 0x2f, 0xff, 0x30, 0x0,
    0x0, 0xa, 0xff, 0xb2, 0xff, 0xf3, 0x0, 0x0,
    0x0, 0xaf, 0xfb, 0x2f, 0xff, 0x30, 0x0, 0x0,
    0xa, 0xff, 0xa1, 0xff, 0xf4, 0x0, 0x0, 0x0,
    0xbf, 0xf9, 0xf, 0xff, 0x70, 0x0, 0x0, 0xe,
    0xff, 0x70, 0xcf, 0xfd, 0x0, 0x0, 0x4, 0xff,
    0xf4, 0x6, 0xff, 0xfc, 0x30, 0x15, 0xef, 0xfe,
    0x0, 0xd, 0xff, 0xff, 0xff, 0xff, 0xff, 0x50,
    0x0, 0x2d, 0xff, 0xff, 0xff, 0xff, 0x60, 0x0,
    0x0, 0x6, 0xbe, 0xff, 0xd9, 0x20, 0x0,

    /* U+0056 "V" */
    0xbf, 0xfe, 0x0, 0x0, 0x0, 0x0, 0xbf, 0xfc,
    0x5f, 0xff, 0x30, 0x0, 0x0, 0x0, 0xff, 0xf7,
    0xf, 0xff, 0x80, 0x0, 0x0, 0x4, 0xff, 0xf1,
    0xb, 0xff, 0xd0, 0x0, 0x0, 0x9, 0xff, 0xc0,
    0x5, 0xff, 0xf1, 0x0, 0x0, 0xe, 0xff, 0x60,
    0x0, 0xff, 0xf6, 0x0, 0x0, 0x3f, 0xff, 0x10,
    0x0, 0xbf, 0xfb, 0x0, 0x0, 0x8f, 0xfc, 0x0,
    0x0, 0x5f, 0xff, 0x0, 0x0, 0xdf, 0xf6, 0x0,
    0x0, 0xf, 0xff, 0x50, 0x2, 0xff, 0xf1, 0x0,
    0x0, 0xb, 0xff, 0xa0, 0x7, 0xff, 0xc0, 0x0,
    0x0, 0x5, 0xff, 0xe0, 0xb, 0xff, 0x60, 0x0,
    0x0, 0x0, 0xff, 0xf3, 0x1f, 0xff, 0x10, 0x0,
    0x0, 0x0, 0xbf, 0xf8, 0x5f, 0xfb, 0x0, 0x0,
    0x0, 0x0, 0x5f, 0xfc, 0xaf, 0xf6, 0x0, 0x0,
    0x0, 0x0, 0x1f, 0xff, 0xdf, 0xf1, 0x0, 0x0,
    0x0, 0x0, 0xb, 0xff, 0xff, 0xb0, 0x0, 0x0,
    0x0, 0x0, 0x6, 0xff, 0xff, 0x60, 0x0, 0x0,
    0x0, 0x0, 0x1, 0xff, 0xff, 0x10, 0x0, 0x0,

    /* U+0057 "W" */
    0xaf, 0xff, 0x0, 0x0, 0x0, 0x7f, 0xff, 0x40,
    0x0, 0x0, 0x8f, 0xfd, 0x6f, 0xff, 0x30, 0x0,
    0x0, 0xbf, 0xff, 0x80, 0x0, 0x0, 0xbf, 0xf9,
    0x1f, 0xff, 0x70, 0x0, 0x0, 0xff, 0xff, 0xc0,
    0x0, 0x0, 0xff, 0xf5, 0xd, 0xff, 0xa0, 0x0,
    0x4, 0xff, 0xff, 0xf0, 0x0, 0x2, 0xff, 0xf1,
    0x9, 0xff, 0xe0, 0x0, 0x8, 0xff, 0xdf, 0xf4,
    0x0, 0x6, 0xff, 0xd0, 0x5, 0xff, 0xf2, 0x0,
    0xc, 0xff, 0x8f, 0xf8, 0x0, 0x9, 0xff, 0x90,
    0x1, 0xff, 0xf5, 0x0, 0x1f, 0xfc, 0x5f, 0xfc,
    0x0, 0xd, 0xff, 0x40, 0x0, 0xdf, 0xf9, 0x0,
    0x5f, 0xf8, 0x1f, 0xff, 0x0, 0xf, 0xff, 0x0,
    0x0, 0x8f, 0xfc, 0x0, 0x9f, 0xf4, 0xd, 0xff,
    0x40, 0x4f, 0xfc, 0x0, 0x0, 0x4f, 0xff, 0x0,
    0xdf, 0xf0, 0x9, 0xff, 0x80, 0x7f, 0xf8, 0x0,
    0x0, 0xf, 0xff, 0x32, 0xff, 0xb0, 0x5, 0xff,
    0xb0, 0xbf, 0xf4, 0x0, 0x0, 0xc, 0xff, 0x76,
    0xff, 0x70, 0x1, 0xff, 0xf0, 0xef, 0xf0, 0x0,
    0x0, 0x8, 0xff, 0xaa, 0xff, 0x30, 0x0, 0xcf,
    0xf5, 0xff, 0xc0, 0x0, 0x0, 0x4, 0xff, 0xdd,
    0xff, 0x0, 0x0, 0x8f, 0xfa, 0xff, 0x80, 0x0,
    0x0, 0x0, 0xff, 0xff, 0xfb, 0x0, 0x0, 0x4f,
    0xff, 0xff, 0x30, 0x0, 0x0, 0x0, 0xbf, 0xff,
    0xf6, 0x0, 0x0, 0xf, 0xff, 0xff, 0x0, 0x0,
    0x0, 0x0, 0x7f, 0xff, 0xf2, 0x0, 0x0, 0xc,
    0xff, 0xfb, 0x0, 0x0, 0x0, 0x0, 0x3f, 0xff,
    0xe0, 0x0, 0x0, 0x8, 0xff, 0xf7, 0x0, 0x0,

    /* U+0058 "X" */
    0x2f, 0xff, 0xe0, 0x0, 0x0, 0xa, 0xff, 0xf1,
    0x8, 0xff, 0xf6, 0x0, 0x0, 0x2f, 0xff, 0x70,
    0x0, 0xef, 0xfe, 0x0, 0x0, 0xbf, 0xfd, 0x0,
    0x0, 0x6f, 0xff, 0x60, 0x3, 0xff, 0xf5, 0x0,
    0x0, 0xd, 0xff, 0xd0, 0xc, 0xff, 0xb0, 0x0,
    0x0, 0x4, 0xff, 0xf5, 0x4f, 0xff, 0x20, 0x0,
    0x0, 0x0, 0xbf, 0xfc, 0xbf, 0xf8, 0x0, 0x0,
    0x0, 0x0, 0x2f, 0xff, 0xff, 0xe0, 0x0, 0x0,
    0x0, 0x0, 0x9, 0xff, 0xff, 0x60, 0x0, 0x0,
    0x0, 0x0, 0x9, 0xff, 0xff, 0x70, 0x0, 0x0,
    0x0, 0x0, 0x3f, 0xff, 0xff, 0xf1, 0x0, 0x0,
    0x0, 0x0, 0xdf, 0xf9, 0xdf, 0xfa, 0x0, 0x0,
    0x0, 0x7, 0xff, 0xf2, 0x6f, 0xff, 0x40, 0x0,
    0x0, 0x2f, 0xff, 0x90, 0xd, 0xff, 0xd0, 0x0,
    0x0, 0xbf, 0xff, 0x10, 0x5, 0xff, 0xf6, 0x0,
    0x5, 0xff, 0xf7, 0x0, 0x0, 0xcf, 0xfe, 0x10,
    0xe, 0xff, 0xe0, 0x0, 0x0, 0x4f, 0xff, 0x90,
    0x9f, 0xff, 0x60, 0x0, 0x0, 0xb, 0xff, 0xf3,

    /* U+0059 "Y" */
    0xbf, 0xff, 0x10, 0x0, 0x0, 0x3f, 0xff, 0x43,
    0xff, 0xf8, 0x0, 0x0, 0xa, 0xff, 0xc0, 0xb,
    0xff, 0xe0, 0x0, 0x2, 0xff, 0xf5, 0x0, 0x4f,
    0xff, 0x60, 0x0, 0x8f, 0xfd, 0x0, 0x0, 0xcf,
    0xfd, 0x0, 0xf, 0xff, 0x50, 0x0, 0x5, 0xff,
    0xf4, 0x7, 0xff, 0xd0, 0x0, 0x0, 0xd, 0xff,
    0xb0, 0xdf, 0xf5, 0x0, 0x0, 0x0, 0x6f, 0xff,
    0x6f, 0xfd, 0x0, 0x0, 0x0, 0x0, 0xef, 0xfe,
    0xff, 0x60, 0x0, 0x0, 0x0, 0x6, 0xff, 0xff,
    0xd0, 0x0, 0x0, 0x0, 0x0, 0xe, 0xff, 0xf6,
    0x0, 0x0, 0x0, 0x0, 0x0, 0x8f, 0xfe, 0x0,
    0x0, 0x0, 0x0, 0x0, 0x7, 0xff, 0xe0, 0x0,
    0x0, 0x0, 0x0, 0x0, 0x7f, 0xfe, 0x0, 0x0,
    0x0, 0x0, 0x0, 0x7, 0xff, 0xe0, 0x0, 0x0,
    0x0, 0x0, 0x0, 0x7f, 0xfe, 0x0, 0x0, 0x0,
    0x0, 0x0, 0x7, 0xff, 0xe0, 0x0, 0x0, 0x0,
    0x0, 0x0, 0x7f, 0xfe, 0x0, 0x0, 0x0,

    /* U+005A "Z" */
    0xd, 0xff, 0xff, 0xff, 0xff, 0xff, 0xff, 0x10,
    0xdf, 0xff, 0xff, 0xff, 0xff, 0xff, 0xf1, 0xb,
    0xdd, 0xdd, 0xdd, 0xde, 0xff, 0xf9, 0x0, 0x0,
    0x0, 0x0, 0x0, 0xcf, 0xfd, 0x0, 0x0, 0x0,
    0x0, 0x0, 0x7f, 0xff, 0x30, 0x0, 0x0, 0x0,
    0x0, 0x3f, 0xff, 0x80, 0x0, 0x0, 0x0, 0x0,
    0xd, 0xff, 0xd0, 0x0, 0x0, 0x0, 0x0, 0x8,
    0xff, 0xf3, 0x0, 0x0, 0x0, 0x0, 0x4, 0xff,
    0xf8, 0x0, 0x0, 0x0, 0x0, 0x0, 0xef, 0xfd,
    0x0, 0x0, 0x0, 0x0, 0x0, 0x9f, 0xff, 0x30,
    0x0, 0x0, 0x0, 0x0, 0x4f, 0xff, 0x80, 0x0,
    0x0, 0x0, 0x0, 0x1e, 0xff, 0xc0, 0x0, 0x0,
    0x0, 0x0, 0xa, 0xff, 0xf2, 0x0, 0x0, 0x0,
    0x0, 0x6, 0xff, 0xf7, 0x0, 0x0, 0x0, 0x0,
    0x1, 0xff, 0xff, 0xdd, 0xdd, 0xdd, 0xdd, 0xd0,
    0x8f, 0xff, 0xff, 0xff, 0xff, 0xff, 0xff, 0x8,
    0xff, 0xff, 0xff, 0xff, 0xff, 0xff, 0xf0,

    /* U+005B "[" */
    0x7f, 0xff, 0xfd, 0x7f, 0xff, 0xfd, 0x7f, 0xf6,
    0x32, 0x7f, 0xf4, 0x0, 0x7f, 0xf4, 0x0, 0x7f,
    0xf4, 0x0, 0x7f, 0xf4, 0x0, 0x7f, 0xf4, 0x0,
    0x7f, 0xf4, 0x0, 0x7f, 0xf4, 0x0, 0x7f, 0xf4,
    0x0, 0x7f, 0xf4, 0x0, 0x7f, 0xf4, 0x0, 0x7f,
    0xf4, 0x0, 0x7f, 0xf4, 0x0, 0x7f, 0xf4, 0x0,
    0x7f, 0xf4, 0x0, 0x7f, 0xf4, 0x0, 0x7f, 0xf4,
    0x0, 0x7f, 0xf6, 0x32, 0x7f, 0xff, 0xfd, 0x7f,
    0xff, 0xfd,

    /* U+005C "\\" */
    0x8, 0xff, 0x30, 0x0, 0x2f, 0xfd, 0x0, 0x0,
    0xdf, 0xc0, 0x5, 0xff, 0x60, 0x0, 0x4f, 0xff,
    0x0, 0x0, 0xff, 0x90, 0x2, 0xff, 0x80, 0x0,
    0x7f, 0xff, 0x20, 0x1, 0xff, 0x60, 0x0, 0xff,
    0xb0, 0x0, 0xaf, 0xff, 0x50, 0x4, 0xff, 0x40,
    0x0, 0xcf, 0xd0, 0x0, 0xdf, 0xdf, 0x70, 0x6,
    0xff, 0x10, 0x0, 0x9f, 0xf0, 0x0, 0xff, 0xaf,
    0xa0, 0x9, 0xfe, 0x0, 0x0, 0x7f, 0xf2, 0x3,
    0xfd, 0x7f, 0xd0, 0xb, 0xfb, 0x0, 0x0, 0x4f,
    0xf5, 0x6, 0xfb, 0x4f, 0xf0, 0xe, 0xf8, 0x0,
    0x5f, 0xff, 0xff, 0xff, 0xff, 0xff, 0xff, 0xff,
    0xff, 0xfb, 0x5f, 0xff, 0xff, 0xff, 0xff, 0xff,
    0xff, 0xff, 0xff, 0xfb, 0x1, 0x1b, 0xfd, 0x1f,
    0xf3, 0x1c, 0xf8, 0x6f, 0xf1, 0x10, 0x0, 0x8,
    0xff, 0x2f, 0xf0, 0x9, 0xfa, 0x8f, 0xc0, 0x0,
    0x0, 0x5, 0xff, 0x7f, 0xc0, 0x6, 0xfd, 0xaf,
    0x90, 0x0, 0x0, 0x2, 0xff, 0xcf, 0x90, 0x3,
    0xff, 0xcf, 0x60, 0x0, 0x0, 0x0, 0xff, 0xef,
    0x60, 0x0, 0xff, 0xff, 0x30, 0x0, 0x0, 0x0,
    0xcf, 0xff, 0x30, 0x0, 0xdf, 0xff, 0x10, 0x0,
    0x0, 0x0, 0x9f, 0xff, 0x10, 0x0, 0xaf, 0xfe,
    0x0, 0x0, 0x0, 0x0, 0x6f, 0xfe, 0x0, 0x0,
    0x7f, 0xfb, 0x0, 0x0,

    /* U+005D "]" */
    0x3f, 0xff, 0xff, 0x13, 0xff, 0xff, 0xf1, 0x3,
    0x3b, 0xff, 0x10, 0x0, 0xaf, 0xf1, 0x0, 0xa,
    0xff, 0x10, 0x0, 0xaf, 0xf1, 0x0, 0xa, 0xff,
    0x10, 0x0, 0xaf, 0xf1, 0x0, 0xa, 0xff, 0x10,
    0x0, 0xaf, 0xf1, 0x0, 0xa, 0xff, 0x10, 0x0,
    0xaf, 0xf1, 0x0, 0xa, 0xff, 0x10, 0x0, 0xaf,
    0xf1, 0x0, 0xa, 0xff, 0x10, 0x0, 0xaf, 0xf1,
    0x0, 0xa, 0xff, 0x10, 0x0, 0xaf, 0xf1, 0x0,
    0xa, 0xff, 0x10, 0x33, 0xbf, 0xf1, 0x3f, 0xff,
    0xff, 0x13, 0xff, 0xff, 0xf1,

    /* U+005E "^" */
    0x0, 0x0, 0x3, 0x83, 0x0, 0x0, 0x0, 0x0,
    0x0, 0xcf, 0xc0, 0x0, 0x0, 0x0, 0x0, 0x4f,
    0xff, 0x50, 0x0, 0x0, 0x0, 0xc, 0xfe, 0xfd,
    0x0, 0x0, 0x0, 0x4, 0xff, 0x2e, 0xf5, 0x0,
    0x0, 0x0, 0xcf, 0x90, 0x8f, 0xd0, 0x0, 0x0,
    0x4f, 0xf2, 0x1, 0xff, 0x60, 0x0, 0xc, 0xfb,
    0x0, 0x8, 0xfe, 0x0, 0x3, 0xff, 0x30, 0x0,
    0x1f, 0xf7, 0x0, 0xbf, 0xc0, 0x0, 0x0, 0x9f,
    0xe0, 0x3f, 0xf5, 0x0, 0x0, 0x1, 0xff, 0x70,

    /* U+005F "_" */
    0x22, 0x22, 0x22, 0x22, 0x22, 0xf, 0xff, 0xff,
    0xff, 0xff, 0xf3, 0x55, 0x55, 0x55, 0x55, 0x55,
    0x10,

    /* U+0060 "`" */
    0xc, 0xff, 0x20, 0x0, 0x1d, 0xfd, 0x0, 0x0,
    0x1e, 0xf9, 0x0, 0x0, 0x2e, 0xf5,

    /* U+0061 "a" */
    0x0, 0x27, 0xbe, 0xfe, 0xb4, 0x0, 0x0, 0xff,
    0xff, 0xff, 0xff, 0x60, 0x0, 0xfe, 0x96, 0x6c,
    0xff, 0xf1, 0x0, 0x60, 0x0, 0x0, 0xdf, 0xf5,
    0x0, 0x0, 0x0, 0x2, 0xbf, 0xf7, 0x0, 0x17,
    0xbe, 0xff, 0xff, 0xf8, 0x3, 0xef, 0xff, 0xfd,
    0xef, 0xf8, 0xd, 0xff, 0x92, 0x0, 0x9f, 0xf8,
    0x1f, 0xff, 0x0, 0x0, 0xbf, 0xf8, 0x2f, 0xff,
    0x10, 0x3, 0xff, 0xf8, 0xf, 0xff, 0xd8, 0x9f,
    0xff, 0xf8, 0x8, 0xff, 0xff, 0xfd, 0x9f, 0xf8,
    0x0, 0x6d, 0xfe, 0x91, 0x9f, 0xf8,

    /* U+0062 "b" */
    0x4f, 0xff, 0x0, 0x0, 0x0, 0x0, 0x0, 0x4f,
    0xff, 0x0, 0x0, 0x0, 0x0, 0x0, 0x4f, 0xff,
    0x0, 0x0, 0x0, 0x0, 0x0, 0x4f, 0xff, 0x0,
    0x0, 0x0, 0x0, 0x0, 0x4f, 0xff, 0x0, 0x0,
    0x0, 0x0, 0x0, 0x4f, 0xff, 0x0, 0x0, 0x0,
    0x0, 0x0, 0x4f, 0xff, 0x3, 0xbe, 0xfc, 0x60,
    0x0, 0x4f, 0xff, 0x5f, 0xff, 0xff, 0xf9, 0x0,
    0x4f, 0xff, 0xff, 0xbb, 0xff, 0xff, 0x40, 0x4f,
    0xff, 0xd1, 0x0, 0x3f, 0xff, 0xb0, 0x4f, 0xff,
    0x40, 0x0, 0x8, 0xff, 0xf0, 0x4f, 0xff, 0x0,
    0x0, 0x5, 0xff, 0xf0, 0x4f, 0xff, 0x0, 0x0,
    0x4, 0xff, 0xf1, 0x4f, 0xff, 0x0, 0x0, 0x6,
    0xff, 0xf0, 0x4f, 0xff, 0x20, 0x0, 0xb, 0xff,
    0xc0, 0x4f, 0xff, 0xb0, 0x0, 0x5f, 0xff, 0x70,
    0x4f, 0xff, 0xfe, 0xac, 0xff, 0xfe, 0x10, 0x4f,
    0xff, 0xbf, 0xff, 0xff, 0xf3, 0x0, 0x4f, 0xff,
    0x8, 0xdf, 0xe9, 0x20, 0x0,

    /* U+0063 "c" */
    0x0, 0x0, 0x5b, 0xef, 0xec, 0x60, 0x1, 0xbf,
    0xff, 0xff, 0xfc, 0x0, 0xbf, 0xff, 0xea, 0xbe,
    0xc0, 0x5f, 0xff, 0x80, 0x0, 0x4, 0xb, 0xff,
    0xb0, 0x0, 0x0, 0x0, 0xef, 0xf6, 0x0, 0x0,
    0x0, 0xf, 0xff, 0x40, 0x0, 0x0, 0x0, 0xff,
    0xf6, 0x0, 0x0, 0x0, 0xd, 0xff, 0xb0, 0x0,
    0x0, 0x0, 0x7f, 0xff, 0x70, 0x0, 0x4, 0x1,
    0xef, 0xff, 0xda, 0xbe, 0xc0, 0x2, 0xef, 0xff,
    0xff, 0xfc, 0x0, 0x0, 0x7c, 0xff, 0xda, 0x40,

    /* U+0064 "d" */
    0x0, 0x0, 0x0, 0x0, 0x0, 0xff, 0xf5, 0x0,
    0x0, 0x0, 0x0, 0x0, 0xff, 0xf5, 0x0, 0x0,
    0x0, 0x0, 0x0, 0xff, 0xf5, 0x0, 0x0, 0x0,
    0x0, 0x0, 0xff, 0xf5, 0x0, 0x0, 0x0, 0x0,
    0x0, 0xff, 0xf5, 0x0, 0x0, 0x0, 0x0, 0x0,
    0xff, 0xf5, 0x0, 0x1, 0x9e, 0xfe, 0x90, 0xff,
    0xf5, 0x0, 0x3e, 0xff, 0xff, 0xfb, 0xff, 0xf5,
    0x0, 0xdf, 0xff, 0xca, 0xef, 0xff, 0xf5, 0x6,
    0xff, 0xf5, 0x0, 0xb, 0xff, 0xf5, 0xc, 0xff,
    0xb0, 0x0, 0x1, 0xff, 0xf5, 0xf, 0xff, 0x60,
    0x0, 0x0, 0xef, 0xf5, 0xf, 0xff, 0x40, 0x0,
    0x0, 0xef, 0xf5, 0xf, 0xff, 0x50, 0x0, 0x0,
    0xff, 0xf5, 0xd, 0xff, 0x90, 0x0, 0x4, 0xff,
    0xf5, 0x9, 0xff, 0xf4, 0x0, 0x1d, 0xff, 0xf5,
    0x2, 0xff, 0xff, 0xca, 0xef, 0xff, 0xf5, 0x0,
    0x7f, 0xff, 0xff, 0xf7, 0xff, 0xf5, 0x0, 0x4,
    0xbf, 0xfc, 0x50, 0xff, 0xf5,

    /* U+0065 "e" */
    0x0, 0x0, 0x7c, 0xff, 0xd7, 0x0, 0x0, 0x1,
    0xdf, 0xff, 0xff, 0xfd, 0x10, 0x0, 0xcf, 0xfd,
    0x77, 0xdf, 0xfa, 0x0, 0x6f, 0xfd, 0x0, 0x1,
    0xef, 0xf1, 0xb, 0xff, 0x50, 0x0, 0xb, 0xff,
    0x50, 0xff, 0xff, 0xff, 0xff, 0xff, 0xf6, 0xf,
    0xff, 0xff, 0xff, 0xff, 0xff, 0x70, 0xff, 0xf6,
    0x33, 0x33, 0x33, 0x31, 0xd, 0xff, 0x70, 0x0,
    0x0, 0x0, 0x0, 0x8f, 0xff, 0x20, 0x0, 0x1,
    0x30, 0x1, 0xef, 0xff, 0xa8, 0x8b, 0xf6, 0x0,
    0x4, 0xff, 0xff, 0xff, 0xff, 0x60, 0x0, 0x1,
    0x9d, 0xff, 0xeb, 0x60, 0x0,

    /* U+0066 "f" */
    0x0, 0x0, 0x3b, 0xef, 0xe2, 0x0, 0x5, 0xff,
    0xff, 0xf2, 0x0, 0xe, 0xff, 0xfa, 0xb2, 0x0,
    0x4f, 0xff, 0x30, 0x0, 0x0, 0x5f, 0xfe, 0x0,
    0x0, 0x0, 0x5f, 0xfe, 0x0, 0x0, 0x7f, 0xff,
    0xff, 0xff, 0xb0, 0x7f, 0xff, 0xff, 0xff, 0xb0,
    0x39, 0xbf, 0xff, 0x99, 0x60, 0x0, 0x5f, 0xfe,
    0x0, 0x0, 0x0, 0x5f, 0xfe, 0x0, 0x0, 0x0,
    0x5f, 0xfe, 0x0, 0x0, 0x0, 0x5f, 0xfe, 0x0,
    0x0, 0x0, 0x5f, 0xfe, 0x0, 0x0, 0x0, 0x5f,
    0xfe, 0x0, 0x0, 0x0, 0x5f, 0xfe, 0x0, 0x0,
    0x0, 0x5f, 0xfe, 0x0, 0x0, 0x0, 0x5f, 0xfe,
    0x0, 0x0, 0x0, 0x5f, 0xfe, 0x0, 0x0,

    /* U+0067 "g" */
    0x0, 0x1, 0x9e, 0xfe, 0x80, 0xff, 0xf5, 0x0,
    0x3e, 0xff, 0xff, 0xfc, 0xff, 0xf5, 0x0, 0xef,
    0xff, 0xca, 0xef, 0xff, 0xf5, 0x6, 0xff, 0xf5,
    0x0, 0xb, 0xff, 0xf5, 0xb, 0xff, 0xb0, 0x0,
    0x2, 0xff, 0xf5, 0xe, 0xff, 0x60, 0x0, 0x0,
    0xef, 0xf5, 0xf, 0xff, 0x40, 0x0, 0x0, 0xef,
    0xf5, 0xf, 0xff, 0x50, 0x0, 0x0, 0xff, 0xf5,
    0xd, 0xff, 0x90, 0x0, 0x3, 0xff, 0xf5, 0x9,
    0xff, 0xf4, 0x0, 0x1d, 0xff, 0xf5, 0x3, 0xff,
    0xff, 0xcb, 0xef, 0xff, 0xf5, 0x0, 0x7f, 0xff,
    0xff, 0xf7, 0xff, 0xf5, 0x0, 0x4, 0xbf, 0xfc,
    0x50, 0xff, 0xf4, 0x0, 0x0, 0x0, 0x0, 0x2,
    0xff, 0xf2, 0x0, 0x0, 0x0, 0x0, 0x8, 0xff,
    0xe0, 0x0, 0x81, 0x0, 0x0, 0x5f, 0xff, 0x80,
    0x0, 0xff, 0xb9, 0x9d, 0xff, 0xfd, 0x0, 0x0,
    0xff, 0xff, 0xff, 0xff, 0xc1, 0x0, 0x0, 0x6b,
    0xdf, 0xfe, 0xa5, 0x0, 0x0,

    /* U+0068 "h" */
    0x4f, 0xff, 0x0, 0x0, 0x0, 0x0, 0x4, 0xff,
    0xf0, 0x0, 0x0, 0x0, 0x0, 0x4f, 0xff, 0x0,
    0x0, 0x0, 0x0, 0x4, 0xff, 0xf0, 0x0, 0x0,
    0x0, 0x0, 0x4f, 0xff, 0x0, 0x0, 0x0, 0x0,
    0x4, 0xff, 0xf0, 0x0, 0x0, 0x0, 0x0, 0x4f,
    0xff, 0x4, 0xcf, 0xfb, 0x30, 0x4, 0xff, 0xf6,
    0xff, 0xff, 0xff, 0x20, 0x4f, 0xff, 0xfe, 0xad,
    0xff, 0xfa, 0x4, 0xff, 0xfc, 0x0, 0xc, 0xff,
    0xe0, 0x4f, 0xff, 0x30, 0x0, 0x5f, 0xff, 0x4,
    0xff, 0xf0, 0x0, 0x3, 0xff, 0xf0, 0x4f, 0xff,
    0x0, 0x0, 0x3f, 0xff, 0x14, 0xff, 0xf0, 0x0,
    0x3, 0xff, 0xf1, 0x4f, 0xff, 0x0, 0x0, 0x3f,
    0xff, 0x14, 0xff, 0xf0, 0x0, 0x3, 0xff, 0xf1,
    0x4f, 0xff, 0x0, 0x0, 0x3f, 0xff, 0x14, 0xff,
    0xf0, 0x0, 0x3, 0xff, 0xf1, 0x4f, 0xff, 0x0,
    0x0, 0x3f, 0xff, 0x10,

    /* U+0069 "i" */
    0x1c, 0xf8, 0x8, 0xff, 0xf2, 0x6f, 0xff, 0x10,
    0x69, 0x30, 0x0, 0x0, 0x0, 0x0, 0x0, 0x5f,
    0xfe, 0x5, 0xff, 0xe0, 0x5f, 0xfe, 0x5, 0xff,
    0xe0, 0x5f, 0xfe, 0x5, 0xff, 0xe0, 0x5f, 0xfe,
    0x5, 0xff, 0xe0, 0x5f, 0xfe, 0x5, 0xff, 0xe0,
    0x5f, 0xfe, 0x5, 0xff, 0xe0, 0x5f, 0xfe, 0x0,

    /* U+006A "j" */
    0x0, 0x1, 0xcf, 0x90, 0x0, 0x7, 0xff, 0xf3,
    0x0, 0x5, 0xff, 0xf2, 0x0, 0x0, 0x69, 0x40,
    0x0, 0x0, 0x0, 0x0, 0x0, 0x0, 0x0, 0x0,
    0x0, 0x4, 0xff, 0xf0, 0x0, 0x4, 0xff, 0xf0,
    0x0, 0x4, 0xff, 0xf0, 0x0, 0x4, 0xff, 0xf0,
    0x0, 0x4, 0xff, 0xf0, 0x0, 0x4, 0xff, 0xf0,
    0x0, 0x4, 0xff, 0xf0, 0x0, 0x4, 0xff, 0xf0,
    0x0, 0x4, 0xff, 0xf0, 0x0, 0x4, 0xff, 0xf0,
    0x0, 0x4, 0xff, 0xf0, 0x0, 0x4, 0xff, 0xf0,
    0x0, 0x4, 0xff, 0xf0, 0x0, 0x5, 0xff, 0xf0,
    0x0, 0x7, 0xff, 0xd0, 0x0, 0xd, 0xff, 0x90,
    0xcb, 0xdf, 0xff, 0x30, 0xdf, 0xff, 0xf8, 0x0,
    0x9f, 0xfc, 0x50, 0x0,

    /* U+006B "k" */
    0x4f, 0xff, 0x0, 0x0, 0x0, 0x0, 0x4, 0xff,
    0xf0, 0x0, 0x0, 0x0, 0x0, 0x4f, 0xff, 0x0,
    0x0, 0x0, 0x0, 0x4, 0xff, 0xf0, 0x0, 0x0,
    0x0, 0x0, 0x4f, 0xff, 0x0, 0x0, 0x0, 0x0,
    0x4, 0xff, 0xf0, 0x0, 0x0, 0x0, 0x0, 0x4f,
    0xff, 0x0, 0x3, 0xff, 0xfa, 0x4, 0xff, 0xf0,
    0x0, 0xdf, 0xfd, 0x0, 0x4f, 0xff, 0x0, 0x9f,
    0xff, 0x20, 0x4, 0xff, 0xf0, 0x4f, 0xff, 0x50,
    0x0, 0x4f, 0xff, 0x1e, 0xff, 0x90, 0x0, 0x4,
    0xff, 0xfa, 0xff, 0xc0, 0x0, 0x0, 0x4f, 0xff,
    0xff, 0xf8, 0x0, 0x0, 0x4, 0xff, 0xf6, 0xff,
    0xf4, 0x0, 0x0, 0x4f, 0xff, 0xb, 0xff, 0xe1,
    0x0, 0x4, 0xff, 0xf0, 0x1e, 0xff, 0xc0, 0x0,
    0x4f, 0xff, 0x0, 0x5f, 0xff, 0x80, 0x4, 0xff,
    0xf0, 0x0, 0xaf, 0xff, 0x40, 0x4f, 0xff, 0x0,
    0x1, 0xef, 0xfe, 0x20,

    /* U+006C "l" */
    0x5f, 0xfe, 0x5f, 0xfe, 0x5f, 0xfe, 0x5f, 0xfe,
    0x5f, 0xfe, 0x5f, 0xfe, 0x5f, 0xfe, 0x5f, 0xfe,
    0x5f, 0xfe, 0x5f, 0xfe, 0x5f, 0xfe, 0x5f, 0xfe,
    0x5f, 0xfe, 0x5f, 0xfe, 0x5f, 0xfe, 0x5f, 0xfe,
    0x5f, 0xfe, 0x5f, 0xfe, 0x5f, 0xfe,

    /* U+006D "m" */
    0x4f, 0xff, 0x4, 0xbf, 0xea, 0x20, 0x7, 0xdf,
    0xe9, 0x0, 0x4f, 0xff, 0x6f, 0xff, 0xff, 0xe1,
    0xcf, 0xff, 0xff, 0xc0, 0x4f, 0xff, 0xfd, 0xae,
    0xff, 0xfe, 0xfd, 0xbf, 0xff, 0xf4, 0x4f, 0xff,
    0xb0, 0x1, 0xef, 0xff, 0xa0, 0x2, 0xff, 0xf8,
    0x4f, 0xff, 0x30, 0x0, 0x9f, 0xff, 0x10, 0x0,
    0xbf, 0xf9, 0x4f, 0xff, 0x0, 0x0, 0x7f, 0xfd,
    0x0, 0x0, 0x9f, 0xfa, 0x4f, 0xff, 0x0, 0x0,
    0x7f, 0xfd, 0x0, 0x0, 0x9f, 0xfa, 0x4f, 0xff,
    0x0, 0x0, 0x7f, 0xfd, 0x0, 0x0, 0x9f, 0xfa,
    0x4f, 0xff, 0x0, 0x0, 0x7f, 0xfd, 0x0, 0x0,
    0x9f, 0xfa, 0x4f, 0xff, 0x0, 0x0, 0x7f, 0xfd,
    0x0, 0x0, 0x9f, 0xfa, 0x4f, 0xff, 0x0, 0x0,
    0x7f, 0xfd, 0x0, 0x0, 0x9f, 0xfa, 0x4f, 0xff,
    0x0, 0x0, 0x7f, 0xfd, 0x0, 0x0, 0x9f, 0xfa,
    0x4f, 0xff, 0x0, 0x0, 0x7f, 0xfd, 0x0, 0x0,
    0x9f, 0xfa,

    /* U+006E "n" */
    0x4f, 0xff, 0x4, 0xbf, 0xfc, 0x30, 0x4, 0xff,
    0xf5, 0xff, 0xff, 0xff, 0x30, 0x4f, 0xff, 0xfe,
    0xad, 0xff, 0xfb, 0x4, 0xff, 0xfc, 0x0, 0xb,
    0xff, 0xf0, 0x4f, 0xff, 0x30, 0x0, 0x5f, 0xff,
    0x14, 0xff, 0xf0, 0x0, 0x2, 0xff, 0xf1, 0x4f,
    0xff, 0x0, 0x0, 0x2f, 0xff, 0x14, 0xff, 0xf0,
    0x0, 0x2, 0xff, 0xf1, 0x4f, 0xff, 0x0, 0x0,
    0x2f, 0xff, 0x14, 0xff, 0xf0, 0x0, 0x2, 0xff,
    0xf1, 0x4f, 0xff, 0x0, 0x0, 0x2f, 0xff, 0x14,
    0xff, 0xf0, 0x0, 0x2, 0xff, 0xf1, 0x4f, 0xff,
    0x0, 0x0, 0x2f, 0xff, 0x10,

    /* U+006F "o" */
    0x0, 0x0, 0x6b, 0xef, 0xeb, 0x60, 0x0, 0x0,
    0x1c, 0xff, 0xff, 0xff, 0xfc, 0x10, 0x0, 0xcf,
    0xff, 0xca, 0xcf, 0xff, 0xc0, 0x6, 0xff, 0xf5,
    0x0, 0x5, 0xff, 0xf5, 0xc, 0xff, 0xa0, 0x0,
    0x0, 0xbf, 0xfa, 0xf, 0xff, 0x60, 0x0, 0x0,
    0x8f, 0xfd, 0xf, 0xff, 0x40, 0x0, 0x0, 0x6f,
    0xfe, 0xf, 0xff, 0x60, 0x0, 0x0, 0x8f, 0xfd,
    0xc, 0xff, 0x90, 0x0, 0x0, 0xcf, 0xfa, 0x7,
    0xff, 0xf4, 0x0, 0x6, 0xff, 0xf4, 0x0, 0xdf,
    0xff, 0xca, 0xdf, 0xff, 0xb0, 0x0, 0x2d, 0xff,
    0xff, 0xff, 0xfb, 0x0, 0x0, 0x0, 0x7c, 0xef,
    0xeb, 0x50, 0x0,

    /* U+0070 "p" */
    0x4f, 0xff, 0x3, 0xbe, 0xfc, 0x60, 0x0, 0x4f,
    0xff, 0x5f, 0xff, 0xff, 0xf9, 0x0, 0x4f, 0xff,
    0xff, 0xbb, 0xff, 0xff, 0x40, 0x4f, 0xff, 0xd1,
    0x0, 0x2e, 0xff, 0xb0, 0x4f, 0xff, 0x40, 0x0,
    0x8, 0xff, 0xf0, 0x4f, 0xff, 0x0, 0x0, 0x5,
    0xff, 0xf0, 0x4f, 0xff, 0x0, 0x0, 0x4, 0xff,
    0xf1, 0x4f, 0xff, 0x0, 0x0, 0x6, 0xff, 0xf0,
    0x4f, 0xff, 0x20, 0x0, 0xb, 0xff, 0xc0, 0x4f,
    0xff, 0xb0, 0x0, 0x5f, 0xff, 0x70, 0x4f, 0xff,
    0xfe, 0xac, 0xff, 0xfe, 0x10, 0x4f, 0xff, 0xaf,
    0xff, 0xff, 0xf3, 0x0, 0x4f, 0xff, 0x7, 0xdf,
    0xe9, 0x20, 0x0, 0x4f, 0xff, 0x0, 0x0, 0x0,
    0x0, 0x0, 0x4f, 0xff, 0x0, 0x0, 0x0, 0x0,
    0x0, 0x4f, 0xff, 0x0, 0x0, 0x0, 0x0, 0x0,
    0x4f, 0xff, 0x0, 0x0, 0x0, 0x0, 0x0, 0x4f,
    0xff, 0x0, 0x0, 0x0, 0x0, 0x0, 0x4f, 0xff,
    0x0, 0x0, 0x0, 0x0, 0x0,

    /* U+0071 "q" */
    0x0, 0x1, 0x9e, 0xfe, 0x80, 0xff, 0xf5, 0x0,
    0x3e, 0xff, 0xff, 0xfc, 0xff, 0xf5, 0x0, 0xef,
    0xff, 0xca, 0xef, 0xff, 0xf5, 0x7, 0xff, 0xf4,
    0x0, 0xb, 0xff, 0xf5, 0xc, 0xff, 0xb0, 0x0,
    0x2, 0xff, 0xf5, 0xf, 0xff, 0x60, 0x0, 0x0,
    0xef, 0xf5, 0xf, 0xff, 0x40, 0x0, 0x0, 0xef,
    0xf5, 0xf, 0xff, 0x50, 0x0, 0x0, 0xff, 0xf5,
    0xe, 0xff, 0x90, 0x0, 0x3, 0xff, 0xf5, 0xa,
    0xff, 0xf4, 0x0, 0x1c, 0xff, 0xf5, 0x3, 0xff,
    0xff, 0xca, 0xef, 0xff, 0xf5, 0x0, 0x7f, 0xff,
    0xff, 0xf7, 0xff, 0xf5, 0x0, 0x4, 0xbf, 0xfc,
    0x50, 0xff, 0xf5, 0x0, 0x0, 0x0, 0x0, 0x0,
    0xff, 0xf5, 0x0, 0x0, 0x0, 0x0, 0x0, 0xff,
    0xf5, 0x0, 0x0, 0x0, 0x0, 0x0, 0xff, 0xf5,
    0x0, 0x0, 0x0, 0x0, 0x0, 0xff, 0xf5, 0x0,
    0x0, 0x0, 0x0, 0x0, 0xff, 0xf5, 0x0, 0x0,
    0x0, 0x0, 0x0, 0xff, 0xf5,

    /* U+0072 "r" */
    0x0, 0x0, 0x0, 0x0, 0x4, 0xff, 0xf0, 0x7e,
    0xf4, 0x4f, 0xff, 0x7f, 0xff, 0x44, 0xff, 0xff,
    0xfc, 0xd4, 0x4f, 0xff, 0xe1, 0x0, 0x4, 0xff,
    0xf6, 0x0, 0x0, 0x4f, 0xff, 0x10, 0x0, 0x4,
    0xff, 0xf0, 0x0, 0x0, 0x4f, 0xff, 0x0, 0x0,
    0x4, 0xff, 0xf0, 0x0, 0x0, 0x4f, 0xff, 0x0,
    0x0, 0x4, 0xff, 0xf0, 0x0, 0x0, 0x4f, 0xff,
    0x0, 0x0, 0x4, 0xff, 0xf0, 0x0, 0x0,

    /* U+0073 "s" */
    0x0, 0x6b, 0xef, 0xec, 0x60, 0xb, 0xff, 0xff,
    0xff, 0xb0, 0x6f, 0xff, 0x96, 0x7b, 0xa0, 0xaf,
    0xf9, 0x0, 0x0, 0x0, 0x9f, 0xfe, 0x20, 0x0,
    0x0, 0x4f, 0xff, 0xfb, 0x50, 0x0, 0x6, 0xff,
    0xff, 0xfd, 0x30, 0x0, 0x17, 0xdf, 0xff, 0xe0,
    0x0, 0x0, 0x5, 0xff, 0xf4, 0x30, 0x0, 0x0,
    0xef, 0xf5, 0xbe, 0x96, 0x7b, 0xff, 0xf1, 0xbf,
    0xff, 0xff, 0xff, 0x60, 0x4a, 0xef, 0xfd, 0x93,
    0x0,

    /* U+0074 "t" */
    0x0, 0x1, 0x68, 0x0, 0x0, 0x6, 0xff, 0xc0,
    0x0, 0x0, 0x7f, 0xfc, 0x0, 0x0, 0x7, 0xff,
    0xc0, 0x0, 0x8f, 0xff, 0xff, 0xff, 0xa8, 0xff,
    0xff, 0xff, 0xfa, 0x49, 0xcf, 0xfe, 0x99, 0x50,
    0x7, 0xff, 0xc0, 0x0, 0x0, 0x7f, 0xfc, 0x0,
    0x0, 0x7, 0xff, 0xc0, 0x0, 0x0, 0x7f, 0xfc,
    0x0, 0x0, 0x7, 0xff, 0xc0, 0x0, 0x0, 0x7f,
    0xfd, 0x0, 0x0, 0x6, 0xff, 0xf1, 0x0, 0x0,
    0x4f, 0xff, 0xda, 0x80, 0x0, 0xdf, 0xff, 0xfa,
    0x0, 0x1, 0xae, 0xfe, 0x60,

    /* U+0075 "u" */
    0x8f, 0xfc, 0x0, 0x0, 0x5f, 0xfe, 0x8f, 0xfc,
    0x0, 0x0, 0x5f, 0xfe, 0x8f, 0xfc, 0x0, 0x0,
    0x5f, 0xfe, 0x8f, 0xfc, 0x0, 0x0, 0x5f, 0xfe,
    0x8f, 0xfc, 0x0, 0x0, 0x5f, 0xfe, 0x8f, 0xfc,
    0x0, 0x0, 0x5f, 0xfe, 0x8f, 0xfc, 0x0, 0x0,
    0x5f, 0xfe, 0x7f, 0xfc, 0x0, 0x0, 0x6f, 0xfe,
    0x7f, 0xfe, 0x0, 0x0, 0x8f, 0xfe, 0x5f, 0xff,
    0x50, 0x2, 0xff, 0xfe, 0x1f, 0xff, 0xfb, 0xbf,
    0xff, 0xfe, 0x7, 0xff, 0xff, 0xfe, 0x7f, 0xfe,
    0x0, 0x6d, 0xfe, 0xa1, 0x5f, 0xfe,

    /* U+0076 "v" */
    0xcf, 0xfb, 0x0, 0x0, 0xb, 0xff, 0xa6, 0xff,
    0xf0, 0x0, 0x0, 0xff, 0xf4, 0x1f, 0xff, 0x50,
    0x0, 0x5f, 0xfe, 0x0, 0xbf, 0xf9, 0x0, 0x9,
    0xff, 0x90, 0x6, 0xff, 0xe0, 0x0, 0xef, 0xf3,
    0x0, 0x1f, 0xff, 0x20, 0x3f, 0xfd, 0x0, 0x0,
    0xbf, 0xf7, 0x7, 0xff, 0x70, 0x0, 0x5, 0xff,
    0xc0, 0xcf, 0xf2, 0x0, 0x0, 0xf, 0xff, 0x2f,
    0xfc, 0x0, 0x0, 0x0, 0xaf, 0xf8, 0xff, 0x60,
    0x0, 0x0, 0x5, 0xff, 0xef, 0xf1, 0x0, 0x0,
    0x0, 0xf, 0xff, 0xfb, 0x0, 0x0, 0x0, 0x0,
    0xaf, 0xff, 0x50, 0x0, 0x0,

    /* U+0077 "w" */
    0xaf, 0xfa, 0x0, 0x0, 0xdf, 0xf8, 0x0, 0x4,
    0xff, 0xb6, 0xff, 0xe0, 0x0, 0x1f, 0xff, 0xc0,
    0x0, 0x8f, 0xf7, 0x1f, 0xff, 0x10, 0x5, 0xff,
    0xff, 0x0, 0xb, 0xff, 0x20, 0xdf, 0xf5, 0x0,
    0x9f, 0xef, 0xf3, 0x0, 0xef, 0xe0, 0x8, 0xff,
    0x80, 0xe, 0xfa, 0xff, 0x70, 0x2f, 0xf9, 0x0,
    0x4f, 0xfc, 0x2, 0xff, 0x2f, 0xfb, 0x5, 0xff,
    0x50, 0x0, 0xff, 0xf0, 0x6f, 0xd0, 0xcf, 0xe0,
    0x9f, 0xf1, 0x0, 0xb, 0xff, 0x3a, 0xf9, 0x8,
    0xff, 0x2c, 0xfc, 0x0, 0x0, 0x7f, 0xf6, 0xef,
    0x50, 0x4f, 0xf6, 0xff, 0x80, 0x0, 0x3, 0xff,
    0xbf, 0xf1, 0x0, 0xff, 0xbf, 0xf3, 0x0, 0x0,
    0xe, 0xff, 0xfc, 0x0, 0xc, 0xff, 0xff, 0x0,
    0x0, 0x0, 0xaf, 0xff, 0x80, 0x0, 0x8f, 0xff,
    0xa0, 0x0, 0x0, 0x5, 0xff, 0xf4, 0x0, 0x4,
    0xff, 0xf6, 0x0, 0x0,

    /* U+0078 "x" */
    0x5f, 0xff, 0x60, 0x0, 0x1f, 0xff, 0x70, 0xbf,
    0xfe, 0x0, 0x9, 0xff, 0xc0, 0x2, 0xff, 0xf6,
    0x2, 0xff, 0xf2, 0x0, 0x8, 0xff, 0xe0, 0xaf,
    0xf8, 0x0, 0x0, 0xe, 0xff, 0x8f, 0xfd, 0x0,
    0x0, 0x0, 0x5f, 0xff, 0xff, 0x30, 0x0, 0x0,
    0x0, 0xdf, 0xff, 0xd0, 0x0, 0x0, 0x0, 0x4f,
    0xff, 0xff, 0x50, 0x0, 0x0, 0xe, 0xff, 0xaf,
    0xfe, 0x10, 0x0, 0x9, 0xff, 0xc0, 0xef, 0xf9,
    0x0, 0x3, 0xff, 0xf3, 0x6, 0xff, 0xf3, 0x0,
    0xdf, 0xfb, 0x0, 0xd, 0xff, 0xc0, 0x8f, 0xff,
    0x20, 0x0, 0x5f, 0xff, 0x60,

    /* U+0079 "y" */
    0xcf, 0xfc, 0x0, 0x0, 0x8, 0xff, 0xb6, 0xff,
    0xf1, 0x0, 0x0, 0xdf, 0xf5, 0xf, 0xff, 0x60,
    0x0, 0x2f, 0xfe, 0x0, 0xaf, 0xfb, 0x0, 0x7,
    0xff, 0x90, 0x4, 0xff, 0xf0, 0x0, 0xcf, 0xf3,
    0x0, 0xd, 0xff, 0x50, 0x1f, 0xfd, 0x0, 0x0,
    0x7f, 0xf9, 0x6, 0xff, 0x80, 0x0, 0x1, 0xff,
    0xe0, 0xbf, 0xf2, 0x0, 0x0, 0xb, 0xff, 0x4f,
    0xfc, 0x0, 0x0, 0x0, 0x5f, 0xfb, 0xff, 0x60,
    0x0, 0x0, 0x0, 0xef, 0xff, 0xf1, 0x0, 0x0,
    0x0, 0x9, 0xff, 0xfb, 0x0, 0x0, 0x0, 0x0,
    0x3f, 0xff, 0x50, 0x0, 0x0, 0x0, 0x4, 0xff,
    0xe0, 0x0, 0x0, 0x0, 0x0, 0xaf, 0xf9, 0x0,
    0x0, 0x0, 0x0, 0x3f, 0xff, 0x20, 0x0, 0x0,
    0x6b, 0xbf, 0xff, 0x90, 0x0, 0x0, 0x6, 0xff,
    0xff, 0xc0, 0x0, 0x0, 0x0, 0x4e, 0xfe, 0x80,
    0x0, 0x0, 0x0, 0x0,

    /* U+007A "z" */
    0xf, 0xff, 0xff, 0xff, 0xff, 0xf1, 0xf, 0xff,
    0xff, 0xff, 0xff, 0xf0, 0x9, 0x99, 0x99, 0xbf,
    0xff, 0x60, 0x0, 0x0, 0x0, 0xdf, 0xfb, 0x0,
    0x0, 0x0, 0x8, 0xff, 0xe1, 0x0, 0x0, 0x0,
    0x4f, 0xff, 0x40, 0x0, 0x0, 0x1, 0xef, 0xf9,
    0x0, 0x0, 0x0, 0xa, 0xff, 0xd0, 0x0, 0x0,
    0x0, 0x6f, 0xff, 0x30, 0x0, 0x0, 0x2, 0xff,
    0xf7, 0x0, 0x0, 0x0, 0xc, 0xff, 0xf9, 0x99,
    0x99, 0x90, 0x7f, 0xff, 0xff, 0xff, 0xff, 0xf1,
    0xaf, 0xff, 0xff, 0xff, 0xff, 0xf1,

    /* U+007B "{" */
    0x0, 0x3, 0xae, 0xa0, 0x3, 0xff, 0xfb, 0x0,
    0xaf, 0xf8, 0x10, 0xd, 0xfe, 0x0, 0x0, 0xef,
    0xc0, 0x0, 0xe, 0xfc, 0x0, 0x0, 0xef, 0xc0,
    0x0, 0xe, 0xfc, 0x0, 0x1, 0xff, 0xa0, 0x1,
    0xaf, 0xf5, 0x0, 0xcf, 0xf8, 0x0, 0xc, 0xff,
    0xa0, 0x0, 0x9, 0xff, 0x60, 0x0, 0xf, 0xfa,
    0x0, 0x0, 0xef, 0xc0, 0x0, 0xe, 0xfc, 0x0,
    0x0, 0xef, 0xc0, 0x0, 0xe, 0xfc, 0x0, 0x0,
    0xdf, 0xe0, 0x0, 0xa, 0xff, 0x71, 0x0, 0x3f,
    0xff, 0xb0, 0x0, 0x3b, 0xea,

    /* U+007C "|" */
    0x36, 0x60, 0xaf, 0xf0, 0xaf, 0xf0, 0xaf, 0xf0,
    0xaf, 0xf0, 0xaf, 0xf0, 0xaf, 0xf0, 0xaf, 0xf0,
    0xaf, 0xf0, 0xaf, 0xf0, 0xaf, 0xf0, 0xaf, 0xf0,
    0xaf, 0xf0, 0xaf, 0xf0, 0xaf, 0xf0, 0xaf, 0xf0,
    0xaf, 0xf0, 0xaf, 0xf0, 0xaf, 0xf0, 0xaf, 0xf0,
    0xaf, 0xf0, 0xaf, 0xf0, 0xaf, 0xf0, 0xaf, 0xf0,
    0xaf, 0xf0, 0xaf, 0xf0,

    /* U+007D "}" */
    0xf, 0xd8, 0x0, 0x0, 0x1f, 0xff, 0xc0, 0x0,
    0x3, 0xcf, 0xf4, 0x0, 0x0, 0x4f, 0xf7, 0x0,
    0x0, 0x2f, 0xf8, 0x0, 0x0, 0x2f, 0xf8, 0x0,
    0x0, 0x2f, 0xf8, 0x0, 0x0, 0x1f, 0xf8, 0x0,
    0x0, 0xf, 0xfa, 0x0, 0x0, 0xb, 0xff, 0x50,
    0x0, 0x2, 0xdf, 0xf6, 0x0, 0x2, 0xdf, 0xf6,
    0x0, 0xc, 0xff, 0x40, 0x0, 0xf, 0xfa, 0x0,
    0x0, 0x2f, 0xf8, 0x0, 0x0, 0x2f, 0xf8, 0x0,
    0x0, 0x2f, 0xf8, 0x0, 0x0, 0x2f, 0xf8, 0x0,
    0x0, 0x4f, 0xf7, 0x0, 0x3, 0xcf, 0xf4, 0x0,
    0x1f, 0xff, 0xc0, 0x0, 0x1f, 0xd9, 0x10, 0x0,

    /* U+007E "~" */
    0x0, 0x3, 0x30, 0x0, 0x0, 0x14, 0x30, 0x3e,
    0xff, 0xf7, 0x0, 0x7, 0xfb, 0xe, 0xff, 0xff,
    0xfe, 0x75, 0xef, 0x85, 0xff, 0x31, 0x7f, 0xff,
    0xff, 0xe1, 0x8f, 0xa0, 0x0, 0x18, 0xef, 0xc3,
    0x0,

    /* U+00A0 " " */

    /* U+00A1 "¡" */
    0x6, 0xed, 0x30, 0xff, 0xfb, 0xe, 0xff, 0xa0,
    0x29, 0x81, 0x0, 0x0, 0x0, 0x36, 0x61, 0x7,
    0xff, 0x40, 0x7f, 0xf4, 0x8, 0xff, 0x50, 0x8f,
    0xf5, 0x9, 0xff, 0x60, 0x9f, 0xf6, 0xa, 0xff,
    0x70, 0xaf, 0xf7, 0xb, 0xff, 0x80, 0xbf, 0xf8,
    0xc, 0xff, 0x90, 0xcf, 0xf9,

    /* U+00A2 "¢" */
    0x0, 0x0, 0x3, 0xf9, 0x0, 0x0, 0x0, 0x3,
    0xf9, 0x0, 0x0, 0x0, 0x17, 0xfc, 0x51, 0x0,
    0x1a, 0xff, 0xff, 0xfd, 0x2, 0xef, 0xff, 0xff,
    0xfe, 0xc, 0xff, 0xea, 0xfb, 0x7c, 0x5f, 0xfe,
    0x23, 0xf9, 0x0, 0xaf, 0xf8, 0x3, 0xf9, 0x0,
    0xdf, 0xf4, 0x3, 0xf9, 0x0, 0xef, 0xf4, 0x3,
    0xf9, 0x0, 0xdf, 0xf6, 0x3, 0xf9, 0x0, 0x9f,
    0xfc, 0x3, 0xf9, 0x0, 0x3f, 0xff, 0xa5, 0xf9,
    0x27, 0x9, 0xff, 0xff, 0xff, 0xfe, 0x0, 0x8f,
    0xff, 0xff, 0xfe, 0x0, 0x2, 0x8c, 0xfd, 0x82,
    0x0, 0x0, 0x3, 0xf9, 0x0, 0x0, 0x0, 0x3,
    0xf9, 0x0, 0x0, 0x0, 0x0, 0x10, 0x0,

    /* U+00A3 "£" */
    0x0, 0x0, 0x4, 0xbe, 0xfd, 0x80, 0x0, 0x0,
    0x7, 0xff, 0xff, 0xff, 0x0, 0x0, 0x4, 0xff,
    0xfd, 0xac, 0xf0, 0x0, 0x0, 0xbf, 0xfa, 0x0,
    0x2, 0x0, 0x0, 0xe, 0xff, 0x30, 0x0, 0x0,
    0x0, 0x0, 0xff, 0xf1, 0x0, 0x0, 0x0, 0x0,
    0xf, 0xff, 0x10, 0x0, 0x0, 0x0, 0x0, 0xff,
    0xf1, 0x0, 0x0, 0x0, 0x2f, 0xff, 0xff, 0xff,
    0xf6, 0x0, 0x2, 0xff, 0xff, 0xff, 0xff, 0x60,
    0x0, 0x16, 0x6f, 0xff, 0x76, 0x62, 0x0, 0x0,
    0x0, 0xff, 0xf0, 0x0, 0x0, 0x0, 0x0, 0xf,
    0xff, 0x0, 0x0, 0x0, 0x0, 0x4, 0xff, 0xb0,
    0x0, 0x0, 0x0, 0x0, 0xcf, 0xe2, 0x0, 0x0,
    0x0, 0x3, 0xef, 0xfc, 0xaa, 0xaa, 0xaa, 0xa0,
    0x6f, 0xff, 0xff, 0xff, 0xff, 0xff, 0x6, 0xff,
    0xff, 0xff, 0xff, 0xff, 0xf0,

    /* U+00A4 "¤" */
    0x2, 0x90, 0x0, 0x0, 0x0, 0x19, 0x0, 0xef,
    0xa5, 0xcf, 0xea, 0x4d, 0xf9, 0x7, 0xff, 0xff,
    0xff, 0xff, 0xff, 0x30, 0xb, 0xff, 0xa4, 0x5d,
    0xff, 0x60, 0x0, 0xef, 0x80, 0x0, 0xd, 0xfa,
    0x0, 0x3f, 0xf0, 0x0, 0x0, 0x5f, 0xe0, 0x4,
    0xfe, 0x0, 0x0, 0x2, 0xff, 0x0, 0x3f, 0xf0,
    0x0, 0x0, 0x5f, 0xf0, 0x0, 0xef, 0x80, 0x0,
    0xc, 0xfa, 0x0, 0xb, 0xff, 0xa4, 0x5c, 0xff,
    0x60, 0x7, 0xff, 0xff, 0xff, 0xff, 0xff, 0x30,
    0xef, 0xa6, 0xcf, 0xeb, 0x5e, 0xf9, 0x2, 0x90,
    0x0, 0x0, 0x0, 0x2a, 0x0,

    /* U+00A5 "¥" */
    0x2f, 0xff, 0x30, 0x0, 0x0, 0xef, 0xf3, 0xa,
    0xff, 0xa0, 0x0, 0x5, 0xff, 0xb0, 0x2, 0xff,
    0xf1, 0x0, 0xc, 0xff, 0x20, 0x0, 0x9f, 0xf8,
    0x0, 0x3f, 0xfa, 0x0, 0x0, 0x1f, 0xfe, 0x0,
    0xaf, 0xf2, 0x0, 0x0, 0x9, 0xff, 0x61, 0xff,
    0x90, 0x0, 0x0, 0x1, 0xff, 0xd8, 0xff, 0x10,
    0x0, 0x0, 0x0, 0x8f, 0xff, 0xf8, 0x0, 0x0,
    0x7, 0xff, 0xff, 0xff, 0xff, 0xff, 0x60, 0x7,
    0xff, 0xff, 0xff, 0xff, 0xff, 0x60, 0x1, 0x22,
    0x2a, 0xff, 0xa2, 0x22, 0x0, 0x0, 0x0, 0x9,
    0xff, 0x90, 0x0, 0x0, 0x1, 0x22, 0x2a, 0xff,
    0xa2, 0x22, 0x0, 0x7, 0xff, 0xff, 0xff, 0xff,
    0xff, 0x60, 0x7, 0xff, 0xff, 0xff, 0xff, 0xff,
    0x60, 0x0, 0x0, 0x9, 0xff, 0x90, 0x0, 0x0,
    0x0, 0x0, 0x9, 0xff, 0x90, 0x0, 0x0, 0x0,
    0x0, 0x9, 0xff, 0x90, 0x0, 0x0,

    /* U+00A6 "¦" */
    0xaf, 0xf0, 0xaf, 0xf0, 0xaf, 0xf0, 0xaf, 0xf0,
    0xaf, 0xf0, 0xaf, 0xf0, 0xaf, 0xf0, 0xaf, 0xf0,
    0xaf, 0xf0, 0xaf, 0xf0, 0x8d, 0xd0, 0x0, 0x0,
    0x0, 0x0, 0x0, 0x0, 0x9f, 0xf0, 0xaf, 0xf0,
    0xaf, 0xf0, 0xaf, 0xf0, 0xaf, 0xf0, 0xaf, 0xf0,
    0xaf, 0xf0, 0xaf, 0xf0, 0xaf, 0xf0, 0xaf, 0xf0,
    0xaf, 0xf0,

    /* U+00A7 "§" */
    0x0, 0x2a, 0xef, 0xea, 0x20, 0x3, 0xff, 0xff,
    0xff, 0x60, 0xb, 0xff, 0x85, 0x7d, 0x60, 0xf,
    0xfd, 0x0, 0x0, 0x10, 0xe, 0xff, 0x20, 0x0,
    0x0, 0x8, 0xff, 0xf7, 0x0, 0x0, 0x2, 0xff,
    0xff, 0xe6, 0x0, 0xc, 0xff, 0xdf, 0xff, 0x90,
    0x4f, 0xf6, 0x5, 0xef, 0xf3, 0x6f, 0xf3, 0x0,
    0x4f, 0xf7, 0x3f, 0xfb, 0x0, 0x3f, 0xf6, 0xc,
    0xff, 0xe6, 0xaf, 0xf2, 0x1, 0xcf, 0xff, 0xff,
    0x70, 0x0, 0x6, 0xef, 0xfe, 0x10, 0x0, 0x0,
    0x1b, 0xff, 0x80, 0x0, 0x0, 0x0, 0xff, 0xb0,
    0x3d, 0x61, 0x5, 0xff, 0x90, 0x3f, 0xff, 0xff,
    0xff, 0x20, 0x1d, 0xff, 0xff, 0xd3, 0x0, 0x0,
    0x24, 0x53, 0x0, 0x0,

    /* U+00A8 "¨" */
    0x1, 0x0, 0x0, 0x0, 0x7, 0xfe, 0x20, 0x3f,
    0xf5, 0xcf, 0xf6, 0x8, 0xff, 0xa5, 0xed, 0x10,
    0x2d, 0xe4,

    /* U+00A9 "©" */
    0x0, 0x0, 0x0, 0x0, 0x0, 0x0, 0x0, 0x0,
    0x0, 0x0, 0x0, 0x0, 0x6, 0xbe, 0xff, 0xea,
    0x50, 0x0, 0x0, 0x0, 0x0, 0x5e, 0xe9, 0x54,
    0x46, 0xbf, 0xd2, 0x0, 0x0, 0x0, 0x8f, 0x80,
    0x0, 0x0, 0x0, 0x2c, 0xf4, 0x0, 0x0, 0x6f,
    0x50, 0x4, 0xae, 0xfe, 0xa3, 0xb, 0xf2, 0x0,
    0x1f, 0x80, 0x9, 0xff, 0xff, 0xff, 0x70, 0xd,
    0xc0, 0x9, 0xe0, 0x7, 0xff, 0xe8, 0x68, 0xc7,
    0x0, 0x4f, 0x40, 0xe8, 0x1, 0xff, 0xd1, 0x0,
    0x0, 0x10, 0x0, 0xe9, 0x2f, 0x40, 0x5f, 0xf4,
    0x0, 0x0, 0x0, 0x0, 0xa, 0xd4, 0xf2, 0x8,
    0xff, 0x0, 0x0, 0x0, 0x0, 0x0, 0x8e, 0x4f,
    0x20, 0x9f, 0xf0, 0x0, 0x0, 0x0, 0x0, 0x8,
    0xe3, 0xf4, 0x8, 0xff, 0x20, 0x0, 0x0, 0x0,
    0x0, 0x9d, 0xf, 0x70, 0x4f, 0xfa, 0x0, 0x0,
    0x0, 0x0, 0xd, 0xa0, 0xbd, 0x0, 0xcf, 0xfa,
    0x20, 0x26, 0x60, 0x3, 0xf5, 0x4, 0xf6, 0x2,
    0xef, 0xff, 0xff, 0xf8, 0x0, 0xcd, 0x0, 0xa,
    0xf3, 0x1, 0xaf, 0xff, 0xfd, 0x40, 0x9f, 0x40,
    0x0, 0xc, 0xf6, 0x0, 0x3, 0x42, 0x1, 0xaf,
    0x60, 0x0, 0x0, 0xa, 0xfc, 0x73, 0x12, 0x48,
    0xee, 0x40, 0x0, 0x0, 0x0, 0x3, 0xaf, 0xff,
    0xff, 0xd7, 0x0, 0x0, 0x0, 0x0, 0x0, 0x0,
    0x2, 0x33, 0x10, 0x0, 0x0, 0x0,

    /* U+00AA "ª" */
    0x1, 0x8d, 0xef, 0xc4, 0x0, 0x4f, 0xec, 0xdf,
    0xf3, 0x2, 0x40, 0x0, 0xcf, 0x80, 0x1, 0x58,
    0xae, 0xfa, 0x4, 0xff, 0xfc, 0xdf, 0xb0, 0xef,
    0x80, 0x9, 0xfb, 0xf, 0xf4, 0x1, 0xef, 0xb0,
    0xcf, 0xfb, 0xee, 0xfb, 0x2, 0xbf, 0xe7, 0x6c,
    0x80,

    /* U+00AB "«" */
    0x0, 0x0, 0x36, 0x61, 0x0, 0x66, 0x50, 0x0,
    0x3, 0xff, 0xa0, 0xb, 0xff, 0x30, 0x0, 0x2e,
    0xfb, 0x0, 0x9f, 0xf4, 0x0, 0x1, 0xef, 0xc0,
    0x8, 0xff, 0x50, 0x0, 0xd, 0xfd, 0x0, 0x6f,
    0xf6, 0x0, 0x0, 0x9, 0xff, 0x30, 0x2e, 0xfb,
    0x0, 0x0, 0x0, 0xaf, 0xf3, 0x3, 0xff, 0xa0,
    0x0, 0x0, 0xb, 0xfe, 0x20, 0x4f, 0xf9, 0x0,
    0x0, 0x0, 0xcf, 0xe2, 0x5, 0xff, 0x80,

    /* U+00AC "¬" */
    0x4, 0x44, 0x44, 0x44, 0x44, 0x44, 0x12, 0xff,
    0xff, 0xff, 0xff, 0xff, 0xf6, 0x2f, 0xff, 0xff,
    0xff, 0xff, 0xff, 0x60, 0x0, 0x0, 0x0, 0x0,
    0xc, 0xf6, 0x0, 0x0, 0x0, 0x0, 0x0, 0xcf,
    0x60, 0x0, 0x0, 0x0, 0x0, 0xc, 0xf6, 0x0,
    0x0, 0x0, 0x0, 0x0, 0xcf, 0x60, 0x0, 0x0,
    0x0, 0x0, 0xc, 0xf6,

    /* U+00AD "­" */
    0x16, 0x66, 0x66, 0x62, 0x4f, 0xff, 0xff, 0xf4,
    0x4f, 0xff, 0xff, 0xf4,

    /* U+00AE "®" */
    0x0, 0x0, 0x0, 0x0, 0x0, 0x0, 0x0, 0x0,
    0x0, 0x0, 0x0, 0x0, 0x6, 0xbe, 0xff, 0xea,
    0x50, 0x0, 0x0, 0x0, 0x0, 0x5e, 0xe9, 0x54,
    0x46, 0xbf, 0xd2, 0x0, 0x0, 0x0, 0x8f, 0x80,
    0x0, 0x0, 0x0, 0x2c, 0xf4, 0x0, 0x0, 0x6f,
    0x50, 0xff, 0xff, 0xeb, 0x50, 0xb, 0xf2, 0x0,
    0x1f, 0x80, 0xf, 0xff, 0xff, 0xff, 0x70, 0xd,
    0xc0, 0x9, 0xe0, 0x0, 0xff, 0x30, 0x2d, 0xfe,
    0x0, 0x4f, 0x40, 0xe8, 0x0, 0xf, 0xf3, 0x0,
    0x8f, 0xf0, 0x0, 0xe9, 0x2f, 0x40, 0x0, 0xff,
    0x30, 0xb, 0xfb, 0x0, 0xa, 0xd4, 0xf2, 0x0,
    0xf, 0xfd, 0xdf, 0xfd, 0x20, 0x0, 0x8e, 0x4f,
    0x20, 0x0, 0xff, 0xff, 0xfc, 0x0, 0x0, 0x8,
    0xe3, 0xf4, 0x0, 0xf, 0xf3, 0x2e, 0xf9, 0x0,
    0x0, 0x9d, 0xf, 0x70, 0x0, 0xff, 0x30, 0x6f,
    0xf2, 0x0, 0xd, 0xa0, 0xbd, 0x0, 0xf, 0xf3,
    0x0, 0xff, 0x90, 0x3, 0xf5, 0x4, 0xf6, 0x0,
    0xff, 0x30, 0xa, 0xfe, 0x0, 0xcd, 0x0, 0xa,
    0xf3, 0xa, 0xa2, 0x0, 0x4a, 0xa3, 0x9f, 0x40,
    0x0, 0xc, 0xf6, 0x0, 0x0, 0x0, 0x1, 0xaf,
    0x60, 0x0, 0x0, 0xa, 0xfc, 0x73, 0x12, 0x48,
    0xee, 0x40, 0x0, 0x0, 0x0, 0x3, 0xaf, 0xff,
    0xff, 0xd7, 0x0, 0x0, 0x0, 0x0, 0x0, 0x0,
    0x2, 0x33, 0x10, 0x0, 0x0, 0x0,

    /* U+00AF "¯" */
    0x22, 0x22, 0x22, 0x22, 0x22, 0xf, 0xff, 0xff,
    0xff, 0xff, 0xf3, 0x55, 0x55, 0x55, 0x55, 0x55,
    0x10,

    /* U+00B0 "°" */
    0x2, 0xbf, 0xe7, 0x0, 0xe, 0xfd, 0xef, 0x80,
    0x7f, 0x70, 0x1e, 0xf0, 0x9f, 0x20, 0xa, 0xf1,
    0x6f, 0x70, 0x1e, 0xf0, 0xe, 0xfd, 0xef, 0x70,
    0x2, 0xbf, 0xe7, 0x0,

    /* U+00B1 "±" */
    0x0, 0x0, 0x7, 0xfb, 0x0, 0x0, 0x0, 0x0,
    0x0, 0x7f, 0xb0, 0x0, 0x0, 0x0, 0x0, 0x7,
    0xfb, 0x0, 0x0, 0x0, 0x0, 0x0, 0x7f, 0xb0,
    0x0, 0x0, 0x0, 0x0, 0x7, 0xfb, 0x0, 0x0,
    0x2, 0xff, 0xff, 0xff, 0xff, 0xff, 0xf6, 0x2f,
    0xff, 0xff, 0xff, 0xff, 0xff, 0x60, 0x44, 0x44,
    0x9f, 0xc4, 0x44, 0x41, 0x0, 0x0, 0x7, 0xfb,
    0x0, 0x0, 0x0, 0x0, 0x0, 0x7f, 0xb0, 0x0,
    0x0, 0x0, 0x0, 0x7, 0xfb, 0x0, 0x0, 0x0,
    0x0, 0x0, 0x7f, 0xb0, 0x0, 0x0, 0x0, 0x0,
    0x0, 0x0, 0x0, 0x0, 0x0, 0x44, 0x44, 0x44,
    0x44, 0x44, 0x41, 0x2f, 0xff, 0xff, 0xff, 0xff,
    0xff, 0x62, 0xff, 0xff, 0xff, 0xff, 0xff, 0xf6,

    /* U+00B2 "²" */
    0x5, 0xcf, 0xea, 0x20, 0x1f, 0xff, 0xff, 0xd0,
    0x1c, 0x31, 0x8f, 0xf3, 0x0, 0x0, 0x3f, 0xf3,
    0x0, 0x0, 0x9f, 0xd0, 0x0, 0x8, 0xfe, 0x20,
    0x0, 0xaf, 0xd2, 0x0, 0xb, 0xfc, 0x10, 0x0,
    0x9f, 0xff, 0xff, 0xf7, 0xaf, 0xff, 0xff, 0xf7,

    /* U+00B3 "³" */
    0x8, 0xdf, 0xe9, 0x10, 0x1f, 0xfe, 0xff, 0xb0,
    0x4, 0x0, 0x6f, 0xf0, 0x0, 0x1, 0x9f, 0xc0,
    0x7, 0xff, 0xfc, 0x10, 0x5, 0xde, 0xff, 0xb0,
    0x0, 0x0, 0x2f, 0xf4, 0x32, 0x0, 0x2f, 0xf4,
    0x7f, 0xed, 0xff, 0xd0, 0x3b, 0xef, 0xd8, 0x10,

    /* U+00B4 "´" */
    0x0, 0x7, 0xff, 0x70, 0x3, 0xff, 0x90, 0x1,
    0xdf, 0xa0, 0x0, 0xaf, 0xb0, 0x0,

    /* U+00B5 "µ" */
    0x4f, 0xff, 0x0, 0x0, 0x3f, 0xff, 0x14, 0xff,
    0xf0, 0x0, 0x3, 0xff, 0xf1, 0x4f, 0xff, 0x0,
    0x0, 0x3f, 0xff, 0x14, 0xff, 0xf0, 0x0, 0x3,
    0xff, 0xf1, 0x4f, 0xff, 0x0, 0x0, 0x3f, 0xff,
    0x14, 0xff, 0xf0, 0x0, 0x3, 0xff, 0xf1, 0x4f,
    0xff, 0x0, 0x0, 0x3f, 0xff, 0x14, 0xff, 0xf0,
    0x0, 0x4, 0xff, 0xf1, 0x4f, 0xff, 0x10, 0x0,
    0x6f, 0xff, 0x14, 0xff, 0xf9, 0x0, 0x1d, 0xff,
    0xf1, 0x4f, 0xff, 0xfd, 0xcf, 0xff, 0xff, 0x24,
    0xff, 0xff, 0xff, 0xf8, 0xff, 0xf3, 0x4f, 0xff,
    0x8e, 0xe9, 0xe, 0xff, 0x64, 0xff, 0xf0, 0x0,
    0x0, 0x0, 0x0, 0x4f, 0xff, 0x0, 0x0, 0x0,
    0x0, 0x4, 0xff, 0xf0, 0x0, 0x0, 0x0, 0x0,
    0x4f, 0xff, 0x0, 0x0, 0x0, 0x0, 0x2, 0x99,
    0x90, 0x0, 0x0, 0x0, 0x0,

    /* U+00B6 "¶" */
    0x5, 0xdf, 0xff, 0xff, 0xff, 0x3f, 0xff, 0xfd,
    0xdf, 0xec, 0xbf, 0xff, 0xf2, 0x5f, 0x80, 0xef,
    0xff, 0xf2, 0x5f, 0x80, 0xcf, 0xff, 0xf2, 0x5f,
    0x80, 0x7f, 0xff, 0xf2, 0x5f, 0x80, 0xa, 0xff,
    0xf2, 0x5f, 0x80, 0x0, 0x2d, 0xf2, 0x5f, 0x80,
    0x0, 0xc, 0xf2, 0x5f, 0x80, 0x0, 0xc, 0xf2,
    0x5f, 0x80, 0x0, 0xc, 0xf2, 0x5f, 0x80, 0x0,
    0xc, 0xf2, 0x5f, 0x80, 0x0, 0xc, 0xf2, 0x5f,
    0x80, 0x0, 0xc, 0xf2, 0x5f, 0x80, 0x0, 0xc,
    0xf2, 0x5f, 0x80, 0x0, 0xc, 0xf2, 0x5f, 0x80,
    0x0, 0xc, 0xf2, 0x5f, 0x80, 0x0, 0xc, 0xf2,
    0x5f, 0x80,

    /* U+00B7 "·" */
    0x18, 0xa3, 0xa, 0xff, 0xe0, 0xcf, 0xff, 0x3,
    0xde, 0x60,

    /* U+00B8 "¸" */
    0x2, 0x30, 0x0, 0xd, 0xf0, 0x0, 0xd, 0xff,
    0xa0, 0x0, 0x2f, 0xf3, 0x38, 0xbf, 0xf1, 0x6f,
    0xeb, 0x40,

    /* U+00B9 "¹" */
    0x0, 0x1, 0x41, 0x0, 0x29, 0xdf, 0xf4, 0x0,
    0x5f, 0xff, 0xf4, 0x0, 0x25, 0x2f, 0xf4, 0x0,
    0x0, 0xf, 0xf4, 0x0, 0x0, 0xf, 0xf4, 0x0,
    0x0, 0xf, 0xf4, 0x0, 0x0, 0xf, 0xf4, 0x0,
    0x0, 0xf, 0xf4, 0x0, 0x2d, 0xdf, 0xfe, 0xd5,
    0x2f, 0xff, 0xff, 0xf6,

    /* U+00BA "º" */
    0x0, 0x19, 0xef, 0xea, 0x20, 0x0, 0x2e, 0xff,
    0xef, 0xff, 0x30, 0xb, 0xfd, 0x20, 0x2d, 0xfc,
    0x0, 0xff, 0x70, 0x0, 0x7f, 0xf0, 0x1f, 0xf5,
    0x0, 0x5, 0xff, 0x10, 0xff, 0x70, 0x0, 0x7f,
    0xf0, 0xc, 0xfd, 0x20, 0x2e, 0xfb, 0x0, 0x3f,
    0xff, 0xef, 0xfe, 0x20, 0x0, 0x2a, 0xef, 0xe9,
    0x20, 0x0,

    /* U+00BB "»" */
    0x6, 0x65, 0x0, 0x36, 0x62, 0x0, 0x0, 0x5,
    0xff, 0x70, 0xc, 0xfe, 0x10, 0x0, 0x0, 0x7f,
    0xf6, 0x1, 0xdf, 0xd1, 0x0, 0x0, 0x8, 0xff,
    0x40, 0x1e, 0xfc, 0x0, 0x0, 0x0, 0x9f, 0xf3,
    0x2, 0xff, 0xb0, 0x0, 0x1, 0xdf, 0xd1, 0x6,
    0xff, 0x60, 0x0, 0xc, 0xfd, 0x10, 0x5f, 0xf7,
    0x0, 0x0, 0xcf, 0xe2, 0x4, 0xff, 0x80, 0x0,
    0xb, 0xfe, 0x20, 0x4f, 0xfa, 0x0, 0x0,

    /* U+00BC "¼" */
    0x0, 0x37, 0x80, 0x0, 0x0, 0x0, 0x0, 0x78,
    0x40, 0x0, 0x9, 0xff, 0xfd, 0x0, 0x0, 0x0,
    0x0, 0x7f, 0xf2, 0x0, 0x0, 0xbf, 0xdf, 0xd0,
    0x0, 0x0, 0x0, 0x1f, 0xf8, 0x0, 0x0, 0x2,
    0x6, 0xfd, 0x0, 0x0, 0x0, 0xa, 0xfe, 0x0,
    0x0, 0x0, 0x0, 0x6f, 0xd0, 0x0, 0x0, 0x3,
    0xff, 0x50, 0x0, 0x0, 0x0, 0x6, 0xfd, 0x0,
    0x0, 0x0, 0xcf, 0xc0, 0x0, 0x0, 0x0, 0x0,
    0x6f, 0xd0, 0x0, 0x0, 0x6f, 0xf2, 0x0, 0x0,
    0x0, 0x0, 0x6, 0xfd, 0x0, 0x0, 0x1e, 0xf9,
    0x0, 0x4, 0x88, 0x30, 0x0, 0x6f, 0xd0, 0x0,
    0x9, 0xfe, 0x10, 0x1, 0xef, 0xf6, 0x8, 0xef,
    0xff, 0xee, 0x2, 0xff, 0x60, 0x0, 0x9f, 0xff,
    0x60, 0x9f, 0xff, 0xff, 0xf0, 0xcf, 0xc0, 0x0,
    0x3f, 0xae, 0xf6, 0x0, 0x0, 0x0, 0x0, 0x5f,
    0xf3, 0x0, 0xd, 0xf2, 0xef, 0x60, 0x0, 0x0,
    0x0, 0xe, 0xfa, 0x0, 0x7, 0xf7, 0xe, 0xf6,
    0x0, 0x0, 0x0, 0x8, 0xff, 0x10, 0x1, 0xfd,
    0x0, 0xef, 0x60, 0x0, 0x0, 0x2, 0xff, 0x70,
    0x0, 0x9f, 0xdb, 0xbf, 0xfd, 0x80, 0x0, 0x0,
    0xbf, 0xd0, 0x0, 0xa, 0xff, 0xff, 0xff, 0xfb,
    0x0, 0x0, 0x4f, 0xf4, 0x0, 0x0, 0x0, 0x0,
    0xe, 0xf6, 0x0, 0x0, 0xd, 0xfa, 0x0, 0x0,
    0x0, 0x0, 0x0, 0xef, 0x60, 0x0, 0x2, 0x88,
    0x10, 0x0, 0x0, 0x0, 0x0, 0x7, 0x83, 0x0,

    /* U+00BD "½" */
    0x0, 0x0, 0x20, 0x0, 0x0, 0x0, 0x0, 0x0,
    0x0, 0x0, 0x3, 0x7b, 0xed, 0x0, 0x0, 0x0,
    0x0, 0x2f, 0xf6, 0x0, 0x0, 0xbf, 0xff, 0xd0,
    0x0, 0x0, 0x0, 0xc, 0xfc, 0x0, 0x0, 0x9,
    0x8a, 0xfd, 0x0, 0x0, 0x0, 0x5, 0xff, 0x30,
    0x0, 0x0, 0x0, 0x6f, 0xd0, 0x0, 0x0, 0x0,
    0xef, 0xa0, 0x0, 0x0, 0x0, 0x6, 0xfd, 0x0,
    0x0, 0x0, 0x8f, 0xf1, 0x0, 0x0, 0x0, 0x0,
    0x6f, 0xd0, 0x0, 0x0, 0x2f, 0xf7, 0x0, 0x0,
    0x0, 0x0, 0x6, 0xfd, 0x0, 0x0, 0xb, 0xfd,
    0x0, 0x0, 0x0, 0x0, 0x0, 0x6f, 0xd0, 0x0,
    0x4, 0xff, 0x40, 0x19, 0xef, 0xc4, 0x0, 0x6,
    0xfd, 0x0, 0x0, 0xdf, 0xb0, 0xb, 0xff, 0xff,
    0xf2, 0x9f, 0xff, 0xff, 0xf0, 0x7f, 0xf2, 0x0,
    0xb9, 0x35, 0xff, 0x88, 0xee, 0xee, 0xee, 0x1f,
    0xf8, 0x0, 0x3, 0x0, 0xd, 0xf9, 0x0, 0x0,
    0x0, 0xa, 0xfe, 0x0, 0x0, 0x0, 0x1, 0xff,
    0x60, 0x0, 0x0, 0x3, 0xff, 0x50, 0x0, 0x0,
    0x0, 0xaf, 0xd0, 0x0, 0x0, 0x0, 0xcf, 0xb0,
    0x0, 0x0, 0x0, 0x9f, 0xe2, 0x0, 0x0, 0x0,
    0x6f, 0xf2, 0x0, 0x0, 0x0, 0x9f, 0xe3, 0x0,
    0x0, 0x0, 0x1e, 0xf9, 0x0, 0x0, 0x0, 0x9f,
    0xe3, 0x0, 0x0, 0x0, 0x9, 0xfe, 0x10, 0x0,
    0x0, 0x4f, 0xff, 0xff, 0xfd, 0x0, 0x2, 0xff,
    0x60, 0x0, 0x0, 0x4, 0xff, 0xff, 0xff, 0xd0,

    /* U+00BE "¾" */
    0x7, 0xcd, 0xc7, 0x0, 0x0, 0x0, 0x0, 0x5e,
    0xe2, 0x0, 0x0, 0x1f, 0xff, 0xff, 0x80, 0x0,
    0x0, 0x0, 0xef, 0xa0, 0x0, 0x0, 0x19, 0x20,
    0x9f, 0xe0, 0x0, 0x0, 0x8, 0xff, 0x10, 0x0,
    0x0, 0x0, 0x0, 0x4f, 0xf0, 0x0, 0x0, 0x2f,
    0xf7, 0x0, 0x0, 0x0, 0x0, 0x1, 0xaf, 0xa0,
    0x0, 0x0, 0xaf, 0xd0, 0x0, 0x0, 0x0, 0x7,
    0xff, 0xfb, 0x0, 0x0, 0x4, 0xff, 0x50, 0x0,
    0x0, 0x0, 0x6, 0xee, 0xff, 0xb0, 0x0, 0xd,
    0xfb, 0x0, 0x0, 0x0, 0x0, 0x0, 0x0, 0x3f,
    0xf4, 0x0, 0x6f, 0xf2, 0x0, 0x2, 0x33, 0x0,
    0x33, 0x0, 0x2f, 0xf4, 0x0, 0xef, 0x90, 0x0,
    0x3f, 0xff, 0x0, 0x7f, 0xfe, 0xff, 0xd0, 0x8,
    0xfe, 0x10, 0x0, 0xdf, 0xff, 0x0, 0x3b, 0xef,
    0xd8, 0x10, 0x2f, 0xf7, 0x0, 0x8, 0xf9, 0xff,
    0x0, 0x0, 0x0, 0x0, 0x0, 0xbf, 0xd0, 0x0,
    0x2f, 0xb4, 0xff, 0x0, 0x0, 0x0, 0x0, 0x4,
    0xff, 0x40, 0x0, 0xcf, 0x24, 0xff, 0x0, 0x0,
    0x0, 0x0, 0xd, 0xfb, 0x0, 0x6, 0xf7, 0x4,
    0xff, 0x0, 0x0, 0x0, 0x0, 0x6f, 0xf2, 0x0,
    0xf, 0xfc, 0xbd, 0xff, 0xb3, 0x0, 0x0, 0x1,
    0xef, 0x80, 0x0, 0xf, 0xff, 0xff, 0xff, 0xf5,
    0x0, 0x0, 0x9, 0xfe, 0x0, 0x0, 0x0, 0x0,
    0x4, 0xff, 0x0, 0x0, 0x0, 0x2f, 0xf6, 0x0,
    0x0, 0x0, 0x0, 0x4, 0xff, 0x0, 0x0, 0x0,
    0x48, 0x70, 0x0, 0x0, 0x0, 0x0, 0x2, 0x87,
    0x0,

    /* U+00BF "¿" */
    0x0, 0x0, 0x3d, 0xe6, 0x0, 0x0, 0x0, 0xb,
    0xff, 0xf0, 0x0, 0x0, 0x0, 0x9f, 0xfe, 0x0,
    0x0, 0x0, 0x1, 0x89, 0x30, 0x0, 0x0, 0x0,
    0x0, 0x0, 0x0, 0x0, 0x0, 0x0, 0xab, 0x80,
    0x0, 0x0, 0x0, 0xc, 0xfe, 0x0, 0x0, 0x0,
    0x0, 0xef, 0xd0, 0x0, 0x0, 0x0, 0xaf, 0xf8,
    0x0, 0x0, 0x0, 0xaf, 0xfc, 0x0, 0x0, 0x0,
    0xbf, 0xfc, 0x10, 0x0, 0x0, 0x7f, 0xfd, 0x10,
    0x0, 0x0, 0xd, 0xff, 0x50, 0x0, 0x0, 0x0,
    0xff, 0xf4, 0x0, 0x0, 0x0, 0xf, 0xff, 0xb0,
    0x0, 0x4d, 0x20, 0xbf, 0xff, 0xfd, 0xff, 0xf2,
    0x2, 0xef, 0xff, 0xff, 0xff, 0x10, 0x1, 0x9d,
    0xff, 0xd9, 0x20,

    /* U+00C0 "À" */
    0x0, 0x0, 0x8, 0xff, 0x50, 0x0, 0x0, 0x0,
    0x0, 0x0, 0x0, 0xa, 0xff, 0x20, 0x0, 0x0,
    0x0, 0x0, 0x0, 0x0, 0xb, 0xfd, 0x0, 0x0,
    0x0, 0x0, 0x0, 0x0, 0x0, 0xc, 0xf9, 0x0,
    0x0, 0x0, 0x0, 0x0, 0x0, 0x0, 0x0, 0x0,
    0x0, 0x0, 0x0, 0x0, 0x0, 0xa, 0xff, 0xf9,
    0x0, 0x0, 0x0, 0x0, 0x0, 0x0, 0xff, 0xff,
    0xe0, 0x0, 0x0, 0x0, 0x0, 0x0, 0x5f, 0xff,
    0xff, 0x40, 0x0, 0x0, 0x0, 0x0, 0xb, 0xff,
    0xbf, 0xf9, 0x0, 0x0, 0x0, 0x0, 0x1, 0xff,
    0xf4, 0xff, 0xe0, 0x0, 0x0, 0x0, 0x0, 0x6f,
    0xfb, 0xe, 0xff, 0x40, 0x0, 0x0, 0x0, 0xc,
    0xff, 0x60, 0xaf, 0xfa, 0x0, 0x0, 0x0, 0x1,
    0xff, 0xf1, 0x5, 0xff, 0xf0, 0x0, 0x0, 0x0,
    0x7f, 0xfb, 0x0, 0xf, 0xff, 0x50, 0x0, 0x0,
    0xd, 0xff, 0x60, 0x0, 0xaf, 0xfb, 0x0, 0x0,
    0x2, 0xff, 0xf1, 0x0, 0x5, 0xff, 0xf1, 0x0,
    0x0, 0x8f, 0xff, 0xff, 0xff, 0xff, 0xff, 0x60,
    0x0, 0xe, 0xff, 0xff, 0xff, 0xff, 0xff, 0xfc,
    0x0, 0x3, 0xff, 0xfc, 0xbb, 0xbb, 0xbd, 0xff,
    0xf1, 0x0, 0x9f, 0xfe, 0x0, 0x0, 0x0, 0x1f,
    0xff, 0x70, 0xe, 0xff, 0x90, 0x0, 0x0, 0x0,
    0xcf, 0xfc, 0x5, 0xff, 0xf4, 0x0, 0x0, 0x0,
    0x7, 0xff, 0xf2, 0xaf, 0xfe, 0x0, 0x0, 0x0,
    0x0, 0x2f, 0xff, 0x70,

    /* U+00C1 "Á" */
    0x0, 0x0, 0x0, 0x0, 0x9f, 0xf4, 0x0, 0x0,
    0x0, 0x0, 0x0, 0x0, 0x5f, 0xf6, 0x0, 0x0,
    0x0, 0x0, 0x0, 0x0, 0x2f, 0xf8, 0x0, 0x0,
    0x0, 0x0, 0x0, 0x0, 0xd, 0xf9, 0x0, 0x0,
    0x0, 0x0, 0x0, 0x0, 0x0, 0x0, 0x0, 0x0,
    0x0, 0x0, 0x0, 0x0, 0x0, 0xa, 0xff, 0xf9,
    0x0, 0x0, 0x0, 0x0, 0x0, 0x0, 0xff, 0xff,
    0xe0, 0x0, 0x0, 0x0, 0x0, 0x0, 0x5f, 0xff,
    0xff, 0x40, 0x0, 0x0, 0x0, 0x0, 0xb, 0xff,
    0xbf, 0xf9, 0x0, 0x0, 0x0, 0x0, 0x1, 0xff,
    0xf4, 0xff, 0xe0, 0x0, 0x0, 0x0, 0x0, 0x6f,
    0xfb, 0xe, 0xff, 0x40, 0x0, 0x0, 0x0, 0xc,
    0xff, 0x60, 0xaf, 0xfa, 0x0, 0x0, 0x0, 0x1,
    0xff, 0xf1, 0x5, 0xff, 0xf0, 0x0, 0x0, 0x0,
    0x7f, 0xfb, 0x0, 0xf, 0xff, 0x50, 0x0, 0x0,
    0xd, 0xff, 0x60, 0x0, 0xaf, 0xfb, 0x0, 0x0,
    0x2, 0xff, 0xf1, 0x0, 0x5, 0xff, 0xf1, 0x0,
    0x0, 0x8f, 0xff, 0xff, 0xff, 0xff, 0xff, 0x60,
    0x0, 0xe, 0xff, 0xff, 0xff, 0xff, 0xff, 0xfc,
    0x0, 0x3, 0xff, 0xfc, 0xbb, 0xbb, 0xbd, 0xff,
    0xf1, 0x0, 0x9f, 0xfe, 0x0, 0x0, 0x0, 0x1f,
    0xff, 0x70, 0xe, 0xff, 0x90, 0x0, 0x0, 0x0,
    0xcf, 0xfc, 0x5, 0xff, 0xf4, 0x0, 0x0, 0x0,
    0x7, 0xff, 0xf2, 0xaf, 0xfe, 0x0, 0x0, 0x0,
    0x0, 0x2f, 0xff, 0x70,

    /* U+00C2 "Â" */
    0x0, 0x0, 0x0, 0x3f, 0xfe, 0x10, 0x0, 0x0,
    0x0, 0x0, 0x0, 0xd, 0xfd, 0xfb, 0x0, 0x0,
    0x0, 0x0, 0x0, 0x9, 0xfa, 0xd, 0xf6, 0x0,
    0x0, 0x0, 0x0, 0x4, 0xfd, 0x0, 0x2f, 0xf2,
    0x0, 0x0, 0x0, 0x0, 0x0, 0x0, 0x0, 0x0,
    0x0, 0x0, 0x0, 0x0, 0x0, 0xa, 0xff, 0xf9,
    0x0, 0x0, 0x0, 0x0, 0x0, 0x0, 0xff, 0xff,
    0xe0, 0x0, 0x0, 0x0, 0x0, 0x0, 0x5f, 0xff,
    0xff, 0x40, 0x0, 0x0, 0x0, 0x0, 0xb, 0xff,
    0xbf, 0xf9, 0x0, 0x0, 0x0, 0x0, 0x1, 0xff,
    0xf4, 0xff, 0xe0, 0x0, 0x0, 0x0, 0x0, 0x6f,
    0xfb, 0xe, 0xff, 0x40, 0x0, 0x0, 0x0, 0xc,
    0xff, 0x60, 0xaf, 0xfa, 0x0, 0x0, 0x0, 0x1,
    0xff, 0xf1, 0x5, 0xff, 0xf0, 0x0, 0x0, 0x0,
    0x7f, 0xfb, 0x0, 0xf, 0xff, 0x50, 0x0, 0x0,
    0xd, 0xff, 0x60, 0x0, 0xaf, 0xfb, 0x0, 0x0,
    0x2, 0xff, 0xf1, 0x0, 0x5, 0xff, 0xf1, 0x0,
    0x0, 0x8f, 0xff, 0xff, 0xff, 0xff, 0xff, 0x60,
    0x0, 0xe, 0xff, 0xff, 0xff, 0xff, 0xff, 0xfc,
    0x0, 0x3, 0xff, 0xfc, 0xbb, 0xbb, 0xbd, 0xff,
    0xf1, 0x0, 0x9f, 0xfe, 0x0, 0x0, 0x0, 0x1f,
    0xff, 0x70, 0xe, 0xff, 0x90, 0x0, 0x0, 0x0,
    0xcf, 0xfc, 0x5, 0xff, 0xf4, 0x0, 0x0, 0x0,
    0x7, 0xff, 0xf2, 0xaf, 0xfe, 0x0, 0x0, 0x0,
    0x0, 0x2f, 0xff, 0x70,

    /* U+00C3 "Ã" */
    0x0, 0x0, 0x0, 0x0, 0x0, 0x1, 0x0, 0x0,
    0x0, 0x0, 0x1, 0xbf, 0xe8, 0x23, 0xf7, 0x0,
    0x0, 0x0, 0x0, 0x8f, 0xff, 0xff, 0xff, 0x40,
    0x0, 0x0, 0x0, 0xc, 0xe1, 0x39, 0xee, 0x80,
    0x0, 0x0, 0x0, 0x0, 0x0, 0x0, 0x0, 0x0,
    0x0, 0x0, 0x0, 0x0, 0x0, 0xa, 0xff, 0xf9,
    0x0, 0x0, 0x0, 0x0, 0x0, 0x0, 0xff, 0xff,
    0xe0, 0x0, 0x0, 0x0, 0x0, 0x0, 0x5f, 0xff,
    0xff, 0x40, 0x0, 0x0, 0x0, 0x0, 0xb, 0xff,
    0xbf, 0xf9, 0x0, 0x0, 0x0, 0x0, 0x1, 0xff,
    0xf4, 0xff, 0xe0, 0x0, 0x0, 0x0, 0x0, 0x6f,
    0xfb, 0xe, 0xff, 0x40, 0x0, 0x0, 0x0, 0xc,
    0xff, 0x60, 0xaf, 0xfa, 0x0, 0x0, 0x0, 0x1,
    0xff, 0xf1, 0x5, 0xff, 0xf0, 0x0, 0x0, 0x0,
    0x7f, 0xfb, 0x0, 0xf, 0xff, 0x50, 0x0, 0x0,
    0xd, 0xff, 0x60, 0x0, 0xaf, 0xfb, 0x0, 0x0,
    0x2, 0xff, 0xf1, 0x0, 0x5, 0xff, 0xf1, 0x0,
    0x0, 0x8f, 0xff, 0xff, 0xff, 0xff, 0xff, 0x60,
    0x0, 0xe, 0xff, 0xff, 0xff, 0xff, 0xff, 0xfc,
    0x0, 0x3, 0xff, 0xfc, 0xbb, 0xbb, 0xbd, 0xff,
    0xf1, 0x0, 0x9f, 0xfe, 0x0, 0x0, 0x0, 0x1f,
    0xff, 0x70, 0xe, 0xff, 0x90, 0x0, 0x0, 0x0,
    0xcf, 0xfc, 0x5, 0xff, 0xf4, 0x0, 0x0, 0x0,
    0x7, 0xff, 0xf2, 0xaf, 0xfe, 0x0, 0x0, 0x0,
    0x0, 0x2f, 0xff, 0x70,

    /* U+00C4 "Ä" */
    0x0, 0x0, 0x1, 0x0, 0x0, 0x0, 0x0, 0x0,
    0x0, 0x0, 0x8, 0xfe, 0x10, 0x4f, 0xf4, 0x0,
    0x0, 0x0, 0x0, 0xdf, 0xf5, 0x9, 0xff, 0x90,
    0x0, 0x0, 0x0, 0x6, 0xfc, 0x10, 0x3e, 0xe3,
    0x0, 0x0, 0x0, 0x0, 0x0, 0x0, 0x0, 0x0,
    0x0, 0x0, 0x0, 0x0, 0x0, 0xa, 0xff, 0xf9,
    0x0, 0x0, 0x0, 0x0, 0x0, 0x0, 0xff, 0xff,
    0xe0, 0x0, 0x0, 0x0, 0x0, 0x0, 0x5f, 0xff,
    0xff, 0x40, 0x0, 0x0, 0x0, 0x0, 0xb, 0xff,
    0xbf, 0xf9, 0x0, 0x0, 0x0, 0x0, 0x1, 0xff,
    0xf4, 0xff, 0xe0, 0x0, 0x0, 0x0, 0x0, 0x6f,
    0xfb, 0xe, 0xff, 0x40, 0x0, 0x0, 0x0, 0xc,
    0xff, 0x60, 0xaf, 0xfa, 0x0, 0x0, 0x0, 0x1,
    0xff, 0xf1, 0x5, 0xff, 0xf0, 0x0, 0x0, 0x0,
    0x7f, 0xfb, 0x0, 0xf, 0xff, 0x50, 0x0, 0x0,
    0xd, 0xff, 0x60, 0x0, 0xaf, 0xfb, 0x0, 0x0,
    0x2, 0xff, 0xf1, 0x0, 0x5, 0xff, 0xf1, 0x0,
    0x0, 0x8f, 0xff, 0xff, 0xff, 0xff, 0xff, 0x60,
    0x0, 0xe, 0xff, 0xff, 0xff, 0xff, 0xff, 0xfc,
    0x0, 0x3, 0xff, 0xfc, 0xbb, 0xbb, 0xbd, 0xff,
    0xf1, 0x0, 0x9f, 0xfe, 0x0, 0x0, 0x0, 0x1f,
    0xff, 0x70, 0xe, 0xff, 0x90, 0x0, 0x0, 0x0,
    0xcf, 0xfc, 0x5, 0xff, 0xf4, 0x0, 0x0, 0x0,
    0x7, 0xff, 0xf2, 0xaf, 0xfe, 0x0, 0x0, 0x0,
    0x0, 0x2f, 0xff, 0x70,

    /* U+00C5 "Å" */
    0x0, 0x0, 0x0, 0x0, 0x10, 0x0, 0x0, 0x0,
    0x0, 0x0, 0x0, 0x5, 0xef, 0xe5, 0x0, 0x0,
    0x0, 0x0, 0x0, 0x2, 0xfb, 0x5d, 0xf1, 0x0,
    0x0, 0x0, 0x0, 0x0, 0x6f, 0x20, 0x5f, 0x40,
    0x0, 0x0, 0x0, 0x0, 0x3, 0xf7, 0xa, 0xf2,
    0x0, 0x0, 0x0, 0x0, 0x0, 0xc, 0xff, 0xfa,
    0x0, 0x0, 0x0, 0x0, 0x0, 0x0, 0xff, 0xff,
    0xe0, 0x0, 0x0, 0x0, 0x0, 0x0, 0x5f, 0xff,
    0xff, 0x40, 0x0, 0x0, 0x0, 0x0, 0xb, 0xff,
    0xdf, 0xf9, 0x0, 0x0, 0x0, 0x0, 0x1, 0xff,
    0xf6, 0xff, 0xf0, 0x0, 0x0, 0x0, 0x0, 0x6f,
    0xfc, 0xf, 0xff, 0x50, 0x0, 0x0, 0x0, 0xc,
    0xff, 0x60, 0xbf, 0xfa, 0x0, 0x0, 0x0, 0x2,
    0xff, 0xf1, 0x5, 0xff, 0xf0, 0x0, 0x0, 0x0,
    0x7f, 0xfc, 0x0, 0x1f, 0xff, 0x50, 0x0, 0x0,
    0xd, 0xff, 0x70, 0x0, 0xbf, 0xfb, 0x0, 0x0,
    0x3, 0xff, 0xf2, 0x0, 0x6, 0xff, 0xf1, 0x0,
    0x0, 0x8f, 0xff, 0xff, 0xff, 0xff, 0xff, 0x60,
    0x0, 0xe, 0xff, 0xff, 0xff, 0xff, 0xff, 0xfc,
    0x0, 0x4, 0xff, 0xfe, 0xee, 0xee, 0xee, 0xff,
    0xf1, 0x0, 0x9f, 0xfe, 0x0, 0x0, 0x0, 0x2f,
    0xff, 0x70, 0xe, 0xff, 0x90, 0x0, 0x0, 0x0,
    0xdf, 0xfc, 0x5, 0xff, 0xf4, 0x0, 0x0, 0x0,
    0x7, 0xff, 0xf2, 0xaf, 0xff, 0x0, 0x0, 0x0,
    0x0, 0x2f, 0xff, 0x70,

    /* U+00C6 "Æ" */
    0x0, 0x0, 0x0, 0x0, 0x9f, 0xff, 0xff, 0xff,
    0xff, 0xff, 0xf3, 0x0, 0x0, 0x0, 0x1, 0xff,
    0xff, 0xff, 0xff, 0xff, 0xff, 0xf3, 0x0, 0x0,
    0x0, 0x8, 0xff, 0xfe, 0xff, 0xfd, 0xdd, 0xdd,
    0xd3, 0x0, 0x0, 0x0, 0x1f, 0xff, 0x56, 0xff,
    0xf0, 0x0, 0x0, 0x0, 0x0, 0x0, 0x0, 0x8f,
    0xfe, 0x6, 0xff, 0xf0, 0x0, 0x0, 0x0, 0x0,
    0x0, 0x0, 0xef, 0xf7, 0x6, 0xff, 0xf0, 0x0,
    0x0, 0x0, 0x0, 0x0, 0x7, 0xff, 0xf0, 0x6,
    0xff, 0xf0, 0x0, 0x0, 0x0, 0x0, 0x0, 0xe,
    0xff, 0x90, 0x6, 0xff, 0xf0, 0x0, 0x0, 0x0,
    0x0, 0x0, 0x6f, 0xff, 0x20, 0x6, 0xff, 0xff,
    0xff, 0xff, 0xc0, 0x0, 0x0, 0xef, 0xfa, 0x0,
    0x6, 0xff, 0xff, 0xff, 0xff, 0xc0, 0x0, 0x6,
    0xff, 0xf3, 0x0, 0x6, 0xff, 0xfd, 0xdd, 0xdd,
    0xa0, 0x0, 0xd, 0xff, 0xff, 0xff, 0xff, 0xff,
    0xf0, 0x0, 0x0, 0x0, 0x0, 0x5f, 0xff, 0xff,
    0xff, 0xff, 0xff, 0xf0, 0x0, 0x0, 0x0, 0x0,
    0xcf, 0xff, 0xbb, 0xbb, 0xbd, 0xff, 0xf0, 0x0,
    0x0, 0x0, 0x4, 0xff, 0xf7, 0x0, 0x0, 0x6,
    0xff, 0xf0, 0x0, 0x0, 0x0, 0xc, 0xff, 0xf1,
    0x0, 0x0, 0x6, 0xff, 0xfd, 0xdd, 0xdd, 0xd8,
    0x4f, 0xff, 0x90, 0x0, 0x0, 0x6, 0xff, 0xff,
    0xff, 0xff, 0xf9, 0xbf, 0xff, 0x20, 0x0, 0x0,
    0x6, 0xff, 0xff, 0xff, 0xff, 0xf9,

    /* U+00C7 "Ç" */
    0x0, 0x0, 0x0, 0x5a, 0xdf, 0xfe, 0xc8, 0x10,
    0x0, 0x3, 0xdf, 0xff, 0xff, 0xff, 0xf3, 0x0,
    0x5, 0xff, 0xff, 0xff, 0xff, 0xff, 0x30, 0x3,
    0xff, 0xff, 0xa4, 0x10, 0x14, 0xa3, 0x0, 0xdf,
    0xff, 0x50, 0x0, 0x0, 0x0, 0x0, 0x5f, 0xff,
    0x70, 0x0, 0x0, 0x0, 0x0, 0xa, 0xff, 0xe0,
    0x0, 0x0, 0x0, 0x0, 0x0, 0xdf, 0xfa, 0x0,
    0x0, 0x0, 0x0, 0x0, 0xf, 0xff, 0x80, 0x0,
    0x0, 0x0, 0x0, 0x0, 0xff, 0xf8, 0x0, 0x0,
    0x0, 0x0, 0x0, 0xf, 0xff, 0x90, 0x0, 0x0,
    0x0, 0x0, 0x0, 0xdf, 0xfd, 0x0, 0x0, 0x0,
    0x0, 0x0, 0x9, 0xff, 0xf5, 0x0, 0x0, 0x0,
    0x0, 0x0, 0x3f, 0xff, 0xe2, 0x0, 0x0, 0x0,
    0x0, 0x0, 0xaf, 0xff, 0xf8, 0x20, 0x1, 0x5b,
    0x30, 0x1, 0xdf, 0xff, 0xff, 0xff, 0xff, 0xf3,
    0x0, 0x1, 0xbf, 0xff, 0xff, 0xff, 0xff, 0x30,
    0x0, 0x0, 0x39, 0xdf, 0xfe, 0xda, 0x50, 0x0,
    0x0, 0x0, 0x1, 0xfc, 0x0, 0x0, 0x0, 0x0,
    0x0, 0x0, 0x1f, 0xfd, 0x40, 0x0, 0x0, 0x0,
    0x0, 0x0, 0x5b, 0xfe, 0x0, 0x0, 0x0, 0x0,
    0x0, 0x0, 0x4f, 0xf0, 0x0, 0x0, 0x0, 0x0,
    0x5, 0x8d, 0xfb, 0x0, 0x0, 0x0, 0x0, 0x0,
    0x9f, 0xe9, 0x10, 0x0,

    /* U+00C8 "È" */
    0x4, 0xff, 0xa0, 0x0, 0x0, 0x0, 0x5, 0xff,
    0x60, 0x0, 0x0, 0x0, 0x6, 0xff, 0x30, 0x0,
    0x0, 0x0, 0x8, 0xfd, 0x10, 0x0, 0x0, 0x0,
    0x0, 0x0, 0x0, 0xf, 0xff, 0xff, 0xff, 0xff,
    0xa0, 0xff, 0xff, 0xff, 0xff, 0xfa, 0xf, 0xff,
    0xed, 0xdd, 0xdd, 0x90, 0xff, 0xf6, 0x0, 0x0,
    0x0, 0xf, 0xff, 0x60, 0x0, 0x0, 0x0, 0xff,
    0xf6, 0x0, 0x0, 0x0, 0xf, 0xff, 0x60, 0x0,
    0x0, 0x0, 0xff, 0xf6, 0x0, 0x0, 0x0, 0xf,
    0xff, 0xff, 0xff, 0xff, 0x30, 0xff, 0xff, 0xff,
    0xff, 0xf3, 0xf, 0xff, 0xed, 0xdd, 0xdd, 0x20,
    0xff, 0xf6, 0x0, 0x0, 0x0, 0xf, 0xff, 0x60,
    0x0, 0x0, 0x0, 0xff, 0xf6, 0x0, 0x0, 0x0,
    0xf, 0xff, 0x60, 0x0, 0x0, 0x0, 0xff, 0xfe,
    0xdd, 0xdd, 0xdd, 0xf, 0xff, 0xff, 0xff, 0xff,
    0xf0, 0xff, 0xff, 0xff, 0xff, 0xff, 0x0,

    /* U+00C9 "É" */
    0x0, 0x0, 0x2f, 0xfc, 0x0, 0x0, 0x0, 0xc,
    0xfd, 0x10, 0x0, 0x0, 0x9, 0xfe, 0x20, 0x0,
    0x0, 0x5, 0xff, 0x30, 0x0, 0x0, 0x0, 0x0,
    0x0, 0x0, 0x0, 0xf, 0xff, 0xff, 0xff, 0xff,
    0xa0, 0xff, 0xff, 0xff, 0xff, 0xfa, 0xf, 0xff,
    0xed, 0xdd, 0xdd, 0x90, 0xff, 0xf6, 0x0, 0x0,
    0x0, 0xf, 0xff, 0x60, 0x0, 0x0, 0x0, 0xff,
    0xf6, 0x0, 0x0, 0x0, 0xf, 0xff, 0x60, 0x0,
    0x0, 0x0, 0xff, 0xf6, 0x0, 0x0, 0x0, 0xf,
    0xff, 0xff, 0xff, 0xff, 0x30, 0xff, 0xff, 0xff,
    0xff, 0xf3, 0xf, 0xff, 0xed, 0xdd, 0xdd, 0x20,
    0xff, 0xf6, 0x0, 0x0, 0x0, 0xf, 0xff, 0x60,
    0x0, 0x0, 0x0, 0xff, 0xf6, 0x0, 0x0, 0x0,
    0xf, 0xff, 0x60, 0x0, 0x0, 0x0, 0xff, 0xfe,
    0xdd, 0xdd, 0xdd, 0xf, 0xff, 0xff, 0xff, 0xff,
    0xf0, 0xff, 0xff, 0xff, 0xff, 0xff, 0x0,

    /* U+00CA "Ê" */
    0x0, 0xd, 0xff, 0x50, 0x0, 0x0, 0x9, 0xfd,
    0xfe, 0x10, 0x0, 0x4, 0xfe, 0x19, 0xfb, 0x0,
    0x1, 0xef, 0x30, 0xc, 0xf6, 0x0, 0x0, 0x0,
    0x0, 0x0, 0x0, 0xf, 0xff, 0xff, 0xff, 0xff,
    0xa0, 0xff, 0xff, 0xff, 0xff, 0xfa, 0xf, 0xff,
    0xed, 0xdd, 0xdd, 0x90, 0xff, 0xf6, 0x0, 0x0,
    0x0, 0xf, 0xff, 0x60, 0x0, 0x0, 0x0, 0xff,
    0xf6, 0x0, 0x0, 0x0, 0xf, 0xff, 0x60, 0x0,
    0x0, 0x0, 0xff, 0xf6, 0x0, 0x0, 0x0, 0xf,
    0xff, 0xff, 0xff, 0xff, 0x30, 0xff, 0xff, 0xff,
    0xff, 0xf3, 0xf, 0xff, 0xed, 0xdd, 0xdd, 0x20,
    0xff, 0xf6, 0x0, 0x0, 0x0, 0xf, 0xff, 0x60,
    0x0, 0x0, 0x0, 0xff, 0xf6, 0x0, 0x0, 0x0,
    0xf, 0xff, 0x60, 0x0, 0x0, 0x0, 0xff, 0xfe,
    0xdd, 0xdd, 0xdd, 0xf, 0xff, 0xff, 0xff, 0xff,
    0xf0, 0xff, 0xff, 0xff, 0xff, 0xff, 0x0,

    /* U+00CB "Ë" */
    0x0, 0x10, 0x0, 0x1, 0x0, 0x1, 0xdf, 0x90,
    0xa, 0xfc, 0x0, 0x4f, 0xfe, 0x0, 0xff, 0xf2,
    0x0, 0xbf, 0x70, 0x8, 0xfb, 0x0, 0x0, 0x0,
    0x0, 0x0, 0x0, 0xf, 0xff, 0xff, 0xff, 0xff,
    0xa0, 0xff, 0xff, 0xff, 0xff, 0xfa, 0xf, 0xff,
    0xed, 0xdd, 0xdd, 0x90, 0xff, 0xf6, 0x0, 0x0,
    0x0, 0xf, 0xff, 0x60, 0x0, 0x0, 0x0, 0xff,
    0xf6, 0x0, 0x0, 0x0, 0xf, 0xff, 0x60, 0x0,
    0x0, 0x0, 0xff, 0xf6, 0x0, 0x0, 0x0, 0xf,
    0xff, 0xff, 0xff, 0xff, 0x30, 0xff, 0xff, 0xff,
    0xff, 0xf3, 0xf, 0xff, 0xed, 0xdd, 0xdd, 0x20,
    0xff, 0xf6, 0x0, 0x0, 0x0, 0xf, 0xff, 0x60,
    0x0, 0x0, 0x0, 0xff, 0xf6, 0x0, 0x0, 0x0,
    0xf, 0xff, 0x60, 0x0, 0x0, 0x0, 0xff, 0xfe,
    0xdd, 0xdd, 0xdd, 0xf, 0xff, 0xff, 0xff, 0xff,
    0xf0, 0xff, 0xff, 0xff, 0xff, 0xff, 0x0,

    /* U+00CC "Ì" */
    0x8f, 0xf6, 0x0, 0x0, 0x9f, 0xf2, 0x0, 0x0,
    0xbf, 0xd0, 0x0, 0x0, 0xcf, 0xa0, 0x0, 0x0,
    0x0, 0x0, 0xf, 0xff, 0x60, 0x0, 0xff, 0xf6,
    0x0, 0xf, 0xff, 0x60, 0x0, 0xff, 0xf6, 0x0,
    0xf, 0xff, 0x60, 0x0, 0xff, 0xf6, 0x0, 0xf,
    0xff, 0x60, 0x0, 0xff, 0xf6, 0x0, 0xf, 0xff,
    0x60, 0x0, 0xff, 0xf6, 0x0, 0xf, 0xff, 0x60,
    0x0, 0xff, 0xf6, 0x0, 0xf, 0xff, 0x60, 0x0,
    0xff, 0xf6, 0x0, 0xf, 0xff, 0x60, 0x0, 0xff,
    0xf6, 0x0, 0xf, 0xff, 0x60, 0x0, 0xff, 0xf6,
    0x0,

    /* U+00CD "Í" */
    0x0, 0xd, 0xfe, 0x10, 0xa, 0xfe, 0x20, 0x6,
    0xff, 0x30, 0x3, 0xff, 0x40, 0x0, 0x0, 0x0,
    0x0, 0x0, 0xff, 0xf6, 0x0, 0xf, 0xff, 0x60,
    0x0, 0xff, 0xf6, 0x0, 0xf, 0xff, 0x60, 0x0,
    0xff, 0xf6, 0x0, 0xf, 0xff, 0x60, 0x0, 0xff,
    0xf6, 0x0, 0xf, 0xff, 0x60, 0x0, 0xff, 0xf6,
    0x0, 0xf, 0xff, 0x60, 0x0, 0xff, 0xf6, 0x0,
    0xf, 0xff, 0x60, 0x0, 0xff, 0xf6, 0x0, 0xf,
    0xff, 0x60, 0x0, 0xff, 0xf6, 0x0, 0xf, 0xff,
    0x60, 0x0, 0xff, 0xf6, 0x0, 0xf, 0xff, 0x60,
    0x0,

    /* U+00CE "Î" */
    0x0, 0xd, 0xff, 0x50, 0x0, 0x9, 0xfd, 0xfe,
    0x10, 0x4, 0xfe, 0x19, 0xfb, 0x1, 0xef, 0x40,
    0xc, 0xf6, 0x0, 0x0, 0x0, 0x0, 0x0, 0x0,
    0xff, 0xf6, 0x0, 0x0, 0xf, 0xff, 0x60, 0x0,
    0x0, 0xff, 0xf6, 0x0, 0x0, 0xf, 0xff, 0x60,
    0x0, 0x0, 0xff, 0xf6, 0x0, 0x0, 0xf, 0xff,
    0x60, 0x0, 0x0, 0xff, 0xf6, 0x0, 0x0, 0xf,
    0xff, 0x60, 0x0, 0x0, 0xff, 0xf6, 0x0, 0x0,
    0xf, 0xff, 0x60, 0x0, 0x0, 0xff, 0xf6, 0x0,
    0x0, 0xf, 0xff, 0x60, 0x0, 0x0, 0xff, 0xf6,
    0x0, 0x0, 0xf, 0xff, 0x60, 0x0, 0x0, 0xff,
    0xf6, 0x0, 0x0, 0xf, 0xff, 0x60, 0x0, 0x0,
    0xff, 0xf6, 0x0, 0x0, 0xf, 0xff, 0x60, 0x0,

    /* U+00CF "Ï" */
    0x0, 0x0, 0x0, 0x1, 0x0, 0x3f, 0xf6, 0x0,
    0xdf, 0x90, 0x8f, 0xfb, 0x3, 0xff, 0xf0, 0x2d,
    0xe5, 0x0, 0xbf, 0x80, 0x0, 0x0, 0x0, 0x0,
    0x0, 0x0, 0xf, 0xff, 0x60, 0x0, 0x0, 0xf,
    0xff, 0x60, 0x0, 0x0, 0xf, 0xff, 0x60, 0x0,
    0x0, 0xf, 0xff, 0x60, 0x0, 0x0, 0xf, 0xff,
    0x60, 0x0, 0x0, 0xf, 0xff, 0x60, 0x0, 0x0,
    0xf, 0xff, 0x60, 0x0, 0x0, 0xf, 0xff, 0x60,
    0x0, 0x0, 0xf, 0xff, 0x60, 0x0, 0x0, 0xf,
    0xff, 0x60, 0x0, 0x0, 0xf, 0xff, 0x60, 0x0,
    0x0, 0xf, 0xff, 0x60, 0x0, 0x0, 0xf, 0xff,
    0x60, 0x0, 0x0, 0xf, 0xff, 0x60, 0x0, 0x0,
    0xf, 0xff, 0x60, 0x0, 0x0, 0xf, 0xff, 0x60,
    0x0, 0x0, 0xf, 0xff, 0x60, 0x0, 0x0, 0xf,
    0xff, 0x60, 0x0,

    /* U+00D0 "Ð" */
    0x0, 0xff, 0xff, 0xff, 0xfe, 0xb8, 0x20, 0x0,
    0x0, 0xf, 0xff, 0xff, 0xff, 0xff, 0xff, 0xa0,
    0x0, 0x0, 0xff, 0xfe, 0xdd, 0xef, 0xff, 0xff,
    0xd0, 0x0, 0xf, 0xff, 0x60, 0x0, 0x17, 0xff,
    0xff, 0xa0, 0x0, 0xff, 0xf6, 0x0, 0x0, 0x2,
    0xef, 0xff, 0x20, 0xf, 0xff, 0x60, 0x0, 0x0,
    0x5, 0xff, 0xf7, 0x0, 0xff, 0xf6, 0x0, 0x0,
    0x0, 0xe, 0xff, 0xb0, 0xf, 0xff, 0x60, 0x0,
    0x0, 0x0, 0xaf, 0xfd, 0xef, 0xff, 0xff, 0xff,
    0xe0, 0x0, 0x9, 0xff, 0xee, 0xff, 0xff, 0xff,
    0xfe, 0x0, 0x0, 0x9f, 0xfe, 0xce, 0xff, 0xfe,
    0xee, 0xc0, 0x0, 0xb, 0xff, 0xc0, 0xf, 0xff,
    0x60, 0x0, 0x0, 0x0, 0xff, 0xf9, 0x0, 0xff,
    0xf6, 0x0, 0x0, 0x0, 0x7f, 0xff, 0x40, 0xf,
    0xff, 0x60, 0x0, 0x0, 0x4f, 0xff, 0xd0, 0x0,
    0xff, 0xf6, 0x0, 0x2, 0x8f, 0xff, 0xf3, 0x0,
    0xf, 0xff, 0xed, 0xde, 0xff, 0xff, 0xf5, 0x0,
    0x0, 0xff, 0xff, 0xff, 0xff, 0xff, 0xd3, 0x0,
    0x0, 0xf, 0xff, 0xff, 0xff, 0xda, 0x50, 0x0,
    0x0,

    /* U+00D1 "Ñ" */
    0x0, 0x0, 0x0, 0x0, 0x0, 0x0, 0x0, 0x0,
    0x0, 0x0, 0x8f, 0xfa, 0x31, 0xdc, 0x0, 0x0,
    0x0, 0x4, 0xff, 0xff, 0xff, 0xf8, 0x0, 0x0,
    0x0, 0x7, 0xf3, 0x28, 0xdf, 0xa0, 0x0, 0x0,
    0x0, 0x0, 0x0, 0x0, 0x0, 0x0, 0x0, 0x0,
    0xff, 0xff, 0x20, 0x0, 0x0, 0x1, 0xff, 0xf1,
    0xff, 0xff, 0xb0, 0x0, 0x0, 0x1, 0xff, 0xf1,
    0xff, 0xff, 0xf5, 0x0, 0x0, 0x1, 0xff, 0xf1,
    0xff, 0xff, 0xfe, 0x10, 0x0, 0x1, 0xff, 0xf1,
    0xff, 0xfe, 0xff, 0x90, 0x0, 0x1, 0xff, 0xf1,
    0xff, 0xf6, 0xff, 0xf3, 0x0, 0x1, 0xff, 0xf1,
    0xff, 0xf3, 0x9f, 0xfd, 0x0, 0x1, 0xff, 0xf1,
    0xff, 0xf3, 0x1e, 0xff, 0x70, 0x1, 0xff, 0xf1,
    0xff, 0xf3, 0x5, 0xff, 0xf2, 0x1, 0xff, 0xf1,
    0xff, 0xf3, 0x0, 0xbf, 0xfb, 0x1, 0xff, 0xf1,
    0xff, 0xf3, 0x0, 0x2f, 0xff, 0x51, 0xff, 0xf1,
    0xff, 0xf3, 0x0, 0x7, 0xff, 0xe2, 0xff, 0xf1,
    0xff, 0xf3, 0x0, 0x0, 0xdf, 0xfa, 0xff, 0xf1,
    0xff, 0xf3, 0x0, 0x0, 0x3f, 0xff, 0xff, 0xf1,
    0xff, 0xf3, 0x0, 0x0, 0x9, 0xff, 0xff, 0xf1,
    0xff, 0xf3, 0x0, 0x0, 0x1, 0xef, 0xff, 0xf1,
    0xff, 0xf3, 0x0, 0x0, 0x0, 0x5f, 0xff, 0xf1,
    0xff, 0xf3, 0x0, 0x0, 0x0, 0xb, 0xff, 0xf1,

    /* U+00D2 "Ò" */
    0x0, 0x0, 0x0, 0x78, 0x60, 0x0, 0x0, 0x0,
    0x0, 0x0, 0x0, 0x0, 0x6f, 0xf6, 0x0, 0x0,
    0x0, 0x0, 0x0, 0x0, 0x0, 0x8, 0xff, 0x30,
    0x0, 0x0, 0x0, 0x0, 0x0, 0x0, 0x0, 0x9f,
    0xd1, 0x0, 0x0, 0x0, 0x0, 0x0, 0x0, 0x0,
    0x7, 0x83, 0x0, 0x0, 0x0, 0x0, 0x0, 0x0,
    0x0, 0x0, 0x0, 0x0, 0x0, 0x0, 0x0, 0x0,
    0x1, 0x7c, 0xef, 0xec, 0x71, 0x0, 0x0, 0x0,
    0x0, 0x7f, 0xff, 0xff, 0xff, 0xfe, 0x50, 0x0,
    0x0, 0x9, 0xff, 0xff, 0xff, 0xff, 0xff, 0xf6,
    0x0, 0x0, 0x6f, 0xff, 0xe6, 0x10, 0x27, 0xff,
    0xff, 0x30, 0x0, 0xef, 0xfe, 0x10, 0x0, 0x0,
    0x3f, 0xff, 0xb0, 0x6, 0xff, 0xf4, 0x0, 0x0,
    0x0, 0x9, 0xff, 0xf2, 0xb, 0xff, 0xd0, 0x0,
    0x0, 0x0, 0x2, 0xff, 0xf6, 0xe, 0xff, 0xa0,
    0x0, 0x0, 0x0, 0x0, 0xff, 0xf9, 0xf, 0xff,
    0x80, 0x0, 0x0, 0x0, 0x0, 0xdf, 0xfa, 0xf,
    0xff, 0x80, 0x0, 0x0, 0x0, 0x0, 0xdf, 0xfa,
    0xe, 0xff, 0x90, 0x0, 0x0, 0x0, 0x0, 0xff,
    0xf8, 0xc, 0xff, 0xd0, 0x0, 0x0, 0x0, 0x2,
    0xff, 0xf5, 0x8, 0xff, 0xf4, 0x0, 0x0, 0x0,
    0x9, 0xff, 0xf1, 0x1, 0xff, 0xfd, 0x10, 0x0,
    0x0, 0x4f, 0xff, 0xa0, 0x0, 0x8f, 0xff, 0xe5,
    0x10, 0x28, 0xff, 0xff, 0x20, 0x0, 0xb, 0xff,
    0xff, 0xff, 0xff, 0xff, 0xf5, 0x0, 0x0, 0x0,
    0x9f, 0xff, 0xff, 0xff, 0xfe, 0x40, 0x0, 0x0,
    0x0, 0x2, 0x8d, 0xff, 0xeb, 0x60, 0x0, 0x0,

    /* U+00D3 "Ó" */
    0x0, 0x0, 0x0, 0x0, 0x2, 0x88, 0x40, 0x0,
    0x0, 0x0, 0x0, 0x0, 0x0, 0xd, 0xfd, 0x10,
    0x0, 0x0, 0x0, 0x0, 0x0, 0x0, 0xaf, 0xe2,
    0x0, 0x0, 0x0, 0x0, 0x0, 0x0, 0x6, 0xff,
    0x20, 0x0, 0x0, 0x0, 0x0, 0x0, 0x0, 0x7,
    0x83, 0x0, 0x0, 0x0, 0x0, 0x0, 0x0, 0x0,
    0x0, 0x0, 0x0, 0x0, 0x0, 0x0, 0x0, 0x0,
    0x1, 0x7c, 0xef, 0xec, 0x71, 0x0, 0x0, 0x0,
    0x0, 0x7f, 0xff, 0xff, 0xff, 0xfe, 0x50, 0x0,
    0x0, 0x9, 0xff, 0xff, 0xff, 0xff, 0xff, 0xf6,
    0x0, 0x0, 0x6f, 0xff, 0xe6, 0x10, 0x27, 0xff,
    0xff, 0x30, 0x0, 0xef, 0xfe, 0x10, 0x0, 0x0,
    0x3f, 0xff, 0xb0, 0x6, 0xff, 0xf4, 0x0, 0x0,
    0x0, 0x9, 0xff, 0xf2, 0xb, 0xff, 0xd0, 0x0,
    0x0, 0x0, 0x2, 0xff, 0xf6, 0xe, 0xff, 0xa0,
    0x0, 0x0, 0x0, 0x0, 0xff, 0xf9, 0xf, 0xff,
    0x80, 0x0, 0x0, 0x0, 0x0, 0xdf, 0xfa, 0xf,
    0xff, 0x80, 0x0, 0x0, 0x0, 0x0, 0xdf, 0xfa,
    0xe, 0xff, 0x90, 0x0, 0x0, 0x0, 0x0, 0xff,
    0xf8, 0xc, 0xff, 0xd0, 0x0, 0x0, 0x0, 0x2,
    0xff, 0xf5, 0x8, 0xff, 0xf4, 0x0, 0x0, 0x0,
    0x9, 0xff, 0xf1, 0x1, 0xff, 0xfd, 0x10, 0x0,
    0x0, 0x4f, 0xff, 0xa0, 0x0, 0x8f, 0xff, 0xe5,
    0x10, 0x28, 0xff, 0xff, 0x20, 0x0, 0xb, 0xff,
    0xff, 0xff, 0xff, 0xff, 0xf5, 0x0, 0x0, 0x0,
    0x9f, 0xff, 0xff, 0xff, 0xfe, 0x40, 0x0, 0x0,
    0x0, 0x2, 0x8d, 0xff, 0xeb, 0x60, 0x0, 0x0,

    /* U+00D4 "Ô" */
    0x0, 0x0, 0x0, 0x1, 0x78, 0x60, 0x0, 0x0,
    0x0, 0x0, 0x0, 0x0, 0xa, 0xff, 0xf4, 0x0,
    0x0, 0x0, 0x0, 0x0, 0x0, 0x5f, 0xe6, 0xfe,
    0x10, 0x0, 0x0, 0x0, 0x0, 0x1, 0xef, 0x30,
    0x9f, 0xa0, 0x0, 0x0, 0x0, 0x0, 0x4, 0x85,
    0x0, 0x7, 0x81, 0x0, 0x0, 0x0, 0x0, 0x0,
    0x0, 0x0, 0x0, 0x0, 0x0, 0x0, 0x0, 0x0,
    0x1, 0x7c, 0xef, 0xec, 0x71, 0x0, 0x0, 0x0,
    0x0, 0x7f, 0xff, 0xff, 0xff, 0xfe, 0x50, 0x0,
    0x0, 0x9, 0xff, 0xff, 0xff, 0xff, 0xff, 0xf6,
    0x0, 0x0, 0x6f, 0xff, 0xe6, 0x10, 0x27, 0xff,
    0xff, 0x30, 0x0, 0xef, 0xfe, 0x10, 0x0, 0x0,
    0x3f, 0xff, 0xb0, 0x6, 0xff, 0xf4, 0x0, 0x0,
    0x0, 0x9, 0xff, 0xf2, 0xb, 0xff, 0xd0, 0x0,
    0x0, 0x0, 0x2, 0xff, 0xf6, 0xe, 0xff, 0xa0,
    0x0, 0x0, 0x0, 0x0, 0xff, 0xf9, 0xf, 0xff,
    0x80, 0x0, 0x0, 0x0, 0x0, 0xdf, 0xfa, 0xf,
    0xff, 0x80, 0x0, 0x0, 0x0, 0x0, 0xdf, 0xfa,
    0xe, 0xff, 0x90, 0x0, 0x0, 0x0, 0x0, 0xff,
    0xf8, 0xc, 0xff, 0xd0, 0x0, 0x0, 0x0, 0x2,
    0xff, 0xf5, 0x8, 0xff, 0xf4, 0x0, 0x0, 0x0,
    0x9, 0xff, 0xf1, 0x1, 0xff, 0xfd, 0x10, 0x0,
    0x0, 0x4f, 0xff, 0xa0, 0x0, 0x8f, 0xff, 0xe5,
    0x10, 0x28, 0xff, 0xff, 0x20, 0x0, 0xb, 0xff,
    0xff, 0xff, 0xff, 0xff, 0xf5, 0x0, 0x0, 0x0,
    0x9f, 0xff, 0xff, 0xff, 0xfe, 0x40, 0x0, 0x0,
    0x0, 0x2, 0x8d, 0xff, 0xeb, 0x60, 0x0, 0x0,

    /* U+00D5 "Õ" */
    0x0, 0x0, 0x1, 0xbf, 0xd7, 0x14, 0xf7, 0x0,
    0x0, 0x0, 0x0, 0x9, 0xff, 0xff, 0xff, 0xf3,
    0x0, 0x0, 0x0, 0x0, 0xc, 0xd2, 0x4a, 0xff,
    0x80, 0x0, 0x0, 0x0, 0x0, 0x0, 0x0, 0x0,
    0x0, 0x0, 0x0, 0x0, 0x0, 0x0, 0x0, 0x0,
    0x0, 0x0, 0x0, 0x0, 0x0, 0x0, 0x0, 0x1,
    0x7c, 0xef, 0xec, 0x71, 0x0, 0x0, 0x0, 0x0,
    0x7f, 0xff, 0xff, 0xff, 0xfe, 0x50, 0x0, 0x0,
    0x9, 0xff, 0xff, 0xff, 0xff, 0xff, 0xf6, 0x0,
    0x0, 0x6f, 0xff, 0xe6, 0x10, 0x27, 0xff, 0xff,
    0x30, 0x0, 0xef, 0xfe, 0x10, 0x0, 0x0, 0x3f,
    0xff, 0xb0, 0x6, 0xff, 0xf4, 0x0, 0x0, 0x0,
    0x9, 0xff, 0xf2, 0xb, 0xff, 0xd0, 0x0, 0x0,
    0x0, 0x2, 0xff, 0xf6, 0xe, 0xff, 0xa0, 0x0,
    0x0, 0x0, 0x0, 0xff, 0xf9, 0xf, 0xff, 0x80,
    0x0, 0x0, 0x0, 0x0, 0xdf, 0xfa, 0xf, 0xff,
    0x80, 0x0, 0x0, 0x0, 0x0, 0xdf, 0xfa, 0xe,
    0xff, 0x90, 0x0, 0x0, 0x0, 0x0, 0xff, 0xf8,
    0xc, 0xff, 0xd0, 0x0, 0x0, 0x0, 0x2, 0xff,
    0xf5, 0x8, 0xff, 0xf4, 0x0, 0x0, 0x0, 0x9,
    0xff, 0xf1, 0x1, 0xff, 0xfd, 0x10, 0x0, 0x0,
    0x4f, 0xff, 0xa0, 0x0, 0x8f, 0xff, 0xe5, 0x10,
    0x28, 0xff, 0xff, 0x20, 0x0, 0xb, 0xff, 0xff,
    0xff, 0xff, 0xff, 0xf5, 0x0, 0x0, 0x0, 0x9f,
    0xff, 0xff, 0xff, 0xfe, 0x40, 0x0, 0x0, 0x0,
    0x2, 0x8d, 0xff, 0xeb, 0x60, 0x0, 0x0,

    /* U+00D6 "Ö" */
    0x0, 0x0, 0x0, 0x10, 0x0, 0x0, 0x0, 0x0,
    0x0, 0x0, 0x0, 0x9, 0xfe, 0x10, 0x5f, 0xf4,
    0x0, 0x0, 0x0, 0x0, 0xe, 0xff, 0x40, 0xaf,
    0xf8, 0x0, 0x0, 0x0, 0x0, 0x7, 0xfc, 0x0,
    0x3e, 0xd2, 0x0, 0x0, 0x0, 0x0, 0x0, 0x0,
    0x0, 0x0, 0x0, 0x0, 0x0, 0x0, 0x0, 0x1,
    0x7c, 0xef, 0xec, 0x71, 0x0, 0x0, 0x0, 0x0,
    0x7f, 0xff, 0xff, 0xff, 0xfe, 0x50, 0x0, 0x0,
    0x9, 0xff, 0xff, 0xff, 0xff, 0xff, 0xf6, 0x0,
    0x0, 0x6f, 0xff, 0xe6, 0x10, 0x27, 0xff, 0xff,
    0x30, 0x0, 0xef, 0xfe, 0x10, 0x0, 0x0, 0x3f,
    0xff, 0xb0, 0x6, 0xff, 0xf4, 0x0, 0x0, 0x0,
    0x9, 0xff, 0xf2, 0xb, 0xff, 0xd0, 0x0, 0x0,
    0x0, 0x2, 0xff, 0xf6, 0xe, 0xff, 0xa0, 0x0,
    0x0, 0x0, 0x0, 0xff, 0xf9, 0xf, 0xff, 0x80,
    0x0, 0x0, 0x0, 0x0, 0xdf, 0xfa, 0xf, 0xff,
    0x80, 0x0, 0x0, 0x0, 0x0, 0xdf, 0xfa, 0xe,
    0xff, 0x90, 0x0, 0x0, 0x0, 0x0, 0xff, 0xf8,
    0xc, 0xff, 0xd0, 0x0, 0x0, 0x0, 0x2, 0xff,
    0xf5, 0x8, 0xff, 0xf4, 0x0, 0x0, 0x0, 0x9,
    0xff, 0xf1, 0x1, 0xff, 0xfd, 0x10, 0x0, 0x0,
    0x4f, 0xff, 0xa0, 0x0, 0x8f, 0xff, 0xe5, 0x10,
    0x28, 0xff, 0xff, 0x20, 0x0, 0xb, 0xff, 0xff,
    0xff, 0xff, 0xff, 0xf5, 0x0, 0x0, 0x0, 0x9f,
    0xff, 0xff, 0xff, 0xfe, 0x40, 0x0, 0x0, 0x0,
    0x2, 0x8d, 0xff, 0xeb, 0x60, 0x0, 0x0,

    /* U+00D7 "×" */
    0x0, 0x0, 0x0, 0x0, 0x0, 0x0, 0x0, 0x2d,
    0x30, 0x0, 0x0, 0x1c, 0x50, 0xc, 0xfe, 0x30,
    0x0, 0xc, 0xff, 0x10, 0x2e, 0xfe, 0x20, 0xc,
    0xff, 0x50, 0x0, 0x2e, 0xfe, 0x3b, 0xff, 0x50,
    0x0, 0x0, 0x2e, 0xff, 0xff, 0x50, 0x0, 0x0,
    0x0, 0x3f, 0xff, 0x70, 0x0, 0x0, 0x0, 0xa,
    0xff, 0xfd, 0x10, 0x0, 0x0, 0xa, 0xff, 0x8f,
    0xfd, 0x10, 0x0, 0xa, 0xff, 0x70, 0x3f, 0xfd,
    0x10, 0xa, 0xff, 0x70, 0x0, 0x4f, 0xfd, 0x10,
    0x6f, 0x80, 0x0, 0x0, 0x4f, 0xa0, 0x0, 0x30,
    0x0, 0x0, 0x0, 0x30, 0x0,

    /* U+00D8 "Ø" */
    0x0, 0x0, 0x0, 0x0, 0x0, 0x0, 0x0, 0x1,
    0x10, 0x0, 0x0, 0x1, 0x7c, 0xef, 0xec, 0x71,
    0xc, 0xd1, 0x0, 0x0, 0x7f, 0xff, 0xff, 0xff,
    0xfe, 0xbf, 0xa0, 0x0, 0x9, 0xff, 0xff, 0xdc,
    0xef, 0xff, 0xfd, 0x0, 0x0, 0x6f, 0xff, 0xb2,
    0x0, 0x3, 0xdf, 0xff, 0x30, 0x0, 0xef, 0xfb,
    0x0, 0x0, 0x3, 0xff, 0xff, 0xb0, 0x6, 0xff,
    0xf1, 0x0, 0x0, 0x1e, 0xf9, 0xff, 0xf2, 0xb,
    0xff, 0xa0, 0x0, 0x0, 0xcf, 0x60, 0xff, 0xf6,
    0xe, 0xff, 0x60, 0x0, 0xb, 0xf8, 0x0, 0xcf,
    0xf9, 0xf, 0xff, 0x50, 0x0, 0x8f, 0xb0, 0x0,
    0xbf, 0xfa, 0xf, 0xff, 0x50, 0x6, 0xfd, 0x0,
    0x0, 0xaf, 0xfa, 0xf, 0xff, 0x60, 0x4f, 0xe1,
    0x0, 0x0, 0xbf, 0xf8, 0xc, 0xff, 0xa2, 0xff,
    0x30, 0x0, 0x0, 0xff, 0xf5, 0x8, 0xff, 0xfe,
    0xf5, 0x0, 0x0, 0x5, 0xff, 0xf1, 0x1, 0xff,
    0xff, 0x70, 0x0, 0x0, 0x1e, 0xff, 0xa0, 0x0,
    0x8f, 0xff, 0xa1, 0x0, 0x4, 0xdf, 0xff, 0x20,
    0x0, 0x8f, 0xff, 0xff, 0xdc, 0xef, 0xff, 0xf4,
    0x0, 0x5, 0xfd, 0x8f, 0xff, 0xff, 0xff, 0xfe,
    0x40, 0x0, 0xa, 0xe2, 0x2, 0x8c, 0xff, 0xeb,
    0x60, 0x0, 0x0, 0x0, 0x20, 0x0, 0x0, 0x0,
    0x0, 0x0, 0x0, 0x0,

    /* U+00D9 "Ù" */
    0x0, 0x0, 0x58, 0x81, 0x0, 0x0, 0x0, 0x0,
    0x0, 0x1, 0xef, 0xc0, 0x0, 0x0, 0x0, 0x0,
    0x0, 0x2, 0xff, 0x80, 0x0, 0x0, 0x0, 0x0,
    0x0, 0x4, 0xff, 0x40, 0x0, 0x0, 0x0, 0x0,
    0x0, 0x4, 0x86, 0x0, 0x0, 0x0, 0x0, 0x0,
    0x0, 0x0, 0x0, 0x0, 0x0, 0x2f, 0xff, 0x30,
    0x0, 0x0, 0xa, 0xff, 0xb2, 0xff, 0xf3, 0x0,
    0x0, 0x0, 0xaf, 0xfb, 0x2f, 0xff, 0x30, 0x0,
    0x0, 0xa, 0xff, 0xb2, 0xff, 0xf3, 0x0, 0x0,
    0x0, 0xaf, 0xfb, 0x2f, 0xff, 0x30, 0x0, 0x0,
    0xa, 0xff, 0xb2, 0xff, 0xf3, 0x0, 0x0, 0x0,
    0xaf, 0xfb, 0x2f, 0xff, 0x30, 0x0, 0x0, 0xa,
    0xff, 0xb2, 0xff, 0xf3, 0x0, 0x0, 0x0, 0xaf,
    0xfb, 0x2f, 0xff, 0x30, 0x0, 0x0, 0xa, 0xff,
    0xb2, 0xff, 0xf3, 0x0, 0x0, 0x0, 0xaf, 0xfb,
    0x2f, 0xff, 0x30, 0x0, 0x0, 0xa, 0xff, 0xa1,
    0xff, 0xf4, 0x0, 0x0, 0x0, 0xbf, 0xf9, 0xf,
    0xff, 0x70, 0x0, 0x0, 0xe, 0xff, 0x70, 0xcf,
    0xfd, 0x0, 0x0, 0x4, 0xff, 0xf4, 0x6, 0xff,
    0xfc, 0x30, 0x15, 0xef, 0xfe, 0x0, 0xd, 0xff,
    0xff, 0xff, 0xff, 0xff, 0x50, 0x0, 0x2d, 0xff,
    0xff, 0xff, 0xff, 0x60, 0x0, 0x0, 0x6, 0xbe,
    0xff, 0xd9, 0x20, 0x0,

    /* U+00DA "Ú" */
    0x0, 0x0, 0x0, 0x0, 0x68, 0x70, 0x0, 0x0,
    0x0, 0x0, 0x0, 0x6f, 0xf6, 0x0, 0x0, 0x0,
    0x0, 0x0, 0x3f, 0xf8, 0x0, 0x0, 0x0, 0x0,
    0x0, 0xd, 0xfa, 0x0, 0x0, 0x0, 0x0, 0x0,
    0x3, 0x87, 0x0, 0x0, 0x0, 0x0, 0x0, 0x0,
    0x0, 0x0, 0x0, 0x0, 0x0, 0x2f, 0xff, 0x30,
    0x0, 0x0, 0xa, 0xff, 0xb2, 0xff, 0xf3, 0x0,
    0x0, 0x0, 0xaf, 0xfb, 0x2f, 0xff, 0x30, 0x0,
    0x0, 0xa, 0xff, 0xb2, 0xff, 0xf3, 0x0, 0x0,
    0x0, 0xaf, 0xfb, 0x2f, 0xff, 0x30, 0x0, 0x0,
    0xa, 0xff, 0xb2, 0xff, 0xf3, 0x0, 0x0, 0x0,
    0xaf, 0xfb, 0x2f, 0xff, 0x30, 0x0, 0x0, 0xa,
    0xff, 0xb2, 0xff, 0xf3, 0x0, 0x0, 0x0, 0xaf,
    0xfb, 0x2f, 0xff, 0x30, 0x0, 0x0, 0xa, 0xff,
    0xb2, 0xff, 0xf3, 0x0, 0x0, 0x0, 0xaf, 0xfb,
    0x2f, 0xff, 0x30, 0x0, 0x0, 0xa, 0xff, 0xa1,
    0xff, 0xf4, 0x0, 0x0, 0x0, 0xbf, 0xf9, 0xf,
    0xff, 0x70, 0x0, 0x0, 0xe, 0xff, 0x70, 0xcf,
    0xfd, 0x0, 0x0, 0x4, 0xff, 0xf4, 0x6, 0xff,
    0xfc, 0x30, 0x15, 0xef, 0xfe, 0x0, 0xd, 0xff,
    0xff, 0xff, 0xff, 0xff, 0x50, 0x0, 0x2d, 0xff,
    0xff, 0xff, 0xff, 0x60, 0x0, 0x0, 0x6, 0xbe,
    0xff, 0xd9, 0x20, 0x0,

    /* U+00DB "Û" */
    0x0, 0x0, 0x0, 0x58, 0x81, 0x0, 0x0, 0x0,
    0x0, 0x0, 0x3f, 0xff, 0xb0, 0x0, 0x0, 0x0,
    0x0, 0xd, 0xf7, 0xdf, 0x70, 0x0, 0x0, 0x0,
    0x9, 0xfa, 0x2, 0xff, 0x20, 0x0, 0x0, 0x0,
    0x77, 0x0, 0x4, 0x85, 0x0, 0x0, 0x0, 0x0,
    0x0, 0x0, 0x0, 0x0, 0x0, 0x2f, 0xff, 0x30,
    0x0, 0x0, 0xa, 0xff, 0xb2, 0xff, 0xf3, 0x0,
    0x0, 0x0, 0xaf, 0xfb, 0x2f, 0xff, 0x30, 0x0,
    0x0, 0xa, 0xff, 0xb2, 0xff, 0xf3, 0x0, 0x0,
    0x0, 0xaf, 0xfb, 0x2f, 0xff, 0x30, 0x0, 0x0,
    0xa, 0xff, 0xb2, 0xff, 0xf3, 0x0, 0x0, 0x0,
    0xaf, 0xfb, 0x2f, 0xff, 0x30, 0x0, 0x0, 0xa,
    0xff, 0xb2, 0xff, 0xf3, 0x0, 0x0, 0x0, 0xaf,
    0xfb, 0x2f, 0xff, 0x30, 0x0, 0x0, 0xa, 0xff,
    0xb2, 0xff, 0xf3, 0x0, 0x0, 0x0, 0xaf, 0xfb,
    0x2f, 0xff, 0x30, 0x0, 0x0, 0xa, 0xff, 0xa1,
    0xff, 0xf4, 0x0, 0x0, 0x0, 0xbf, 0xf9, 0xf,
    0xff, 0x70, 0x0, 0x0, 0xe, 0xff, 0x70, 0xcf,
    0xfd, 0x0, 0x0, 0x4, 0xff, 0xf4, 0x6, 0xff,
    0xfc, 0x30, 0x15, 0xef, 0xfe, 0x0, 0xd, 0xff,
    0xff, 0xff, 0xff, 0xff, 0x50, 0x0, 0x2d, 0xff,
    0xff, 0xff, 0xff, 0x60, 0x0, 0x0, 0x6, 0xbe,
    0xff, 0xd9, 0x20, 0x0,

    /* U+00DC "Ü" */
    0x0, 0x1, 0xcf, 0x60, 0x9, 0xfa, 0x0, 0x0,
    0x0, 0x5f, 0xfd, 0x1, 0xff, 0xf1, 0x0, 0x0,
    0x1, 0xef, 0x80, 0xb, 0xfc, 0x0, 0x0, 0x0,
    0x0, 0x10, 0x0, 0x1, 0x0, 0x0, 0x0, 0x0,
    0x0, 0x0, 0x0, 0x0, 0x0, 0x2, 0xff, 0xf3,
    0x0, 0x0, 0x0, 0xaf, 0xfb, 0x2f, 0xff, 0x30,
    0x0, 0x0, 0xa, 0xff, 0xb2, 0xff, 0xf3, 0x0,
    0x0, 0x0, 0xaf, 0xfb, 0x2f, 0xff, 0x30, 0x0,
    0x0, 0xa, 0xff, 0xb2, 0xff, 0xf3, 0x0, 0x0,
    0x0, 0xaf, 0xfb, 0x2f, 0xff, 0x30, 0x0, 0x0,
    0xa, 0xff, 0xb2, 0xff, 0xf3, 0x0, 0x0, 0x0,
    0xaf, 0xfb, 0x2f, 0xff, 0x30, 0x0, 0x0, 0xa,
    0xff, 0xb2, 0xff, 0xf3, 0x0, 0x0, 0x0, 0xaf,
    0xfb, 0x2f, 0xff, 0x30, 0x0, 0x0, 0xa, 0xff,
    0xb2, 0xff, 0xf3, 0x0, 0x0, 0x0, 0xaf, 0xfa,
    0x1f, 0xff, 0x40, 0x0, 0x0, 0xb, 0xff, 0x90,
    0xff, 0xf7, 0x0, 0x0, 0x0, 0xef, 0xf7, 0xc,
    0xff, 0xd0, 0x0, 0x0, 0x4f, 0xff, 0x40, 0x6f,
    0xff, 0xc3, 0x1, 0x5e, 0xff, 0xe0, 0x0, 0xdf,
    0xff, 0xff, 0xff, 0xff, 0xf5, 0x0, 0x2, 0xdf,
    0xff, 0xff, 0xff, 0xf6, 0x0, 0x0, 0x0, 0x6b,
    0xef, 0xfd, 0x92, 0x0, 0x0,

    /* U+00DD "Ý" */
    0x0, 0x0, 0x0, 0xa, 0xff, 0x40, 0x0, 0x0,
    0x0, 0x0, 0x7, 0xff, 0x50, 0x0, 0x0, 0x0,
    0x0, 0x3, 0xff, 0x60, 0x0, 0x0, 0x0, 0x0,
    0x0, 0xcd, 0x60, 0x0, 0x0, 0x0, 0x0, 0x0,
    0x0, 0x0, 0x0, 0x0, 0x0, 0xb, 0xff, 0xf1,
    0x0, 0x0, 0x3, 0xff, 0xf4, 0x3f, 0xff, 0x80,
    0x0, 0x0, 0xaf, 0xfc, 0x0, 0xbf, 0xfe, 0x0,
    0x0, 0x2f, 0xff, 0x50, 0x4, 0xff, 0xf6, 0x0,
    0x8, 0xff, 0xd0, 0x0, 0xc, 0xff, 0xd0, 0x0,
    0xff, 0xf5, 0x0, 0x0, 0x5f, 0xff, 0x40, 0x7f,
    0xfd, 0x0, 0x0, 0x0, 0xdf, 0xfb, 0xd, 0xff,
    0x50, 0x0, 0x0, 0x6, 0xff, 0xf6, 0xff, 0xd0,
    0x0, 0x0, 0x0, 0xe, 0xff, 0xef, 0xf6, 0x0,
    0x0, 0x0, 0x0, 0x6f, 0xff, 0xfd, 0x0, 0x0,
    0x0, 0x0, 0x0, 0xef, 0xff, 0x60, 0x0, 0x0,
    0x0, 0x0, 0x8, 0xff, 0xe0, 0x0, 0x0, 0x0,
    0x0, 0x0, 0x7f, 0xfe, 0x0, 0x0, 0x0, 0x0,
    0x0, 0x7, 0xff, 0xe0, 0x0, 0x0, 0x0, 0x0,
    0x0, 0x7f, 0xfe, 0x0, 0x0, 0x0, 0x0, 0x0,
    0x7, 0xff, 0xe0, 0x0, 0x0, 0x0, 0x0, 0x0,
    0x7f, 0xfe, 0x0, 0x0, 0x0, 0x0, 0x0, 0x7,
    0xff, 0xe0, 0x0, 0x0, 0x0,

    /* U+00DE "Þ" */
    0xff, 0xf6, 0x0, 0x0, 0x0, 0x0, 0xf, 0xff,
    0x60, 0x0, 0x0, 0x0, 0x0, 0xff, 0xf6, 0x0,
    0x0, 0x0, 0x0, 0xf, 0xff, 0xff, 0xff, 0xd9,
    0x30, 0x0, 0xff, 0xff, 0xff, 0xff, 0xff, 0x70,
    0xf, 0xff, 0xdb, 0xce, 0xff, 0xff, 0x40, 0xff,
    0xf6, 0x0, 0x6, 0xff, 0xfb, 0xf, 0xff, 0x60,
    0x0, 0xb, 0xff, 0xf0, 0xff, 0xf6, 0x0, 0x0,
    0x8f, 0xff, 0xf, 0xff, 0x60, 0x0, 0x9, 0xff,
    0xf0, 0xff, 0xf6, 0x0, 0x0, 0xdf, 0xfc, 0xf,
    0xff, 0x60, 0x3, 0xbf, 0xff, 0x50, 0xff, 0xff,
    0xff, 0xff, 0xff, 0xa0, 0xf, 0xff, 0xff, 0xff,
    0xff, 0x80, 0x0, 0xff, 0xfd, 0xbb, 0xa7, 0x10,
    0x0, 0xf, 0xff, 0x60, 0x0, 0x0, 0x0, 0x0,
    0xff, 0xf6, 0x0, 0x0, 0x0, 0x0, 0xf, 0xff,
    0x60, 0x0, 0x0, 0x0, 0x0,

    /* U+00DF "ß" */
    0x0, 0x4, 0xbe, 0xfe, 0xb4, 0x0, 0x0, 0x0,
    0x9f, 0xff, 0xff, 0xff, 0x80, 0x0, 0x6, 0xff,
    0xfd, 0xae, 0xff, 0xf4, 0x0, 0xe, 0xff, 0x90,
    0x1, 0xef, 0xfa, 0x0, 0x2f, 0xff, 0x20, 0x0,
    0x9f, 0xfc, 0x0, 0x4f, 0xff, 0x0, 0x0, 0xaf,
    0xfa, 0x0, 0x4f, 0xff, 0x0, 0x1, 0xef, 0xf5,
    0x0, 0x4f, 0xff, 0x0, 0x4d, 0xff, 0xa0, 0x0,
    0x4f, 0xff, 0x7, 0xff, 0xf6, 0x0, 0x0, 0x4f,
    0xff, 0x7, 0xff, 0xfe, 0x80, 0x0, 0x4f, 0xff,
    0x2, 0x7b, 0xff, 0xfd, 0x10, 0x4f, 0xff, 0x0,
    0x0, 0x3e, 0xff, 0x90, 0x4f, 0xff, 0x0, 0x0,
    0x7, 0xff, 0xf0, 0x4f, 0xff, 0x0, 0x0, 0x4,
    0xff, 0xf1, 0x4f, 0xff, 0x0, 0x0, 0x5, 0xff,
    0xf0, 0x4f, 0xff, 0x1, 0x0, 0xc, 0xff, 0xd0,
    0x4f, 0xff, 0xb, 0xca, 0xef, 0xff, 0x50, 0x4f,
    0xff, 0xb, 0xff, 0xff, 0xf8, 0x0, 0x4f, 0xff,
    0xa, 0xff, 0xeb, 0x40, 0x0,

    /* U+00E0 "à" */
    0x0, 0x8, 0xff, 0x60, 0x0, 0x0, 0x0, 0x0,
    0xaf, 0xf2, 0x0, 0x0, 0x0, 0x0, 0xc, 0xfc,
    0x0, 0x0, 0x0, 0x0, 0x1, 0xef, 0x80, 0x0,
    0x0, 0x0, 0x0, 0x13, 0x30, 0x0, 0x0, 0x0,
    0x0, 0x0, 0x0, 0x0, 0x0, 0x27, 0xbe, 0xfe,
    0xb4, 0x0, 0x0, 0xff, 0xff, 0xff, 0xff, 0x60,
    0x0, 0xfe, 0x96, 0x6c, 0xff, 0xf1, 0x0, 0x60,
    0x0, 0x0, 0xdf, 0xf5, 0x0, 0x0, 0x0, 0x2,
    0xbf, 0xf7, 0x0, 0x17, 0xbe, 0xff, 0xff, 0xf8,
    0x3, 0xef, 0xff, 0xfd, 0xef, 0xf8, 0xd, 0xff,
    0x92, 0x0, 0x9f, 0xf8, 0x1f, 0xff, 0x0, 0x0,
    0xbf, 0xf8, 0x2f, 0xff, 0x10, 0x3, 0xff, 0xf8,
    0xf, 0xff, 0xd8, 0x9f, 0xff, 0xf8, 0x8, 0xff,
    0xff, 0xfd, 0x9f, 0xf8, 0x0, 0x6d, 0xfe, 0x91,
    0x9f, 0xf8,

    /* U+00E1 "á" */
    0x0, 0x0, 0x0, 0x7f, 0xf7, 0x0, 0x0, 0x0,
    0x3, 0xff, 0x90, 0x0, 0x0, 0x0, 0xd, 0xfb,
    0x0, 0x0, 0x0, 0x0, 0x9f, 0xd1, 0x0, 0x0,
    0x0, 0x0, 0x33, 0x10, 0x0, 0x0, 0x0, 0x0,
    0x0, 0x0, 0x0, 0x0, 0x0, 0x27, 0xbe, 0xfe,
    0xb4, 0x0, 0x0, 0xff, 0xff, 0xff, 0xff, 0x60,
    0x0, 0xfe, 0x96, 0x6c, 0xff, 0xf1, 0x0, 0x60,
    0x0, 0x0, 0xdf, 0xf5, 0x0, 0x0, 0x0, 0x2,
    0xbf, 0xf7, 0x0, 0x17, 0xbe, 0xff, 0xff, 0xf8,
    0x3, 0xef, 0xff, 0xfd, 0xef, 0xf8, 0xd, 0xff,
    0x92, 0x0, 0x9f, 0xf8, 0x1f, 0xff, 0x0, 0x0,
    0xbf, 0xf8, 0x2f, 0xff, 0x10, 0x3, 0xff, 0xf8,
    0xf, 0xff, 0xd8, 0x9f, 0xff, 0xf8, 0x8, 0xff,
    0xff, 0xfd, 0x9f, 0xf8, 0x0, 0x6d, 0xfe, 0x91,
    0x9f, 0xf8,

    /* U+00E2 "â" */
    0x0, 0x0, 0x3f, 0xff, 0x10, 0x0, 0x0, 0x0,
    0xcf, 0xef, 0xb0, 0x0, 0x0, 0x7, 0xfc, 0x1e,
    0xf5, 0x0, 0x0, 0x2f, 0xf2, 0x3, 0xfe, 0x10,
    0x0, 0x13, 0x20, 0x0, 0x23, 0x10, 0x0, 0x0,
    0x0, 0x0, 0x0, 0x0, 0x0, 0x27, 0xbe, 0xfe,
    0xb4, 0x0, 0x0, 0xff, 0xff, 0xff, 0xff, 0x60,
    0x0, 0xfe, 0x96, 0x6c, 0xff, 0xf1, 0x0, 0x60,
    0x0, 0x0, 0xdf, 0xf5, 0x0, 0x0, 0x0, 0x2,
    0xbf, 0xf7, 0x0, 0x17, 0xbe, 0xff, 0xff, 0xf8,
    0x3, 0xef, 0xff, 0xfd, 0xef, 0xf8, 0xd, 0xff,
    0x92, 0x0, 0x9f, 0xf8, 0x1f, 0xff, 0x0, 0x0,
    0xbf, 0xf8, 0x2f, 0xff, 0x10, 0x3, 0xff, 0xf8,
    0xf, 0xff, 0xd8, 0x9f, 0xff, 0xf8, 0x8, 0xff,
    0xff, 0xfd, 0x9f, 0xf8, 0x0, 0x6d, 0xfe, 0x91,
    0x9f, 0xf8,

    /* U+00E3 "ã" */
    0x0, 0xa, 0xfd, 0x82, 0x4f, 0x70, 0x0, 0x8f,
    0xff, 0xff, 0xff, 0x40, 0x0, 0xce, 0x24, 0xae,
    0xe8, 0x0, 0x0, 0x0, 0x0, 0x0, 0x0, 0x0,
    0x0, 0x0, 0x0, 0x0, 0x0, 0x0, 0x0, 0x27,
    0xbe, 0xfe, 0xb4, 0x0, 0x0, 0xff, 0xff, 0xff,
    0xff, 0x60, 0x0, 0xfe, 0x96, 0x6c, 0xff, 0xf1,
    0x0, 0x60, 0x0, 0x0, 0xdf, 0xf5, 0x0, 0x0,
    0x0, 0x2, 0xbf, 0xf7, 0x0, 0x17, 0xbe, 0xff,
    0xff, 0xf8, 0x3, 0xef, 0xff, 0xfd, 0xef, 0xf8,
    0xd, 0xff, 0x92, 0x0, 0x9f, 0xf8, 0x1f, 0xff,
    0x0, 0x0, 0xbf, 0xf8, 0x2f, 0xff, 0x10, 0x3,
    0xff, 0xf8, 0xf, 0xff, 0xd8, 0x9f, 0xff, 0xf8,
    0x8, 0xff, 0xff, 0xfd, 0x9f, 0xf8, 0x0, 0x6d,
    0xfe, 0x91, 0x9f, 0xf8,

    /* U+00E4 "ä" */
    0x0, 0x5e, 0xd2, 0x2, 0xde, 0x40, 0x0, 0xcf,
    0xf7, 0x8, 0xff, 0xb0, 0x0, 0x6f, 0xe2, 0x3,
    0xff, 0x50, 0x0, 0x1, 0x0, 0x0, 0x0, 0x0,
    0x0, 0x0, 0x0, 0x0, 0x0, 0x0, 0x0, 0x27,
    0xbe, 0xfe, 0xb4, 0x0, 0x0, 0xff, 0xff, 0xff,
    0xff, 0x60, 0x0, 0xfe, 0x96, 0x6c, 0xff, 0xf1,
    0x0, 0x60, 0x0, 0x0, 0xdf, 0xf5, 0x0, 0x0,
    0x0, 0x2, 0xbf, 0xf7, 0x0, 0x17, 0xbe, 0xff,
    0xff, 0xf8, 0x3, 0xef, 0xff, 0xfd, 0xef, 0xf8,
    0xd, 0xff, 0x92, 0x0, 0x9f, 0xf8, 0x1f, 0xff,
    0x0, 0x0, 0xbf, 0xf8, 0x2f, 0xff, 0x10, 0x3,
    0xff, 0xf8, 0xf, 0xff, 0xd8, 0x9f, 0xff, 0xf8,
    0x8, 0xff, 0xff, 0xfd, 0x9f, 0xf8, 0x0, 0x6d,
    0xfe, 0x91, 0x9f, 0xf8,

    /* U+00E5 "å" */
    0x0, 0x0, 0x0, 0x0, 0x0, 0x0, 0x0, 0x0,
    0x3d, 0xfe, 0x50, 0x0, 0x0, 0x0, 0xec, 0x5c,
    0xf1, 0x0, 0x0, 0x3, 0xf4, 0x4, 0xf4, 0x0,
    0x0, 0x1, 0xf9, 0x2a, 0xf1, 0x0, 0x0, 0x0,
    0x6f, 0xff, 0x60, 0x0, 0x0, 0x0, 0x1, 0x31,
    0x0, 0x0, 0x0, 0x0, 0x0, 0x0, 0x0, 0x0,
    0x0, 0x27, 0xbe, 0xfe, 0xb4, 0x0, 0x0, 0xff,
    0xff, 0xff, 0xff, 0x60, 0x0, 0xfe, 0x96, 0x6c,
    0xff, 0xf1, 0x0, 0x60, 0x0, 0x0, 0xdf, 0xf5,
    0x0, 0x0, 0x0, 0x2, 0xbf, 0xf7, 0x0, 0x17,
    0xbe, 0xff, 0xff, 0xf8, 0x3, 0xef, 0xff, 0xfd,
    0xef, 0xf8, 0xd, 0xff, 0x92, 0x0, 0x9f, 0xf8,
    0x1f, 0xff, 0x0, 0x0, 0xbf, 0xf8, 0x2f, 0xff,
    0x10, 0x3, 0xff, 0xf8, 0xf, 0xff, 0xd8, 0x9f,
    0xff, 0xf8, 0x8, 0xff, 0xff, 0xfd, 0x9f, 0xf8,
    0x0, 0x6d, 0xfe, 0x91, 0x9f, 0xf8,

    /* U+00E6 "æ" */
    0x0, 0x28, 0xcf, 0xfe, 0x91, 0x3, 0xbe, 0xfd,
    0x91, 0x0, 0x0, 0xff, 0xff, 0xff, 0xfd, 0x6f,
    0xff, 0xff, 0xfe, 0x20, 0x0, 0xfe, 0x96, 0x7c,
    0xff, 0xff, 0xe8, 0x6b, 0xff, 0xd0, 0x0, 0x50,
    0x0, 0x0, 0xef, 0xff, 0x20, 0x0, 0xcf, 0xf4,
    0x0, 0x0, 0x0, 0x0, 0xaf, 0xf9, 0x0, 0x0,
    0x7f, 0xf8, 0x0, 0x3a, 0xef, 0xff, 0xff, 0xff,
    0xff, 0xff, 0xff, 0xf9, 0x4, 0xff, 0xff, 0xff,
    0xff, 0xff, 0xff, 0xff, 0xff, 0xfa, 0xe, 0xff,
    0xc6, 0x55, 0xbf, 0xfa, 0x55, 0x55, 0x55, 0x53,
    0x2f, 0xff, 0x0, 0x0, 0xbf, 0xfa, 0x0, 0x0,
    0x0, 0x0, 0x2f, 0xff, 0x0, 0x3, 0xff, 0xff,
    0x40, 0x0, 0x0, 0x30, 0xf, 0xff, 0xd8, 0x9f,
    0xfd, 0xff, 0xfb, 0x88, 0xaf, 0xa0, 0x7, 0xff,
    0xff, 0xff, 0x90, 0xcf, 0xff, 0xff, 0xff, 0xa0,
    0x0, 0x6c, 0xff, 0xb5, 0x0, 0x6, 0xce, 0xfe,
    0xc7, 0x10,

    /* U+00E7 "ç" */
    0x0, 0x0, 0x4a, 0xef, 0xec, 0x60, 0x0, 0xbf,
    0xff, 0xff, 0xfc, 0x0, 0xbf, 0xff, 0xea, 0xbe,
    0xc0, 0x5f, 0xff, 0x80, 0x0, 0x4, 0xb, 0xff,
    0xc0, 0x0, 0x0, 0x0, 0xef, 0xf6, 0x0, 0x0,
    0x0, 0xf, 0xff, 0x40, 0x0, 0x0, 0x0, 0xff,
    0xf6, 0x0, 0x0, 0x0, 0xd, 0xff, 0xb0, 0x0,
    0x0, 0x0, 0x7f, 0xff, 0x60, 0x0, 0x4, 0x0,
    0xef, 0xff, 0xda, 0xae, 0xc0, 0x2, 0xef, 0xff,
    0xff, 0xfc, 0x0, 0x1, 0x8d, 0xff, 0xeb, 0x40,
    0x0, 0x0, 0x4f, 0x90, 0x0, 0x0, 0x0, 0x4,
    0xff, 0xd2, 0x0, 0x0, 0x0, 0x15, 0xdf, 0xa0,
    0x0, 0x0, 0x0, 0x7, 0xfb, 0x0, 0x0, 0x0,
    0x79, 0xef, 0x70, 0x0, 0x0, 0xc, 0xfd, 0x70,
    0x0,

    /* U+00E8 "è" */
    0x0, 0x1, 0xdf, 0xe1, 0x0, 0x0, 0x0, 0x0,
    0x2, 0xef, 0xb0, 0x0, 0x0, 0x0, 0x0, 0x3,
    0xff, 0x60, 0x0, 0x0, 0x0, 0x0, 0x5, 0xff,
    0x20, 0x0, 0x0, 0x0, 0x0, 0x2, 0x31, 0x0,
    0x0, 0x0, 0x0, 0x0, 0x0, 0x0, 0x0, 0x0,
    0x0, 0x7c, 0xff, 0xd7, 0x0, 0x0, 0x1, 0xdf,
    0xff, 0xff, 0xfd, 0x10, 0x0, 0xcf, 0xfd, 0x77,
    0xdf, 0xfa, 0x0, 0x6f, 0xfd, 0x0, 0x1, 0xef,
    0xf1, 0xb, 0xff, 0x50, 0x0, 0xb, 0xff, 0x50,
    0xff, 0xff, 0xff, 0xff, 0xff, 0xf6, 0xf, 0xff,
    0xff, 0xff, 0xff, 0xff, 0x70, 0xff, 0xf6, 0x33,
    0x33, 0x33, 0x31, 0xd, 0xff, 0x70, 0x0, 0x0,
    0x0, 0x0, 0x8f, 0xff, 0x20, 0x0, 0x1, 0x30,
    0x1, 0xef, 0xff, 0xa8, 0x8b, 0xf6, 0x0, 0x4,
    0xff, 0xff, 0xff, 0xff, 0x60, 0x0, 0x1, 0x9d,
    0xff, 0xeb, 0x60, 0x0,

    /* U+00E9 "é" */
    0x0, 0x0, 0x0, 0x2f, 0xfc, 0x0, 0x0, 0x0,
    0x0, 0xc, 0xfd, 0x10, 0x0, 0x0, 0x0, 0x8,
    0xfe, 0x20, 0x0, 0x0, 0x0, 0x3, 0xff, 0x40,
    0x0, 0x0, 0x0, 0x0, 0x23, 0x20, 0x0, 0x0,
    0x0, 0x0, 0x0, 0x0, 0x0, 0x0, 0x0, 0x0,
    0x0, 0x7c, 0xff, 0xd7, 0x0, 0x0, 0x1, 0xdf,
    0xff, 0xff, 0xfd, 0x10, 0x0, 0xcf, 0xfd, 0x77,
    0xdf, 0xfa, 0x0, 0x6f, 0xfd, 0x0, 0x1, 0xef,
    0xf1, 0xb, 0xff, 0x50, 0x0, 0xb, 0xff, 0x50,
    0xff, 0xff, 0xff, 0xff, 0xff, 0xf6, 0xf, 0xff,
    0xff, 0xff, 0xff, 0xff, 0x70, 0xff, 0xf6, 0x33,
    0x33, 0x33, 0x31, 0xd, 0xff, 0x70, 0x0, 0x0,
    0x0, 0x0, 0x8f, 0xff, 0x20, 0x0, 0x1, 0x30,
    0x1, 0xef, 0xff, 0xa8, 0x8b, 0xf6, 0x0, 0x4,
    0xff, 0xff, 0xff, 0xff, 0x60, 0x0, 0x1, 0x9d,
    0xff, 0xeb, 0x60, 0x0,

    /* U+00EA "ê" */
    0x0, 0x0, 0xb, 0xff, 0x80, 0x0, 0x0, 0x0,
    0x5, 0xfe, 0xff, 0x30, 0x0, 0x0, 0x1, 0xef,
    0x47, 0xfc, 0x0, 0x0, 0x0, 0xaf, 0x90, 0xb,
    0xf7, 0x0, 0x0, 0x3, 0x30, 0x0, 0x13, 0x30,
    0x0, 0x0, 0x0, 0x0, 0x0, 0x0, 0x0, 0x0,
    0x0, 0x7c, 0xff, 0xd7, 0x0, 0x0, 0x1, 0xdf,
    0xff, 0xff, 0xfd, 0x10, 0x0, 0xcf, 0xfd, 0x77,
    0xdf, 0xfa, 0x0, 0x6f, 0xfd, 0x0, 0x1, 0xef,
    0xf1, 0xb, 0xff, 0x50, 0x0, 0xb, 0xff, 0x50,
    0xff, 0xff, 0xff, 0xff, 0xff, 0xf6, 0xf, 0xff,
    0xff, 0xff, 0xff, 0xff, 0x70, 0xff, 0xf6, 0x33,
    0x33, 0x33, 0x31, 0xd, 0xff, 0x70, 0x0, 0x0,
    0x0, 0x0, 0x8f, 0xff, 0x20, 0x0, 0x1, 0x30,
    0x1, 0xef, 0xff, 0xa8, 0x8b, 0xf6, 0x0, 0x4,
    0xff, 0xff, 0xff, 0xff, 0x60, 0x0, 0x1, 0x9d,
    0xff, 0xeb, 0x60, 0x0,

    /* U+00EB "ë" */
    0x0, 0xc, 0xf7, 0x0, 0x9f, 0xa0, 0x0, 0x4,
    0xff, 0xe0, 0xf, 0xff, 0x20, 0x0, 0x1d, 0xf9,
    0x0, 0xbf, 0xc0, 0x0, 0x0, 0x1, 0x0, 0x0,
    0x10, 0x0, 0x0, 0x0, 0x0, 0x0, 0x0, 0x0,
    0x0, 0x0, 0x7, 0xcf, 0xfd, 0x70, 0x0, 0x0,
    0x1d, 0xff, 0xff, 0xff, 0xd1, 0x0, 0xc, 0xff,
    0xd7, 0x7d, 0xff, 0xa0, 0x6, 0xff, 0xd0, 0x0,
    0x1e, 0xff, 0x10, 0xbf, 0xf5, 0x0, 0x0, 0xbf,
    0xf5, 0xf, 0xff, 0xff, 0xff, 0xff, 0xff, 0x60,
    0xff, 0xff, 0xff, 0xff, 0xff, 0xf7, 0xf, 0xff,
    0x63, 0x33, 0x33, 0x33, 0x10, 0xdf, 0xf7, 0x0,
    0x0, 0x0, 0x0, 0x8, 0xff, 0xf2, 0x0, 0x0,
    0x13, 0x0, 0x1e, 0xff, 0xfa, 0x88, 0xbf, 0x60,
    0x0, 0x4f, 0xff, 0xff, 0xff, 0xf6, 0x0, 0x0,
    0x19, 0xdf, 0xfe, 0xb6, 0x0,

    /* U+00EC "ì" */
    0xc, 0xff, 0x20, 0x0, 0x1d, 0xfc, 0x0, 0x0,
    0x2e, 0xf9, 0x0, 0x0, 0x3f, 0xf5, 0x0, 0x0,
    0x0, 0x0, 0x0, 0x0, 0x0, 0x0, 0x5f, 0xfe,
    0x0, 0x5, 0xff, 0xe0, 0x0, 0x5f, 0xfe, 0x0,
    0x5, 0xff, 0xe0, 0x0, 0x5f, 0xfe, 0x0, 0x5,
    0xff, 0xe0, 0x0, 0x5f, 0xfe, 0x0, 0x5, 0xff,
    0xe0, 0x0, 0x5f, 0xfe, 0x0, 0x5, 0xff, 0xe0,
    0x0, 0x5f, 0xfe, 0x0, 0x5, 0xff, 0xe0, 0x0,
    0x5f, 0xfe, 0x0,

    /* U+00ED "í" */
    0x0, 0x7, 0xff, 0x70, 0x3, 0xff, 0x80, 0x1,
    0xef, 0xa0, 0x0, 0xbf, 0xb0, 0x0, 0x0, 0x0,
    0x0, 0x0, 0x0, 0x0, 0x0, 0x5, 0xff, 0xe0,
    0x0, 0x5f, 0xfe, 0x0, 0x5, 0xff, 0xe0, 0x0,
    0x5f, 0xfe, 0x0, 0x5, 0xff, 0xe0, 0x0, 0x5f,
    0xfe, 0x0, 0x5, 0xff, 0xe0, 0x0, 0x5f, 0xfe,
    0x0, 0x5, 0xff, 0xe0, 0x0, 0x5f, 0xfe, 0x0,
    0x5, 0xff, 0xe0, 0x0, 0x5f, 0xfe, 0x0, 0x5,
    0xff, 0xe0, 0x0,

    /* U+00EE "î" */
    0x0, 0x5f, 0xfe, 0x0, 0x0, 0x1e, 0xfd, 0xfa,
    0x0, 0xb, 0xf9, 0x1e, 0xf5, 0x6, 0xfc, 0x0,
    0x3f, 0xe1, 0x0, 0x0, 0x0, 0x0, 0x0, 0x0,
    0x0, 0x0, 0x0, 0x0, 0x5f, 0xfe, 0x0, 0x0,
    0x5, 0xff, 0xe0, 0x0, 0x0, 0x5f, 0xfe, 0x0,
    0x0, 0x5, 0xff, 0xe0, 0x0, 0x0, 0x5f, 0xfe,
    0x0, 0x0, 0x5, 0xff, 0xe0, 0x0, 0x0, 0x5f,
    0xfe, 0x0, 0x0, 0x5, 0xff, 0xe0, 0x0, 0x0,
    0x5f, 0xfe, 0x0, 0x0, 0x5, 0xff, 0xe0, 0x0,
    0x0, 0x5f, 0xfe, 0x0, 0x0, 0x5, 0xff, 0xe0,
    0x0, 0x0, 0x5f, 0xfe, 0x0, 0x0,

    /* U+00EF "ï" */
    0x7f, 0xc0, 0x4, 0xed, 0x2e, 0xff, 0x40, 0xaf,
    0xf8, 0x9f, 0xe1, 0x5, 0xff, 0x30, 0x10, 0x0,
    0x0, 0x0, 0x0, 0x0, 0x0, 0x0, 0x0, 0x5,
    0xff, 0xe0, 0x0, 0x0, 0x5f, 0xfe, 0x0, 0x0,
    0x5, 0xff, 0xe0, 0x0, 0x0, 0x5f, 0xfe, 0x0,
    0x0, 0x5, 0xff, 0xe0, 0x0, 0x0, 0x5f, 0xfe,
    0x0, 0x0, 0x5, 0xff, 0xe0, 0x0, 0x0, 0x5f,
    0xfe, 0x0, 0x0, 0x5, 0xff, 0xe0, 0x0, 0x0,
    0x5f, 0xfe, 0x0, 0x0, 0x5, 0xff, 0xe0, 0x0,
    0x0, 0x5f, 0xfe, 0x0, 0x0, 0x5, 0xff, 0xe0,
    0x0,

    /* U+00F0 "ð" */
    0x0, 0x0, 0x0, 0x0, 0x0, 0x11, 0x0, 0x0,
    0x3e, 0xff, 0xa0, 0x18, 0xf8, 0x0, 0x0, 0x1,
    0xbf, 0xfd, 0xff, 0xe6, 0x0, 0x0, 0x0, 0xd,
    0xff, 0xf9, 0x0, 0x0, 0x0, 0x7, 0xef, 0xff,
    0xfe, 0x20, 0x0, 0x0, 0x4f, 0xf8, 0x18, 0xff,
    0xe1, 0x0, 0x0, 0x7, 0x10, 0x0, 0xaf, 0xfa,
    0x0, 0x0, 0x1, 0x8d, 0xfd, 0x9f, 0xff, 0x30,
    0x0, 0x2e, 0xff, 0xff, 0xff, 0xff, 0xa0, 0x0,
    0xdf, 0xff, 0xa9, 0xdf, 0xff, 0xf0, 0x7, 0xff,
    0xf3, 0x0, 0xb, 0xff, 0xf2, 0xc, 0xff, 0xa0,
    0x0, 0x3, 0xff, 0xf5, 0xf, 0xff, 0x60, 0x0,
    0x0, 0xff, 0xf6, 0xf, 0xff, 0x40, 0x0, 0x0,
    0xff, 0xf5, 0xf, 0xff, 0x60, 0x0, 0x0, 0xff,
    0xf4, 0xc, 0xff, 0xa0, 0x0, 0x5, 0xff, 0xf0,
    0x7, 0xff, 0xf3, 0x0, 0x1d, 0xff, 0xa0, 0x1,
    0xef, 0xff, 0xba, 0xef, 0xfe, 0x10, 0x0, 0x3e,
    0xff, 0xff, 0xff, 0xe3, 0x0, 0x0, 0x1, 0x8d,
    0xff, 0xd8, 0x10, 0x0,

    /* U+00F1 "ñ" */
    0x0, 0xa, 0xfd, 0x71, 0x3f, 0x70, 0x0, 0x8,
    0xff, 0xff, 0xff, 0xf4, 0x0, 0x0, 0xce, 0x24,
    0xaf, 0xf8, 0x0, 0x0, 0x0, 0x0, 0x0, 0x0,
    0x0, 0x0, 0x0, 0x0, 0x0, 0x0, 0x0, 0x0,
    0x4, 0xff, 0xf0, 0x4b, 0xff, 0xc3, 0x0, 0x4f,
    0xff, 0x5f, 0xff, 0xff, 0xf3, 0x4, 0xff, 0xff,
    0xea, 0xdf, 0xff, 0xb0, 0x4f, 0xff, 0xc0, 0x0,
    0xbf, 0xff, 0x4, 0xff, 0xf3, 0x0, 0x5, 0xff,
    0xf1, 0x4f, 0xff, 0x0, 0x0, 0x2f, 0xff, 0x14,
    0xff, 0xf0, 0x0, 0x2, 0xff, 0xf1, 0x4f, 0xff,
    0x0, 0x0, 0x2f, 0xff, 0x14, 0xff, 0xf0, 0x0,
    0x2, 0xff, 0xf1, 0x4f, 0xff, 0x0, 0x0, 0x2f,
    0xff, 0x14, 0xff, 0xf0, 0x0, 0x2, 0xff, 0xf1,
    0x4f, 0xff, 0x0, 0x0, 0x2f, 0xff, 0x14, 0xff,
    0xf0, 0x0, 0x2, 0xff, 0xf1,

    /* U+00F2 "ò" */
    0x0, 0x0, 0x9f, 0xf5, 0x0, 0x0, 0x0, 0x0,
    0x0, 0xb, 0xfe, 0x10, 0x0, 0x0, 0x0, 0x0,
    0x0, 0xdf, 0xb0, 0x0, 0x0, 0x0, 0x0, 0x0,
    0x1e, 0xf7, 0x0, 0x0, 0x0, 0x0, 0x0, 0x1,
    0x33, 0x0, 0x0, 0x0, 0x0, 0x0, 0x0, 0x0,
    0x0, 0x0, 0x0, 0x0, 0x6b, 0xef, 0xeb, 0x60,
    0x0, 0x0, 0x1c, 0xff, 0xff, 0xff, 0xfc, 0x10,
    0x0, 0xcf, 0xff, 0xca, 0xcf, 0xff, 0xc0, 0x6,
    0xff, 0xf5, 0x0, 0x5, 0xff, 0xf5, 0xc, 0xff,
    0xa0, 0x0, 0x0, 0xbf, 0xfa, 0xf, 0xff, 0x60,
    0x0, 0x0, 0x8f, 0xfd, 0xf, 0xff, 0x40, 0x0,
    0x0, 0x6f, 0xfe, 0xf, 0xff, 0x60, 0x0, 0x0,
    0x8f, 0xfd, 0xc, 0xff, 0x90, 0x0, 0x0, 0xcf,
    0xfa, 0x7, 0xff, 0xf4, 0x0, 0x6, 0xff, 0xf4,
    0x0, 0xdf, 0xff, 0xca, 0xdf, 0xff, 0xb0, 0x0,
    0x2d, 0xff, 0xff, 0xff, 0xfb, 0x0, 0x0, 0x0,
    0x7c, 0xef, 0xeb, 0x50, 0x0,

    /* U+00F3 "ó" */
    0x0, 0x0, 0x0, 0x8, 0xff, 0x50, 0x0, 0x0,
    0x0, 0x0, 0x4f, 0xf8, 0x0, 0x0, 0x0, 0x0,
    0x1, 0xef, 0xa0, 0x0, 0x0, 0x0, 0x0, 0xa,
    0xfc, 0x0, 0x0, 0x0, 0x0, 0x0, 0x3, 0x31,
    0x0, 0x0, 0x0, 0x0, 0x0, 0x0, 0x0, 0x0,
    0x0, 0x0, 0x0, 0x0, 0x6b, 0xef, 0xeb, 0x60,
    0x0, 0x0, 0x1c, 0xff, 0xff, 0xff, 0xfc, 0x10,
    0x0, 0xcf, 0xff, 0xca, 0xcf, 0xff, 0xc0, 0x6,
    0xff, 0xf5, 0x0, 0x5, 0xff, 0xf5, 0xc, 0xff,
    0xa0, 0x0, 0x0, 0xbf, 0xfa, 0xf, 0xff, 0x60,
    0x0, 0x0, 0x8f, 0xfd, 0xf, 0xff, 0x40, 0x0,
    0x0, 0x6f, 0xfe, 0xf, 0xff, 0x60, 0x0, 0x0,
    0x8f, 0xfd, 0xc, 0xff, 0x90, 0x0, 0x0, 0xcf,
    0xfa, 0x7, 0xff, 0xf4, 0x0, 0x6, 0xff, 0xf4,
    0x0, 0xdf, 0xff, 0xca, 0xdf, 0xff, 0xb0, 0x0,
    0x2d, 0xff, 0xff, 0xff, 0xfb, 0x0, 0x0, 0x0,
    0x7c, 0xef, 0xeb, 0x50, 0x0,

    /* U+00F4 "ô" */
    0x0, 0x0, 0x3, 0xff, 0xe1, 0x0, 0x0, 0x0,
    0x0, 0xd, 0xfe, 0xfa, 0x0, 0x0, 0x0, 0x0,
    0x8f, 0xc1, 0xef, 0x50, 0x0, 0x0, 0x2, 0xff,
    0x20, 0x4f, 0xe1, 0x0, 0x0, 0x1, 0x32, 0x0,
    0x2, 0x31, 0x0, 0x0, 0x0, 0x0, 0x0, 0x0,
    0x0, 0x0, 0x0, 0x0, 0x6b, 0xef, 0xeb, 0x60,
    0x0, 0x0, 0x1c, 0xff, 0xff, 0xff, 0xfc, 0x10,
    0x0, 0xcf, 0xff, 0xca, 0xcf, 0xff, 0xc0, 0x6,
    0xff, 0xf5, 0x0, 0x5, 0xff, 0xf5, 0xc, 0xff,
    0xa0, 0x0, 0x0, 0xbf, 0xfa, 0xf, 0xff, 0x60,
    0x0, 0x0, 0x8f, 0xfd, 0xf, 0xff, 0x40, 0x0,
    0x0, 0x6f, 0xfe, 0xf, 0xff, 0x60, 0x0, 0x0,
    0x8f, 0xfd, 0xc, 0xff, 0x90, 0x0, 0x0, 0xcf,
    0xfa, 0x7, 0xff, 0xf4, 0x0, 0x6, 0xff, 0xf4,
    0x0, 0xdf, 0xff, 0xca, 0xdf, 0xff, 0xb0, 0x0,
    0x2d, 0xff, 0xff, 0xff, 0xfb, 0x0, 0x0, 0x0,
    0x7c, 0xef, 0xeb, 0x50, 0x0,

    /* U+00F5 "õ" */
    0x0, 0x0, 0xaf, 0xd8, 0x23, 0xf8, 0x0, 0x0,
    0x7, 0xff, 0xff, 0xff, 0xf4, 0x0, 0x0, 0xb,
    0xe2, 0x4a, 0xee, 0x80, 0x0, 0x0, 0x0, 0x0,
    0x0, 0x0, 0x0, 0x0, 0x0, 0x0, 0x0, 0x0,
    0x0, 0x0, 0x0, 0x0, 0x0, 0x6b, 0xef, 0xeb,
    0x60, 0x0, 0x0, 0x1c, 0xff, 0xff, 0xff, 0xfc,
    0x10, 0x0, 0xcf, 0xff, 0xca, 0xcf, 0xff, 0xc0,
    0x6, 0xff, 0xf5, 0x0, 0x5, 0xff, 0xf5, 0xc,
    0xff, 0xa0, 0x0, 0x0, 0xbf, 0xfa, 0xf, 0xff,
    0x60, 0x0, 0x0, 0x8f, 0xfd, 0xf, 0xff, 0x40,
    0x0, 0x0, 0x6f, 0xfe, 0xf, 0xff, 0x60, 0x0,
    0x0, 0x8f, 0xfd, 0xc, 0xff, 0x90, 0x0, 0x0,
    0xcf, 0xfa, 0x7, 0xff, 0xf4, 0x0, 0x6, 0xff,
    0xf4, 0x0, 0xdf, 0xff, 0xca, 0xdf, 0xff, 0xb0,
    0x0, 0x2d, 0xff, 0xff, 0xff, 0xfb, 0x0, 0x0,
    0x0, 0x7c, 0xef, 0xeb, 0x50, 0x0,

    /* U+00F6 "ö" */
    0x0, 0x6, 0xfd, 0x10, 0x3d, 0xe4, 0x0, 0x0,
    0xd, 0xff, 0x60, 0x8f, 0xfa, 0x0, 0x0, 0x7,
    0xfe, 0x20, 0x3f, 0xf5, 0x0, 0x0, 0x0, 0x10,
    0x0, 0x0, 0x0, 0x0, 0x0, 0x0, 0x0, 0x0,
    0x0, 0x0, 0x0, 0x0, 0x0, 0x6b, 0xef, 0xeb,
    0x60, 0x0, 0x0, 0x1c, 0xff, 0xff, 0xff, 0xfc,
    0x10, 0x0, 0xcf, 0xff, 0xca, 0xcf, 0xff, 0xc0,
    0x6, 0xff, 0xf5, 0x0, 0x5, 0xff, 0xf5, 0xc,
    0xff, 0xa0, 0x0, 0x0, 0xbf, 0xfa, 0xf, 0xff,
    0x60, 0x0, 0x0, 0x8f, 0xfd, 0xf, 0xff, 0x40,
    0x0, 0x0, 0x6f, 0xfe, 0xf, 0xff, 0x60, 0x0,
    0x0, 0x8f, 0xfd, 0xc, 0xff, 0x90, 0x0, 0x0,
    0xcf, 0xfa, 0x7, 0xff, 0xf4, 0x0, 0x6, 0xff,
    0xf4, 0x0, 0xdf, 0xff, 0xca, 0xdf, 0xff, 0xb0,
    0x0, 0x2d, 0xff, 0xff, 0xff, 0xfb, 0x0, 0x0,
    0x0, 0x7c, 0xef, 0xeb, 0x50, 0x0,

    /* U+00F7 "÷" */
    0x0, 0x0, 0x5, 0xfb, 0x0, 0x0, 0x0, 0x0,
    0x0, 0xcf, 0xf3, 0x0, 0x0, 0x0, 0x0, 0x9,
    0xfe, 0x0, 0x0, 0x0, 0x0, 0x0, 0x3, 0x0,
    0x0, 0x0, 0x0, 0x0, 0x0, 0x0, 0x0, 0x0,
    0x0, 0x44, 0x44, 0x44, 0x44, 0x44, 0x41, 0x2f,
    0xff, 0xff, 0xff, 0xff, 0xff, 0x62, 0xff, 0xff,
    0xff, 0xff, 0xff, 0xf6, 0x0, 0x0, 0x0, 0x0,
    0x0, 0x0, 0x0, 0x0, 0x0, 0x2, 0x0, 0x0,
    0x0, 0x0, 0x0, 0x9, 0xfd, 0x0, 0x0, 0x0,
    0x0, 0x0, 0xef, 0xf2, 0x0, 0x0, 0x0, 0x0,
    0x6, 0xfa, 0x0, 0x0, 0x0,

    /* U+00F8 "ø" */
    0x0, 0x0, 0x0, 0x0, 0x0, 0x0, 0x47, 0x0,
    0x0, 0x6, 0xbe, 0xfe, 0xb6, 0x3f, 0xf2, 0x0,
    0x1c, 0xff, 0xff, 0xff, 0xff, 0xf5, 0x0, 0xd,
    0xff, 0xe9, 0x79, 0xff, 0xfc, 0x0, 0x6, 0xff,
    0xe1, 0x0, 0x1d, 0xff, 0xf4, 0x0, 0xcf, 0xf6,
    0x0, 0x1d, 0xfd, 0xff, 0xa0, 0xf, 0xff, 0x20,
    0x1d, 0xf9, 0x4f, 0xfd, 0x0, 0xff, 0xf1, 0xc,
    0xf9, 0x3, 0xff, 0xe0, 0xf, 0xff, 0x4c, 0xfa,
    0x0, 0x4f, 0xfd, 0x0, 0xcf, 0xff, 0xfb, 0x0,
    0x8, 0xff, 0xa0, 0x6, 0xff, 0xfb, 0x0, 0x2,
    0xef, 0xf4, 0x0, 0xf, 0xff, 0xf9, 0x79, 0xff,
    0xfb, 0x0, 0x9, 0xff, 0xff, 0xff, 0xff, 0xfc,
    0x10, 0x3, 0xfd, 0x16, 0xcf, 0xfe, 0xb5, 0x0,
    0x0, 0x5, 0x10, 0x0, 0x0, 0x0, 0x0, 0x0,
    0x0,

    /* U+00F9 "ù" */
    0x0, 0x1e, 0xfd, 0x0, 0x0, 0x0, 0x0, 0x2,
    0xef, 0xa0, 0x0, 0x0, 0x0, 0x0, 0x3f, 0xf6,
    0x0, 0x0, 0x0, 0x0, 0x4, 0xff, 0x30, 0x0,
    0x0, 0x0, 0x0, 0x0, 0x0, 0x0, 0x0, 0x0,
    0x0, 0x0, 0x0, 0x0, 0x8f, 0xfc, 0x0, 0x0,
    0x5f, 0xfe, 0x8f, 0xfc, 0x0, 0x0, 0x5f, 0xfe,
    0x8f, 0xfc, 0x0, 0x0, 0x5f, 0xfe, 0x8f, 0xfc,
    0x0, 0x0, 0x5f, 0xfe, 0x8f, 0xfc, 0x0, 0x0,
    0x5f, 0xfe, 0x8f, 0xfc, 0x0, 0x0, 0x5f, 0xfe,
    0x8f, 0xfc, 0x0, 0x0, 0x5f, 0xfe, 0x7f, 0xfc,
    0x0, 0x0, 0x6f, 0xfe, 0x7f, 0xfe, 0x0, 0x0,
    0x8f, 0xfe, 0x5f, 0xff, 0x50, 0x2, 0xff, 0xfe,
    0x1f, 0xff, 0xfb, 0xbf, 0xff, 0xfe, 0x7, 0xff,
    0xff, 0xfe, 0x7f, 0xfe, 0x0, 0x6d, 0xfe, 0xa1,
    0x5f, 0xfe,

    /* U+00FA "ú" */
    0x0, 0x0, 0x0, 0xaf, 0xf4, 0x0, 0x0, 0x0,
    0x6, 0xff, 0x50, 0x0, 0x0, 0x0, 0x2f, 0xf7,
    0x0, 0x0, 0x0, 0x0, 0xdf, 0x90, 0x0, 0x0,
    0x0, 0x0, 0x0, 0x0, 0x0, 0x0, 0x0, 0x0,
    0x0, 0x0, 0x0, 0x0, 0x8f, 0xfc, 0x0, 0x0,
    0x5f, 0xfe, 0x8f, 0xfc, 0x0, 0x0, 0x5f, 0xfe,
    0x8f, 0xfc, 0x0, 0x0, 0x5f, 0xfe, 0x8f, 0xfc,
    0x0, 0x0, 0x5f, 0xfe, 0x8f, 0xfc, 0x0, 0x0,
    0x5f, 0xfe, 0x8f, 0xfc, 0x0, 0x0, 0x5f, 0xfe,
    0x8f, 0xfc, 0x0, 0x0, 0x5f, 0xfe, 0x7f, 0xfc,
    0x0, 0x0, 0x6f, 0xfe, 0x7f, 0xfe, 0x0, 0x0,
    0x8f, 0xfe, 0x5f, 0xff, 0x50, 0x2, 0xff, 0xfe,
    0x1f, 0xff, 0xfb, 0xbf, 0xff, 0xfe, 0x7, 0xff,
    0xff, 0xfe, 0x7f, 0xfe, 0x0, 0x6d, 0xfe, 0xa1,
    0x5f, 0xfe,

    /* U+00FB "û" */
    0x0, 0x0, 0x7f, 0xfc, 0x0, 0x0, 0x0, 0x2,
    0xff, 0xdf, 0x80, 0x0, 0x0, 0xd, 0xf7, 0x2f,
    0xf3, 0x0, 0x0, 0x8f, 0xb0, 0x5, 0xfd, 0x0,
    0x0, 0x0, 0x0, 0x0, 0x0, 0x0, 0x0, 0x0,
    0x0, 0x0, 0x0, 0x0, 0x8f, 0xfc, 0x0, 0x0,
    0x5f, 0xfe, 0x8f, 0xfc, 0x0, 0x0, 0x5f, 0xfe,
    0x8f, 0xfc, 0x0, 0x0, 0x5f, 0xfe, 0x8f, 0xfc,
    0x0, 0x0, 0x5f, 0xfe, 0x8f, 0xfc, 0x0, 0x0,
    0x5f, 0xfe, 0x8f, 0xfc, 0x0, 0x0, 0x5f, 0xfe,
    0x8f, 0xfc, 0x0, 0x0, 0x5f, 0xfe, 0x7f, 0xfc,
    0x0, 0x0, 0x6f, 0xfe, 0x7f, 0xfe, 0x0, 0x0,
    0x8f, 0xfe, 0x5f, 0xff, 0x50, 0x2, 0xff, 0xfe,
    0x1f, 0xff, 0xfb, 0xbf, 0xff, 0xfe, 0x7, 0xff,
    0xff, 0xfe, 0x7f, 0xfe, 0x0, 0x6d, 0xfe, 0xa1,
    0x5f, 0xfe,

    /* U+00FC "ü" */
    0x0, 0x8f, 0xb0, 0x5, 0xed, 0x10, 0x0, 0xff,
    0xf3, 0xc, 0xff, 0x70, 0x0, 0xaf, 0xd0, 0x6,
    0xfe, 0x20, 0x0, 0x1, 0x0, 0x0, 0x0, 0x0,
    0x0, 0x0, 0x0, 0x0, 0x0, 0x0, 0x8f, 0xfc,
    0x0, 0x0, 0x5f, 0xfe, 0x8f, 0xfc, 0x0, 0x0,
    0x5f, 0xfe, 0x8f, 0xfc, 0x0, 0x0, 0x5f, 0xfe,
    0x8f, 0xfc, 0x0, 0x0, 0x5f, 0xfe, 0x8f, 0xfc,
    0x0, 0x0, 0x5f, 0xfe, 0x8f, 0xfc, 0x0, 0x0,
    0x5f, 0xfe, 0x8f, 0xfc, 0x0, 0x0, 0x5f, 0xfe,
    0x7f, 0xfc, 0x0, 0x0, 0x6f, 0xfe, 0x7f, 0xfe,
    0x0, 0x0, 0x8f, 0xfe, 0x5f, 0xff, 0x50, 0x2,
    0xff, 0xfe, 0x1f, 0xff, 0xfb, 0xbf, 0xff, 0xfe,
    0x7, 0xff, 0xff, 0xfe, 0x7f, 0xfe, 0x0, 0x6d,
    0xfe, 0xa1, 0x5f, 0xfe,

    /* U+00FD "ý" */
    0x0, 0x0, 0x0, 0x5f, 0xf9, 0x0, 0x0, 0x0,
    0x0, 0x2e, 0xfa, 0x0, 0x0, 0x0, 0x0, 0xc,
    0xfc, 0x0, 0x0, 0x0, 0x0, 0x9, 0xfd, 0x10,
    0x0, 0x0, 0x0, 0x0, 0x0, 0x0, 0x0, 0x0,
    0x0, 0x0, 0x0, 0x0, 0x0, 0x0, 0x0, 0xcf,
    0xfc, 0x0, 0x0, 0x8, 0xff, 0xb6, 0xff, 0xf1,
    0x0, 0x0, 0xdf, 0xf5, 0xf, 0xff, 0x60, 0x0,
    0x2f, 0xfe, 0x0, 0xaf, 0xfb, 0x0, 0x7, 0xff,
    0x90, 0x4, 0xff, 0xf0, 0x0, 0xcf, 0xf3, 0x0,
    0xd, 0xff, 0x50, 0x1f, 0xfd, 0x0, 0x0, 0x7f,
    0xf9, 0x6, 0xff, 0x80, 0x0, 0x1, 0xff, 0xe0,
    0xbf, 0xf2, 0x0, 0x0, 0xb, 0xff, 0x4f, 0xfc,
    0x0, 0x0, 0x0, 0x5f, 0xfb, 0xff, 0x60, 0x0,
    0x0, 0x0, 0xef, 0xff, 0xf1, 0x0, 0x0, 0x0,
    0x9, 0xff, 0xfb, 0x0, 0x0, 0x0, 0x0, 0x3f,
    0xff, 0x50, 0x0, 0x0, 0x0, 0x4, 0xff, 0xe0,
    0x0, 0x0, 0x0, 0x0, 0xaf, 0xf9, 0x0, 0x0,
    0x0, 0x0, 0x3f, 0xff, 0x20, 0x0, 0x0, 0x6b,
    0xbf, 0xff, 0x90, 0x0, 0x0, 0x6, 0xff, 0xff,
    0xc0, 0x0, 0x0, 0x0, 0x4e, 0xfe, 0x80, 0x0,
    0x0, 0x0, 0x0,

    /* U+00FE "þ" */
    0x4f, 0xff, 0x0, 0x0, 0x0, 0x0, 0x0, 0x4f,
    0xff, 0x0, 0x0, 0x0, 0x0, 0x0, 0x4f, 0xff,
    0x0, 0x0, 0x0, 0x0, 0x0, 0x4f, 0xff, 0x0,
    0x0, 0x0, 0x0, 0x0, 0x4f, 0xff, 0x0, 0x0,
    0x0, 0x0, 0x0, 0x4f, 0xff, 0x0, 0x0, 0x0,
    0x0, 0x0, 0x4f, 0xff, 0x3, 0xbe, 0xfc, 0x60,
    0x0, 0x4f, 0xff, 0x5f, 0xff, 0xff, 0xf9, 0x0,
    0x4f, 0xff, 0xff, 0xbb, 0xff, 0xff, 0x40, 0x4f,
    0xff, 0xd1, 0x0, 0x2e, 0xff, 0xb0, 0x4f, 0xff,
    0x40, 0x0, 0x8, 0xff, 0xf0, 0x4f, 0xff, 0x0,
    0x0, 0x5, 0xff, 0xf0, 0x4f, 0xff, 0x0, 0x0,
    0x4, 0xff, 0xf1, 0x4f, 0xff, 0x0, 0x0, 0x6,
    0xff, 0xf0, 0x4f, 0xff, 0x20, 0x0, 0xb, 0xff,
    0xc0, 0x4f, 0xff, 0xb0, 0x0, 0x5f, 0xff, 0x70,
    0x4f, 0xff, 0xfe, 0xac, 0xff, 0xfe, 0x10, 0x4f,
    0xff, 0xaf, 0xff, 0xff, 0xf3, 0x0, 0x4f, 0xff,
    0x7, 0xdf, 0xe9, 0x20, 0x0, 0x4f, 0xff, 0x0,
    0x0, 0x0, 0x0, 0x0, 0x4f, 0xff, 0x0, 0x0,
    0x0, 0x0, 0x0, 0x4f, 0xff, 0x0, 0x0, 0x0,
    0x0, 0x0, 0x4f, 0xff, 0x0, 0x0, 0x0, 0x0,
    0x0, 0x4f, 0xff, 0x0, 0x0, 0x0, 0x0, 0x0,
    0x4f, 0xff, 0x0, 0x0, 0x0, 0x0, 0x0,

    /* U+00FF "ÿ" */
    0x0, 0x4e, 0xd2, 0x1, 0xde, 0x50, 0x0, 0xa,
    0xff, 0x80, 0x6f, 0xfc, 0x0, 0x0, 0x5f, 0xf3,
    0x2, 0xef, 0x70, 0x0, 0x0, 0x0, 0x0, 0x0,
    0x10, 0x0, 0x0, 0x0, 0x0, 0x0, 0x0, 0x0,
    0xc, 0xff, 0xc0, 0x0, 0x0, 0x8f, 0xfb, 0x6f,
    0xff, 0x10, 0x0, 0xd, 0xff, 0x50, 0xff, 0xf6,
    0x0, 0x2, 0xff, 0xe0, 0xa, 0xff, 0xb0, 0x0,
    0x7f, 0xf9, 0x0, 0x4f, 0xff, 0x0, 0xc, 0xff,
    0x30, 0x0, 0xdf, 0xf5, 0x1, 0xff, 0xd0, 0x0,
    0x7, 0xff, 0x90, 0x6f, 0xf8, 0x0, 0x0, 0x1f,
    0xfe, 0xb, 0xff, 0x20, 0x0, 0x0, 0xbf, 0xf4,
    0xff, 0xc0, 0x0, 0x0, 0x5, 0xff, 0xbf, 0xf6,
    0x0, 0x0, 0x0, 0xe, 0xff, 0xff, 0x10, 0x0,
    0x0, 0x0, 0x9f, 0xff, 0xb0, 0x0, 0x0, 0x0,
    0x3, 0xff, 0xf5, 0x0, 0x0, 0x0, 0x0, 0x4f,
    0xfe, 0x0, 0x0, 0x0, 0x0, 0xa, 0xff, 0x90,
    0x0, 0x0, 0x0, 0x3, 0xff, 0xf2, 0x0, 0x0,
    0x6, 0xbb, 0xff, 0xf9, 0x0, 0x0, 0x0, 0x6f,
    0xff, 0xfc, 0x0, 0x0, 0x0, 0x4, 0xef, 0xe8,
    0x0, 0x0, 0x0, 0x0,

    /* U+200B "​" */

    /* U+200C "‌" */

    /* U+200D "‍" */

    /* U+2013 "–" */
    0x66, 0x66, 0x66, 0x66, 0x66, 0x66, 0x2f, 0xff,
    0xff, 0xff, 0xff, 0xff, 0xf5, 0xff, 0xff, 0xff,
    0xff, 0xff, 0xff, 0x50,

    /* U+2014 "—" */
    0x66, 0x66, 0x66, 0x66, 0x66, 0x66, 0x66, 0x66,
    0x66, 0x66, 0x66, 0x66, 0x4f, 0xff, 0xff, 0xff,
    0xff, 0xff, 0xff, 0xff, 0xff, 0xff, 0xff, 0xff,
    0xfa, 0xff, 0xff, 0xff, 0xff, 0xff, 0xff, 0xff,
    0xff, 0xff, 0xff, 0xff, 0xff, 0xa0,

    /* U+2015 "―" */
    0x66, 0x66, 0x66, 0x66, 0x66, 0x66, 0x66, 0x66,
    0x66, 0x66, 0x66, 0x66, 0xff, 0xff, 0xff, 0xff,
    0xff, 0xff, 0xff, 0xff, 0xff, 0xff, 0xff, 0xff,
    0xff, 0xff, 0xff, 0xff, 0xff, 0xff, 0xff, 0xff,
    0xff, 0xff, 0xff, 0xff,

    /* U+2018 "‘" */
    0x0, 0xef, 0x40, 0x4f, 0xf0, 0xa, 0xfc, 0x1,
    0xff, 0x80, 0x6f, 0xf4, 0x5, 0x88, 0x10,

    /* U+2019 "’" */
    0x6, 0xff, 0x50, 0xaf, 0xf0, 0xe, 0xf9, 0x2,
    0xff, 0x30, 0x6f, 0xd0, 0x4, 0x84, 0x0,

    /* U+201A "‚" */
    0x5, 0x88, 0x10, 0xdf, 0xd0, 0x1f, 0xf7, 0x5,
    0xff, 0x10, 0x9f, 0xb0, 0xd, 0xf5, 0x0,

    /* U+201C "“" */
    0x0, 0xef, 0x40, 0x4f, 0xd0, 0x4f, 0xf0, 0xa,
    0xf9, 0xa, 0xfc, 0x1, 0xff, 0x51, 0xff, 0x80,
    0x6f, 0xf2, 0x6f, 0xf4, 0xd, 0xfe, 0x5, 0x88,
    0x10, 0x88, 0x50,

    /* U+201D "”" */
    0x6, 0xff, 0x50, 0xdf, 0xe0, 0xa, 0xff, 0x1,
    0xff, 0x90, 0xe, 0xf9, 0x5, 0xff, 0x30, 0x2f,
    0xf3, 0x8, 0xfd, 0x0, 0x6f, 0xd0, 0xc, 0xf6,
    0x0, 0x48, 0x40, 0x8, 0x81, 0x0,

    /* U+201E "„" */
    0x5, 0x88, 0x10, 0x88, 0x60, 0xdf, 0xd0, 0x3f,
    0xf7, 0x1f, 0xf7, 0x7, 0xff, 0x15, 0xff, 0x10,
    0xbf, 0xb0, 0x9f, 0xb0, 0xf, 0xf5, 0xd, 0xf5,
    0x3, 0xfe, 0x0,

    /* U+2020 "†" */
    0x0, 0x3, 0xff, 0x0, 0x0, 0x0, 0x3f, 0xf0,
    0x0, 0x0, 0x3, 0xff, 0x0, 0x0, 0x0, 0x3f,
    0xf0, 0x0, 0x3f, 0xff, 0xff, 0xff, 0xf3, 0xff,
    0xff, 0xff, 0xff, 0x0, 0x3, 0xff, 0x0, 0x0,
    0x0, 0x3f, 0xf0, 0x0, 0x0, 0x3, 0xff, 0x0,
    0x0, 0x0, 0x3f, 0xf0, 0x0, 0x0, 0x3, 0xff,
    0x0, 0x0, 0x0, 0x3f, 0xf0, 0x0, 0x0, 0x3,
    0xff, 0x0, 0x0, 0x0, 0x3f, 0xf0, 0x0, 0x0,
    0x2, 0xcb, 0x0, 0x0,

    /* U+2021 "‡" */
    0x0, 0x3, 0xff, 0x0, 0x0, 0x0, 0x3f, 0xf0,
    0x0, 0x0, 0x3, 0xff, 0x0, 0x0, 0x0, 0x3f,
    0xf0, 0x0, 0x3f, 0xff, 0xff, 0xff, 0xf3, 0xff,
    0xff, 0xff, 0xff, 0x0, 0x3, 0xff, 0x0, 0x0,
    0x0, 0x3f, 0xf0, 0x0, 0x0, 0x3, 0xff, 0x0,
    0x3, 0xff, 0xff, 0xff, 0xff, 0x3e, 0xef, 0xff,
    0xee, 0xe0, 0x0, 0x3f, 0xf0, 0x0, 0x0, 0x3,
    0xff, 0x0, 0x0, 0x0, 0x3f, 0xf0, 0x0, 0x0,
    0x2, 0xcb, 0x0, 0x0,

    /* U+2022 "•" */
    0x0, 0x16, 0x61, 0x0, 0x3, 0xef, 0xfe, 0x30,
    0xd, 0xff, 0xff, 0xd0, 0x1f, 0xff, 0xff, 0xf1,
    0xf, 0xff, 0xff, 0xf0, 0x9, 0xff, 0xff, 0x90,
    0x0, 0x8e, 0xe8, 0x0,

    /* U+2025 "‥" */
    0x19, 0xa3, 0x0, 0x7, 0xa5, 0xa, 0xff, 0xe0,
    0x5, 0xff, 0xf3, 0xbf, 0xff, 0x0, 0x7f, 0xff,
    0x53, 0xde, 0x60, 0x0, 0xbf, 0xa0,

    /* U+2026 "…" */
    0x6, 0xa6, 0x0, 0x0, 0x5a, 0x70, 0x0, 0x5,
    0xa7, 0x3, 0xff, 0xf4, 0x0, 0x3f, 0xff, 0x50,
    0x2, 0xff, 0xf6, 0x5f, 0xff, 0x60, 0x4, 0xff,
    0xf7, 0x0, 0x3f, 0xff, 0x80, 0xaf, 0xb0, 0x0,
    0xa, 0xfc, 0x10, 0x0, 0x9f, 0xc1,

    /* U+2030 "‰" */
    0x1, 0x9e, 0xfd, 0x70, 0x0, 0x0, 0x8, 0xff,
    0x10, 0x0, 0x0, 0x0, 0x0, 0x0, 0x1, 0xef,
    0xff, 0xff, 0x80, 0x0, 0x2, 0xff, 0x60, 0x0,
    0x0, 0x0, 0x0, 0x0, 0x0, 0x8f, 0xd2, 0x7,
    0xff, 0x10, 0x0, 0xcf, 0xc0, 0x0, 0x0, 0x0,
    0x0, 0x0, 0x0, 0xd, 0xf7, 0x0, 0xf, 0xf4,
    0x0, 0x6f, 0xf3, 0x0, 0x0, 0x0, 0x0, 0x0,
    0x0, 0x0, 0xff, 0x50, 0x0, 0xef, 0x50, 0x1e,
    0xf8, 0x0, 0x0, 0x0, 0x0, 0x0, 0x0, 0x0,
    0xe, 0xf6, 0x0, 0xf, 0xf3, 0xa, 0xfe, 0x0,
    0x0, 0x0, 0x0, 0x0, 0x0, 0x0, 0x0, 0xaf,
    0xd1, 0x8, 0xfe, 0x4, 0xff, 0x50, 0x0, 0x0,
    0x0, 0x0, 0x0, 0x0, 0x0, 0x2, 0xff, 0xff,
    0xff, 0x50, 0xdf, 0xb0, 0x0, 0x0, 0x0, 0x0,
    0x0, 0x0, 0x0, 0x0, 0x2, 0xbf, 0xfc, 0x40,
    0x7f, 0xf1, 0x0, 0x0, 0x0, 0x0, 0x0, 0x0,
    0x0, 0x0, 0x0, 0x0, 0x0, 0x0, 0x2f, 0xf7,
    0x4, 0xcf, 0xfb, 0x30, 0x0, 0x8, 0xdf, 0xe8,
    0x0, 0x0, 0x0, 0x0, 0xb, 0xfd, 0x5, 0xff,
    0xff, 0xff, 0x20, 0xc, 0xff, 0xff, 0xfb, 0x0,
    0x0, 0x0, 0x5, 0xff, 0x30, 0xef, 0x90, 0x2e,
    0xfa, 0x5, 0xff, 0x40, 0x6f, 0xf3, 0x0, 0x0,
    0x1, 0xef, 0x90, 0x3f, 0xf1, 0x0, 0x7f, 0xe0,
    0xaf, 0xa0, 0x0, 0xdf, 0x70, 0x0, 0x0, 0x9f,
    0xe1, 0x5, 0xfe, 0x0, 0x5, 0xfe, 0xc, 0xf8,
    0x0, 0xb, 0xf8, 0x0, 0x0, 0x3f, 0xf5, 0x0,
    0x4f, 0xf0, 0x0, 0x6f, 0xd0, 0xbf, 0x90, 0x0,
    0xcf, 0x60, 0x0, 0xd, 0xfb, 0x0, 0x0, 0xff,
    0x60, 0xc, 0xf8, 0x7, 0xfe, 0x10, 0x3f, 0xf2,
    0x0, 0x7, 0xff, 0x20, 0x0, 0x7, 0xff, 0xce,
    0xfd, 0x10, 0xd, 0xfe, 0xcf, 0xf8, 0x0, 0x2,
    0xff, 0x70, 0x0, 0x0, 0x6, 0xdf, 0xe9, 0x10,
    0x0, 0x1a, 0xef, 0xd6, 0x0,

    /* U+2032 "′" */
    0x7, 0xff, 0x20, 0xaf, 0xe0, 0xc, 0xfa, 0x0,
    0xff, 0x60, 0x1f, 0xf2, 0x1, 0x77, 0x0,

    /* U+2033 "″" */
    0x6, 0xff, 0x40, 0xff, 0x90, 0x8f, 0xf0, 0x2f,
    0xf5, 0xb, 0xfc, 0x5, 0xff, 0x10, 0xdf, 0x70,
    0x7f, 0xd0, 0xf, 0xf3, 0xa, 0xf9, 0x0, 0x87,
    0x0, 0x68, 0x30,

    /* U+2039 "‹" */
    0x0, 0x0, 0x36, 0x62, 0x0, 0x3, 0xff, 0xa0,
    0x0, 0x2e, 0xfb, 0x0, 0x1, 0xef, 0xc0, 0x0,
    0xd, 0xfd, 0x10, 0x0, 0x9, 0xff, 0x40, 0x0,
    0x0, 0xaf, 0xf3, 0x0, 0x0, 0xb, 0xfe, 0x20,
    0x0, 0x0, 0xcf, 0xe2,

    /* U+203A "›" */
    0x6, 0x65, 0x0, 0x0, 0x6, 0xff, 0x70, 0x0,
    0x0, 0x7f, 0xf6, 0x0, 0x0, 0x8, 0xff, 0x40,
    0x0, 0x0, 0xaf, 0xf3, 0x0, 0x1, 0xdf, 0xd1,
    0x0, 0x1d, 0xfd, 0x10, 0x0, 0xcf, 0xe2, 0x0,
    0xb, 0xfe, 0x20, 0x0,

    /* U+203B "※" */
    0x0, 0x0, 0x0, 0x0, 0x0, 0x0, 0x0, 0x0,
    0x0, 0x0, 0xab, 0x0, 0x0, 0x0, 0x0, 0x0,
    0x0, 0x9, 0xc0, 0x1d, 0xfa, 0x0, 0x0, 0x7f,
    0xa0, 0x0, 0x8, 0xff, 0x30, 0x2e, 0xf9, 0x0,
    0xf, 0xff, 0x30, 0x7, 0xff, 0x40, 0x0, 0x2e,
    0xf8, 0x0, 0xef, 0xf1, 0x6, 0xff, 0x50, 0x0,
    0x0, 0x3f, 0xf7, 0x2, 0x73, 0x5, 0xff, 0x60,
    0x0, 0x0, 0x0, 0x4f, 0xf6, 0x0, 0x4, 0xff,
    0x70, 0x0, 0x0, 0x0, 0x0, 0x5f, 0xf5, 0x3,
    0xff, 0x80, 0x0, 0x0, 0x0, 0x17, 0x30, 0x6f,
    0xf7, 0xef, 0x90, 0x27, 0x30, 0x0, 0xd, 0xff,
    0x20, 0x7f, 0xff, 0xa0, 0xe, 0xff, 0x10, 0x0,
    0xff, 0xf4, 0x2, 0xff, 0xf4, 0x1, 0xff, 0xf3,
    0x0, 0x7, 0xfb, 0x2, 0xef, 0xdf, 0xf3, 0x8,
    0xfa, 0x0, 0x0, 0x0, 0x2, 0xef, 0xb0, 0x8f,
    0xf3, 0x0, 0x0, 0x0, 0x0, 0x1, 0xef, 0xb0,
    0x0, 0x9f, 0xf3, 0x0, 0x0, 0x0, 0x1, 0xdf,
    0xb0, 0x27, 0x30, 0x9f, 0xf3, 0x0, 0x0, 0x1,
    0xdf, 0xb0, 0xe, 0xff, 0x10, 0x9f, 0xf3, 0x0,
    0x1, 0xdf, 0xc0, 0x0, 0xff, 0xf3, 0x0, 0x9f,
    0xe3, 0x1, 0xdf, 0xc0, 0x0, 0x8, 0xfa, 0x0,
    0x0, 0x9f, 0xe2, 0xa, 0xc0, 0x0, 0x0, 0x0,
    0x0, 0x0, 0x0, 0xad, 0x10, 0x0, 0x0, 0x0,
    0x0, 0x0, 0x0, 0x0, 0x0, 0x10,

    /* U+203C "‼" */
    0xd, 0xff, 0x80, 0x0, 0x1f, 0xff, 0x50, 0xdf,
    0xf8, 0x0, 0x1, 0xff, 0xf4, 0xc, 0xff, 0x70,
    0x0, 0xf, 0xff, 0x40, 0xcf, 0xf7, 0x0, 0x0,
    0xff, 0xf3, 0xb, 0xff, 0x60, 0x0, 0xf, 0xff,
    0x30, 0xbf, 0xf6, 0x0, 0x0, 0xff, 0xf2, 0xa,
    0xff, 0x50, 0x0, 0xe, 0xff, 0x20, 0xaf, 0xf5,
    0x0, 0x0, 0xef, 0xf1, 0x9, 0xff, 0x40, 0x0,
    0xd, 0xff, 0x10, 0x9f, 0xf4, 0x0, 0x0, 0xdf,
    0xf0, 0x8, 0xff, 0x30, 0x0, 0xc, 0xff, 0x0,
    0x8f, 0xf3, 0x0, 0x0, 0xcf, 0xf0, 0x3, 0x66,
    0x10, 0x0, 0x4, 0x65, 0x0, 0x0, 0x0, 0x0,
    0x0, 0x0, 0x0, 0x2, 0xa8, 0x10, 0x0, 0x4,
    0xa7, 0x0, 0xef, 0xfa, 0x0, 0x2, 0xff, 0xf6,
    0xf, 0xff, 0xc0, 0x0, 0x3f, 0xff, 0x80, 0x6e,
    0xe3, 0x0, 0x0, 0x9f, 0xc1,

    /* U+2047 "⁇" */
    0x28, 0xdf, 0xfd, 0x92, 0x0, 0x3, 0x9d, 0xff,
    0xd8, 0x10, 0xf, 0xff, 0xff, 0xff, 0xf3, 0x2,
    0xff, 0xff, 0xff, 0xfe, 0x20, 0xff, 0xfd, 0xef,
    0xff, 0xd0, 0x2f, 0xff, 0xdf, 0xff, 0xfa, 0xe,
    0x50, 0x0, 0x9f, 0xff, 0x12, 0xd4, 0x0, 0xb,
    0xff, 0xf0, 0x10, 0x0, 0x2, 0xff, 0xf2, 0x0,
    0x0, 0x0, 0x4f, 0xff, 0x0, 0x0, 0x0, 0x3f,
    0xff, 0x0, 0x0, 0x0, 0x6, 0xff, 0xd0, 0x0,
    0x0, 0xc, 0xff, 0x80, 0x0, 0x0, 0x1, 0xef,
    0xf6, 0x0, 0x0, 0xb, 0xff, 0xc0, 0x0, 0x0,
    0x1, 0xdf, 0xfa, 0x0, 0x0, 0xb, 0xff, 0xb0,
    0x0, 0x0, 0x0, 0xdf, 0xfa, 0x0, 0x0, 0x6,
    0xff, 0xb0, 0x0, 0x0, 0x0, 0x8f, 0xf9, 0x0,
    0x0, 0x0, 0xbf, 0xf1, 0x0, 0x0, 0x0, 0xe,
    0xfe, 0x0, 0x0, 0x0, 0xc, 0xfe, 0x0, 0x0,
    0x0, 0x0, 0xff, 0xc0, 0x0, 0x0, 0x0, 0x6b,
    0xa1, 0x0, 0x0, 0x0, 0x8, 0xba, 0x0, 0x0,
    0x0, 0x0, 0x0, 0x0, 0x0, 0x0, 0x0, 0x0,
    0x0, 0x0, 0x0, 0x0, 0x29, 0x91, 0x0, 0x0,
    0x0, 0x3, 0xa8, 0x0, 0x0, 0x0, 0xc, 0xff,
    0xb0, 0x0, 0x0, 0x0, 0xef, 0xf9, 0x0, 0x0,
    0x0, 0xef, 0xfd, 0x0, 0x0, 0x0, 0x1f, 0xff,
    0xb0, 0x0, 0x0, 0x5, 0xee, 0x40, 0x0, 0x0,
    0x0, 0x6e, 0xd3, 0x0, 0x0,

    /* U+2048 "⁈" */
    0x39, 0xde, 0xfd, 0x92, 0x0, 0x0, 0xff, 0xf6,
    0xff, 0xff, 0xff, 0xff, 0x30, 0x0, 0xff, 0xf6,
    0xff, 0xfd, 0xef, 0xff, 0xd0, 0x0, 0xff, 0xf5,
    0xe5, 0x0, 0x9, 0xff, 0xf1, 0x0, 0xef, 0xf5,
    0x10, 0x0, 0x2, 0xff, 0xf2, 0x0, 0xef, 0xf4,
    0x0, 0x0, 0x3, 0xff, 0xf0, 0x0, 0xdf, 0xf4,
    0x0, 0x0, 0xc, 0xff, 0x80, 0x0, 0xdf, 0xf3,
    0x0, 0x0, 0xbf, 0xfc, 0x0, 0x0, 0xcf, 0xf3,
    0x0, 0xb, 0xff, 0xb0, 0x0, 0x0, 0xcf, 0xf2,
    0x0, 0x6f, 0xfb, 0x0, 0x0, 0x0, 0xbf, 0xf2,
    0x0, 0xbf, 0xf1, 0x0, 0x0, 0x0, 0xbf, 0xf1,
    0x0, 0xcf, 0xe0, 0x0, 0x0, 0x0, 0xaf, 0xf0,
    0x0, 0x6b, 0xa1, 0x0, 0x0, 0x0, 0x36, 0x60,
    0x0, 0x0, 0x0, 0x0, 0x0, 0x0, 0x0, 0x0,
    0x0, 0x29, 0x91, 0x0, 0x0, 0x0, 0x4a, 0x80,
    0x0, 0xcf, 0xfb, 0x0, 0x0, 0x1, 0xff, 0xf7,
    0x0, 0xef, 0xfd, 0x0, 0x0, 0x2, 0xff, 0xf9,
    0x0, 0x5e, 0xe4, 0x0, 0x0, 0x0, 0x8f, 0xd2,

    /* U+2049 "⁉" */
    0xd, 0xff, 0x80, 0x0, 0x4a, 0xdf, 0xfd, 0x80,
    0x0, 0xdf, 0xf8, 0x0, 0x4f, 0xff, 0xff, 0xff,
    0xd1, 0xc, 0xff, 0x70, 0x4, 0xff, 0xed, 0xff,
    0xff, 0x90, 0xcf, 0xf7, 0x0, 0x4c, 0x40, 0x1,
    0xcf, 0xfd, 0xb, 0xff, 0x60, 0x1, 0x0, 0x0,
    0x6, 0xff, 0xe0, 0xbf, 0xf6, 0x0, 0x0, 0x0,
    0x0, 0x7f, 0xfb, 0xa, 0xff, 0x50, 0x0, 0x0,
    0x0, 0x2e, 0xff, 0x50, 0xaf, 0xf5, 0x0, 0x0,
    0x0, 0x2e, 0xff, 0x90, 0x9, 0xff, 0x40, 0x0,
    0x0, 0x1e, 0xff, 0x80, 0x0, 0x9f, 0xf4, 0x0,
    0x0, 0xa, 0xff, 0x80, 0x0, 0x8, 0xff, 0x30,
    0x0, 0x0, 0xff, 0xd0, 0x0, 0x0, 0x8f, 0xf3,
    0x0, 0x0, 0xf, 0xfb, 0x0, 0x0, 0x3, 0x66,
    0x10, 0x0, 0x0, 0x9b, 0x90, 0x0, 0x0, 0x0,
    0x0, 0x0, 0x0, 0x0, 0x0, 0x0, 0x0, 0x2,
    0xa8, 0x10, 0x0, 0x0, 0x4a, 0x80, 0x0, 0x0,
    0xef, 0xfa, 0x0, 0x0, 0x1f, 0xff, 0x80, 0x0,
    0xf, 0xff, 0xc0, 0x0, 0x2, 0xff, 0xf9, 0x0,
    0x0, 0x6e, 0xe3, 0x0, 0x0, 0x8, 0xfd, 0x20,
    0x0,

    /* U+2103 "℃" */
    0x0, 0x4a, 0xa6, 0x0, 0x0, 0x0, 0x1, 0x59,
    0xab, 0xa8, 0x51, 0x6, 0xff, 0xff, 0xa0, 0x0,
    0x1, 0x9f, 0xff, 0xff, 0xff, 0xf9, 0xf, 0xe2,
    0xb, 0xf3, 0x0, 0x3e, 0xff, 0xff, 0xff, 0xff,
    0xf9, 0x2f, 0x80, 0x3, 0xf7, 0x2, 0xef, 0xff,
    0xd7, 0x43, 0x36, 0xb9, 0x1f, 0xb0, 0x6, 0xf5,
    0xc, 0xff, 0xf7, 0x0, 0x0, 0x0, 0x0, 0xa,
    0xfc, 0xaf, 0xe0, 0x4f, 0xff, 0x70, 0x0, 0x0,
    0x0, 0x0, 0x1, 0xaf, 0xfc, 0x20, 0xaf, 0xfd,
    0x0, 0x0, 0x0, 0x0, 0x0, 0x0, 0x0, 0x10,
    0x0, 0xef, 0xf8, 0x0, 0x0, 0x0, 0x0, 0x0,
    0x0, 0x0, 0x0, 0x0, 0xff, 0xf5, 0x0, 0x0,
    0x0, 0x0, 0x0, 0x0, 0x0, 0x0, 0x1, 0xff,
    0xf5, 0x0, 0x0, 0x0, 0x0, 0x0, 0x0, 0x0,
    0x0, 0x0, 0xff, 0xf6, 0x0, 0x0, 0x0, 0x0,
    0x0, 0x0, 0x0, 0x0, 0x0, 0xef, 0xf9, 0x0,
    0x0, 0x0, 0x0, 0x0, 0x0, 0x0, 0x0, 0x0,
    0xaf, 0xff, 0x10, 0x0, 0x0, 0x0, 0x0, 0x0,
    0x0, 0x0, 0x0, 0x4f, 0xff, 0xb0, 0x0, 0x0,
    0x0, 0x0, 0x0, 0x0, 0x0, 0x0, 0xc, 0xff,
    0xfc, 0x40, 0x0, 0x0, 0x46, 0x0, 0x0, 0x0,
    0x0, 0x1, 0xef, 0xff, 0xfe, 0xcc, 0xdf, 0xf9,
    0x0, 0x0, 0x0, 0x0, 0x0, 0x1c, 0xff, 0xff,
    0xff, 0xff, 0xf9, 0x0, 0x0, 0x0, 0x0, 0x0,
    0x0, 0x4a, 0xef, 0xff, 0xfd, 0x82, 0x0, 0x0,
    0x0, 0x0, 0x0, 0x0, 0x0, 0x0, 0x11, 0x0,
    0x0,

    /* U+2190 "←" */
    0x0, 0x0, 0x28, 0x10, 0x0, 0x0, 0x0, 0x0,
    0x0, 0x0, 0x0, 0x0, 0xbf, 0x60, 0x0, 0x0,
    0x0, 0x0, 0x0, 0x0, 0x0, 0xa, 0xfd, 0x0,
    0x0, 0x0, 0x0, 0x0, 0x0, 0x0, 0x15, 0xcf,
    0xf6, 0x44, 0x44, 0x44, 0x44, 0x44, 0x44, 0x41,
    0xef, 0xff, 0xff, 0xff, 0xff, 0xff, 0xff, 0xff,
    0xff, 0xf7, 0x9d, 0xff, 0xfd, 0xdd, 0xdd, 0xdd,
    0xdd, 0xdd, 0xdd, 0xd6, 0x0, 0x6f, 0xf5, 0x0,
    0x0, 0x0, 0x0, 0x0, 0x0, 0x0, 0x0, 0x4,
    0xff, 0x20, 0x0, 0x0, 0x0, 0x0, 0x0, 0x0,
    0x0, 0x0, 0x8f, 0x60, 0x0, 0x0, 0x0, 0x0,
    0x0, 0x0, 0x0, 0x0, 0x2, 0x0, 0x0, 0x0,
    0x0, 0x0, 0x0, 0x0,

    /* U+2191 "↑" */
    0x0, 0x0, 0xdd, 0x0, 0x0, 0x0, 0x1, 0xff,
    0x20, 0x0, 0x0, 0xa, 0xff, 0xa0, 0x0, 0x0,
    0x7f, 0xff, 0xf7, 0x0, 0x1a, 0xff, 0xff, 0xff,
    0xa1, 0x4f, 0xe4, 0xff, 0x4e, 0xf4, 0x6, 0x0,
    0xff, 0x10, 0x60, 0x0, 0x0, 0xff, 0x10, 0x0,
    0x0, 0x0, 0xff, 0x10, 0x0, 0x0, 0x0, 0xff,
    0x10, 0x0, 0x0, 0x0, 0xff, 0x10, 0x0, 0x0,
    0x0, 0xff, 0x10, 0x0, 0x0, 0x0, 0xff, 0x10,
    0x0, 0x0, 0x0, 0xff, 0x10, 0x0, 0x0, 0x0,
    0xff, 0x10, 0x0, 0x0, 0x0, 0xff, 0x10, 0x0,
    0x0, 0x0, 0xff, 0x10, 0x0, 0x0, 0x0, 0xff,
    0x10, 0x0, 0x0, 0x0, 0xff, 0x10, 0x0, 0x0,
    0x0, 0x77, 0x0, 0x0,

    /* U+2192 "→" */
    0x0, 0x0, 0x0, 0x0, 0x0, 0x0, 0x4, 0x80,
    0x0, 0x0, 0x0, 0x0, 0x0, 0x0, 0x0, 0x0,
    0xd, 0xf5, 0x0, 0x0, 0x0, 0x0, 0x0, 0x0,
    0x0, 0x0, 0x4, 0xff, 0x40, 0x0, 0x34, 0x44,
    0x44, 0x44, 0x44, 0x44, 0x44, 0xbf, 0xf9, 0x20,
    0xef, 0xff, 0xff, 0xff, 0xff, 0xff, 0xff, 0xff,
    0xff, 0xf7, 0xcd, 0xdd, 0xdd, 0xdd, 0xdd, 0xdd,
    0xdd, 0xef, 0xff, 0xb4, 0x0, 0x0, 0x0, 0x0,
    0x0, 0x0, 0x0, 0xcf, 0xc2, 0x0, 0x0, 0x0,
    0x0, 0x0, 0x0, 0x0, 0x8, 0xfc, 0x0, 0x0,
    0x0, 0x0, 0x0, 0x0, 0x0, 0x0, 0xc, 0xf1,
    0x0, 0x0, 0x0, 0x0, 0x0, 0x0, 0x0, 0x0,
    0x0, 0x20, 0x0, 0x0,

    /* U+2193 "↓" */
    0x0, 0x0, 0xff, 0x0, 0x0, 0x0, 0x0, 0xff,
    0x10, 0x0, 0x0, 0x0, 0xff, 0x10, 0x0, 0x0,
    0x0, 0xff, 0x10, 0x0, 0x0, 0x0, 0xff, 0x10,
    0x0, 0x0, 0x0, 0xff, 0x10, 0x0, 0x0, 0x0,
    0xff, 0x10, 0x0, 0x0, 0x0, 0xff, 0x10, 0x0,
    0x0, 0x0, 0xff, 0x10, 0x0, 0x0, 0x0, 0xff,
    0x10, 0x0, 0x0, 0x0, 0xff, 0x10, 0x0, 0x0,
    0x0, 0xff, 0x10, 0x0, 0x0, 0x0, 0xff, 0x10,
    0x0, 0x1e, 0x60, 0xff, 0x17, 0xe1, 0x5f, 0xfa,
    0xff, 0xbf, 0xf4, 0x2, 0xdf, 0xff, 0xfd, 0x20,
    0x0, 0x1e, 0xff, 0xe1, 0x0, 0x0, 0x5, 0xff,
    0x50, 0x0, 0x0, 0x0, 0xff, 0x0, 0x0, 0x0,
    0x0, 0x66, 0x0, 0x0,

    /* U+2194 "↔" */
    0x0, 0x0, 0x15, 0x0, 0x0, 0x0, 0x1, 0x50,
    0x0, 0x0, 0x0, 0x0, 0x9f, 0x70, 0x0, 0x0,
    0xe, 0xf2, 0x0, 0x0, 0x0, 0x6, 0xfe, 0x10,
    0x0, 0x0, 0x6, 0xfd, 0x10, 0x0, 0x1, 0x9f,
    0xf4, 0x0, 0x0, 0x0, 0x0, 0xbf, 0xe5, 0x0,
    0xcf, 0xff, 0xff, 0xff, 0xff, 0xff, 0xff, 0xff,
    0xff, 0xe6, 0xcf, 0xff, 0xff, 0xff, 0xff, 0xff,
    0xff, 0xff, 0xff, 0xf6, 0x1, 0xaf, 0xf4, 0x0,
    0x0, 0x0, 0x0, 0xaf, 0xe6, 0x0, 0x0, 0x7,
    0xfe, 0x0, 0x0, 0x0, 0x6, 0xfe, 0x20, 0x0,
    0x0, 0x0, 0xaf, 0x70, 0x0, 0x0, 0xe, 0xf3,
    0x0, 0x0, 0x0, 0x0, 0x15, 0x0, 0x0, 0x0,
    0x1, 0x50, 0x0, 0x0,

    /* U+2195 "↕" */
    0x0, 0x0, 0xdd, 0x0, 0x0, 0x0, 0x1, 0xff,
    0x20, 0x0, 0x0, 0xa, 0xff, 0xa0, 0x0, 0x0,
    0x7f, 0xff, 0xf7, 0x0, 0x1a, 0xff, 0xff, 0xff,
    0xa1, 0x4f, 0xe3, 0xff, 0x4e, 0xf4, 0x6, 0x0,
    0xff, 0x10, 0x60, 0x0, 0x0, 0xff, 0x10, 0x0,
    0x0, 0x0, 0xff, 0x10, 0x0, 0x0, 0x0, 0xff,
    0x10, 0x0, 0x0, 0x0, 0xff, 0x10, 0x0, 0x0,
    0x0, 0xff, 0x10, 0x0, 0x0, 0x0, 0xff, 0x10,
    0x0, 0x1e, 0x60, 0xff, 0x17, 0xe1, 0x5f, 0xfa,
    0xff, 0xbf, 0xf4, 0x2, 0xdf, 0xff, 0xfd, 0x20,
    0x0, 0x1e, 0xff, 0xe1, 0x0, 0x0, 0x5, 0xff,
    0x50, 0x0, 0x0, 0x0, 0xff, 0x0, 0x0, 0x0,
    0x0, 0x66, 0x0, 0x0,

    /* U+2196 "↖" */
    0x3, 0x0, 0x0, 0x0, 0x0, 0x0, 0x0, 0x0,
    0x3f, 0xd6, 0x32, 0x37, 0x0, 0x0, 0x0, 0x0,
    0xd, 0xff, 0xff, 0xff, 0x30, 0x0, 0x0, 0x0,
    0x7, 0xff, 0xfd, 0xa6, 0x10, 0x0, 0x0, 0x0,
    0x3, 0xff, 0xfd, 0x10, 0x0, 0x0, 0x0, 0x0,
    0x2, 0xfc, 0xef, 0xd1, 0x0, 0x0, 0x0, 0x0,
    0x3, 0xf9, 0x2e, 0xfd, 0x10, 0x0, 0x0, 0x0,
    0x7, 0xf6, 0x2, 0xef, 0xd1, 0x0, 0x0, 0x0,
    0x0, 0x31, 0x0, 0x2e, 0xfd, 0x10, 0x0, 0x0,
    0x0, 0x0, 0x0, 0x2, 0xef, 0xd1, 0x0, 0x0,
    0x0, 0x0, 0x0, 0x0, 0x2e, 0xfd, 0x10, 0x0,
    0x0, 0x0, 0x0, 0x0, 0x2, 0xef, 0xd1, 0x0,
    0x0, 0x0, 0x0, 0x0, 0x0, 0x2e, 0xfd, 0x10,
    0x0, 0x0, 0x0, 0x0, 0x0, 0x2, 0xef, 0xd1,
    0x0, 0x0, 0x0, 0x0, 0x0, 0x0, 0x2e, 0xf3,
    0x0, 0x0, 0x0, 0x0, 0x0, 0x0, 0x2, 0x30,

    /* U+2197 "↗" */
    0x0, 0x0, 0x0, 0x0, 0x0, 0x0, 0x0, 0x20,
    0x0, 0x0, 0x0, 0x0, 0x73, 0x23, 0x6d, 0xf2,
    0x0, 0x0, 0x0, 0x3, 0xff, 0xff, 0xff, 0xd0,
    0x0, 0x0, 0x0, 0x1, 0x6a, 0xcf, 0xff, 0x60,
    0x0, 0x0, 0x0, 0x0, 0x1, 0xdf, 0xff, 0x30,
    0x0, 0x0, 0x0, 0x0, 0x1d, 0xfd, 0xcf, 0x20,
    0x0, 0x0, 0x0, 0x1, 0xdf, 0xd1, 0xaf, 0x30,
    0x0, 0x0, 0x0, 0x1d, 0xfd, 0x10, 0x6f, 0x70,
    0x0, 0x0, 0x1, 0xdf, 0xd1, 0x0, 0x13, 0x0,
    0x0, 0x0, 0x1d, 0xfd, 0x10, 0x0, 0x0, 0x0,
    0x0, 0x1, 0xdf, 0xd1, 0x0, 0x0, 0x0, 0x0,
    0x0, 0x1d, 0xfd, 0x10, 0x0, 0x0, 0x0, 0x0,
    0x1, 0xdf, 0xd1, 0x0, 0x0, 0x0, 0x0, 0x0,
    0x1d, 0xfd, 0x10, 0x0, 0x0, 0x0, 0x0, 0x0,
    0x3f, 0xd1, 0x0, 0x0, 0x0, 0x0, 0x0, 0x0,
    0x3, 0x10, 0x0, 0x0, 0x0, 0x0, 0x0, 0x0,

    /* U+2198 "↘" */
    0x6, 0x30, 0x0, 0x0, 0x0, 0x0, 0x0, 0x0,
    0x4f, 0xf3, 0x0, 0x0, 0x0, 0x0, 0x0, 0x0,
    0xb, 0xff, 0x30, 0x0, 0x0, 0x0, 0x0, 0x0,
    0x0, 0xbf, 0xf3, 0x0, 0x0, 0x0, 0x0, 0x0,
    0x0, 0xb, 0xff, 0x30, 0x0, 0x0, 0x0, 0x0,
    0x0, 0x0, 0xbf, 0xf3, 0x0, 0x0, 0x0, 0x0,
    0x0, 0x0, 0xb, 0xff, 0x30, 0x0, 0x0, 0x0,
    0x0, 0x0, 0x0, 0xbf, 0xf3, 0x0, 0x26, 0x10,
    0x0, 0x0, 0x0, 0xb, 0xff, 0x30, 0x7f, 0x60,
    0x0, 0x0, 0x0, 0x0, 0xbf, 0xf3, 0xaf, 0x30,
    0x0, 0x0, 0x0, 0x0, 0xb, 0xff, 0xdf, 0x20,
    0x0, 0x0, 0x0, 0x0, 0x0, 0xbf, 0xff, 0x30,
    0x0, 0x0, 0x0, 0x2, 0xad, 0xff, 0xff, 0x70,
    0x0, 0x0, 0x0, 0x2, 0xff, 0xff, 0xff, 0xe1,
    0x0, 0x0, 0x0, 0x0, 0x30, 0x0, 0x3a, 0xe1,
    0x0, 0x0, 0x0, 0x0, 0x0, 0x0, 0x0, 0x0,

    /* U+2199 "↙" */
    0x0, 0x0, 0x0, 0x0, 0x0, 0x0, 0x3, 0x60,
    0x0, 0x0, 0x0, 0x0, 0x0, 0x0, 0x3f, 0xf4,
    0x0, 0x0, 0x0, 0x0, 0x0, 0x3, 0xff, 0xb0,
    0x0, 0x0, 0x0, 0x0, 0x0, 0x3f, 0xfb, 0x0,
    0x0, 0x0, 0x0, 0x0, 0x3, 0xff, 0xb0, 0x0,
    0x0, 0x0, 0x0, 0x0, 0x3f, 0xfb, 0x0, 0x0,
    0x0, 0x0, 0x0, 0x3, 0xff, 0xb0, 0x0, 0x0,
    0x1, 0x62, 0x0, 0x3f, 0xfb, 0x0, 0x0, 0x0,
    0x6, 0xf7, 0x3, 0xff, 0xb0, 0x0, 0x0, 0x0,
    0x3, 0xfa, 0x3f, 0xfb, 0x0, 0x0, 0x0, 0x0,
    0x2, 0xfd, 0xff, 0xb0, 0x0, 0x0, 0x0, 0x0,
    0x3, 0xff, 0xfb, 0x0, 0x0, 0x0, 0x0, 0x0,
    0x7, 0xff, 0xff, 0xea, 0x20, 0x0, 0x0, 0x0,
    0x1e, 0xff, 0xff, 0xff, 0x20, 0x0, 0x0, 0x0,
    0x1e, 0xa3, 0x0, 0x3, 0x0, 0x0, 0x0, 0x0,
    0x1, 0x0, 0x0, 0x0, 0x0, 0x0, 0x0, 0x0,

    /* U+21D2 "⇒" */
    0x0, 0x0, 0x0, 0x0, 0x0, 0x0, 0x29, 0x0,
    0x0, 0x0, 0x0, 0x0, 0x0, 0x0, 0x0, 0x0,
    0xcf, 0x70, 0x0, 0x0, 0x8c, 0xcc, 0xcc, 0xcc,
    0xcc, 0xcc, 0xdf, 0xf4, 0x0, 0x0, 0xbf, 0xff,
    0xff, 0xff, 0xff, 0xff, 0xff, 0xff, 0x70, 0x0,
    0x24, 0x44, 0x44, 0x44, 0x44, 0x44, 0x44, 0x8f,
    0xfd, 0x74, 0x0, 0x0, 0x0, 0x0, 0x0, 0x0,
    0x0, 0x5, 0xff, 0xfd, 0x0, 0x0, 0x0, 0x0,
    0x0, 0x0, 0x0, 0x3d, 0xff, 0xc8, 0xaf, 0xff,
    0xff, 0xff, 0xff, 0xff, 0xff, 0xff, 0xc3, 0x0,
    0xbf, 0xff, 0xff, 0xff, 0xff, 0xff, 0xff, 0xf9,
    0x0, 0x0, 0x0, 0x0, 0x0, 0x0, 0x0, 0x0,
    0xaf, 0xb0, 0x0, 0x0, 0x0, 0x0, 0x0, 0x0,
    0x0, 0x0, 0x6d, 0x10, 0x0, 0x0, 0x0, 0x0,
    0x0, 0x0, 0x0, 0x0, 0x0, 0x0, 0x0, 0x0,

    /* U+21D4 "⇔" */
    0x0, 0x0, 0x1, 0x92, 0x0, 0x0, 0x0, 0x39,
    0x0, 0x0, 0x0, 0x0, 0x0, 0x9, 0xfb, 0x0,
    0x0, 0x0, 0xdf, 0x70, 0x0, 0x0, 0x0, 0x0,
    0x6f, 0xfd, 0xcc, 0xcc, 0xcc, 0xef, 0xf5, 0x0,
    0x0, 0x0, 0x9, 0xff, 0xff, 0xff, 0xff, 0xff,
    0xff, 0xff, 0x70, 0x0, 0x48, 0xef, 0xf7, 0x44,
    0x44, 0x44, 0x44, 0x44, 0x9f, 0xfd, 0x73, 0xef,
    0xff, 0x40, 0x0, 0x0, 0x0, 0x0, 0x0, 0x7,
    0xff, 0xfb, 0x9d, 0xff, 0xd2, 0x0, 0x0, 0x0,
    0x0, 0x0, 0x4e, 0xff, 0xc7, 0x0, 0x4d, 0xff,
    0xff, 0xff, 0xff, 0xff, 0xff, 0xff, 0xb2, 0x0,
    0x0, 0x0, 0xbf, 0xff, 0xff, 0xff, 0xff, 0xff,
    0xf8, 0x0, 0x0, 0x0, 0x0, 0xc, 0xf9, 0x0,
    0x0, 0x0, 0xcf, 0xa0, 0x0, 0x0, 0x0, 0x0,
    0x2, 0xd6, 0x0, 0x0, 0x0, 0x7d, 0x10, 0x0,
    0x0, 0x0, 0x0, 0x0, 0x0, 0x0, 0x0, 0x0,
    0x0, 0x0, 0x0, 0x0,

    /* U+25A0 "■" */
    0xdf, 0xff, 0xff, 0xff, 0xff, 0xff, 0xff, 0xff,
    0xff, 0xf6, 0xdf, 0xff, 0xff, 0xff, 0xff, 0xff,
    0xff, 0xff, 0xff, 0xf6, 0xdf, 0xff, 0xff, 0xff,
    0xff, 0xff, 0xff, 0xff, 0xff, 0xf6, 0xdf, 0xff,
    0xff, 0xff, 0xff, 0xff, 0xff, 0xff, 0xff, 0xf6,
    0xdf, 0xff, 0xff, 0xff, 0xff, 0xff, 0xff, 0xff,
    0xff, 0xf6, 0xdf, 0xff, 0xff, 0xff, 0xff, 0xff,
    0xff, 0xff, 0xff, 0xf6, 0xdf, 0xff, 0xff, 0xff,
    0xff, 0xff, 0xff, 0xff, 0xff, 0xf6, 0xdf, 0xff,
    0xff, 0xff, 0xff, 0xff, 0xff, 0xff, 0xff, 0xf6,
    0xdf, 0xff, 0xff, 0xff, 0xff, 0xff, 0xff, 0xff,
    0xff, 0xf6, 0xdf, 0xff, 0xff, 0xff, 0xff, 0xff,
    0xff, 0xff, 0xff, 0xf6, 0xdf, 0xff, 0xff, 0xff,
    0xff, 0xff, 0xff, 0xff, 0xff, 0xf6, 0xdf, 0xff,
    0xff, 0xff, 0xff, 0xff, 0xff, 0xff, 0xff, 0xf6,
    0xdf, 0xff, 0xff, 0xff, 0xff, 0xff, 0xff, 0xff,
    0xff, 0xf6, 0xdf, 0xff, 0xff, 0xff, 0xff, 0xff,
    0xff, 0xff, 0xff, 0xf6, 0xdf, 0xff, 0xff, 0xff,
    0xff, 0xff, 0xff, 0xff, 0xff, 0xf6, 0xdf, 0xff,
    0xff, 0xff, 0xff, 0xff, 0xff, 0xff, 0xff, 0xf6,
    0xdf, 0xff, 0xff, 0xff, 0xff, 0xff, 0xff, 0xff,
    0xff, 0xf6, 0xdf, 0xff, 0xff, 0xff, 0xff, 0xff,
    0xff, 0xff, 0xff, 0xf6, 0xdf, 0xff, 0xff, 0xff,
    0xff, 0xff, 0xff, 0xff, 0xff, 0xf6, 0x56, 0x66,
    0x66, 0x66, 0x66, 0x66, 0x66, 0x66, 0x66, 0x62,

    /* U+25A1 "□" */
    0xaf, 0xff, 0xff, 0xff, 0xff, 0xff, 0xff, 0xff,
    0xff, 0xfa, 0xaf, 0xcc, 0xcc, 0xcc, 0xcc, 0xcc,
    0xcc, 0xcc, 0xcc, 0xfa, 0xaf, 0x0, 0x0, 0x0,
    0x0, 0x0, 0x0, 0x0, 0x0, 0xfa, 0xaf, 0x0,
    0x0, 0x0, 0x0, 0x0, 0x0, 0x0, 0x0, 0xfa,
    0xaf, 0x0, 0x0, 0x0, 0x0, 0x0, 0x0, 0x0,
    0x0, 0xfa, 0xaf, 0x0, 0x0, 0x0, 0x0, 0x0,
    0x0, 0x0, 0x0, 0xfa, 0xaf, 0x0, 0x0, 0x0,
    0x0, 0x0, 0x0, 0x0, 0x0, 0xfa, 0xaf, 0x0,
    0x0, 0x0, 0x0, 0x0, 0x0, 0x0, 0x0, 0xfa,
    0xaf, 0x0, 0x0, 0x0, 0x0, 0x0, 0x0, 0x0,
    0x0, 0xfa, 0xaf, 0x0, 0x0, 0x0, 0x0, 0x0,
    0x0, 0x0, 0x0, 0xfa, 0xaf, 0x0, 0x0, 0x0,
    0x0, 0x0, 0x0, 0x0, 0x0, 0xfa, 0xaf, 0x0,
    0x0, 0x0, 0x0, 0x0, 0x0, 0x0, 0x0, 0xfa,
    0xaf, 0x0, 0x0, 0x0, 0x0, 0x0, 0x0, 0x0,
    0x0, 0xfa, 0xaf, 0x0, 0x0, 0x0, 0x0, 0x0,
    0x0, 0x0, 0x0, 0xfa, 0xaf, 0x0, 0x0, 0x0,
    0x0, 0x0, 0x0, 0x0, 0x0, 0xfa, 0xaf, 0x0,
    0x0, 0x0, 0x0, 0x0, 0x0, 0x0, 0x0, 0xfa,
    0xaf, 0x0, 0x0, 0x0, 0x0, 0x0, 0x0, 0x0,
    0x0, 0xfa, 0xaf, 0x11, 0x11, 0x11, 0x11, 0x11,
    0x11, 0x11, 0x11, 0xfa, 0xaf, 0xff, 0xff, 0xff,
    0xff, 0xff, 0xff, 0xff, 0xff, 0xfa, 0x6a, 0xaa,
    0xaa, 0xaa, 0xaa, 0xaa, 0xaa, 0xaa, 0xaa, 0xa6,

    /* U+25A3 "▣" */
    0x48, 0x88, 0x88, 0x88, 0x88, 0x88, 0x88, 0x88,
    0x88, 0x84, 0x9f, 0xff, 0xff, 0xff, 0xff, 0xff,
    0xff, 0xff, 0xff, 0xf9, 0x9f, 0x10, 0x0, 0x0,
    0x0, 0x0, 0x0, 0x0, 0x1, 0xf9, 0x9f, 0x10,
    0x0, 0x0, 0x0, 0x0, 0x0, 0x0, 0x1, 0xf9,
    0x9f, 0x10, 0x3, 0x33, 0x33, 0x33, 0x33, 0x20,
    0x1, 0xf9, 0x9f, 0x10, 0x2f, 0xff, 0xff, 0xff,
    0xff, 0xf0, 0x1, 0xf9, 0x9f, 0x10, 0x2f, 0xff,
    0xff, 0xff, 0xff, 0xf0, 0x1, 0xf9, 0x9f, 0x10,
    0x2f, 0xff, 0xff, 0xff, 0xff, 0xf0, 0x1, 0xf9,
    0x9f, 0x10, 0x2f, 0xff, 0xff, 0xff, 0xff, 0xf0,
    0x1, 0xf9, 0x9f, 0x10, 0x2f, 0xff, 0xff, 0xff,
    0xff, 0xf0, 0x1, 0xf9, 0x9f, 0x10, 0x2f, 0xff,
    0xff, 0xff, 0xff, 0xf0, 0x1, 0xf9, 0x9f, 0x10,
    0x2f, 0xff, 0xff, 0xff, 0xff, 0xf0, 0x1, 0xf9,
    0x9f, 0x10, 0x2f, 0xff, 0xff, 0xff, 0xff, 0xf0,
    0x1, 0xf9, 0x9f, 0x10, 0x2f, 0xff, 0xff, 0xff,
    0xff, 0xf0, 0x1, 0xf9, 0x9f, 0x10, 0x2f, 0xff,
    0xff, 0xff, 0xff, 0xe0, 0x1, 0xf9, 0x9f, 0x10,
    0x0, 0x0, 0x0, 0x0, 0x0, 0x0, 0x1, 0xf9,
    0x9f, 0x10, 0x0, 0x0, 0x0, 0x0, 0x0, 0x0,
    0x1, 0xf9, 0x9f, 0x98, 0x88, 0x88, 0x88, 0x88,
    0x88, 0x88, 0x89, 0xf9, 0x9f, 0xff, 0xff, 0xff,
    0xff, 0xff, 0xff, 0xff, 0xff, 0xf9, 0x0, 0x0,
    0x0, 0x0, 0x0, 0x0, 0x0, 0x0, 0x0, 0x0,

    /* U+25A4 "▤" */
    0x36, 0x66, 0x66, 0x66, 0x66, 0x66, 0x66, 0x66,
    0x66, 0x63, 0x8f, 0xff, 0xff, 0xff, 0xff, 0xff,
    0xff, 0xff, 0xff, 0xf7, 0x8f, 0x0, 0x0, 0x0,
    0x0, 0x0, 0x0, 0x0, 0x0, 0xe7, 0x8f, 0x0,
    0x0, 0x0, 0x0, 0x0, 0x0, 0x0, 0x0, 0xe7,
    0x8f, 0x55, 0x55, 0x55, 0x55, 0x55, 0x55, 0x55,
    0x55, 0xf7, 0x8f, 0xff, 0xff, 0xff, 0xff, 0xff,
    0xff, 0xff, 0xff, 0xf7, 0x8f, 0x0, 0x0, 0x0,
    0x0, 0x0, 0x0, 0x0, 0x0, 0xe7, 0x8f, 0x0,
    0x0, 0x0, 0x0, 0x0, 0x0, 0x0, 0x0, 0xe7,
    0x8f, 0x0, 0x0, 0x0, 0x0, 0x0, 0x0, 0x0,
    0x0, 0xe7, 0x8f, 0xff, 0xff, 0xff, 0xff, 0xff,
    0xff, 0xff, 0xff, 0xf7, 0x8f, 0x33, 0x33, 0x33,
    0x33, 0x33, 0x33, 0x33, 0x33, 0xf7, 0x8f, 0x0,
    0x0, 0x0, 0x0, 0x0, 0x0, 0x0, 0x0, 0xe7,
    0x8f, 0x0, 0x0, 0x0, 0x0, 0x0, 0x0, 0x0,
    0x0, 0xe7, 0x8f, 0x55, 0x55, 0x55, 0x55, 0x55,
    0x55, 0x55, 0x55, 0xf7, 0x8f, 0xff, 0xff, 0xff,
    0xff, 0xff, 0xff, 0xff, 0xff, 0xf7, 0x8f, 0x0,
    0x0, 0x0, 0x0, 0x0, 0x0, 0x0, 0x0, 0xe7,
    0x8f, 0x0, 0x0, 0x0, 0x0, 0x0, 0x0, 0x0,
    0x0, 0xe7, 0x8f, 0x33, 0x33, 0x33, 0x33, 0x33,
    0x33, 0x33, 0x33, 0xe7, 0x8f, 0xff, 0xff, 0xff,
    0xff, 0xff, 0xff, 0xff, 0xff, 0xf7, 0x12, 0x22,
    0x22, 0x22, 0x22, 0x22, 0x22, 0x22, 0x22, 0x21,

    /* U+25A5 "▥" */
    0x36, 0x66, 0x66, 0x66, 0x66, 0x66, 0x66, 0x66,
    0x66, 0x62, 0x8f, 0xee, 0xef, 0xfe, 0xef, 0xfe,
    0xef, 0xfe, 0xee, 0xf7, 0x8f, 0x0, 0xf, 0x60,
    0x8, 0xe0, 0x6, 0xf1, 0x0, 0xf7, 0x8f, 0x0,
    0xf, 0x60, 0x8, 0xe0, 0x6, 0xf1, 0x0, 0xf7,
    0x8f, 0x0, 0xf, 0x60, 0x8, 0xe0, 0x6, 0xf1,
    0x0, 0xf7, 0x8f, 0x0, 0xf, 0x60, 0x8, 0xe0,
    0x6, 0xf1, 0x0, 0xf7, 0x8f, 0x0, 0xf, 0x60,
    0x8, 0xe0, 0x6, 0xf1, 0x0, 0xf7, 0x8f, 0x0,
    0xf, 0x60, 0x8, 0xe0, 0x6, 0xf1, 0x0, 0xf7,
    0x8f, 0x0, 0xf, 0x60, 0x8, 0xe0, 0x6, 0xf1,
    0x0, 0xf7, 0x8f, 0x0, 0xf, 0x60, 0x8, 0xe0,
    0x6, 0xf1, 0x0, 0xf7, 0x8f, 0x0, 0xf, 0x60,
    0x8, 0xe0, 0x6, 0xf1, 0x0, 0xf7, 0x8f, 0x0,
    0xf, 0x60, 0x8, 0xe0, 0x6, 0xf1, 0x0, 0xf7,
    0x8f, 0x0, 0xf, 0x60, 0x8, 0xe0, 0x6, 0xf1,
    0x0, 0xf7, 0x8f, 0x0, 0xf, 0x60, 0x8, 0xe0,
    0x6, 0xf1, 0x0, 0xf7, 0x8f, 0x0, 0xf, 0x60,
    0x8, 0xe0, 0x6, 0xf1, 0x0, 0xf7, 0x8f, 0x0,
    0xf, 0x60, 0x8, 0xe0, 0x6, 0xf1, 0x0, 0xf7,
    0x8f, 0x0, 0xf, 0x60, 0x8, 0xe0, 0x6, 0xf1,
    0x0, 0xf7, 0x8f, 0x33, 0x3f, 0x73, 0x39, 0xe3,
    0x37, 0xf4, 0x33, 0xf7, 0x8f, 0xff, 0xff, 0xff,
    0xff, 0xff, 0xff, 0xff, 0xff, 0xf7, 0x12, 0x22,
    0x22, 0x22, 0x22, 0x22, 0x22, 0x22, 0x22, 0x21,

    /* U+25A6 "▦" */
    0x36, 0x66, 0x66, 0x66, 0x66, 0x66, 0x66, 0x66,
    0x66, 0x63, 0x8f, 0xff, 0xff, 0xff, 0xff, 0xff,
    0xff, 0xff, 0xff, 0xf7, 0x8f, 0x0, 0x1f, 0x60,
    0x8, 0xe0, 0x2, 0xf3, 0x0, 0xf7, 0x8f, 0x0,
    0x1f, 0x60, 0x8, 0xe0, 0x2, 0xf3, 0x0, 0xf7,
    0x8f, 0x22, 0x3f, 0x72, 0x29, 0xe2, 0x24, 0xf5,
    0x22, 0xf7, 0x8f, 0xff, 0xff, 0xff, 0xff, 0xff,
    0xff, 0xff, 0xff, 0xf7, 0x8f, 0x22, 0x3f, 0x72,
    0x29, 0xe2, 0x24, 0xf5, 0x22, 0xf7, 0x8f, 0x0,
    0x1f, 0x60, 0x8, 0xe0, 0x2, 0xf3, 0x0, 0xf7,
    0x8f, 0x0, 0x1f, 0x60, 0x8, 0xe0, 0x2, 0xf3,
    0x0, 0xf7, 0x8f, 0xff, 0xff, 0xff, 0xff, 0xff,
    0xff, 0xff, 0xff, 0xf7, 0x8f, 0x66, 0x6f, 0x96,
    0x6b, 0xf6, 0x67, 0xf8, 0x66, 0xf7, 0x8f, 0x0,
    0x1f, 0x60, 0x8, 0xe0, 0x2, 0xf3, 0x0, 0xf7,
    0x8f, 0x0, 0x1f, 0x60, 0x8, 0xe0, 0x2, 0xf3,
    0x0, 0xf7, 0x8f, 0x66, 0x6f, 0x96, 0x6b, 0xf6,
    0x67, 0xf8, 0x66, 0xf7, 0x8f, 0xff, 0xff, 0xff,
    0xff, 0xff, 0xff, 0xff, 0xff, 0xf7, 0x8f, 0x0,
    0x1f, 0x60, 0x8, 0xe0, 0x2, 0xf3, 0x0, 0xf7,
    0x8f, 0x0, 0x1f, 0x60, 0x8, 0xe0, 0x2, 0xf3,
    0x0, 0xf7, 0x8f, 0x33, 0x3f, 0x73, 0x39, 0xe3,
    0x35, 0xf5, 0x33, 0xf7, 0x8f, 0xff, 0xff, 0xff,
    0xff, 0xff, 0xff, 0xff, 0xff, 0xf7, 0x12, 0x22,
    0x22, 0x22, 0x22, 0x22, 0x22, 0x22, 0x22, 0x21,

    /* U+25A7 "▧" */
    0x36, 0x66, 0x66, 0x66, 0x66, 0x66, 0x66, 0x66,
    0x66, 0x63, 0x8f, 0xfe, 0xee, 0xee, 0xef, 0xff,
    0xee, 0xee, 0xee, 0xf7, 0x8f, 0xf8, 0x0, 0x0,
    0x2, 0xec, 0x10, 0x0, 0x0, 0xf7, 0x8f, 0x6f,
    0x80, 0x0, 0x0, 0x2e, 0xc1, 0x0, 0x0, 0xf7,
    0x8f, 0x6, 0xf8, 0x0, 0x0, 0x2, 0xec, 0x10,
    0x0, 0xf7, 0x8f, 0x0, 0x6f, 0x80, 0x0, 0x0,
    0x2e, 0xd1, 0x0, 0xf7, 0x8f, 0x0, 0x6, 0xf9,
    0x0, 0x0, 0x2, 0xed, 0x10, 0xf7, 0x8f, 0x0,
    0x0, 0x6f, 0x90, 0x0, 0x0, 0x2e, 0xd1, 0xf7,
    0x8f, 0x0, 0x0, 0x5, 0xf9, 0x0, 0x0, 0x2,
    0xed, 0xf7, 0x8f, 0x40, 0x0, 0x0, 0x5f, 0x90,
    0x0, 0x0, 0x2e, 0xf7, 0x8f, 0xf4, 0x0, 0x0,
    0x5, 0xfa, 0x0, 0x0, 0x2, 0xf7, 0x8f, 0xaf,
    0x40, 0x0, 0x0, 0x5f, 0xa0, 0x0, 0x0, 0xf7,
    0x8f, 0xa, 0xf4, 0x0, 0x0, 0x5, 0xfa, 0x0,
    0x0, 0xf7, 0x8f, 0x0, 0xaf, 0x40, 0x0, 0x0,
    0x5f, 0xa0, 0x0, 0xf7, 0x8f, 0x0, 0xa, 0xf5,
    0x0, 0x0, 0x4, 0xfb, 0x0, 0xf7, 0x8f, 0x0,
    0x0, 0xaf, 0x50, 0x0, 0x0, 0x4f, 0xb0, 0xf7,
    0x8f, 0x0, 0x0, 0x9, 0xf5, 0x0, 0x0, 0x4,
    0xfb, 0xf7, 0x8f, 0x33, 0x33, 0x33, 0xcf, 0x63,
    0x33, 0x33, 0x7f, 0xf7, 0x8f, 0xff, 0xff, 0xff,
    0xff, 0xff, 0xff, 0xff, 0xff, 0xf7, 0x12, 0x22,
    0x22, 0x22, 0x22, 0x22, 0x22, 0x22, 0x22, 0x21,

    /* U+25A8 "▨" */
    0x36, 0x66, 0x66, 0x66, 0x66, 0x66, 0x66, 0x66,
    0x66, 0x63, 0x8f, 0xff, 0xff, 0xff, 0xff, 0xff,
    0xff, 0xff, 0xff, 0xf7, 0x8f, 0x0, 0x0, 0x1,
    0xce, 0x20, 0x0, 0x0, 0x7f, 0xf7, 0x8f, 0x0,
    0x0, 0x1c, 0xe2, 0x0, 0x0, 0x7, 0xf7, 0xf7,
    0x8f, 0x0, 0x1, 0xde, 0x20, 0x0, 0x0, 0x8f,
    0x70, 0xf7, 0x8f, 0x0, 0x1d, 0xe2, 0x0, 0x0,
    0x8, 0xf7, 0x0, 0xf7, 0x8f, 0x1, 0xde, 0x20,
    0x0, 0x0, 0x8f, 0x60, 0x0, 0xf7, 0x8f, 0x1d,
    0xe2, 0x0, 0x0, 0x8, 0xf6, 0x0, 0x0, 0xf7,
    0x8f, 0xde, 0x20, 0x0, 0x0, 0x8f, 0x60, 0x0,
    0x0, 0xf7, 0x8f, 0xe2, 0x0, 0x0, 0x9, 0xf6,
    0x0, 0x0, 0x3, 0xf7, 0x8f, 0x20, 0x0, 0x0,
    0x9f, 0x50, 0x0, 0x0, 0x3f, 0xf7, 0x8f, 0x0,
    0x0, 0x9, 0xf5, 0x0, 0x0, 0x3, 0xfb, 0xf7,
    0x8f, 0x0, 0x0, 0x9f, 0x50, 0x0, 0x0, 0x3f,
    0xb0, 0xf7, 0x8f, 0x0, 0x9, 0xf5, 0x0, 0x0,
    0x4, 0xfb, 0x0, 0xf7, 0x8f, 0x0, 0xaf, 0x50,
    0x0, 0x0, 0x4f, 0xa0, 0x0, 0xf7, 0x8f, 0xa,
    0xf4, 0x0, 0x0, 0x4, 0xfa, 0x0, 0x0, 0xf7,
    0x8f, 0xaf, 0x40, 0x0, 0x0, 0x4f, 0xa0, 0x0,
    0x0, 0xf7, 0x8f, 0xf7, 0x33, 0x33, 0x35, 0xfc,
    0x33, 0x33, 0x33, 0xf7, 0x8f, 0xff, 0xff, 0xff,
    0xff, 0xff, 0xff, 0xff, 0xff, 0xf7, 0x12, 0x22,
    0x22, 0x22, 0x22, 0x22, 0x22, 0x22, 0x22, 0x21,

    /* U+25A9 "▩" */
    0x36, 0x66, 0x66, 0x66, 0x66, 0x66, 0x66, 0x66,
    0x66, 0x63, 0x8f, 0xff, 0xff, 0xff, 0xff, 0xff,
    0xff, 0xff, 0xff, 0xf7, 0x8f, 0xf6, 0x0, 0x0,
    0xce, 0xec, 0x0, 0x0, 0x7f, 0xf7, 0x8f, 0x9f,
    0x60, 0xc, 0xe3, 0x3e, 0xc1, 0x8, 0xf8, 0xf7,
    0x8f, 0x9, 0xf7, 0xce, 0x20, 0x2, 0xec, 0x8f,
    0x70, 0xf7, 0x8f, 0x0, 0x9f, 0xe2, 0x0, 0x0,
    0x2f, 0xf7, 0x0, 0xf7, 0x8f, 0x1, 0xcf, 0xf5,
    0x0, 0x0, 0x9f, 0xed, 0x10, 0xf7, 0x8f, 0x1c,
    0xe3, 0x8f, 0x60, 0x9, 0xf6, 0x2e, 0xd1, 0xf7,
    0x8f, 0xde, 0x20, 0x8, 0xf6, 0xaf, 0x60, 0x2,
    0xed, 0xf7, 0x8f, 0xe2, 0x0, 0x0, 0x8f, 0xf6,
    0x0, 0x0, 0x2e, 0xf7, 0x8f, 0xf3, 0x0, 0x0,
    0xaf, 0xf8, 0x0, 0x0, 0x5f, 0xf7, 0x8f, 0xbf,
    0x30, 0xa, 0xf5, 0x7f, 0x80, 0x6, 0xfa, 0xf7,
    0x8f, 0xb, 0xf4, 0xaf, 0x50, 0x7, 0xf8, 0x6f,
    0x90, 0xf7, 0x8f, 0x0, 0xbf, 0xf4, 0x0, 0x0,
    0x7f, 0xf9, 0x0, 0xf7, 0x8f, 0x0, 0xbf, 0xf4,
    0x0, 0x0, 0x7f, 0xf8, 0x0, 0xf7, 0x8f, 0xc,
    0xe3, 0x9f, 0x40, 0x7, 0xf8, 0x6f, 0x80, 0xf7,
    0x8f, 0xce, 0x30, 0x9, 0xf5, 0x7f, 0x80, 0x6,
    0xf8, 0xf7, 0x8f, 0xf6, 0x33, 0x33, 0xbf, 0xfa,
    0x33, 0x33, 0x8f, 0xf7, 0x8f, 0xff, 0xff, 0xff,
    0xff, 0xff, 0xff, 0xff, 0xff, 0xf7, 0x12, 0x22,
    0x22, 0x22, 0x22, 0x22, 0x22, 0x22, 0x22, 0x21,

    /* U+25B2 "▲" */
    0x0, 0x0, 0x0, 0x0, 0x0, 0x1, 0x0, 0x0,
    0x0, 0x0, 0x0, 0x0, 0x0, 0x0, 0x0, 0x0,
    0x7c, 0x0, 0x0, 0x0, 0x0, 0x0, 0x0, 0x0,
    0x0, 0x0, 0x2, 0xff, 0x60, 0x0, 0x0, 0x0,
    0x0, 0x0, 0x0, 0x0, 0x0, 0xc, 0xff, 0xf1,
    0x0, 0x0, 0x0, 0x0, 0x0, 0x0, 0x0, 0x0,
    0x6f, 0xff, 0xfb, 0x0, 0x0, 0x0, 0x0, 0x0,
    0x0, 0x0, 0x2, 0xff, 0xff, 0xff, 0x50, 0x0,
    0x0, 0x0, 0x0, 0x0, 0x0, 0xb, 0xff, 0xff,
    0xff, 0xe1, 0x0, 0x0, 0x0, 0x0, 0x0, 0x0,
    0x6f, 0xff, 0xff, 0xff, 0xf9, 0x0, 0x0, 0x0,
    0x0, 0x0, 0x1, 0xff, 0xff, 0xff, 0xff, 0xff,
    0x30, 0x0, 0x0, 0x0, 0x0, 0xb, 0xff, 0xff,
    0xff, 0xff, 0xff, 0xd0, 0x0, 0x0, 0x0, 0x0,
    0x6f, 0xff, 0xff, 0xff, 0xff, 0xff, 0xf8, 0x0,
    0x0, 0x0, 0x1, 0xff, 0xff, 0xff, 0xff, 0xff,
    0xff, 0xff, 0x20, 0x0, 0x0, 0xb, 0xff, 0xff,
    0xff, 0xff, 0xff, 0xff, 0xff, 0xc0, 0x0, 0x0,
    0x5f, 0xff, 0xff, 0xff, 0xff, 0xff, 0xff, 0xff,
    0xf6, 0x0, 0x1, 0xef, 0xff, 0xff, 0xff, 0xff,
    0xff, 0xff, 0xff, 0xff, 0x10, 0xa, 0xff, 0xff,
    0xff, 0xff, 0xff, 0xff, 0xff, 0xff, 0xff, 0xb0,
    0x18, 0x88, 0x88, 0x88, 0x88, 0x88, 0x88, 0x88,
    0x88, 0x88, 0x81,

    /* U+25B3 "△" */
    0x0, 0x0, 0x0, 0x0, 0x0, 0x1, 0x0, 0x0,
    0x0, 0x0, 0x0, 0x0, 0x0, 0x0, 0x0, 0x0,
    0x6b, 0x0, 0x0, 0x0, 0x0, 0x0, 0x0, 0x0,
    0x0, 0x0, 0x2, 0xff, 0x50, 0x0, 0x0, 0x0,
    0x0, 0x0, 0x0, 0x0, 0x0, 0xb, 0xff, 0xe1,
    0x0, 0x0, 0x0, 0x0, 0x0, 0x0, 0x0, 0x0,
    0x6f, 0xa6, 0xf9, 0x0, 0x0, 0x0, 0x0, 0x0,
    0x0, 0x0, 0x1, 0xfe, 0x10, 0xcf, 0x40, 0x0,
    0x0, 0x0, 0x0, 0x0, 0x0, 0xb, 0xf5, 0x0,
    0x2f, 0xd0, 0x0, 0x0, 0x0, 0x0, 0x0, 0x0,
    0x5f, 0xb0, 0x0, 0x8, 0xf8, 0x0, 0x0, 0x0,
    0x0, 0x0, 0x1, 0xee, 0x10, 0x0, 0x0, 0xdf,
    0x30, 0x0, 0x0, 0x0, 0x0, 0xa, 0xf5, 0x0,
    0x0, 0x0, 0x3f, 0xc0, 0x0, 0x0, 0x0, 0x0,
    0x5f, 0xb0, 0x0, 0x0, 0x0, 0x9, 0xf7, 0x0,
    0x0, 0x0, 0x1, 0xef, 0x10, 0x0, 0x0, 0x0,
    0x0, 0xef, 0x20, 0x0, 0x0, 0xa, 0xf6, 0x0,
    0x0, 0x0, 0x0, 0x0, 0x4f, 0xb0, 0x0, 0x0,
    0x5f, 0xb0, 0x0, 0x0, 0x0, 0x0, 0x0, 0xa,
    0xf5, 0x0, 0x1, 0xef, 0x20, 0x0, 0x0, 0x0,
    0x0, 0x0, 0x2, 0xee, 0x10, 0xa, 0xff, 0xff,
    0xff, 0xff, 0xff, 0xff, 0xff, 0xff, 0xff, 0xa0,
    0x19, 0x99, 0x99, 0x99, 0x99, 0x99, 0x99, 0x99,
    0x99, 0x99, 0x91,

    /* U+25B6 "▶" */
    0x0, 0x0, 0x0, 0x0, 0x0, 0x0, 0x0, 0x0,
    0x5, 0xb1, 0x0, 0x0, 0x0, 0x0, 0x0, 0x0,
    0x0, 0x5f, 0xf6, 0x0, 0x0, 0x0, 0x0, 0x0,
    0x0, 0x5, 0xff, 0xfc, 0x20, 0x0, 0x0, 0x0,
    0x0, 0x0, 0x5f, 0xff, 0xff, 0x70, 0x0, 0x0,
    0x0, 0x0, 0x5, 0xff, 0xff, 0xff, 0xc2, 0x0,
    0x0, 0x0, 0x0, 0x5f, 0xff, 0xff, 0xff, 0xf7,
    0x0, 0x0, 0x0, 0x5, 0xff, 0xff, 0xff, 0xff,
    0xfd, 0x30, 0x0, 0x0, 0x5f, 0xff, 0xff, 0xff,
    0xff, 0xff, 0x80, 0x0, 0x5, 0xff, 0xff, 0xff,
    0xff, 0xff, 0xff, 0xd3, 0x0, 0x5f, 0xff, 0xff,
    0xff, 0xff, 0xff, 0xff, 0xf9, 0x5, 0xff, 0xff,
    0xff, 0xff, 0xff, 0xff, 0xfd, 0x30, 0x5f, 0xff,
    0xff, 0xff, 0xff, 0xff, 0xf7, 0x0, 0x5, 0xff,
    0xff, 0xff, 0xff, 0xff, 0xc2, 0x0, 0x0, 0x5f,
    0xff, 0xff, 0xff, 0xff, 0x60, 0x0, 0x0, 0x5,
    0xff, 0xff, 0xff, 0xfb, 0x10, 0x0, 0x0, 0x0,
    0x5f, 0xff, 0xff, 0xe6, 0x0, 0x0, 0x0, 0x0,
    0x5, 0xff, 0xff, 0xa1, 0x0, 0x0, 0x0, 0x0,
    0x0, 0x5f, 0xfe, 0x50, 0x0, 0x0, 0x0, 0x0,
    0x0, 0x5, 0xf9, 0x10, 0x0, 0x0, 0x0, 0x0,
    0x0, 0x0, 0x34, 0x0, 0x0, 0x0, 0x0, 0x0,
    0x0, 0x0, 0x0,

    /* U+25B7 "▷" */
    0x0, 0x0, 0x0, 0x0, 0x0, 0x0, 0x0, 0x0,
    0x2, 0xd3, 0x0, 0x0, 0x0, 0x0, 0x0, 0x0,
    0x0, 0x2f, 0xf8, 0x0, 0x0, 0x0, 0x0, 0x0,
    0x0, 0x2, 0xff, 0xfd, 0x40, 0x0, 0x0, 0x0,
    0x0, 0x0, 0x2f, 0xb9, 0xff, 0x90, 0x0, 0x0,
    0x0, 0x0, 0x2, 0xfa, 0x3, 0xdf, 0xe4, 0x0,
    0x0, 0x0, 0x0, 0x2f, 0xa0, 0x0, 0x8f, 0xfa,
    0x10, 0x0, 0x0, 0x2, 0xfa, 0x0, 0x0, 0x3c,
    0xfe, 0x50, 0x0, 0x0, 0x2f, 0xa0, 0x0, 0x0,
    0x7, 0xff, 0xa1, 0x0, 0x2, 0xfa, 0x0, 0x0,
    0x0, 0x2, 0xcf, 0xe6, 0x0, 0x2f, 0xa0, 0x0,
    0x0, 0x0, 0x0, 0x6f, 0xfb, 0x12, 0xfa, 0x0,
    0x0, 0x0, 0x0, 0x3d, 0xfe, 0x50, 0x2f, 0xa0,
    0x0, 0x0, 0x0, 0x8f, 0xfa, 0x10, 0x2, 0xfa,
    0x0, 0x0, 0x4, 0xdf, 0xd4, 0x0, 0x0, 0x2f,
    0xa0, 0x0, 0x19, 0xff, 0x90, 0x0, 0x0, 0x2,
    0xfa, 0x0, 0x5e, 0xfd, 0x30, 0x0, 0x0, 0x0,
    0x2f, 0xa1, 0xaf, 0xf8, 0x0, 0x0, 0x0, 0x0,
    0x2, 0xfd, 0xef, 0xc2, 0x0, 0x0, 0x0, 0x0,
    0x0, 0x2f, 0xff, 0x70, 0x0, 0x0, 0x0, 0x0,
    0x0, 0x2, 0xfc, 0x20, 0x0, 0x0, 0x0, 0x0,
    0x0, 0x0, 0x16, 0x0, 0x0, 0x0, 0x0, 0x0,
    0x0, 0x0, 0x0,

    /* U+25BC "▼" */
    0xd, 0xff, 0xff, 0xff, 0xff, 0xff, 0xff, 0xff,
    0xff, 0xff, 0xd0, 0x4, 0xff, 0xff, 0xff, 0xff,
    0xff, 0xff, 0xff, 0xff, 0xff, 0x40, 0x0, 0xaf,
    0xff, 0xff, 0xff, 0xff, 0xff, 0xff, 0xff, 0xfa,
    0x0, 0x0, 0x1e, 0xff, 0xff, 0xff, 0xff, 0xff,
    0xff, 0xff, 0xe1, 0x0, 0x0, 0x5, 0xff, 0xff,
    0xff, 0xff, 0xff, 0xff, 0xff, 0x60, 0x0, 0x0,
    0x0, 0xbf, 0xff, 0xff, 0xff, 0xff, 0xff, 0xfb,
    0x0, 0x0, 0x0, 0x0, 0x2f, 0xff, 0xff, 0xff,
    0xff, 0xff, 0xf2, 0x0, 0x0, 0x0, 0x0, 0x7,
    0xff, 0xff, 0xff, 0xff, 0xff, 0x70, 0x0, 0x0,
    0x0, 0x0, 0x0, 0xcf, 0xff, 0xff, 0xff, 0xfd,
    0x0, 0x0, 0x0, 0x0, 0x0, 0x0, 0x3f, 0xff,
    0xff, 0xff, 0xf3, 0x0, 0x0, 0x0, 0x0, 0x0,
    0x0, 0x8, 0xff, 0xff, 0xff, 0x90, 0x0, 0x0,
    0x0, 0x0, 0x0, 0x0, 0x0, 0xdf, 0xff, 0xfe,
    0x0, 0x0, 0x0, 0x0, 0x0, 0x0, 0x0, 0x0,
    0x4f, 0xff, 0xf5, 0x0, 0x0, 0x0, 0x0, 0x0,
    0x0, 0x0, 0x0, 0x9, 0xff, 0xb0, 0x0, 0x0,
    0x0, 0x0, 0x0, 0x0, 0x0, 0x0, 0x1, 0xef,
    0x10, 0x0, 0x0, 0x0, 0x0, 0x0, 0x0, 0x0,
    0x0, 0x0, 0x56, 0x0, 0x0, 0x0, 0x0, 0x0,
    0x0, 0x0, 0x0, 0x0, 0x0, 0x0, 0x0, 0x0,
    0x0, 0x0, 0x0,

    /* U+25BD "▽" */
    0xd, 0xff, 0xff, 0xff, 0xff, 0xff, 0xff, 0xff,
    0xff, 0xff, 0xd0, 0x4, 0xff, 0xaa, 0xaa, 0xaa,
    0xaa, 0xaa, 0xaa, 0xaa, 0xff, 0x40, 0x0, 0xaf,
    0x70, 0x0, 0x0, 0x0, 0x0, 0x0, 0x5, 0xfa,
    0x0, 0x0, 0x1e, 0xf2, 0x0, 0x0, 0x0, 0x0,
    0x0, 0xe, 0xe1, 0x0, 0x0, 0x5, 0xfb, 0x0,
    0x0, 0x0, 0x0, 0x0, 0x9f, 0x60, 0x0, 0x0,
    0x0, 0xbf, 0x50, 0x0, 0x0, 0x0, 0x3, 0xfc,
    0x0, 0x0, 0x0, 0x0, 0x1f, 0xe1, 0x0, 0x0,
    0x0, 0xd, 0xf2, 0x0, 0x0, 0x0, 0x0, 0x6,
    0xf9, 0x0, 0x0, 0x0, 0x7f, 0x80, 0x0, 0x0,
    0x0, 0x0, 0x0, 0xcf, 0x40, 0x0, 0x2, 0xfd,
    0x0, 0x0, 0x0, 0x0, 0x0, 0x0, 0x2f, 0xd0,
    0x0, 0xb, 0xf3, 0x0, 0x0, 0x0, 0x0, 0x0,
    0x0, 0x8, 0xf8, 0x0, 0x6f, 0x90, 0x0, 0x0,
    0x0, 0x0, 0x0, 0x0, 0x0, 0xdf, 0x21, 0xee,
    0x10, 0x0, 0x0, 0x0, 0x0, 0x0, 0x0, 0x0,
    0x3f, 0xca, 0xf5, 0x0, 0x0, 0x0, 0x0, 0x0,
    0x0, 0x0, 0x0, 0x9, 0xff, 0xb0, 0x0, 0x0,
    0x0, 0x0, 0x0, 0x0, 0x0, 0x0, 0x0, 0xef,
    0x20, 0x0, 0x0, 0x0, 0x0, 0x0, 0x0, 0x0,
    0x0, 0x0, 0x57, 0x0, 0x0, 0x0, 0x0, 0x0,
    0x0, 0x0, 0x0, 0x0, 0x0, 0x0, 0x0, 0x0,
    0x0, 0x0, 0x0,

    /* U+25C0 "◀" */
    0x0, 0x0, 0x0, 0x0, 0x0, 0x0, 0x0, 0x0,
    0x10, 0x0, 0x0, 0x0, 0x0, 0x0, 0x0, 0x1,
    0xa8, 0x0, 0x0, 0x0, 0x0, 0x0, 0x0, 0x6,
    0xef, 0x80, 0x0, 0x0, 0x0, 0x0, 0x0, 0x2b,
    0xff, 0xf8, 0x0, 0x0, 0x0, 0x0, 0x0, 0x7f,
    0xff, 0xff, 0x80, 0x0, 0x0, 0x0, 0x2, 0xcf,
    0xff, 0xff, 0xf8, 0x0, 0x0, 0x0, 0x8, 0xff,
    0xff, 0xff, 0xff, 0x80, 0x0, 0x0, 0x3d, 0xff,
    0xff, 0xff, 0xff, 0xf8, 0x0, 0x0, 0x9f, 0xff,
    0xff, 0xff, 0xff, 0xff, 0x80, 0x4, 0xef, 0xff,
    0xff, 0xff, 0xff, 0xff, 0xf8, 0x9, 0xff, 0xff,
    0xff, 0xff, 0xff, 0xff, 0xff, 0x80, 0x2b, 0xff,
    0xff, 0xff, 0xff, 0xff, 0xff, 0xf8, 0x0, 0x5,
    0xef, 0xff, 0xff, 0xff, 0xff, 0xff, 0x80, 0x0,
    0x1, 0xaf, 0xff, 0xff, 0xff, 0xff, 0xf8, 0x0,
    0x0, 0x0, 0x4e, 0xff, 0xff, 0xff, 0xff, 0x80,
    0x0, 0x0, 0x0, 0x8, 0xff, 0xff, 0xff, 0xf8,
    0x0, 0x0, 0x0, 0x0, 0x3, 0xdf, 0xff, 0xff,
    0x80, 0x0, 0x0, 0x0, 0x0, 0x0, 0x7f, 0xff,
    0xf8, 0x0, 0x0, 0x0, 0x0, 0x0, 0x0, 0x2c,
    0xff, 0x80, 0x0, 0x0, 0x0, 0x0, 0x0, 0x0,
    0x6, 0xf8, 0x0, 0x0, 0x0, 0x0, 0x0, 0x0,
    0x0, 0x1, 0x40,

    /* U+25C1 "◁" */
    0x0, 0x0, 0x0, 0x0, 0x0, 0x0, 0x0, 0x1,
    0x0, 0x0, 0x0, 0x0, 0x0, 0x0, 0x0, 0x8b,
    0x0, 0x0, 0x0, 0x0, 0x0, 0x0, 0x3d, 0xfb,
    0x0, 0x0, 0x0, 0x0, 0x0, 0x9, 0xff, 0xfb,
    0x0, 0x0, 0x0, 0x0, 0x4, 0xef, 0xd5, 0xfb,
    0x0, 0x0, 0x0, 0x1, 0xaf, 0xf8, 0x2, 0xfb,
    0x0, 0x0, 0x0, 0x5e, 0xfc, 0x30, 0x2, 0xfb,
    0x0, 0x0, 0x2b, 0xff, 0x70, 0x0, 0x2, 0xfb,
    0x0, 0x6, 0xff, 0xc2, 0x0, 0x0, 0x2, 0xfb,
    0x2, 0xcf, 0xf6, 0x0, 0x0, 0x0, 0x2, 0xfb,
    0x6f, 0xfd, 0x20, 0x0, 0x0, 0x0, 0x2, 0xfb,
    0x9, 0xff, 0x90, 0x0, 0x0, 0x0, 0x2, 0xfb,
    0x0, 0x3d, 0xfe, 0x40, 0x0, 0x0, 0x2, 0xfb,
    0x0, 0x0, 0x8f, 0xfa, 0x10, 0x0, 0x2, 0xfb,
    0x0, 0x0, 0x2, 0xcf, 0xe6, 0x0, 0x2, 0xfb,
    0x0, 0x0, 0x0, 0x6, 0xff, 0xb2, 0x2, 0xfb,
    0x0, 0x0, 0x0, 0x0, 0x1b, 0xff, 0x72, 0xfb,
    0x0, 0x0, 0x0, 0x0, 0x0, 0x5e, 0xfd, 0xfb,
    0x0, 0x0, 0x0, 0x0, 0x0, 0x1, 0x9f, 0xfb,
    0x0, 0x0, 0x0, 0x0, 0x0, 0x0, 0x4, 0xdb,
    0x0, 0x0, 0x0, 0x0, 0x0, 0x0, 0x0, 0x5,

    /* U+25C6 "◆" */
    0x0, 0x0, 0x0, 0x0, 0x0, 0x1, 0x0, 0x0,
    0x0, 0x0, 0x0, 0x0, 0x0, 0x0, 0x0, 0x0,
    0x0, 0x1d, 0xc0, 0x0, 0x0, 0x0, 0x0, 0x0,
    0x0, 0x0, 0x0, 0x0, 0x1, 0xdf, 0xfc, 0x0,
    0x0, 0x0, 0x0, 0x0, 0x0, 0x0, 0x0, 0x0,
    0x1c, 0xff, 0xff, 0xc0, 0x0, 0x0, 0x0, 0x0,
    0x0, 0x0, 0x0, 0x1, 0xcf, 0xff, 0xff, 0xfc,
    0x0, 0x0, 0x0, 0x0, 0x0, 0x0, 0x0, 0xc,
    0xff, 0xff, 0xff, 0xff, 0xc0, 0x0, 0x0, 0x0,
    0x0, 0x0, 0x0, 0xcf, 0xff, 0xff, 0xff, 0xff,
    0xfc, 0x0, 0x0, 0x0, 0x0, 0x0, 0xc, 0xff,
    0xff, 0xff, 0xff, 0xff, 0xff, 0xc0, 0x0, 0x0,
    0x0, 0x0, 0xcf, 0xff, 0xff, 0xff, 0xff, 0xff,
    0xff, 0xfc, 0x0, 0x0, 0x0, 0xc, 0xff, 0xff,
    0xff, 0xff, 0xff, 0xff, 0xff, 0xff, 0xc0, 0x0,
    0x0, 0xcf, 0xff, 0xff, 0xff, 0xff, 0xff, 0xff,
    0xff, 0xff, 0xfc, 0x0, 0xb, 0xff, 0xff, 0xff,
    0xff, 0xff, 0xff, 0xff, 0xff, 0xff, 0xff, 0xc0,
    0x7, 0xff, 0xff, 0xff, 0xff, 0xff, 0xff, 0xff,
    0xff, 0xff, 0xff, 0x60, 0x0, 0x7f, 0xff, 0xff,
    0xff, 0xff, 0xff, 0xff, 0xff, 0xff, 0xf6, 0x0,
    0x0, 0x7, 0xff, 0xff, 0xff, 0xff, 0xff, 0xff,
    0xff, 0xff, 0x60, 0x0, 0x0, 0x0, 0x7f, 0xff,
    0xff, 0xff, 0xff, 0xff, 0xff, 0xf6, 0x0, 0x0,
    0x0, 0x0, 0x7, 0xff, 0xff, 0xff, 0xff, 0xff,
    0xff, 0x60, 0x0, 0x0, 0x0, 0x0, 0x0, 0x7f,
    0xff, 0xff, 0xff, 0xff, 0xf6, 0x0, 0x0, 0x0,
    0x0, 0x0, 0x0, 0x7, 0xff, 0xff, 0xff, 0xff,
    0x60, 0x0, 0x0, 0x0, 0x0, 0x0, 0x0, 0x0,
    0x7f, 0xff, 0xff, 0xf6, 0x0, 0x0, 0x0, 0x0,
    0x0, 0x0, 0x0, 0x0, 0x7, 0xff, 0xff, 0x60,
    0x0, 0x0, 0x0, 0x0, 0x0, 0x0, 0x0, 0x0,
    0x0, 0x7f, 0xf6, 0x0, 0x0, 0x0, 0x0, 0x0,
    0x0, 0x0, 0x0, 0x0, 0x0, 0x7, 0x60, 0x0,
    0x0, 0x0, 0x0, 0x0,

    /* U+25C7 "◇" */
    0x0, 0x0, 0x0, 0x0, 0x0, 0x1, 0x0, 0x0,
    0x0, 0x0, 0x0, 0x0, 0x0, 0x0, 0x0, 0x0,
    0x0, 0x1c, 0xc0, 0x0, 0x0, 0x0, 0x0, 0x0,
    0x0, 0x0, 0x0, 0x0, 0x1, 0xcf, 0xfc, 0x0,
    0x0, 0x0, 0x0, 0x0, 0x0, 0x0, 0x0, 0x0,
    0xc, 0xf7, 0x7f, 0xc0, 0x0, 0x0, 0x0, 0x0,
    0x0, 0x0, 0x0, 0x0, 0xcf, 0x70, 0x7, 0xfc,
    0x0, 0x0, 0x0, 0x0, 0x0, 0x0, 0x0, 0xc,
    0xf7, 0x0, 0x0, 0x7f, 0xc0, 0x0, 0x0, 0x0,
    0x0, 0x0, 0x0, 0xcf, 0x70, 0x0, 0x0, 0x7,
    0xfc, 0x0, 0x0, 0x0, 0x0, 0x0, 0xc, 0xf7,
    0x0, 0x0, 0x0, 0x0, 0x8f, 0xc1, 0x0, 0x0,
    0x0, 0x0, 0xcf, 0x70, 0x0, 0x0, 0x0, 0x0,
    0x8, 0xfc, 0x10, 0x0, 0x0, 0xc, 0xf7, 0x0,
    0x0, 0x0, 0x0, 0x0, 0x0, 0x8f, 0xc1, 0x0,
    0x0, 0xcf, 0x70, 0x0, 0x0, 0x0, 0x0, 0x0,
    0x0, 0x8, 0xfc, 0x10, 0xc, 0xf8, 0x0, 0x0,
    0x0, 0x0, 0x0, 0x0, 0x0, 0x0, 0x9f, 0xc0,
    0x6, 0xfd, 0x10, 0x0, 0x0, 0x0, 0x0, 0x0,
    0x0, 0x1, 0xdf, 0x70, 0x0, 0x6f, 0xd1, 0x0,
    0x0, 0x0, 0x0, 0x0, 0x0, 0x1d, 0xf6, 0x0,
    0x0, 0x6, 0xfd, 0x10, 0x0, 0x0, 0x0, 0x0,
    0x1, 0xdf, 0x60, 0x0, 0x0, 0x0, 0x6f, 0xd1,
    0x0, 0x0, 0x0, 0x0, 0x1d, 0xf6, 0x0, 0x0,
    0x0, 0x0, 0x6, 0xfd, 0x10, 0x0, 0x0, 0x1,
    0xdf, 0x60, 0x0, 0x0, 0x0, 0x0, 0x0, 0x6f,
    0xd1, 0x0, 0x0, 0x1d, 0xf6, 0x0, 0x0, 0x0,
    0x0, 0x0, 0x0, 0x6, 0xfd, 0x10, 0x1, 0xdf,
    0x60, 0x0, 0x0, 0x0, 0x0, 0x0, 0x0, 0x0,
    0x6f, 0xd1, 0x1d, 0xf6, 0x0, 0x0, 0x0, 0x0,
    0x0, 0x0, 0x0, 0x0, 0x6, 0xfd, 0xdf, 0x60,
    0x0, 0x0, 0x0, 0x0, 0x0, 0x0, 0x0, 0x0,
    0x0, 0x7f, 0xf6, 0x0, 0x0, 0x0, 0x0, 0x0,
    0x0, 0x0, 0x0, 0x0, 0x0, 0x7, 0x60, 0x0,
    0x0, 0x0, 0x0, 0x0,

    /* U+25C8 "◈" */
    0x0, 0x0, 0x0, 0x0, 0x0, 0x0, 0x0, 0x0,
    0x0, 0x0, 0x0, 0x0, 0x0, 0x0, 0x0, 0x0,
    0x8, 0xd1, 0x0, 0x0, 0x0, 0x0, 0x0, 0x0,
    0x0, 0x0, 0x0, 0x8, 0xff, 0xd1, 0x0, 0x0,
    0x0, 0x0, 0x0, 0x0, 0x0, 0x0, 0x8, 0xf8,
    0x3e, 0xd1, 0x0, 0x0, 0x0, 0x0, 0x0, 0x0,
    0x0, 0x8, 0xf8, 0x1, 0x3e, 0xd1, 0x0, 0x0,
    0x0, 0x0, 0x0, 0x0, 0x8, 0xf8, 0x9, 0xd1,
    0x3e, 0xd1, 0x0, 0x0, 0x0, 0x0, 0x0, 0x8,
    0xf8, 0x9, 0xff, 0xd1, 0x3e, 0xd1, 0x0, 0x0,
    0x0, 0x0, 0x8, 0xf8, 0x9, 0xff, 0xff, 0xd1,
    0x3e, 0xd1, 0x0, 0x0, 0x0, 0x8, 0xf8, 0x9,
    0xff, 0xff, 0xff, 0xd1, 0x3e, 0xd1, 0x0, 0x0,
    0x8, 0xf8, 0x9, 0xff, 0xff, 0xff, 0xff, 0xd1,
    0x3e, 0xd1, 0x0, 0x8, 0xf8, 0x9, 0xff, 0xff,
    0xff, 0xff, 0xff, 0xd1, 0x3e, 0xd1, 0x7, 0xf8,
    0x9, 0xff, 0xff, 0xff, 0xff, 0xff, 0xff, 0xd1,
    0x3f, 0xd0, 0x3e, 0xd1, 0x3f, 0xff, 0xff, 0xff,
    0xff, 0xff, 0xf9, 0x8, 0xf8, 0x0, 0x3e, 0xd1,
    0x4f, 0xff, 0xff, 0xff, 0xff, 0xf9, 0x8, 0xf8,
    0x0, 0x0, 0x3e, 0xd1, 0x4f, 0xff, 0xff, 0xff,
    0xf9, 0x8, 0xf8, 0x0, 0x0, 0x0, 0x3e, 0xd1,
    0x4f, 0xff, 0xff, 0xf9, 0x8, 0xf8, 0x0, 0x0,
    0x0, 0x0, 0x3e, 0xd1, 0x4f, 0xff, 0xf9, 0x8,
    0xf8, 0x0, 0x0, 0x0, 0x0, 0x0, 0x3e, 0xd1,
    0x4f, 0xf9, 0x8, 0xf8, 0x0, 0x0, 0x0, 0x0,
    0x0, 0x0, 0x3e, 0xd1, 0x48, 0x8, 0xf8, 0x0,
    0x0, 0x0, 0x0, 0x0, 0x0, 0x0, 0x3e, 0xd1,
    0x8, 0xf8, 0x0, 0x0, 0x0, 0x0, 0x0, 0x0,
    0x0, 0x0, 0x3e, 0xd9, 0xf8, 0x0, 0x0, 0x0,
    0x0, 0x0, 0x0, 0x0, 0x0, 0x0, 0x3e, 0xf8,
    0x0, 0x0, 0x0, 0x0, 0x0, 0x0, 0x0, 0x0,
    0x0, 0x0, 0x37, 0x0, 0x0, 0x0, 0x0, 0x0,
    0x0,

    /* U+25CB "○" */
    0x0, 0x0, 0x0, 0x0, 0x25, 0x67, 0x52, 0x0,
    0x0, 0x0, 0x0, 0x0, 0x0, 0x0, 0x7e, 0xff,
    0xff, 0xff, 0xe7, 0x0, 0x0, 0x0, 0x0, 0x0,
    0x3e, 0xfe, 0x84, 0x33, 0x48, 0xef, 0xe3, 0x0,
    0x0, 0x0, 0x4, 0xff, 0x70, 0x0, 0x0, 0x0,
    0x7, 0xff, 0x50, 0x0, 0x0, 0x2f, 0xf4, 0x0,
    0x0, 0x0, 0x0, 0x0, 0x4f, 0xf3, 0x0, 0x0,
    0xcf, 0x60, 0x0, 0x0, 0x0, 0x0, 0x0, 0x6,
    0xfd, 0x0, 0x4, 0xfb, 0x0, 0x0, 0x0, 0x0,
    0x0, 0x0, 0x0, 0xbf, 0x50, 0xa, 0xf3, 0x0,
    0x0, 0x0, 0x0, 0x0, 0x0, 0x0, 0x3f, 0xb0,
    0xe, 0xe0, 0x0, 0x0, 0x0, 0x0, 0x0, 0x0,
    0x0, 0xe, 0xf0, 0x1f, 0xb0, 0x0, 0x0, 0x0,
    0x0, 0x0, 0x0, 0x0, 0xb, 0xf1, 0x2f, 0xa0,
    0x0, 0x0, 0x0, 0x0, 0x0, 0x0, 0x0, 0xa,
    0xf2, 0x2f, 0xa0, 0x0, 0x0, 0x0, 0x0, 0x0,
    0x0, 0x0, 0xb, 0xf2, 0xf, 0xc0, 0x0, 0x0,
    0x0, 0x0, 0x0, 0x0, 0x0, 0xc, 0xf0, 0xd,
    0xf1, 0x0, 0x0, 0x0, 0x0, 0x0, 0x0, 0x0,
    0x1f, 0xd0, 0x8, 0xf6, 0x0, 0x0, 0x0, 0x0,
    0x0, 0x0, 0x0, 0x6f, 0x80, 0x2, 0xfe, 0x0,
    0x0, 0x0, 0x0, 0x0, 0x0, 0x1, 0xef, 0x10,
    0x0, 0x9f, 0xb0, 0x0, 0x0, 0x0, 0x0, 0x0,
    0xb, 0xf8, 0x0, 0x0, 0xc, 0xfa, 0x0, 0x0,
    0x0, 0x0, 0x0, 0xbf, 0xb0, 0x0, 0x0, 0x1,
    0xcf, 0xd5, 0x0, 0x0, 0x0, 0x5d, 0xfa, 0x0,
    0x0, 0x0, 0x0, 0x8, 0xff, 0xfb, 0x99, 0xbf,
    0xfe, 0x70, 0x0, 0x0, 0x0, 0x0, 0x0, 0x17,
    0xbe, 0xff, 0xeb, 0x61, 0x0, 0x0, 0x0, 0x0,
    0x0, 0x0, 0x0, 0x0, 0x0, 0x0, 0x0, 0x0,
    0x0, 0x0,

    /* U+25CC "◌" */
    0x0, 0x0, 0x23, 0x70, 0x20, 0x0, 0x0, 0x1,
    0x48, 0x14, 0x48, 0x0, 0x0, 0x1, 0xa0, 0x0,
    0x0, 0x6, 0x50, 0x3, 0x80, 0x0, 0x0, 0x0,
    0x3, 0x80, 0x3, 0x0, 0x0, 0x0, 0x0, 0x13,
    0x3, 0x10, 0x0, 0x0, 0x0, 0x0, 0x30, 0x83,
    0x0, 0x0, 0x0, 0x0, 0xa, 0x10, 0x20, 0x0,
    0x0, 0x0, 0x1, 0x20, 0x39, 0x0, 0x0, 0x0,
    0x0, 0x48, 0x0, 0x18, 0x0, 0x0, 0x0, 0x44,
    0x0, 0x0, 0x52, 0x60, 0x12, 0x63, 0x20, 0x0,
    0x0, 0x24, 0x49, 0x24, 0x0, 0x0,

    /* U+25CE "◎" */
    0x0, 0x0, 0x0, 0x5, 0xac, 0xee, 0xda, 0x61,
    0x0, 0x0, 0x0, 0x0, 0x0, 0x6, 0xef, 0xeb,
    0x99, 0xbe, 0xff, 0x91, 0x0, 0x0, 0x0, 0x1,
    0xbf, 0xc4, 0x0, 0x0, 0x0, 0x2a, 0xfe, 0x30,
    0x0, 0x0, 0xd, 0xf6, 0x0, 0x3, 0x55, 0x30,
    0x0, 0x4e, 0xf2, 0x0, 0x0, 0xbf, 0x50, 0x7,
    0xef, 0xff, 0xff, 0x80, 0x2, 0xee, 0x10, 0x5,
    0xf8, 0x0, 0xbf, 0xc5, 0x32, 0x5a, 0xfd, 0x10,
    0x4f, 0x80, 0xd, 0xe0, 0xa, 0xf7, 0x0, 0x0,
    0x0, 0x5f, 0xc0, 0xb, 0xf1, 0x2f, 0x70, 0x4f,
    0x80, 0x0, 0x0, 0x0, 0x6, 0xf6, 0x4, 0xf5,
    0x6f, 0x30, 0xaf, 0x0, 0x0, 0x0, 0x0, 0x0,
    0xdd, 0x0, 0xf9, 0x8f, 0x0, 0xeb, 0x0, 0x0,
    0x0, 0x0, 0x0, 0x8f, 0x0, 0xeb, 0xaf, 0x0,
    0xf9, 0x0, 0x0, 0x0, 0x0, 0x0, 0x6f, 0x20,
    0xcc, 0x9f, 0x0, 0xea, 0x0, 0x0, 0x0, 0x0,
    0x0, 0x7f, 0x10, 0xdb, 0x7f, 0x10, 0xcd, 0x0,
    0x0, 0x0, 0x0, 0x0, 0xbf, 0x0, 0xfa, 0x4f,
    0x50, 0x7f, 0x40, 0x0, 0x0, 0x0, 0x2, 0xfa,
    0x3, 0xf6, 0xf, 0xb0, 0xe, 0xe1, 0x0, 0x0,
    0x0, 0xc, 0xf2, 0x9, 0xf2, 0x8, 0xf3, 0x3,
    0xfe, 0x50, 0x0, 0x4, 0xdf, 0x60, 0x2f, 0xb0,
    0x0, 0xee, 0x10, 0x3d, 0xfe, 0xcb, 0xef, 0xe5,
    0x0, 0xcf, 0x20, 0x0, 0x3f, 0xc1, 0x0, 0x5a,
    0xcd, 0xb7, 0x10, 0xb, 0xf6, 0x0, 0x0, 0x4,
    0xfe, 0x50, 0x0, 0x0, 0x0, 0x4, 0xdf, 0x70,
    0x0, 0x0, 0x0, 0x2d, 0xfd, 0x84, 0x32, 0x47,
    0xcf, 0xe5, 0x0, 0x0, 0x0, 0x0, 0x0, 0x6c,
    0xff, 0xff, 0xff, 0xd7, 0x0, 0x0, 0x0, 0x0,
    0x0, 0x0, 0x0, 0x14, 0x55, 0x42, 0x0, 0x0,
    0x0, 0x0,

    /* U+25CF "●" */
    0x0, 0x0, 0x0, 0x0, 0x13, 0x55, 0x31, 0x0,
    0x0, 0x0, 0x0, 0x0, 0x0, 0x0, 0x5c, 0xff,
    0xff, 0xff, 0xc5, 0x0, 0x0, 0x0, 0x0, 0x0,
    0x1c, 0xff, 0xff, 0xff, 0xff, 0xff, 0xc1, 0x0,
    0x0, 0x0, 0x2, 0xef, 0xff, 0xff, 0xff, 0xff,
    0xff, 0xfe, 0x20, 0x0, 0x0, 0x1e, 0xff, 0xff,
    0xff, 0xff, 0xff, 0xff, 0xff, 0xd1, 0x0, 0x0,
    0xbf, 0xff, 0xff, 0xff, 0xff, 0xff, 0xff, 0xff,
    0xfb, 0x0, 0x3, 0xff, 0xff, 0xff, 0xff, 0xff,
    0xff, 0xff, 0xff, 0xff, 0x30, 0xa, 0xff, 0xff,
    0xff, 0xff, 0xff, 0xff, 0xff, 0xff, 0xff, 0xa0,
    0xe, 0xff, 0xff, 0xff, 0xff, 0xff, 0xff, 0xff,
    0xff, 0xff, 0xe0, 0x1f, 0xff, 0xff, 0xff, 0xff,
    0xff, 0xff, 0xff, 0xff, 0xff, 0xf1, 0x2f, 0xff,
    0xff, 0xff, 0xff, 0xff, 0xff, 0xff, 0xff, 0xff,
    0xf2, 0x2f, 0xff, 0xff, 0xff, 0xff, 0xff, 0xff,
    0xff, 0xff, 0xff, 0xf2, 0xf, 0xff, 0xff, 0xff,
    0xff, 0xff, 0xff, 0xff, 0xff, 0xff, 0xf0, 0xd,
    0xff, 0xff, 0xff, 0xff, 0xff, 0xff, 0xff, 0xff,
    0xff, 0xd0, 0x8, 0xff, 0xff, 0xff, 0xff, 0xff,
    0xff, 0xff, 0xff, 0xff, 0x80, 0x1, 0xff, 0xff,
    0xff, 0xff, 0xff, 0xff, 0xff, 0xff, 0xff, 0x10,
    0x0, 0x7f, 0xff, 0xff, 0xff, 0xff, 0xff, 0xff,
    0xff, 0xf7, 0x0, 0x0, 0xa, 0xff, 0xff, 0xff,
    0xff, 0xff, 0xff, 0xff, 0xa0, 0x0, 0x0, 0x0,
    0xaf, 0xff, 0xff, 0xff, 0xff, 0xff, 0xfa, 0x0,
    0x0, 0x0, 0x0, 0x6, 0xef, 0xff, 0xff, 0xff,
    0xfe, 0x60, 0x0, 0x0, 0x0, 0x0, 0x0, 0x6,
    0xbe, 0xff, 0xeb, 0x60, 0x0, 0x0, 0x0, 0x0,
    0x0, 0x0, 0x0, 0x0, 0x0, 0x0, 0x0, 0x0,
    0x0, 0x0,

    /* U+25D0 "◐" */
    0x0, 0x0, 0x0, 0x0, 0x0, 0x0, 0x0, 0x0,
    0x0, 0x0, 0x0, 0x0, 0x0, 0x6b, 0xef, 0xfe,
    0xa5, 0x0, 0x0, 0x0, 0x0, 0x0, 0x6e, 0xff,
    0xff, 0xdd, 0xff, 0xd4, 0x0, 0x0, 0x0, 0x9,
    0xff, 0xff, 0xff, 0x60, 0x17, 0xff, 0x70, 0x0,
    0x0, 0x9f, 0xff, 0xff, 0xff, 0x60, 0x0, 0x2d,
    0xf6, 0x0, 0x5, 0xff, 0xff, 0xff, 0xff, 0x60,
    0x0, 0x1, 0xef, 0x30, 0xe, 0xff, 0xff, 0xff,
    0xff, 0x60, 0x0, 0x0, 0x3f, 0xc0, 0x5f, 0xff,
    0xff, 0xff, 0xff, 0x60, 0x0, 0x0, 0xb, 0xf2,
    0xaf, 0xff, 0xff, 0xff, 0xff, 0x60, 0x0, 0x0,
    0x5, 0xf7, 0xcf, 0xff, 0xff, 0xff, 0xff, 0x60,
    0x0, 0x0, 0x1, 0xfa, 0xef, 0xff, 0xff, 0xff,
    0xff, 0x60, 0x0, 0x0, 0x0, 0xfb, 0xdf, 0xff,
    0xff, 0xff, 0xff, 0x60, 0x0, 0x0, 0x0, 0xfb,
    0xcf, 0xff, 0xff, 0xff, 0xff, 0x60, 0x0, 0x0,
    0x2, 0xf9, 0x8f, 0xff, 0xff, 0xff, 0xff, 0x60,
    0x0, 0x0, 0x7, 0xf5, 0x3f, 0xff, 0xff, 0xff,
    0xff, 0x60, 0x0, 0x0, 0xd, 0xf1, 0xb, 0xff,
    0xff, 0xff, 0xff, 0x60, 0x0, 0x0, 0x7f, 0x80,
    0x2, 0xff, 0xff, 0xff, 0xff, 0x60, 0x0, 0x5,
    0xfd, 0x10, 0x0, 0x4f, 0xff, 0xff, 0xff, 0x60,
    0x0, 0x7f, 0xe2, 0x0, 0x0, 0x3, 0xef, 0xff,
    0xff, 0x73, 0x7d, 0xfd, 0x20, 0x0, 0x0, 0x0,
    0x19, 0xff, 0xff, 0xff, 0xff, 0x70, 0x0, 0x0,
    0x0, 0x0, 0x0, 0x5, 0x89, 0x97, 0x40, 0x0,
    0x0, 0x0,

    /* U+25D1 "◑" */
    0x0, 0x0, 0x0, 0x0, 0x0, 0x0, 0x0, 0x0,
    0x0, 0x0, 0x0, 0x0, 0x0, 0x6b, 0xef, 0xfe,
    0xb6, 0x0, 0x0, 0x0, 0x0, 0x0, 0x5e, 0xff,
    0xdd, 0xff, 0xff, 0xe6, 0x0, 0x0, 0x0, 0x8,
    0xff, 0x71, 0x6, 0xff, 0xff, 0xff, 0x90, 0x0,
    0x0, 0x8f, 0xd1, 0x0, 0x6, 0xff, 0xff, 0xff,
    0xf9, 0x0, 0x4, 0xfd, 0x10, 0x0, 0x6, 0xff,
    0xff, 0xff, 0xff, 0x50, 0xd, 0xf2, 0x0, 0x0,
    0x6, 0xff, 0xff, 0xff, 0xff, 0xe0, 0x4f, 0xa0,
    0x0, 0x0, 0x6, 0xff, 0xff, 0xff, 0xff, 0xf5,
    0x8f, 0x40, 0x0, 0x0, 0x6, 0xff, 0xff, 0xff,
    0xff, 0xfa, 0xbf, 0x0, 0x0, 0x0, 0x6, 0xff,
    0xff, 0xff, 0xff, 0xfc, 0xcf, 0x0, 0x0, 0x0,
    0x6, 0xff, 0xff, 0xff, 0xff, 0xfe, 0xcf, 0x0,
    0x0, 0x0, 0x6, 0xff, 0xff, 0xff, 0xff, 0xfd,
    0xaf, 0x10, 0x0, 0x0, 0x6, 0xff, 0xff, 0xff,
    0xff, 0xfc, 0x7f, 0x60, 0x0, 0x0, 0x6, 0xff,
    0xff, 0xff, 0xff, 0xf8, 0x2f, 0xc0, 0x0, 0x0,
    0x6, 0xff, 0xff, 0xff, 0xff, 0xf3, 0xa, 0xf6,
    0x0, 0x0, 0x6, 0xff, 0xff, 0xff, 0xff, 0xb0,
    0x1, 0xef, 0x40, 0x0, 0x6, 0xff, 0xff, 0xff,
    0xfe, 0x20, 0x0, 0x3f, 0xf6, 0x0, 0x6, 0xff,
    0xff, 0xff, 0xf4, 0x0, 0x0, 0x3, 0xef, 0xd7,
    0x37, 0xff, 0xff, 0xfe, 0x30, 0x0, 0x0, 0x0,
    0x18, 0xff, 0xff, 0xff, 0xff, 0x91, 0x0, 0x0,
    0x0, 0x0, 0x0, 0x4, 0x89, 0x98, 0x50, 0x0,
    0x0, 0x0,

    /* U+AC00 "가" */
    0x0, 0x0, 0x0, 0x0, 0x0, 0x0, 0x0, 0x1,
    0xff, 0xe0, 0x0, 0x0, 0x18, 0x88, 0x88, 0x88,
    0x88, 0x88, 0x0, 0x1f, 0xfe, 0x0, 0x0, 0x2,
    0xff, 0xff, 0xff, 0xff, 0xff, 0xe0, 0x1, 0xff,
    0xe0, 0x0, 0x0, 0x1f, 0xff, 0xff, 0xff, 0xff,
    0xfc, 0x0, 0x1f, 0xfe, 0x0, 0x0, 0x0, 0x0,
    0x0, 0x0, 0x6, 0xff, 0x80, 0x1, 0xff, 0xe0,
    0x0, 0x0, 0x0, 0x0, 0x0, 0x0, 0xbf, 0xf4,
    0x0, 0x1f, 0xfe, 0x0, 0x0, 0x0, 0x0, 0x0,
    0x0, 0x1f, 0xff, 0x0, 0x1, 0xff, 0xe0, 0x0,
    0x0, 0x0, 0x0, 0x0, 0x8, 0xff, 0x90, 0x0,
    0x1f, 0xfe, 0x0, 0x0, 0x0, 0x0, 0x0, 0x1,
    0xff, 0xf2, 0x0, 0x1, 0xff, 0xf8, 0x88, 0x30,
    0x0, 0x0, 0x0, 0xbf, 0xf9, 0x0, 0x0, 0x1f,
    0xff, 0xff, 0xf6, 0x0, 0x0, 0x0, 0x7f, 0xfe,
    0x10, 0x0, 0x1, 0xff, 0xff, 0xff, 0x50, 0x0,
    0x0, 0x5f, 0xff, 0x40, 0x0, 0x0, 0x1f, 0xfe,
    0x0, 0x0, 0x0, 0x0, 0x6f, 0xff, 0x80, 0x0,
    0x0, 0x1, 0xff, 0xe0, 0x0, 0x0, 0x0, 0x9f,
    0xff, 0x90, 0x0, 0x0, 0x0, 0x1f, 0xfe, 0x0,
    0x0, 0x3, 0xdf, 0xff, 0x90, 0x0, 0x0, 0x0,
    0x1, 0xff, 0xe0, 0x0, 0x2, 0xff, 0xff, 0x70,
    0x0, 0x0, 0x0, 0x0, 0x1f, 0xfe, 0x0, 0x0,
    0x3, 0xfd, 0x30, 0x0, 0x0, 0x0, 0x0, 0x1,
    0xff, 0xe0, 0x0, 0x0, 0x2, 0x0, 0x0, 0x0,
    0x0, 0x0, 0x0, 0x1f, 0xfe, 0x0, 0x0, 0x0,
    0x0, 0x0, 0x0, 0x0, 0x0, 0x0, 0x1, 0xff,
    0xe0, 0x0, 0x0, 0x0, 0x0, 0x0, 0x0, 0x0,
    0x0, 0x0, 0x1f, 0xfe, 0x0, 0x0, 0x0, 0x0,
    0x0, 0x0, 0x0, 0x0, 0x0, 0x1, 0xff, 0xe0,
    0x0, 0x0, 0x0, 0x0, 0x0, 0x0, 0x0, 0x0,
    0x0, 0x1f, 0xfe, 0x0, 0x0, 0x0, 0x0, 0x0,
    0x0, 0x0, 0x0, 0x0, 0x0, 0x99, 0x80, 0x0,
    0x0,

    /* U+AC01 "각" */
    0x0, 0x0, 0x0, 0x0, 0x0, 0x0, 0x0, 0x1,
    0xff, 0xd0, 0x0, 0x0, 0xf, 0xff, 0xff, 0xff,
    0xff, 0xfd, 0x0, 0x1f, 0xfd, 0x0, 0x0, 0x0,
    0xff, 0xff, 0xff, 0xff, 0xff, 0xb0, 0x1, 0xff,
    0xd0, 0x0, 0x0, 0x7, 0x77, 0x77, 0x77, 0xef,
    0xf7, 0x0, 0x1f, 0xfd, 0x0, 0x0, 0x0, 0x0,
    0x0, 0x0, 0x1f, 0xff, 0x10, 0x1, 0xff, 0xd0,
    0x0, 0x0, 0x0, 0x0, 0x0, 0xa, 0xff, 0xa0,
    0x0, 0x1f, 0xff, 0xff, 0xf4, 0x0, 0x0, 0x0,
    0x5, 0xff, 0xf2, 0x0, 0x1, 0xff, 0xff, 0xff,
    0x40, 0x0, 0x0, 0x5, 0xff, 0xf6, 0x0, 0x0,
    0x1f, 0xfe, 0x88, 0x82, 0x0, 0x0, 0x8, 0xff,
    0xf9, 0x0, 0x0, 0x1, 0xff, 0xd0, 0x0, 0x0,
    0x0, 0x5d, 0xff, 0xf9, 0x0, 0x0, 0x0, 0x1f,
    0xfd, 0x0, 0x0, 0x7, 0xdf, 0xff, 0xf6, 0x0,
    0x0, 0x0, 0x1, 0xff, 0xd0, 0x0, 0x0, 0xbf,
    0xff, 0xb2, 0x0, 0x0, 0x0, 0x0, 0x1f, 0xfd,
    0x0, 0x0, 0x0, 0xdb, 0x40, 0x0, 0x0, 0x0,
    0x0, 0x0, 0xcc, 0xa0, 0x0, 0x0, 0x0, 0x6,
    0x66, 0x66, 0x66, 0x66, 0x66, 0x66, 0x65, 0x0,
    0x0, 0x0, 0x0, 0xff, 0xff, 0xff, 0xff, 0xff,
    0xff, 0xff, 0xd0, 0x0, 0x0, 0x0, 0xf, 0xff,
    0xff, 0xff, 0xff, 0xff, 0xff, 0xfd, 0x0, 0x0,
    0x0, 0x0, 0x1, 0x11, 0x11, 0x11, 0x11, 0x11,
    0xff, 0xd0, 0x0, 0x0, 0x0, 0x0, 0x0, 0x0,
    0x0, 0x0, 0x0, 0xf, 0xfd, 0x0, 0x0, 0x0,
    0x0, 0x0, 0x0, 0x0, 0x0, 0x0, 0x0, 0xff,
    0xd0, 0x0, 0x0, 0x0, 0x0, 0x0, 0x0, 0x0,
    0x0, 0x0, 0xf, 0xfd, 0x0, 0x0, 0x0, 0x0,
    0x0, 0x0, 0x0, 0x0, 0x0, 0x0, 0xff, 0xd0,
    0x0, 0x0, 0x0, 0x0, 0x0, 0x0, 0x0, 0x0,
    0x0, 0xf, 0xfd, 0x0, 0x0, 0x0, 0x0, 0x0,
    0x0, 0x0, 0x0, 0x0, 0x0, 0x11, 0x10, 0x0,
    0x0,

    /* U+AC04 "간" */
    0x0, 0x0, 0x0, 0x0, 0x0, 0x0, 0x0, 0x0,
    0xff, 0xe0, 0x0, 0x0, 0xe, 0xff, 0xff, 0xff,
    0xff, 0xfb, 0x0, 0xf, 0xfe, 0x0, 0x0, 0x0,
    0xef, 0xff, 0xff, 0xff, 0xff, 0x80, 0x0, 0xff,
    0xe0, 0x0, 0x0, 0x6, 0x77, 0x77, 0x77, 0xef,
    0xf5, 0x0, 0xf, 0xfe, 0x0, 0x0, 0x0, 0x0,
    0x0, 0x0, 0x2f, 0xff, 0x0, 0x0, 0xff, 0xe0,
    0x0, 0x0, 0x0, 0x0, 0x0, 0xa, 0xff, 0x90,
    0x0, 0xf, 0xfe, 0x0, 0x0, 0x0, 0x0, 0x0,
    0x5, 0xff, 0xf2, 0x0, 0x0, 0xff, 0xff, 0xff,
    0x50, 0x0, 0x0, 0x3, 0xff, 0xf8, 0x0, 0x0,
    0xf, 0xff, 0xff, 0xf6, 0x0, 0x0, 0x3, 0xef,
    0xfc, 0x0, 0x0, 0x0, 0xff, 0xf8, 0x88, 0x30,
    0x0, 0x7, 0xff, 0xfd, 0x10, 0x0, 0x0, 0xf,
    0xfe, 0x0, 0x0, 0x0, 0x5d, 0xff, 0xfc, 0x10,
    0x0, 0x0, 0x0, 0xff, 0xe0, 0x0, 0x1, 0xef,
    0xff, 0xf9, 0x0, 0x0, 0x0, 0x0, 0xf, 0xfe,
    0x0, 0x0, 0x4, 0xff, 0xc3, 0x0, 0x0, 0x0,
    0x0, 0x0, 0xff, 0xe0, 0x0, 0x0, 0x5, 0x40,
    0x0, 0x0, 0x0, 0x0, 0x0, 0xf, 0xfe, 0x0,
    0x0, 0x0, 0x0, 0x17, 0x75, 0x0, 0x0, 0x0,
    0x0, 0xff, 0xe0, 0x0, 0x0, 0x0, 0x3, 0xff,
    0xb0, 0x0, 0x0, 0x0, 0xf, 0xfe, 0x0, 0x0,
    0x0, 0x0, 0x3f, 0xfb, 0x0, 0x0, 0x0, 0x0,
    0x44, 0x40, 0x0, 0x0, 0x0, 0x3, 0xff, 0xb0,
    0x0, 0x0, 0x0, 0x0, 0x0, 0x0, 0x0, 0x0,
    0x0, 0x3f, 0xfb, 0x0, 0x0, 0x0, 0x0, 0x0,
    0x0, 0x0, 0x0, 0x0, 0x3, 0xff, 0xd7, 0x77,
    0x77, 0x77, 0x77, 0x77, 0x40, 0x0, 0x0, 0x0,
    0x3f, 0xff, 0xff, 0xff, 0xff, 0xff, 0xff, 0xf8,
    0x0, 0x0, 0x0, 0x3, 0xff, 0xff, 0xff, 0xff,
    0xff, 0xff, 0xff, 0x80, 0x0,

    /* U+AC08 "갈" */
    0x0, 0xef, 0xff, 0xff, 0xff, 0xff, 0xe0, 0x0,
    0xff, 0xf0, 0x0, 0x0, 0xe, 0xff, 0xff, 0xff,
    0xff, 0xfb, 0x0, 0xf, 0xff, 0x0, 0x0, 0x0,
    0x67, 0x77, 0x77, 0x7e, 0xff, 0x60, 0x0, 0xff,
    0xf0, 0x0, 0x0, 0x0, 0x0, 0x0, 0x3, 0xff,
    0xf1, 0x0, 0xf, 0xff, 0x0, 0x0, 0x0, 0x0,
    0x0, 0x0, 0xdf, 0xf9, 0x0, 0x0, 0xff, 0xff,
    0xff, 0x50, 0x0, 0x0, 0x0, 0xbf, 0xfe, 0x10,
    0x0, 0xf, 0xff, 0xff, 0xf6, 0x0, 0x0, 0x1,
    0xbf, 0xff, 0x30, 0x0, 0x0, 0xff, 0xf8, 0x88,
    0x30, 0x0, 0x6, 0xef, 0xff, 0x40, 0x0, 0x0,
    0xf, 0xff, 0x0, 0x0, 0x2, 0x7e, 0xff, 0xfd,
    0x30, 0x0, 0x0, 0x0, 0xff, 0xf0, 0x0, 0x0,
    0xdf, 0xff, 0xf9, 0x0, 0x0, 0x0, 0x0, 0xf,
    0xff, 0x0, 0x0, 0x2, 0xef, 0x92, 0x0, 0x0,
    0x0, 0x0, 0x0, 0xff, 0xf0, 0x0, 0x0, 0x2,
    0x1, 0x66, 0x66, 0x66, 0x66, 0x66, 0x68, 0x87,
    0x0, 0x0, 0x0, 0x0, 0x3f, 0xff, 0xff, 0xff,
    0xff, 0xff, 0xff, 0xf0, 0x0, 0x0, 0x0, 0x3,
    0xff, 0xff, 0xff, 0xff, 0xff, 0xff, 0xff, 0x0,
    0x0, 0x0, 0x0, 0x0, 0x0, 0x0, 0x0, 0x0,
    0x0, 0xff, 0xf0, 0x0, 0x0, 0x0, 0x1, 0x66,
    0x66, 0x66, 0x66, 0x66, 0x6f, 0xff, 0x0, 0x0,
    0x0, 0x0, 0x3f, 0xff, 0xff, 0xff, 0xff, 0xff,
    0xff, 0xf0, 0x0, 0x0, 0x0, 0x3, 0xff, 0xff,
    0xff, 0xff, 0xff, 0xff, 0xfe, 0x0, 0x0, 0x0,
    0x0, 0x3f, 0xfb, 0x0, 0x0, 0x0, 0x0, 0x0,
    0x0, 0x0, 0x0, 0x0, 0x3, 0xff, 0xd7, 0x77,
    0x77, 0x77, 0x77, 0x77, 0x40, 0x0, 0x0, 0x0,
    0x3f, 0xff, 0xff, 0xff, 0xff, 0xff, 0xff, 0xf8,
    0x0, 0x0, 0x0, 0x3, 0xff, 0xff, 0xff, 0xff,
    0xff, 0xff, 0xff, 0x80, 0x0,

    /* U+AC12 "값" */
    0x0, 0x0, 0x0, 0x0, 0x0, 0x0, 0x0, 0x7,
    0xff, 0x70, 0x0, 0x1, 0xff, 0xff, 0xff, 0xff,
    0xff, 0xd0, 0x7, 0xff, 0x70, 0x0, 0x1, 0xff,
    0xff, 0xff, 0xff, 0xff, 0xa0, 0x7, 0xff, 0x70,
    0x0, 0x0, 0x77, 0x77, 0x77, 0x7d, 0xff, 0x60,
    0x7, 0xff, 0x70, 0x0, 0x0, 0x0, 0x0, 0x0,
    0x2f, 0xff, 0x10, 0x7, 0xff, 0x93, 0x32, 0x0,
    0x0, 0x0, 0x0, 0xcf, 0xf9, 0x0, 0x7, 0xff,
    0xff, 0xf9, 0x0, 0x0, 0x0, 0xa, 0xff, 0xe1,
    0x0, 0x7, 0xff, 0xff, 0xf9, 0x0, 0x0, 0x1,
    0xcf, 0xff, 0x40, 0x0, 0x7, 0xff, 0x93, 0x32,
    0x0, 0x0, 0x7e, 0xff, 0xf5, 0x0, 0x0, 0x7,
    0xff, 0x70, 0x0, 0x4, 0x9e, 0xff, 0xfe, 0x40,
    0x0, 0x0, 0x7, 0xff, 0x70, 0x0, 0x2f, 0xff,
    0xff, 0xb1, 0x0, 0x0, 0x0, 0x7, 0xff, 0x70,
    0x0, 0x5, 0xff, 0xb3, 0x0, 0x0, 0x0, 0x0,
    0x6, 0xff, 0x70, 0x0, 0x0, 0x52, 0x0, 0x0,
    0x0, 0x0, 0x0, 0x0, 0x0, 0x0, 0x0, 0x0,
    0x9, 0xff, 0x10, 0x1f, 0xf9, 0x0, 0x3f, 0xf7,
    0x0, 0x0, 0x0, 0x9, 0xff, 0x21, 0x2f, 0xf9,
    0x0, 0x4f, 0xf7, 0x0, 0x0, 0x0, 0x9, 0xff,
    0xff, 0xff, 0xf9, 0x0, 0x5f, 0xf9, 0x0, 0x0,
    0x0, 0x9, 0xff, 0xff, 0xff, 0xf9, 0x0, 0x8f,
    0xfc, 0x0, 0x0, 0x0, 0x9, 0xff, 0x32, 0x3f,
    0xf9, 0x0, 0xdf, 0xff, 0x20, 0x0, 0x0, 0x9,
    0xff, 0x10, 0x1f, 0xf9, 0x6, 0xff, 0xff, 0xb0,
    0x0, 0x0, 0x9, 0xff, 0x44, 0x4f, 0xf9, 0x5f,
    0xfc, 0x9f, 0xf9, 0x0, 0x0, 0x9, 0xff, 0xff,
    0xff, 0xfe, 0xff, 0xf2, 0xd, 0xff, 0xb0, 0x0,
    0x9, 0xff, 0xff, 0xff, 0xfb, 0xef, 0x40, 0x2,
    0xef, 0x30, 0x0, 0x0, 0x0, 0x0, 0x0, 0x0,
    0x32, 0x0, 0x0, 0x13, 0x0,

    /* U+AC15 "강" */
    0x0, 0x0, 0x0, 0x0, 0x0, 0x0, 0x0, 0x1,
    0xff, 0xd0, 0x0, 0x0, 0xf, 0xff, 0xff, 0xff,
    0xff, 0xfd, 0x0, 0x1f, 0xfd, 0x0, 0x0, 0x0,
    0xff, 0xff, 0xff, 0xff, 0xff, 0x90, 0x1, 0xff,
    0xd0, 0x0, 0x0, 0x7, 0x77, 0x77, 0x77, 0xff,
    0xf5, 0x0, 0x1f, 0xfd, 0x0, 0x0, 0x0, 0x0,
    0x0, 0x0, 0x5f, 0xfe, 0x0, 0x1, 0xff, 0xd0,
    0x0, 0x0, 0x0, 0x0, 0x0, 0xe, 0xff, 0x70,
    0x0, 0x1f, 0xff, 0xff, 0xf4, 0x0, 0x0, 0x0,
    0xa, 0xff, 0xd0, 0x0, 0x1, 0xff, 0xff, 0xff,
    0x40, 0x0, 0x0, 0x9, 0xff, 0xf3, 0x0, 0x0,
    0x1f, 0xfe, 0x88, 0x82, 0x0, 0x0, 0x1b, 0xff,
    0xf5, 0x0, 0x0, 0x1, 0xff, 0xd0, 0x0, 0x0,
    0x0, 0x5e, 0xff, 0xf5, 0x0, 0x0, 0x0, 0x1f,
    0xfd, 0x0, 0x0, 0x17, 0xdf, 0xff, 0xe3, 0x0,
    0x0, 0x0, 0x1, 0xff, 0xd0, 0x0, 0x0, 0xbf,
    0xff, 0xa1, 0x0, 0x0, 0x0, 0x0, 0x1f, 0xfd,
    0x0, 0x0, 0x1, 0xdb, 0x30, 0x0, 0x0, 0x0,
    0x0, 0x1, 0xff, 0xd0, 0x0, 0x0, 0x0, 0x0,
    0x0, 0x6a, 0xde, 0xfe, 0xdb, 0x75, 0x32, 0x0,
    0x0, 0x0, 0x0, 0x5, 0xef, 0xff, 0xff, 0xff,
    0xff, 0xf8, 0x0, 0x0, 0x0, 0x0, 0x5, 0xff,
    0xfe, 0xa8, 0x78, 0x9d, 0xff, 0xf8, 0x0, 0x0,
    0x0, 0x0, 0xcf, 0xf8, 0x0, 0x0, 0x0, 0x4,
    0xff, 0xf1, 0x0, 0x0, 0x0, 0xf, 0xff, 0x10,
    0x0, 0x0, 0x0, 0xd, 0xff, 0x20, 0x0, 0x0,
    0x0, 0xdf, 0xf8, 0x0, 0x0, 0x0, 0x4, 0xff,
    0xf1, 0x0, 0x0, 0x0, 0x5, 0xff, 0xfd, 0x97,
    0x77, 0x9c, 0xff, 0xf8, 0x0, 0x0, 0x0, 0x0,
    0x6, 0xff, 0xff, 0xff, 0xff, 0xff, 0xf8, 0x0,
    0x0, 0x0, 0x0, 0x0, 0x1, 0x6b, 0xdf, 0xff,
    0xeb, 0x72, 0x0, 0x0, 0x0,

    /* U+AC19 "같" */
    0x0, 0xef, 0xff, 0xff, 0xff, 0xff, 0xf0, 0x0,
    0xff, 0xf0, 0x0, 0x0, 0xe, 0xff, 0xff, 0xff,
    0xff, 0xfc, 0x0, 0xf, 0xff, 0x0, 0x0, 0x0,
    0x67, 0x77, 0x77, 0x7d, 0xff, 0x80, 0x0, 0xff,
    0xf0, 0x0, 0x0, 0x0, 0x0, 0x0, 0x0, 0xef,
    0xf3, 0x0, 0xf, 0xff, 0x0, 0x0, 0x0, 0x0,
    0x0, 0x0, 0x8f, 0xfb, 0x0, 0x0, 0xff, 0xf8,
    0x88, 0x20, 0x0, 0x0, 0x0, 0x3f, 0xff, 0x30,
    0x0, 0xf, 0xff, 0xff, 0xf5, 0x0, 0x0, 0x0,
    0x3e, 0xff, 0x70, 0x0, 0x0, 0xff, 0xff, 0xff,
    0x50, 0x0, 0x0, 0x5f, 0xff, 0x90, 0x0, 0x0,
    0xf, 0xff, 0x0, 0x0, 0x0, 0x2, 0xaf, 0xff,
    0x90, 0x0, 0x0, 0x0, 0xff, 0xf0, 0x0, 0x0,
    0x5b, 0xff, 0xff, 0x50, 0x0, 0x0, 0x0, 0xf,
    0xff, 0x0, 0x0, 0xa, 0xff, 0xfa, 0x10, 0x0,
    0x0, 0x0, 0x0, 0xff, 0xf0, 0x0, 0x0, 0xa,
    0x92, 0x0, 0x0, 0x0, 0x0, 0x0, 0x8, 0x88,
    0x0, 0x0, 0x0, 0x0, 0x3f, 0xff, 0xff, 0xff,
    0xff, 0xff, 0xff, 0xf0, 0x0, 0x0, 0x0, 0x3,
    0xff, 0xff, 0xff, 0xff, 0xff, 0xff, 0xff, 0x0,
    0x0, 0x0, 0x0, 0x3f, 0xfd, 0x55, 0x55, 0x55,
    0x55, 0x55, 0x50, 0x0, 0x0, 0x0, 0x3, 0xff,
    0xc4, 0x44, 0x44, 0x44, 0x44, 0x42, 0x0, 0x0,
    0x0, 0x0, 0x3f, 0xff, 0xff, 0xff, 0xff, 0xff,
    0xff, 0xa0, 0x0, 0x0, 0x0, 0x3, 0xff, 0xff,
    0xff, 0xff, 0xff, 0xff, 0xf9, 0x0, 0x0, 0x0,
    0x0, 0x3f, 0xfb, 0x0, 0x0, 0x0, 0x0, 0x0,
    0x0, 0x0, 0x0, 0x0, 0x3, 0xff, 0xd6, 0x66,
    0x66, 0x66, 0x66, 0x66, 0x30, 0x0, 0x0, 0x0,
    0x3f, 0xff, 0xff, 0xff, 0xff, 0xff, 0xff, 0xf8,
    0x0, 0x0, 0x0, 0x3, 0xff, 0xff, 0xff, 0xff,
    0xff, 0xff, 0xff, 0x80, 0x0,

    /* U+AC1C "개" */
    0x0, 0x0, 0x0, 0x0, 0x0, 0x0, 0x2f, 0xfc,
    0xd, 0xff, 0x10, 0x27, 0x77, 0x77, 0x77, 0x77,
    0x2, 0xff, 0xc0, 0xdf, 0xf1, 0x5, 0xff, 0xff,
    0xff, 0xff, 0xe0, 0x2f, 0xfc, 0xd, 0xff, 0x10,
    0x4f, 0xff, 0xff, 0xff, 0xfd, 0x2, 0xff, 0xc0,
    0xdf, 0xf1, 0x0, 0x0, 0x0, 0x4, 0xff, 0xa0,
    0x2f, 0xfc, 0xd, 0xff, 0x10, 0x0, 0x0, 0x0,
    0x7f, 0xf7, 0x2, 0xff, 0xc0, 0xdf, 0xf1, 0x0,
    0x0, 0x0, 0xc, 0xff, 0x30, 0x2f, 0xfc, 0xd,
    0xff, 0x10, 0x0, 0x0, 0x2, 0xff, 0xe0, 0x2,
    0xff, 0xc0, 0xdf, 0xf1, 0x0, 0x0, 0x0, 0x9f,
    0xf8, 0x0, 0x2f, 0xfe, 0x8e, 0xff, 0x10, 0x0,
    0x0, 0x2f, 0xff, 0x10, 0x2, 0xff, 0xff, 0xff,
    0xf1, 0x0, 0x0, 0xb, 0xff, 0x90, 0x0, 0x2f,
    0xff, 0xff, 0xff, 0x10, 0x0, 0x7, 0xff, 0xe1,
    0x0, 0x2, 0xff, 0xc0, 0xdf, 0xf1, 0x0, 0x4,
    0xff, 0xf5, 0x0, 0x0, 0x2f, 0xfc, 0xd, 0xff,
    0x10, 0x3, 0xff, 0xfa, 0x0, 0x0, 0x2, 0xff,
    0xc0, 0xdf, 0xf1, 0x5, 0xff, 0xfc, 0x0, 0x0,
    0x0, 0x2f, 0xfc, 0xd, 0xff, 0x14, 0xff, 0xfd,
    0x10, 0x0, 0x0, 0x2, 0xff, 0xc0, 0xdf, 0xf1,
    0x6, 0xfc, 0x10, 0x0, 0x0, 0x0, 0x2f, 0xfc,
    0xd, 0xff, 0x10, 0x3, 0x0, 0x0, 0x0, 0x0,
    0x2, 0xff, 0xc0, 0xdf, 0xf1, 0x0, 0x0, 0x0,
    0x0, 0x0, 0x0, 0x2f, 0xfc, 0xd, 0xff, 0x10,
    0x0, 0x0, 0x0, 0x0, 0x0, 0x2, 0xff, 0xc0,
    0xdf, 0xf1, 0x0, 0x0, 0x0, 0x0, 0x0, 0x0,
    0x2f, 0xfc, 0xd, 0xff, 0x10, 0x0, 0x0, 0x0,
    0x0, 0x0, 0x2, 0xff, 0xc0, 0xdf, 0xf1, 0x0,
    0x0, 0x0, 0x0, 0x0, 0x0, 0x0, 0x0, 0x8,
    0x99, 0x0,

    /* U+AC1D "객" */
    0x0, 0x0, 0x0, 0x0, 0x0, 0x0, 0x1f, 0xfc,
    0xc, 0xff, 0x20, 0x6f, 0xff, 0xff, 0xff, 0xff,
    0x1, 0xff, 0xc0, 0xcf, 0xf2, 0x6, 0xff, 0xff,
    0xff, 0xff, 0xe0, 0x1f, 0xfc, 0xc, 0xff, 0x20,
    0x37, 0x77, 0x77, 0xaf, 0xfb, 0x1, 0xff, 0xc0,
    0xcf, 0xf2, 0x0, 0x0, 0x0, 0xb, 0xff, 0x60,
    0x1f, 0xfc, 0xc, 0xff, 0x20, 0x0, 0x0, 0x3,
    0xff, 0xf0, 0x1, 0xff, 0xe8, 0xef, 0xf2, 0x0,
    0x0, 0x0, 0xdf, 0xf7, 0x0, 0x1f, 0xff, 0xff,
    0xff, 0x20, 0x0, 0x0, 0xbf, 0xfc, 0x0, 0x1,
    0xff, 0xff, 0xff, 0xf2, 0x0, 0x1, 0xcf, 0xfe,
    0x10, 0x0, 0x1f, 0xfc, 0xc, 0xff, 0x20, 0x5,
    0xef, 0xfd, 0x20, 0x0, 0x1, 0xff, 0xc0, 0xcf,
    0xf2, 0x3d, 0xff, 0xfb, 0x10, 0x0, 0x0, 0x1f,
    0xfc, 0xc, 0xff, 0x21, 0xcf, 0xe6, 0x0, 0x0,
    0x0, 0x1, 0xff, 0xc0, 0xcf, 0xf2, 0x0, 0x60,
    0x0, 0x0, 0x0, 0x0, 0x9, 0x97, 0xc, 0xff,
    0x20, 0x0, 0x0, 0x78, 0x88, 0x88, 0x88, 0x88,
    0x88, 0x88, 0x81, 0x0, 0x0, 0xe, 0xff, 0xff,
    0xff, 0xff, 0xff, 0xff, 0xff, 0x20, 0x0, 0x0,
    0xdf, 0xff, 0xff, 0xff, 0xff, 0xff, 0xff, 0xf2,
    0x0, 0x0, 0x0, 0x0, 0x0, 0x0, 0x0, 0x0,
    0xd, 0xff, 0x20, 0x0, 0x0, 0x0, 0x0, 0x0,
    0x0, 0x0, 0x0, 0xdf, 0xf2, 0x0, 0x0, 0x0,
    0x0, 0x0, 0x0, 0x0, 0x0, 0xd, 0xff, 0x20,
    0x0, 0x0, 0x0, 0x0, 0x0, 0x0, 0x0, 0x0,
    0xdf, 0xf2, 0x0, 0x0, 0x0, 0x0, 0x0, 0x0,
    0x0, 0x0, 0xd, 0xff, 0x20, 0x0, 0x0, 0x0,
    0x0, 0x0, 0x0, 0x0, 0x0, 0xdf, 0xf2, 0x0,
    0x0, 0x0, 0x0, 0x0, 0x0, 0x0, 0x0, 0x1,
    0x11, 0x0,

    /* U+AC31 "갱" */
    0x0, 0x0, 0x0, 0x0, 0x0, 0x0, 0x1f, 0xfc,
    0xd, 0xff, 0x10, 0x7f, 0xff, 0xff, 0xff, 0xff,
    0x1, 0xff, 0xc0, 0xdf, 0xf1, 0x7, 0xff, 0xff,
    0xff, 0xff, 0xe0, 0x1f, 0xfc, 0xd, 0xff, 0x10,
    0x37, 0x77, 0x77, 0xaf, 0xfb, 0x1, 0xff, 0xc0,
    0xdf, 0xf1, 0x0, 0x0, 0x0, 0xb, 0xff, 0x70,
    0x1f, 0xfc, 0xd, 0xff, 0x10, 0x0, 0x0, 0x3,
    0xff, 0xf1, 0x1, 0xff, 0xe8, 0xef, 0xf1, 0x0,
    0x0, 0x0, 0xdf, 0xf9, 0x0, 0x1f, 0xff, 0xff,
    0xff, 0x10, 0x0, 0x0, 0xcf, 0xfe, 0x10, 0x1,
    0xff, 0xff, 0xff, 0xf1, 0x0, 0x2, 0xdf, 0xff,
    0x30, 0x0, 0x1f, 0xfc, 0xd, 0xff, 0x10, 0x7,
    0xff, 0xff, 0x50, 0x0, 0x1, 0xff, 0xc0, 0xdf,
    0xf1, 0x6e, 0xff, 0xff, 0x40, 0x0, 0x0, 0x1f,
    0xfc, 0xd, 0xff, 0x12, 0xef, 0xfc, 0x20, 0x0,
    0x0, 0x1, 0xff, 0xc0, 0xdf, 0xf1, 0x3, 0xe6,
    0x0, 0x0, 0x0, 0x0, 0x5, 0x54, 0xd, 0xff,
    0x10, 0x0, 0x0, 0x0, 0x4, 0x9c, 0xde, 0xec,
    0xa6, 0x78, 0x80, 0x0, 0x0, 0x0, 0x3d, 0xff,
    0xff, 0xff, 0xff, 0xff, 0x60, 0x0, 0x0, 0x0,
    0x3f, 0xff, 0xfb, 0x98, 0x8a, 0xef, 0xff, 0x70,
    0x0, 0x0, 0xb, 0xff, 0xa0, 0x0, 0x0, 0x0,
    0x6f, 0xff, 0x0, 0x0, 0x0, 0xef, 0xf1, 0x0,
    0x0, 0x0, 0x0, 0xdf, 0xf2, 0x0, 0x0, 0xc,
    0xff, 0x80, 0x0, 0x0, 0x0, 0x4f, 0xff, 0x0,
    0x0, 0x0, 0x4f, 0xff, 0xd9, 0x76, 0x78, 0xcf,
    0xff, 0x80, 0x0, 0x0, 0x0, 0x5e, 0xff, 0xff,
    0xff, 0xff, 0xff, 0x80, 0x0, 0x0, 0x0, 0x0,
    0x6, 0xad, 0xff, 0xfe, 0xb7, 0x10, 0x0,

    /* U+AC70 "거" */
    0x0, 0x0, 0x0, 0x0, 0x0, 0x0, 0x0, 0x0,
    0xd, 0xff, 0x10, 0x18, 0x88, 0x88, 0x88, 0x88,
    0x88, 0x0, 0x0, 0xdf, 0xf1, 0x2, 0xff, 0xff,
    0xff, 0xff, 0xff, 0xe0, 0x0, 0xd, 0xff, 0x10,
    0x1f, 0xff, 0xff, 0xff, 0xff, 0xfd, 0x0, 0x0,
    0xdf, 0xf1, 0x0, 0x0, 0x0, 0x0, 0x4, 0xff,
    0xa0, 0x0, 0xd, 0xff, 0x10, 0x0, 0x0, 0x0,
    0x0, 0x8f, 0xf6, 0x0, 0x0, 0xdf, 0xf1, 0x0,
    0x0, 0x0, 0x0, 0xd, 0xff, 0x20, 0x0, 0xd,
    0xff, 0x10, 0x0, 0x0, 0x0, 0x4, 0xff, 0xc0,
    0x0, 0x0, 0xdf, 0xf1, 0x0, 0x0, 0x0, 0x0,
    0xdf, 0xf7, 0xff, 0xff, 0xff, 0xff, 0x10, 0x0,
    0x0, 0x0, 0x7f, 0xfd, 0x1f, 0xff, 0xff, 0xff,
    0xf1, 0x0, 0x0, 0x0, 0x4f, 0xff, 0x40, 0x77,
    0x77, 0x7e, 0xff, 0x10, 0x0, 0x0, 0x3f, 0xff,
    0x90, 0x0, 0x0, 0x0, 0xdf, 0xf1, 0x0, 0x0,
    0x3e, 0xff, 0xd0, 0x0, 0x0, 0x0, 0xd, 0xff,
    0x10, 0x0, 0x6f, 0xff, 0xd1, 0x0, 0x0, 0x0,
    0x0, 0xdf, 0xf1, 0x3, 0xcf, 0xff, 0xd1, 0x0,
    0x0, 0x0, 0x0, 0xd, 0xff, 0x12, 0xff, 0xff,
    0xb1, 0x0, 0x0, 0x0, 0x0, 0x0, 0xdf, 0xf1,
    0x5, 0xff, 0x70, 0x0, 0x0, 0x0, 0x0, 0x0,
    0xd, 0xff, 0x10, 0x4, 0x10, 0x0, 0x0, 0x0,
    0x0, 0x0, 0x0, 0xdf, 0xf1, 0x0, 0x0, 0x0,
    0x0, 0x0, 0x0, 0x0, 0x0, 0xd, 0xff, 0x10,
    0x0, 0x0, 0x0, 0x0, 0x0, 0x0, 0x0, 0x0,
    0xdf, 0xf1, 0x0, 0x0, 0x0, 0x0, 0x0, 0x0,
    0x0, 0x0, 0xd, 0xff, 0x10, 0x0, 0x0, 0x0,
    0x0, 0x0, 0x0, 0x0, 0x0, 0xdf, 0xf1, 0x0,
    0x0, 0x0, 0x0, 0x0, 0x0, 0x0, 0x0, 0x7,
    0x99, 0x0,

    /* U+AC74 "건" */
    0x0, 0x0, 0x0, 0x0, 0x0, 0x0, 0x0, 0x0,
    0x1f, 0xfc, 0x0, 0xf, 0xff, 0xff, 0xff, 0xff,
    0xfb, 0x0, 0x1, 0xff, 0xc0, 0x0, 0xff, 0xff,
    0xff, 0xff, 0xff, 0x90, 0x0, 0x1f, 0xfc, 0x0,
    0x7, 0x77, 0x77, 0x77, 0xef, 0xf5, 0x0, 0x1,
    0xff, 0xc0, 0x0, 0x0, 0x0, 0x0, 0x2f, 0xff,
    0x0, 0x0, 0x1f, 0xfc, 0x0, 0x0, 0x0, 0x0,
    0xa, 0xff, 0xb1, 0x11, 0x12, 0xff, 0xc0, 0x0,
    0x0, 0x0, 0x4, 0xff, 0xf9, 0xff, 0xff, 0xff,
    0xfc, 0x0, 0x0, 0x0, 0x1, 0xef, 0xf9, 0x6f,
    0xff, 0xff, 0xff, 0xc0, 0x0, 0x0, 0x1, 0xdf,
    0xfe, 0x2, 0x55, 0x55, 0x6f, 0xfc, 0x0, 0x0,
    0x3, 0xef, 0xff, 0x20, 0x0, 0x0, 0x1, 0xff,
    0xc0, 0x0, 0x8, 0xff, 0xfe, 0x30, 0x0, 0x0,
    0x0, 0x1f, 0xfc, 0x0, 0x6e, 0xff, 0xfe, 0x20,
    0x0, 0x0, 0x0, 0x1, 0xff, 0xc0, 0xc, 0xff,
    0xfa, 0x0, 0x0, 0x0, 0x0, 0x0, 0x1f, 0xfc,
    0x0, 0x1e, 0xd4, 0x0, 0x0, 0x0, 0x0, 0x0,
    0x1, 0xff, 0xc0, 0x0, 0x10, 0x8, 0x99, 0x0,
    0x0, 0x0, 0x0, 0x1f, 0xfc, 0x0, 0x0, 0x0,
    0xef, 0xf1, 0x0, 0x0, 0x0, 0x1, 0xff, 0xc0,
    0x0, 0x0, 0xe, 0xff, 0x10, 0x0, 0x0, 0x0,
    0x2, 0x22, 0x0, 0x0, 0x0, 0xef, 0xf1, 0x0,
    0x0, 0x0, 0x0, 0x0, 0x0, 0x0, 0x0, 0xe,
    0xff, 0x10, 0x0, 0x0, 0x0, 0x0, 0x0, 0x0,
    0x0, 0x0, 0xef, 0xf8, 0x77, 0x77, 0x77, 0x77,
    0x77, 0x71, 0x0, 0x0, 0xe, 0xff, 0xff, 0xff,
    0xff, 0xff, 0xff, 0xff, 0x20, 0x0, 0x0, 0xef,
    0xff, 0xff, 0xff, 0xff, 0xff, 0xff, 0xf2,

    /* U+AC80 "검" */
    0x0, 0x0, 0x0, 0x0, 0x0, 0x0, 0x0, 0x0,
    0x1f, 0xfc, 0x0, 0xef, 0xff, 0xff, 0xff, 0xff,
    0xe0, 0x0, 0x1f, 0xfc, 0x0, 0xef, 0xff, 0xff,
    0xff, 0xff, 0xb0, 0x0, 0x1f, 0xfc, 0x0, 0x67,
    0x77, 0x77, 0x7d, 0xff, 0x60, 0x0, 0x1f, 0xfc,
    0x0, 0x0, 0x0, 0x0, 0x2f, 0xff, 0x10, 0x0,
    0x1f, 0xfc, 0x0, 0x0, 0x0, 0x0, 0xbf, 0xfb,
    0xff, 0xff, 0xff, 0xfc, 0x0, 0x0, 0x0, 0x8,
    0xff, 0xe3, 0xff, 0xff, 0xff, 0xfc, 0x0, 0x0,
    0x0, 0x8f, 0xff, 0x31, 0x88, 0x88, 0x9f, 0xfc,
    0x0, 0x0, 0x1a, 0xff, 0xf5, 0x0, 0x0, 0x0,
    0x1f, 0xfc, 0x0, 0x5, 0xef, 0xff, 0x40, 0x0,
    0x0, 0x0, 0x1f, 0xfc, 0x6, 0xdf, 0xff, 0xd2,
    0x0, 0x0, 0x0, 0x0, 0x1f, 0xfc, 0xa, 0xff,
    0xf7, 0x0, 0x0, 0x0, 0x0, 0x0, 0x1f, 0xfc,
    0x0, 0x99, 0x10, 0x0, 0x0, 0x0, 0x0, 0x0,
    0xc, 0xca, 0x0, 0x0, 0xc, 0xff, 0xff, 0xff,
    0xff, 0xff, 0xff, 0xfc, 0x0, 0x0, 0xd, 0xff,
    0xff, 0xff, 0xff, 0xff, 0xff, 0xfc, 0x0, 0x0,
    0xd, 0xff, 0x88, 0x88, 0x88, 0x88, 0x8f, 0xfc,
    0x0, 0x0, 0xd, 0xff, 0x0, 0x0, 0x0, 0x0,
    0x1f, 0xfc, 0x0, 0x0, 0xd, 0xff, 0x0, 0x0,
    0x0, 0x0, 0x1f, 0xfc, 0x0, 0x0, 0xd, 0xff,
    0x0, 0x0, 0x0, 0x0, 0x1f, 0xfc, 0x0, 0x0,
    0xd, 0xff, 0x77, 0x77, 0x77, 0x77, 0x7f, 0xfc,
    0x0, 0x0, 0xd, 0xff, 0xff, 0xff, 0xff, 0xff,
    0xff, 0xfc, 0x0, 0x0, 0xd, 0xff, 0xff, 0xff,
    0xff, 0xff, 0xff, 0xfc,

    /* U+AC83 "것" */
    0x0, 0x0, 0x0, 0x0, 0x0, 0x0, 0x0, 0x0,
    0xf, 0xfd, 0x0, 0x0, 0xff, 0xff, 0xff, 0xff,
    0xff, 0xd0, 0x0, 0xf, 0xfd, 0x0, 0x0, 0xff,
    0xff, 0xff, 0xff, 0xff, 0xa0, 0x0, 0xf, 0xfd,
    0x0, 0x0, 0x77, 0x77, 0x77, 0x7e, 0xff, 0x60,
    0x0, 0xf, 0xfd, 0x0, 0x0, 0x0, 0x0, 0x0,
    0x1f, 0xff, 0x10, 0x0, 0xf, 0xfd, 0x0, 0x0,
    0x0, 0x0, 0x0, 0x9f, 0xfa, 0x0, 0x0, 0xf,
    0xfd, 0x0, 0x0, 0x0, 0x0, 0x4, 0xff, 0xf9,
    0xff, 0xff, 0xff, 0xfd, 0x0, 0x0, 0x0, 0x0,
    0x3f, 0xff, 0x86, 0xff, 0xff, 0xff, 0xfd, 0x0,
    0x0, 0x0, 0x4, 0xff, 0xfc, 0x2, 0x77, 0x77,
    0x7f, 0xfd, 0x0, 0x0, 0x0, 0x8f, 0xff, 0xd1,
    0x0, 0x0, 0x0, 0xf, 0xfd, 0x0, 0x0, 0x5d,
    0xff, 0xfc, 0x10, 0x0, 0x0, 0x0, 0xf, 0xfd,
    0x0, 0x1e, 0xff, 0xff, 0x90, 0x0, 0x0, 0x0,
    0x0, 0xf, 0xfd, 0x0, 0x6, 0xff, 0xd4, 0x0,
    0x0, 0x0, 0x0, 0x0, 0xf, 0xfd, 0x0, 0x0,
    0x76, 0x0, 0x0, 0x0, 0x8c, 0xc2, 0x0, 0xf,
    0xfd, 0x0, 0x0, 0x0, 0x0, 0x0, 0x0, 0xbf,
    0xf4, 0x0, 0xf, 0xfd, 0x0, 0x0, 0x0, 0x0,
    0x0, 0x0, 0xef, 0xf7, 0x0, 0x0, 0x0, 0x0,
    0x0, 0x0, 0x0, 0x0, 0x7, 0xff, 0xfe, 0x10,
    0x0, 0x0, 0x0, 0x0, 0x0, 0x0, 0x0, 0x5f,
    0xff, 0xff, 0xc1, 0x0, 0x0, 0x0, 0x0, 0x0,
    0x0, 0x8, 0xff, 0xf6, 0xcf, 0xfd, 0x30, 0x0,
    0x0, 0x0, 0x0, 0x17, 0xef, 0xff, 0x60, 0x1c,
    0xff, 0xfb, 0x40, 0x0, 0x0, 0x3d, 0xff, 0xff,
    0xd3, 0x0, 0x0, 0x8f, 0xff, 0xff, 0xa0, 0x0,
    0x9, 0xff, 0xd5, 0x0, 0x0, 0x0, 0x2, 0xaf,
    0xff, 0x30, 0x0, 0x0, 0x83, 0x0, 0x0, 0x0,
    0x0, 0x0, 0x1, 0x66, 0x0,

    /* U+AC8C "게" */
    0x0, 0x0, 0x0, 0x0, 0x0, 0x0, 0xbf, 0xf3,
    0xf, 0xff, 0x5, 0x77, 0x77, 0x77, 0x77, 0x20,
    0xbf, 0xf3, 0xf, 0xff, 0xa, 0xff, 0xff, 0xff,
    0xff, 0x30, 0xbf, 0xf3, 0xf, 0xff, 0xa, 0xff,
    0xff, 0xff, 0xff, 0x10, 0xbf, 0xf3, 0xf, 0xff,
    0x0, 0x0, 0x0, 0xe, 0xfe, 0x0, 0xbf, 0xf3,
    0xf, 0xff, 0x0, 0x0, 0x0, 0x1f, 0xfa, 0x0,
    0xbf, 0xf3, 0xf, 0xff, 0x0, 0x0, 0x0, 0x5f,
    0xf6, 0x0, 0xbf, 0xf3, 0xf, 0xff, 0x0, 0x0,
    0x0, 0xbf, 0xff, 0xff, 0xff, 0xf3, 0xf, 0xff,
    0x0, 0x0, 0x2, 0xff, 0xff, 0xff, 0xff, 0xf3,
    0xf, 0xff, 0x0, 0x0, 0xa, 0xff, 0x98, 0x88,
    0xdf, 0xf3, 0xf, 0xff, 0x0, 0x0, 0x4f, 0xfc,
    0x0, 0x0, 0xbf, 0xf3, 0xf, 0xff, 0x0, 0x1,
    0xef, 0xf4, 0x0, 0x0, 0xbf, 0xf3, 0xf, 0xff,
    0x0, 0xb, 0xff, 0x90, 0x0, 0x0, 0xbf, 0xf3,
    0xf, 0xff, 0x0, 0x9f, 0xfe, 0x0, 0x0, 0x0,
    0xbf, 0xf3, 0xf, 0xff, 0xa, 0xff, 0xf3, 0x0,
    0x0, 0x0, 0xbf, 0xf3, 0xf, 0xff, 0x8f, 0xff,
    0x50, 0x0, 0x0, 0x0, 0xbf, 0xf3, 0xf, 0xff,
    0x7, 0xf6, 0x0, 0x0, 0x0, 0x0, 0xbf, 0xf3,
    0xf, 0xff, 0x0, 0x20, 0x0, 0x0, 0x0, 0x0,
    0xbf, 0xf3, 0xf, 0xff, 0x0, 0x0, 0x0, 0x0,
    0x0, 0x0, 0xbf, 0xf3, 0xf, 0xff, 0x0, 0x0,
    0x0, 0x0, 0x0, 0x0, 0xbf, 0xf3, 0xf, 0xff,
    0x0, 0x0, 0x0, 0x0, 0x0, 0x0, 0xbf, 0xf3,
    0xf, 0xff, 0x0, 0x0, 0x0, 0x0, 0x0, 0x0,
    0xbf, 0xf3, 0xf, 0xff, 0x0, 0x0, 0x0, 0x0,
    0x0, 0x0, 0x0, 0x0, 0x9, 0x99,

    /* U+ACA9 "격" */
    0x0, 0x0, 0x0, 0x0, 0x0, 0x0, 0x0, 0x0,
    0xf, 0xfd, 0x0, 0xff, 0xff, 0xff, 0xff, 0xff,
    0xc0, 0x0, 0xf, 0xfd, 0x0, 0xff, 0xff, 0xff,
    0xff, 0xff, 0xa0, 0x0, 0xf, 0xfd, 0x0, 0x77,
    0x77, 0x77, 0x7e, 0xff, 0xcf, 0xff, 0xff, 0xfd,
    0x0, 0x0, 0x0, 0x0, 0x2f, 0xff, 0x7f, 0xff,
    0xff, 0xfd, 0x0, 0x0, 0x0, 0x0, 0xbf, 0xf8,
    0x26, 0x66, 0x6f, 0xfd, 0x0, 0x0, 0x0, 0x9,
    0xff, 0xe1, 0x0, 0x0, 0xf, 0xfd, 0x0, 0x0,
    0x0, 0x9f, 0xff, 0x50, 0x0, 0x0, 0xf, 0xfd,
    0x0, 0x0, 0x1c, 0xff, 0xf8, 0x0, 0xff, 0xff,
    0xff, 0xfd, 0x0, 0x7, 0xff, 0xff, 0x90, 0x0,
    0xff, 0xff, 0xff, 0xfd, 0x19, 0xef, 0xff, 0xf6,
    0x0, 0x0, 0x66, 0x66, 0x6f, 0xfd, 0xa, 0xff,
    0xfd, 0x30, 0x0, 0x0, 0x0, 0x0, 0xf, 0xfd,
    0x0, 0xce, 0x70, 0x0, 0x0, 0x0, 0x0, 0x0,
    0xf, 0xfd, 0x0, 0x10, 0x16, 0x66, 0x66, 0x66,
    0x66, 0x66, 0x68, 0x87, 0x0, 0x0, 0x3f, 0xff,
    0xff, 0xff, 0xff, 0xff, 0xff, 0xfd, 0x0, 0x0,
    0x3f, 0xff, 0xff, 0xff, 0xff, 0xff, 0xff, 0xfd,
    0x0, 0x0, 0x1, 0x11, 0x11, 0x11, 0x11, 0x11,
    0x1f, 0xfd, 0x0, 0x0, 0x0, 0x0, 0x0, 0x0,
    0x0, 0x0, 0x1f, 0xfd, 0x0, 0x0, 0x0, 0x0,
    0x0, 0x0, 0x0, 0x0, 0x1f, 0xfd, 0x0, 0x0,
    0x0, 0x0, 0x0, 0x0, 0x0, 0x0, 0x1f, 0xfd,
    0x0, 0x0, 0x0, 0x0, 0x0, 0x0, 0x0, 0x0,
    0x1f, 0xfd, 0x0, 0x0, 0x0, 0x0, 0x0, 0x0,
    0x0, 0x0, 0x1f, 0xfd, 0x0, 0x0, 0x0, 0x0,
    0x0, 0x0, 0x0, 0x0, 0x1, 0x11,

    /* U+ACB0 "결" */
    0x0, 0xef, 0xff, 0xff, 0xff, 0xff, 0xd0, 0x0,
    0x1f, 0xfc, 0x0, 0xe, 0xff, 0xff, 0xff, 0xff,
    0xf9, 0x0, 0x1, 0xff, 0xc0, 0x0, 0x77, 0x77,
    0x77, 0x7e, 0xff, 0x65, 0x55, 0x6f, 0xfc, 0x0,
    0x0, 0x0, 0x0, 0x4, 0xff, 0xe7, 0xff, 0xff,
    0xff, 0xc0, 0x0, 0x0, 0x0, 0x1, 0xef, 0xf5,
    0x6f, 0xff, 0xff, 0xfc, 0x0, 0x0, 0x0, 0x1,
    0xdf, 0xfb, 0x0, 0x0, 0x1, 0xff, 0xc0, 0x0,
    0x0, 0x4, 0xef, 0xfd, 0x10, 0x22, 0x22, 0x3f,
    0xfc, 0x0, 0x0, 0x2a, 0xff, 0xfd, 0x10, 0xf,
    0xff, 0xff, 0xff, 0xc0, 0x6, 0xbf, 0xff, 0xfa,
    0x0, 0x0, 0xff, 0xff, 0xff, 0xfc, 0x0, 0xbf,
    0xff, 0xd4, 0x0, 0x0, 0x1, 0x11, 0x12, 0xff,
    0xc0, 0x1, 0xdc, 0x50, 0x0, 0x0, 0x0, 0x0,
    0x0, 0x1f, 0xfc, 0x0, 0x0, 0x0, 0x34, 0x44,
    0x44, 0x44, 0x44, 0x44, 0xaa, 0x70, 0x0, 0x0,
    0xd, 0xff, 0xff, 0xff, 0xff, 0xff, 0xff, 0xfc,
    0x0, 0x0, 0x0, 0xdf, 0xff, 0xff, 0xff, 0xff,
    0xff, 0xff, 0xc0, 0x0, 0x0, 0x2, 0x22, 0x22,
    0x22, 0x22, 0x22, 0x3f, 0xfc, 0x0, 0x0, 0x0,
    0x34, 0x44, 0x44, 0x44, 0x44, 0x45, 0xff, 0xc0,
    0x0, 0x0, 0xd, 0xff, 0xff, 0xff, 0xff, 0xff,
    0xff, 0xfc, 0x0, 0x0, 0x0, 0xdf, 0xff, 0xff,
    0xff, 0xff, 0xff, 0xff, 0xc0, 0x0, 0x0, 0xd,
    0xff, 0x10, 0x0, 0x0, 0x0, 0x0, 0x0, 0x0,
    0x0, 0x0, 0xdf, 0xf7, 0x77, 0x77, 0x77, 0x77,
    0x77, 0x72, 0x0, 0x0, 0xd, 0xff, 0xff, 0xff,
    0xff, 0xff, 0xff, 0xff, 0x60, 0x0, 0x0, 0xdf,
    0xff, 0xff, 0xff, 0xff, 0xff, 0xff, 0xf6,

    /* U+ACBC "겼" */
    0x0, 0x0, 0x0, 0x0, 0x0, 0x0, 0x0, 0x0,
    0x1f, 0xfd, 0x0, 0x0, 0xff, 0xff, 0xff, 0xff,
    0xff, 0xc0, 0x0, 0x1f, 0xfd, 0x0, 0x0, 0xff,
    0xff, 0xff, 0xff, 0xff, 0xb3, 0x33, 0x3f, 0xfd,
    0x0, 0x0, 0x77, 0x77, 0x77, 0x7e, 0xff, 0xcf,
    0xff, 0xff, 0xfd, 0x0, 0x0, 0x0, 0x0, 0x0,
    0x2f, 0xff, 0x8f, 0xff, 0xff, 0xfd, 0x0, 0x0,
    0x0, 0x0, 0x0, 0xbf, 0xf9, 0x12, 0x22, 0x3f,
    0xfd, 0x0, 0x0, 0x0, 0x0, 0x8, 0xff, 0xf1,
    0x0, 0x0, 0x1f, 0xfd, 0x0, 0x0, 0x0, 0x0,
    0x8f, 0xff, 0x62, 0x66, 0x66, 0x6f, 0xfd, 0x0,
    0x0, 0x0, 0x1a, 0xff, 0xf9, 0x5, 0xff, 0xff,
    0xff, 0xfd, 0x0, 0x0, 0x6, 0xef, 0xff, 0xa0,
    0x5, 0xff, 0xff, 0xff, 0xfd, 0x0, 0x18, 0xef,
    0xff, 0xf8, 0x0, 0x0, 0x0, 0x0, 0x1f, 0xfd,
    0x0, 0xc, 0xff, 0xfd, 0x40, 0x0, 0x0, 0x0,
    0x0, 0x1f, 0xfd, 0x0, 0x1, 0xef, 0x80, 0x0,
    0x0, 0x0, 0x0, 0x0, 0xf, 0xfd, 0x0, 0x0,
    0x21, 0x1, 0x88, 0x60, 0x0, 0x0, 0x78, 0x80,
    0x0, 0x0, 0x0, 0x0, 0x2, 0xff, 0xb0, 0x0,
    0x0, 0xdf, 0xf1, 0x0, 0x0, 0x0, 0x0, 0x3,
    0xff, 0xe0, 0x0, 0x0, 0xef, 0xf2, 0x0, 0x0,
    0x0, 0x0, 0x7, 0xff, 0xf5, 0x0, 0x2, 0xff,
    0xf6, 0x0, 0x0, 0x0, 0x0, 0xd, 0xff, 0xff,
    0x30, 0x9, 0xff, 0xfd, 0x0, 0x0, 0x0, 0x0,
    0xaf, 0xfe, 0xff, 0xf4, 0x4f, 0xff, 0xff, 0xb0,
    0x0, 0x0, 0xa, 0xff, 0xd0, 0xbf, 0x56, 0xff,
    0xf7, 0xef, 0xfc, 0x20, 0x4, 0xef, 0xfe, 0x10,
    0x3, 0xbf, 0xff, 0x80, 0x2e, 0xff, 0xf5, 0x0,
    0xbf, 0xd1, 0x0, 0x0, 0x9f, 0xf7, 0x0, 0x2,
    0xcf, 0x90, 0x0, 0x6, 0x0, 0x0, 0x0, 0x7,
    0x30, 0x0, 0x0, 0x4, 0x0,

    /* U+ACBD "경" */
    0x0, 0x0, 0x0, 0x0, 0x0, 0x0, 0x0, 0x0,
    0x1f, 0xfd, 0x0, 0xf, 0xff, 0xff, 0xff, 0xff,
    0xfc, 0x0, 0x1, 0xff, 0xd0, 0x0, 0xff, 0xff,
    0xff, 0xff, 0xff, 0x90, 0x0, 0x1f, 0xfd, 0x0,
    0x7, 0x77, 0x77, 0x77, 0xef, 0xfc, 0xff, 0xff,
    0xff, 0xd0, 0x0, 0x0, 0x0, 0x0, 0x2f, 0xff,
    0x7f, 0xff, 0xff, 0xfd, 0x0, 0x0, 0x0, 0x0,
    0xa, 0xff, 0x82, 0x66, 0x67, 0xff, 0xd0, 0x0,
    0x0, 0x0, 0x6, 0xff, 0xe1, 0x0, 0x0, 0x1f,
    0xfd, 0x0, 0x0, 0x0, 0x4, 0xff, 0xf4, 0x3,
    0x33, 0x34, 0xff, 0xd0, 0x0, 0x0, 0x7, 0xff,
    0xf7, 0x1, 0xff, 0xff, 0xff, 0xfd, 0x0, 0x0,
    0x1b, 0xff, 0xf7, 0x0, 0x1f, 0xff, 0xff, 0xff,
    0xd0, 0x2, 0x9f, 0xff, 0xf5, 0x0, 0x0, 0x22,
    0x22, 0x3f, 0xfd, 0x1, 0xef, 0xff, 0xc2, 0x0,
    0x0, 0x0, 0x0, 0x1, 0xff, 0xd0, 0x2, 0xee,
    0x60, 0x0, 0x0, 0x35, 0x65, 0x41, 0x1f, 0xfc,
    0x0, 0x1, 0x0, 0x0, 0x3b, 0xff, 0xff, 0xff,
    0xfd, 0x60, 0x0, 0x0, 0x0, 0x0, 0x7f, 0xff,
    0xff, 0xff, 0xff, 0xff, 0xc1, 0x0, 0x0, 0x0,
    0x3f, 0xff, 0x94, 0x10, 0x12, 0x7e, 0xff, 0xa0,
    0x0, 0x0, 0x9, 0xff, 0x70, 0x0, 0x0, 0x0,
    0x1f, 0xff, 0x0, 0x0, 0x0, 0xbf, 0xf4, 0x0,
    0x0, 0x0, 0x0, 0xdf, 0xf1, 0x0, 0x0, 0x8,
    0xff, 0xc1, 0x0, 0x0, 0x0, 0x6f, 0xfe, 0x0,
    0x0, 0x0, 0x1e, 0xff, 0xfa, 0x76, 0x79, 0xdf,
    0xff, 0x60, 0x0, 0x0, 0x0, 0x2d, 0xff, 0xff,
    0xff, 0xff, 0xff, 0x60, 0x0, 0x0, 0x0, 0x0,
    0x5, 0xad, 0xff, 0xfe, 0xb7, 0x10, 0x0,

    /* U+ACC4 "계" */
    0x0, 0x0, 0x0, 0x0, 0x0, 0x0, 0x2f, 0xfb,
    0xb, 0xff, 0x30, 0x17, 0x77, 0x77, 0x77, 0x76,
    0x2, 0xff, 0xb0, 0xbf, 0xf3, 0x3, 0xff, 0xff,
    0xff, 0xff, 0xc0, 0x2f, 0xfb, 0xb, 0xff, 0x30,
    0x3f, 0xff, 0xff, 0xff, 0xfa, 0x2, 0xff, 0xb0,
    0xbf, 0xf3, 0x0, 0x0, 0x0, 0x5, 0xff, 0x70,
    0x3f, 0xfb, 0xb, 0xff, 0x30, 0x0, 0x0, 0x0,
    0x9f, 0xff, 0xff, 0xff, 0xb0, 0xbf, 0xf3, 0x0,
    0x0, 0x0, 0xe, 0xff, 0xff, 0xff, 0xfb, 0xb,
    0xff, 0x30, 0x0, 0x0, 0x4, 0xff, 0xc6, 0x68,
    0xff, 0xb0, 0xbf, 0xf3, 0x0, 0x0, 0x0, 0xbf,
    0xf4, 0x0, 0x2f, 0xfb, 0xb, 0xff, 0x30, 0x0,
    0x0, 0x3f, 0xfd, 0x0, 0x2, 0xff, 0xb0, 0xbf,
    0xf3, 0x0, 0x0, 0xd, 0xff, 0x50, 0x0, 0x2f,
    0xfb, 0xb, 0xff, 0x30, 0x0, 0x8, 0xff, 0xc8,
    0xff, 0xff, 0xff, 0xb0, 0xbf, 0xf3, 0x0, 0x5,
    0xff, 0xf2, 0x8f, 0xff, 0xff, 0xfb, 0xb, 0xff,
    0x30, 0x3, 0xff, 0xf7, 0x3, 0x77, 0x78, 0xff,
    0xb0, 0xbf, 0xf3, 0x5, 0xff, 0xfb, 0x0, 0x0,
    0x0, 0x2f, 0xfb, 0xb, 0xff, 0x32, 0xff, 0xfd,
    0x0, 0x0, 0x0, 0x2, 0xff, 0xb0, 0xbf, 0xf3,
    0x2, 0xdd, 0x10, 0x0, 0x0, 0x0, 0x2f, 0xfb,
    0xb, 0xff, 0x30, 0x0, 0x10, 0x0, 0x0, 0x0,
    0x2, 0xff, 0xb0, 0xbf, 0xf3, 0x0, 0x0, 0x0,
    0x0, 0x0, 0x0, 0x2f, 0xfb, 0xb, 0xff, 0x30,
    0x0, 0x0, 0x0, 0x0, 0x0, 0x2, 0xff, 0xb0,
    0xbf, 0xf3, 0x0, 0x0, 0x0, 0x0, 0x0, 0x0,
    0x2f, 0xfb, 0xb, 0xff, 0x30, 0x0, 0x0, 0x0,
    0x0, 0x0, 0x2, 0xff, 0xb0, 0xbf, 0xf3, 0x0,
    0x0, 0x0, 0x0, 0x0, 0x0, 0x0, 0x0, 0x7,
    0x99, 0x10,

    /* U+ACE0 "고" */
    0x0, 0x5, 0x77, 0x77, 0x77, 0x77, 0x77, 0x77,
    0x77, 0x50, 0x0, 0x0, 0xd, 0xff, 0xff, 0xff,
    0xff, 0xff, 0xff, 0xff, 0xb0, 0x0, 0x0, 0xd,
    0xff, 0xff, 0xff, 0xff, 0xff, 0xff, 0xff, 0xb0,
    0x0, 0x0, 0x0, 0x0, 0x0, 0x0, 0x0, 0x0,
    0x4, 0xff, 0xb0, 0x0, 0x0, 0x0, 0x0, 0x0,
    0x0, 0x0, 0x0, 0x4, 0xff, 0xb0, 0x0, 0x0,
    0x0, 0x0, 0x0, 0x0, 0x0, 0x0, 0x4, 0xff,
    0xb0, 0x0, 0x0, 0x0, 0x0, 0x0, 0x0, 0x0,
    0x0, 0x4, 0xff, 0xa0, 0x0, 0x0, 0x0, 0x0,
    0x0, 0x0, 0x0, 0x0, 0x5, 0xff, 0xa0, 0x0,
    0x0, 0x0, 0x0, 0x0, 0xff, 0xf0, 0x0, 0x5,
    0xff, 0x90, 0x0, 0x0, 0x0, 0x0, 0x0, 0xff,
    0xf0, 0x0, 0x6, 0xff, 0x80, 0x0, 0x0, 0x0,
    0x0, 0x0, 0xff, 0xf0, 0x0, 0x8, 0xff, 0x70,
    0x0, 0x0, 0x0, 0x0, 0x0, 0xff, 0xf0, 0x0,
    0x9, 0xff, 0x50, 0x0, 0x0, 0x0, 0x0, 0x0,
    0xff, 0xf0, 0x0, 0xa, 0xff, 0x40, 0x0, 0x0,
    0x0, 0x0, 0x0, 0xff, 0xf0, 0x0, 0x0, 0x1,
    0x0, 0x0, 0x0, 0x0, 0x0, 0x0, 0xff, 0xf0,
    0x0, 0x0, 0x0, 0x0, 0x0, 0x17, 0x77, 0x77,
    0x77, 0xff, 0xf7, 0x77, 0x77, 0x77, 0x77, 0x75,
    0x4f, 0xff, 0xff, 0xff, 0xff, 0xff, 0xff, 0xff,
    0xff, 0xff, 0xfb, 0x4f, 0xff, 0xff, 0xff, 0xff,
    0xff, 0xff, 0xff, 0xff, 0xff, 0xfb, 0x0, 0x0,
    0x0, 0x0, 0x0, 0x0, 0x0, 0x0, 0x0, 0x0,
    0x0,

    /* U+ACF5 "공" */
    0x0, 0x5, 0xff, 0xff, 0xff, 0xff, 0xff, 0xff,
    0xff, 0x70, 0x0, 0x0, 0x5, 0xff, 0xff, 0xff,
    0xff, 0xff, 0xff, 0xff, 0x70, 0x0, 0x0, 0x2,
    0x77, 0x77, 0x77, 0x77, 0x77, 0x7b, 0xff, 0x70,
    0x0, 0x0, 0x0, 0x0, 0x0, 0x0, 0x0, 0x0,
    0x7, 0xff, 0x70, 0x0, 0x0, 0x0, 0x0, 0x0,
    0x25, 0x52, 0x0, 0x8, 0xff, 0x60, 0x0, 0x0,
    0x0, 0x0, 0x0, 0x9f, 0xf7, 0x0, 0x8, 0xff,
    0x50, 0x0, 0x0, 0x0, 0x0, 0x0, 0x9f, 0xf7,
    0x0, 0x9, 0xff, 0x40, 0x0, 0x0, 0x0, 0x0,
    0x0, 0x9f, 0xf7, 0x0, 0x9, 0xff, 0x30, 0x0,
    0x0, 0x0, 0x0, 0x0, 0x9f, 0xf7, 0x0, 0x0,
    0x0, 0x0, 0x0, 0x4f, 0xff, 0xff, 0xff, 0xff,
    0xff, 0xff, 0xff, 0xff, 0xff, 0xfa, 0x4f, 0xff,
    0xff, 0xff, 0xff, 0xff, 0xff, 0xff, 0xff, 0xff,
    0xfb, 0x28, 0x88, 0x88, 0x88, 0x88, 0x88, 0x88,
    0x88, 0x88, 0x88, 0x85, 0x0, 0x0, 0x0, 0x0,
    0x0, 0x0, 0x0, 0x0, 0x0, 0x0, 0x0, 0x0,
    0x0, 0x0, 0x49, 0xce, 0xff, 0xed, 0xa6, 0x0,
    0x0, 0x0, 0x0, 0x0, 0x2d, 0xff, 0xff, 0xff,
    0xff, 0xff, 0xf6, 0x0, 0x0, 0x0, 0x1, 0xef,
    0xff, 0xa7, 0x66, 0x79, 0xef, 0xff, 0x50, 0x0,
    0x0, 0x8, 0xff, 0xc1, 0x0, 0x0, 0x0, 0x9,
    0xff, 0xd0, 0x0, 0x0, 0xa, 0xff, 0x60, 0x0,
    0x0, 0x0, 0x2, 0xff, 0xf0, 0x0, 0x0, 0x8,
    0xff, 0xc1, 0x0, 0x0, 0x0, 0x9, 0xff, 0xd0,
    0x0, 0x0, 0x1, 0xef, 0xff, 0xa7, 0x65, 0x69,
    0xef, 0xff, 0x50, 0x0, 0x0, 0x0, 0x2c, 0xff,
    0xff, 0xff, 0xff, 0xff, 0xf5, 0x0, 0x0, 0x0,
    0x0, 0x0, 0x49, 0xce, 0xff, 0xfd, 0xa6, 0x0,
    0x0, 0x0,

    /* U+ACFC "과" */
    0x0, 0x0, 0x0, 0x0, 0x0, 0x0, 0x0, 0x0,
    0xd, 0xff, 0x20, 0x0, 0x0, 0x3, 0x44, 0x44,
    0x44, 0x44, 0x44, 0x30, 0xd, 0xff, 0x20, 0x0,
    0x0, 0xf, 0xff, 0xff, 0xff, 0xff, 0xff, 0xb0,
    0xd, 0xff, 0x20, 0x0, 0x0, 0xf, 0xff, 0xff,
    0xff, 0xff, 0xff, 0xa0, 0xd, 0xff, 0x20, 0x0,
    0x0, 0x3, 0x33, 0x33, 0x33, 0x35, 0xff, 0xa0,
    0xd, 0xff, 0x20, 0x0, 0x0, 0x0, 0x0, 0x0,
    0x0, 0x3, 0xff, 0xa0, 0xd, 0xff, 0x20, 0x0,
    0x0, 0x0, 0x0, 0x0, 0x0, 0x3, 0xff, 0x90,
    0xd, 0xff, 0x20, 0x0, 0x0, 0x0, 0x0, 0x0,
    0x0, 0x4, 0xff, 0x90, 0xd, 0xff, 0x20, 0x0,
    0x0, 0x0, 0x0, 0x66, 0x50, 0x4, 0xff, 0x80,
    0xd, 0xff, 0x20, 0x0, 0x0, 0x0, 0x1, 0xff,
    0xe0, 0x5, 0xff, 0x70, 0xd, 0xff, 0xff, 0xf8,
    0x0, 0x0, 0x1, 0xff, 0xe0, 0x6, 0xff, 0x60,
    0xd, 0xff, 0xff, 0xf8, 0x0, 0x0, 0x1, 0xff,
    0xe0, 0x7, 0xff, 0x50, 0xd, 0xff, 0x87, 0x74,
    0x0, 0x0, 0x1, 0xff, 0xe0, 0x8, 0xff, 0x40,
    0xd, 0xff, 0x20, 0x0, 0x0, 0x0, 0x1, 0xff,
    0xe0, 0x4, 0x9a, 0x20, 0xd, 0xff, 0x20, 0x0,
    0x0, 0x0, 0x1, 0xff, 0xe0, 0x0, 0x0, 0x0,
    0xd, 0xff, 0x20, 0x0, 0x0, 0x0, 0x1, 0xff,
    0xe1, 0x12, 0x23, 0x34, 0x2d, 0xff, 0x20, 0x0,
    0xf, 0xff, 0xff, 0xff, 0xff, 0xff, 0xff, 0xff,
    0x8d, 0xff, 0x20, 0x0, 0xe, 0xff, 0xff, 0xff,
    0xff, 0xff, 0xff, 0xff, 0x9d, 0xff, 0x20, 0x0,
    0x6, 0x77, 0x77, 0x76, 0x66, 0x55, 0x43, 0x32,
    0x1d, 0xff, 0x20, 0x0, 0x0, 0x0, 0x0, 0x0,
    0x0, 0x0, 0x0, 0x0, 0xd, 0xff, 0x20, 0x0,
    0x0, 0x0, 0x0, 0x0, 0x0, 0x0, 0x0, 0x0,
    0xd, 0xff, 0x20, 0x0, 0x0, 0x0, 0x0, 0x0,
    0x0, 0x0, 0x0, 0x0, 0xd, 0xff, 0x20, 0x0,
    0x0, 0x0, 0x0, 0x0, 0x0, 0x0, 0x0, 0x0,
    0x8, 0x99, 0x10, 0x0,

    /* U+AD00 "관" */
    0x0, 0x0, 0x0, 0x0, 0x0, 0x0, 0x0, 0x0,
    0xef, 0xf1, 0x0, 0x0, 0xc, 0xff, 0xff, 0xff,
    0xff, 0xff, 0xd0, 0xe, 0xff, 0x10, 0x0, 0x0,
    0xcf, 0xff, 0xff, 0xff, 0xff, 0xfc, 0x0, 0xef,
    0xf1, 0x0, 0x0, 0x5, 0x77, 0x77, 0x77, 0x78,
    0xff, 0xc0, 0xe, 0xff, 0x10, 0x0, 0x0, 0x0,
    0x0, 0x0, 0x0, 0x2f, 0xfc, 0x0, 0xef, 0xf1,
    0x0, 0x0, 0x0, 0x0, 0x0, 0x0, 0x3, 0xff,
    0xb0, 0xe, 0xff, 0x10, 0x0, 0x0, 0x0, 0xc,
    0xee, 0x10, 0x4f, 0xfa, 0x0, 0xef, 0xf1, 0x0,
    0x0, 0x0, 0x0, 0xdf, 0xf1, 0x5, 0xff, 0x90,
    0xe, 0xff, 0xff, 0xf6, 0x0, 0x0, 0xd, 0xff,
    0x10, 0x4b, 0xd6, 0x0, 0xef, 0xff, 0xff, 0x60,
    0x0, 0x0, 0xdf, 0xf1, 0x0, 0x0, 0x0, 0xe,
    0xff, 0x77, 0x73, 0x45, 0x55, 0x6e, 0xff, 0x77,
    0x78, 0x99, 0xb3, 0xef, 0xf1, 0x0, 0xb, 0xff,
    0xff, 0xff, 0xff, 0xff, 0xff, 0xff, 0x5e, 0xff,
    0x10, 0x0, 0x9f, 0xff, 0xff, 0xff, 0xff, 0xee,
    0xdc, 0xc4, 0xef, 0xf1, 0x0, 0x0, 0x11, 0x11,
    0x10, 0x0, 0x0, 0x0, 0x0, 0xe, 0xff, 0x10,
    0x0, 0x0, 0x0, 0x33, 0x20, 0x0, 0x0, 0x0,
    0x0, 0xef, 0xf1, 0x0, 0x0, 0x0, 0x2f, 0xfc,
    0x0, 0x0, 0x0, 0x0, 0xe, 0xff, 0x10, 0x0,
    0x0, 0x2, 0xff, 0xc0, 0x0, 0x0, 0x0, 0x0,
    0x89, 0x90, 0x0, 0x0, 0x0, 0x2f, 0xfc, 0x0,
    0x0, 0x0, 0x0, 0x0, 0x0, 0x0, 0x0, 0x0,
    0x2, 0xff, 0xc0, 0x0, 0x0, 0x0, 0x0, 0x0,
    0x0, 0x0, 0x0, 0x0, 0x2f, 0xfe, 0x77, 0x77,
    0x77, 0x77, 0x77, 0x77, 0x30, 0x0, 0x0, 0x2,
    0xff, 0xff, 0xff, 0xff, 0xff, 0xff, 0xff, 0xf7,
    0x0, 0x0, 0x0, 0x2f, 0xff, 0xff, 0xff, 0xff,
    0xff, 0xff, 0xff, 0x70, 0x0,

    /* U+AD04 "괄" */
    0x0, 0xef, 0xff, 0xff, 0xff, 0xff, 0xfa, 0x1,
    0xff, 0xe0, 0x0, 0x0, 0xe, 0xff, 0xff, 0xff,
    0xff, 0xff, 0xa0, 0x1f, 0xfe, 0x0, 0x0, 0x0,
    0x67, 0x77, 0x77, 0x77, 0x9f, 0xf9, 0x1, 0xff,
    0xe0, 0x0, 0x0, 0x0, 0x0, 0x0, 0x0, 0x4,
    0xff, 0x90, 0x1f, 0xfe, 0x0, 0x0, 0x0, 0x0,
    0x1, 0x10, 0x0, 0x4f, 0xf8, 0x1, 0xff, 0xe0,
    0x0, 0x0, 0x0, 0x1, 0xff, 0xf0, 0x6, 0xff,
    0x70, 0x1f, 0xff, 0x99, 0x91, 0x0, 0x0, 0x1f,
    0xff, 0x0, 0x7f, 0xf5, 0x1, 0xff, 0xff, 0xff,
    0x20, 0x0, 0x1, 0xff, 0xf0, 0x0, 0x1, 0x0,
    0x1f, 0xff, 0xcc, 0xc1, 0x35, 0x55, 0x6f, 0xff,
    0x67, 0x78, 0x89, 0xa2, 0xff, 0xe0, 0x0, 0x9,
    0xff, 0xff, 0xff, 0xff, 0xff, 0xff, 0xff, 0x4f,
    0xfe, 0x0, 0x0, 0x7f, 0xff, 0xff, 0xff, 0xff,
    0xff, 0xed, 0xc4, 0xff, 0xe0, 0x0, 0x1, 0x22,
    0x22, 0x11, 0x10, 0x0, 0x0, 0x0, 0x1d, 0xdc,
    0x0, 0x0, 0x0, 0x0, 0x78, 0x88, 0x88, 0x88,
    0x88, 0x88, 0x88, 0x70, 0x0, 0x0, 0x0, 0xe,
    0xff, 0xff, 0xff, 0xff, 0xff, 0xff, 0xfe, 0x0,
    0x0, 0x0, 0x0, 0xdf, 0xff, 0xff, 0xff, 0xff,
    0xff, 0xff, 0xe0, 0x0, 0x0, 0x0, 0x1, 0x22,
    0x22, 0x22, 0x22, 0x22, 0x2f, 0xfe, 0x0, 0x0,
    0x0, 0x0, 0xef, 0xff, 0xff, 0xff, 0xff, 0xff,
    0xff, 0xe0, 0x0, 0x0, 0x0, 0xe, 0xff, 0xff,
    0xff, 0xff, 0xff, 0xff, 0xfe, 0x0, 0x0, 0x0,
    0x0, 0xef, 0xf3, 0x22, 0x22, 0x22, 0x22, 0x22,
    0x10, 0x0, 0x0, 0x0, 0xe, 0xff, 0x77, 0x77,
    0x77, 0x77, 0x77, 0x77, 0x20, 0x0, 0x0, 0x0,
    0xef, 0xff, 0xff, 0xff, 0xff, 0xff, 0xff, 0xf6,
    0x0, 0x0, 0x0, 0xe, 0xff, 0xff, 0xff, 0xff,
    0xff, 0xff, 0xff, 0x60, 0x0,

    /* U+AD11 "광" */
    0x0, 0x0, 0x0, 0x0, 0x0, 0x0, 0x0, 0x0,
    0xff, 0xf0, 0x0, 0x0, 0xe, 0xff, 0xff, 0xff,
    0xff, 0xff, 0xb0, 0xf, 0xff, 0x0, 0x0, 0x0,
    0xef, 0xff, 0xff, 0xff, 0xff, 0xfb, 0x0, 0xff,
    0xf0, 0x0, 0x0, 0x6, 0x77, 0x77, 0x77, 0x79,
    0xff, 0xa0, 0xf, 0xff, 0x0, 0x0, 0x0, 0x0,
    0x0, 0x0, 0x0, 0x4f, 0xfa, 0x0, 0xff, 0xf0,
    0x0, 0x0, 0x0, 0x0, 0xbb, 0x90, 0x5, 0xff,
    0x90, 0xf, 0xff, 0x88, 0x82, 0x0, 0x0, 0x1f,
    0xfe, 0x0, 0x6f, 0xf8, 0x0, 0xff, 0xff, 0xff,
    0x50, 0x0, 0x1, 0xff, 0xe0, 0x7, 0xff, 0x60,
    0xf, 0xff, 0xff, 0xf4, 0x0, 0x0, 0x1f, 0xfe,
    0x0, 0x0, 0x10, 0x0, 0xff, 0xf0, 0x0, 0x5,
    0x55, 0x67, 0xff, 0xf7, 0x88, 0x99, 0xab, 0x2f,
    0xff, 0x0, 0x0, 0xcf, 0xff, 0xff, 0xff, 0xff,
    0xff, 0xff, 0xf3, 0xff, 0xf0, 0x0, 0xa, 0xff,
    0xff, 0xff, 0xff, 0xfe, 0xdc, 0xcb, 0x3f, 0xff,
    0x0, 0x0, 0x11, 0x11, 0x0, 0x0, 0x0, 0x0,
    0x0, 0x0, 0xff, 0xf0, 0x0, 0x0, 0x0, 0x0,
    0x0, 0x59, 0xbd, 0xdc, 0xb9, 0x55, 0x44, 0x0,
    0x0, 0x0, 0x0, 0x6, 0xef, 0xff, 0xff, 0xff,
    0xff, 0xe5, 0x0, 0x0, 0x0, 0x0, 0x7, 0xff,
    0xfe, 0xb9, 0x99, 0xbe, 0xff, 0xf6, 0x0, 0x0,
    0x0, 0x0, 0xff, 0xf6, 0x0, 0x0, 0x0, 0x7,
    0xff, 0xe0, 0x0, 0x0, 0x0, 0x2f, 0xfe, 0x0,
    0x0, 0x0, 0x0, 0xe, 0xff, 0x10, 0x0, 0x0,
    0x0, 0xff, 0xf4, 0x0, 0x0, 0x0, 0x5, 0xff,
    0xf0, 0x0, 0x0, 0x0, 0x8, 0xff, 0xfc, 0x97,
    0x77, 0x9c, 0xff, 0xf8, 0x0, 0x0, 0x0, 0x0,
    0x8, 0xff, 0xff, 0xff, 0xff, 0xff, 0xf8, 0x0,
    0x0, 0x0, 0x0, 0x0, 0x2, 0x7b, 0xef, 0xff,
    0xeb, 0x71, 0x0, 0x0, 0x0,

    /* U+AD50 "교" */
    0x0, 0x6, 0x77, 0x77, 0x77, 0x77, 0x77, 0x77,
    0x77, 0x70, 0x0, 0x0, 0xe, 0xff, 0xff, 0xff,
    0xff, 0xff, 0xff, 0xff, 0xf0, 0x0, 0x0, 0xd,
    0xff, 0xff, 0xff, 0xff, 0xff, 0xff, 0xff, 0xf0,
    0x0, 0x0, 0x0, 0x0, 0x0, 0x0, 0x0, 0x0,
    0x0, 0xff, 0xf0, 0x0, 0x0, 0x0, 0x0, 0x0,
    0x0, 0x0, 0x0, 0x0, 0xff, 0xf0, 0x0, 0x0,
    0x0, 0x0, 0x0, 0x0, 0x0, 0x0, 0x0, 0xff,
    0xf0, 0x0, 0x0, 0x0, 0x0, 0x0, 0x0, 0x0,
    0x0, 0x0, 0xff, 0xf0, 0x0, 0x0, 0x0, 0x1,
    0x11, 0x0, 0x1, 0x11, 0x1, 0xff, 0xe0, 0x0,
    0x0, 0x0, 0xb, 0xff, 0x30, 0x1f, 0xfd, 0x1,
    0xff, 0xe0, 0x0, 0x0, 0x0, 0xb, 0xff, 0x30,
    0x1f, 0xfd, 0x2, 0xff, 0xd0, 0x0, 0x0, 0x0,
    0xb, 0xff, 0x30, 0x1f, 0xfd, 0x3, 0xff, 0xb0,
    0x0, 0x0, 0x0, 0xb, 0xff, 0x30, 0x1f, 0xfd,
    0x4, 0xff, 0xa0, 0x0, 0x0, 0x0, 0xb, 0xff,
    0x30, 0x1f, 0xfd, 0x4, 0xde, 0x80, 0x0, 0x0,
    0x0, 0xb, 0xff, 0x30, 0x1f, 0xfd, 0x0, 0x0,
    0x0, 0x0, 0x0, 0x0, 0xb, 0xff, 0x30, 0x1f,
    0xfd, 0x0, 0x0, 0x0, 0x0, 0x17, 0x77, 0x7d,
    0xff, 0x97, 0x8f, 0xfe, 0x77, 0x77, 0x77, 0x75,
    0x4f, 0xff, 0xff, 0xff, 0xff, 0xff, 0xff, 0xff,
    0xff, 0xff, 0xfb, 0x4f, 0xff, 0xff, 0xff, 0xff,
    0xff, 0xff, 0xff, 0xff, 0xff, 0xfb,

    /* U+AD6C "구" */
    0x0, 0x4, 0xff, 0xff, 0xff, 0xff, 0xff, 0xff,
    0xff, 0x90, 0x0, 0x0, 0x4, 0xff, 0xff, 0xff,
    0xff, 0xff, 0xff, 0xff, 0x80, 0x0, 0x0, 0x2,
    0x77, 0x77, 0x77, 0x77, 0x77, 0x7a, 0xff, 0x80,
    0x0, 0x0, 0x0, 0x0, 0x0, 0x0, 0x0, 0x0,
    0x6, 0xff, 0x80, 0x0, 0x0, 0x0, 0x0, 0x0,
    0x0, 0x0, 0x0, 0x6, 0xff, 0x70, 0x0, 0x0,
    0x0, 0x0, 0x0, 0x0, 0x0, 0x0, 0x7, 0xff,
    0x60, 0x0, 0x0, 0x0, 0x0, 0x0, 0x0, 0x0,
    0x0, 0x8, 0xff, 0x50, 0x0, 0x0, 0x0, 0x0,
    0x0, 0x0, 0x0, 0x0, 0x9, 0xff, 0x30, 0x0,
    0x17, 0x77, 0x77, 0x77, 0x77, 0x77, 0x77, 0x7d,
    0xff, 0x87, 0x75, 0x4f, 0xff, 0xff, 0xff, 0xff,
    0xff, 0xff, 0xff, 0xff, 0xff, 0xfb, 0x4f, 0xff,
    0xff, 0xff, 0xff, 0xff, 0xff, 0xff, 0xff, 0xff,
    0xfb, 0x0, 0x0, 0x0, 0x0, 0x9, 0xff, 0x60,
    0x0, 0x0, 0x0, 0x0, 0x0, 0x0, 0x0, 0x0,
    0x9, 0xff, 0x60, 0x0, 0x0, 0x0, 0x0, 0x0,
    0x0, 0x0, 0x0, 0x9, 0xff, 0x60, 0x0, 0x0,
    0x0, 0x0, 0x0, 0x0, 0x0, 0x0, 0x9, 0xff,
    0x60, 0x0, 0x0, 0x0, 0x0, 0x0, 0x0, 0x0,
    0x0, 0x9, 0xff, 0x60, 0x0, 0x0, 0x0, 0x0,
    0x0, 0x0, 0x0, 0x0, 0x9, 0xff, 0x60, 0x0,
    0x0, 0x0, 0x0, 0x0, 0x0, 0x0, 0x0, 0x9,
    0xff, 0x60, 0x0, 0x0, 0x0, 0x0, 0x0, 0x0,
    0x0, 0x0, 0x9, 0xff, 0x60, 0x0, 0x0, 0x0,
    0x0, 0x0, 0x0, 0x0, 0x0, 0x9, 0xff, 0x60,
    0x0, 0x0, 0x0, 0x0, 0x0, 0x0, 0x0, 0x0,
    0x9, 0xff, 0x60, 0x0, 0x0, 0x0, 0x0, 0x0,
    0x0, 0x0, 0x0, 0x0, 0x0, 0x0, 0x0, 0x0,
    0x0, 0x0,

    /* U+AD8C "권" */
    0x0, 0x0, 0x0, 0x0, 0x0, 0x0, 0x0, 0x0,
    0x2f, 0xfc, 0x0, 0x9f, 0xff, 0xff, 0xff, 0xff,
    0xf2, 0x0, 0x2f, 0xfc, 0x0, 0x9f, 0xff, 0xff,
    0xff, 0xff, 0xf2, 0x0, 0x2f, 0xfc, 0x0, 0x47,
    0x77, 0x77, 0x77, 0xef, 0xf2, 0x0, 0x2f, 0xfc,
    0x0, 0x0, 0x0, 0x0, 0x0, 0xcf, 0xf1, 0x0,
    0x2f, 0xfc, 0x0, 0x0, 0x0, 0x0, 0x0, 0xdf,
    0xf1, 0x0, 0x2f, 0xfc, 0x0, 0x0, 0x0, 0x0,
    0x0, 0xef, 0xf0, 0x0, 0x2f, 0xfc, 0x57, 0x77,
    0x78, 0x88, 0x99, 0xff, 0xfb, 0xc2, 0x2f, 0xfc,
    0x9f, 0xff, 0xff, 0xff, 0xff, 0xff, 0xff, 0xf3,
    0x2f, 0xfc, 0x6f, 0xff, 0xff, 0xff, 0xff, 0xdc,
    0xba, 0x92, 0x2f, 0xfc, 0x1, 0x11, 0x0, 0x9,
    0xff, 0x20, 0x0, 0x0, 0x2f, 0xfc, 0x0, 0x0,
    0x0, 0x9, 0xff, 0x20, 0x16, 0x66, 0x8f, 0xfc,
    0x0, 0x0, 0x0, 0x9, 0xff, 0x20, 0x3f, 0xff,
    0xff, 0xfc, 0x0, 0x0, 0x0, 0x9, 0xff, 0x20,
    0x3f, 0xff, 0xff, 0xfc, 0x0, 0x0, 0x44, 0x47,
    0xdd, 0x10, 0x0, 0x0, 0x2f, 0xfc, 0x0, 0x0,
    0xff, 0xf0, 0x0, 0x0, 0x0, 0x0, 0x2f, 0xfc,
    0x0, 0x0, 0xff, 0xf0, 0x0, 0x0, 0x0, 0x0,
    0x1a, 0xa7, 0x0, 0x0, 0xff, 0xf0, 0x0, 0x0,
    0x0, 0x0, 0x0, 0x0, 0x0, 0x0, 0xff, 0xf0,
    0x0, 0x0, 0x0, 0x0, 0x0, 0x0, 0x0, 0x0,
    0xff, 0xf7, 0x77, 0x77, 0x77, 0x77, 0x77, 0x77,
    0x0, 0x0, 0xff, 0xff, 0xff, 0xff, 0xff, 0xff,
    0xff, 0xff, 0x0, 0x0, 0xff, 0xff, 0xff, 0xff,
    0xff, 0xff, 0xff, 0xff,

    /* U+ADE0 "균" */
    0x0, 0x3, 0xff, 0xff, 0xff, 0xff, 0xff, 0xff,
    0xff, 0x40, 0x0, 0x0, 0x3, 0xff, 0xff, 0xff,
    0xff, 0xff, 0xff, 0xff, 0x40, 0x0, 0x0, 0x1,
    0x77, 0x77, 0x77, 0x77, 0x77, 0x7d, 0xff, 0x30,
    0x0, 0x0, 0x0, 0x0, 0x0, 0x0, 0x0, 0x0,
    0xa, 0xff, 0x30, 0x0, 0x0, 0x0, 0x0, 0x0,
    0x0, 0x0, 0x0, 0xb, 0xff, 0x20, 0x0, 0x0,
    0x0, 0x0, 0x0, 0x0, 0x0, 0x0, 0xb, 0xff,
    0x10, 0x0, 0x0, 0x0, 0x0, 0x0, 0x0, 0x0,
    0x0, 0xc, 0xff, 0x0, 0x0, 0x14, 0x44, 0x44,
    0x44, 0x44, 0x44, 0x44, 0x4e, 0xff, 0x44, 0x43,
    0x4f, 0xff, 0xff, 0xff, 0xff, 0xff, 0xff, 0xff,
    0xff, 0xff, 0xfb, 0x4f, 0xff, 0xff, 0xff, 0xff,
    0xff, 0xff, 0xff, 0xff, 0xff, 0xfb, 0x3, 0x33,
    0x33, 0x3a, 0xff, 0x63, 0x3e, 0xff, 0x33, 0x33,
    0x32, 0x0, 0x0, 0x0, 0x9, 0xff, 0x40, 0xe,
    0xff, 0x0, 0x0, 0x0, 0x0, 0x0, 0x0, 0x9,
    0xff, 0x40, 0xe, 0xff, 0x0, 0x0, 0x0, 0x0,
    0x6, 0xff, 0x79, 0xff, 0x40, 0xe, 0xff, 0x0,
    0x0, 0x0, 0x0, 0x6, 0xff, 0x79, 0xff, 0x40,
    0xe, 0xff, 0x0, 0x0, 0x0, 0x0, 0x6, 0xff,
    0x75, 0x99, 0x20, 0x8, 0x99, 0x0, 0x0, 0x0,
    0x0, 0x6, 0xff, 0x70, 0x0, 0x0, 0x0, 0x0,
    0x0, 0x0, 0x0, 0x0, 0x6, 0xff, 0x70, 0x0,
    0x0, 0x0, 0x0, 0x0, 0x0, 0x0, 0x0, 0x6,
    0xff, 0xb7, 0x77, 0x77, 0x77, 0x77, 0x77, 0x50,
    0x0, 0x0, 0x6, 0xff, 0xff, 0xff, 0xff, 0xff,
    0xff, 0xff, 0xd0, 0x0, 0x0, 0x6, 0xff, 0xff,
    0xff, 0xff, 0xff, 0xff, 0xff, 0xd0, 0x0,

    /* U+ADF8 "그" */
    0x0, 0x3, 0x55, 0x55, 0x55, 0x55, 0x55, 0x55,
    0x55, 0x10, 0x0, 0x0, 0xa, 0xff, 0xff, 0xff,
    0xff, 0xff, 0xff, 0xff, 0x60, 0x0, 0x0, 0xa,
    0xff, 0xff, 0xff, 0xff, 0xff, 0xff, 0xff, 0x60,
    0x0, 0x0, 0x1, 0x11, 0x11, 0x11, 0x11, 0x11,
    0x1a, 0xff, 0x60, 0x0, 0x0, 0x0, 0x0, 0x0,
    0x0, 0x0, 0x0, 0x9, 0xff, 0x60, 0x0, 0x0,
    0x0, 0x0, 0x0, 0x0, 0x0, 0x0, 0x9, 0xff,
    0x60, 0x0, 0x0, 0x0, 0x0, 0x0, 0x0, 0x0,
    0x0, 0x9, 0xff, 0x50, 0x0, 0x0, 0x0, 0x0,
    0x0, 0x0, 0x0, 0x0, 0x9, 0xff, 0x50, 0x0,
    0x0, 0x0, 0x0, 0x0, 0x0, 0x0, 0x0, 0xa,
    0xff, 0x40, 0x0, 0x0, 0x0, 0x0, 0x0, 0x0,
    0x0, 0x0, 0xa, 0xff, 0x40, 0x0, 0x0, 0x0,
    0x0, 0x0, 0x0, 0x0, 0x0, 0xb, 0xff, 0x30,
    0x0, 0x0, 0x0, 0x0, 0x0, 0x0, 0x0, 0x0,
    0xc, 0xff, 0x10, 0x0, 0x0, 0x0, 0x0, 0x0,
    0x0, 0x0, 0x0, 0xd, 0xff, 0x0, 0x0, 0x0,
    0x0, 0x0, 0x0, 0x0, 0x0, 0x0, 0xf, 0xfe,
    0x0, 0x0, 0x2, 0x22, 0x22, 0x22, 0x22, 0x22,
    0x22, 0x3f, 0xfd, 0x22, 0x21, 0x4f, 0xff, 0xff,
    0xff, 0xff, 0xff, 0xff, 0xff, 0xff, 0xff, 0xfb,
    0x4f, 0xff, 0xff, 0xff, 0xff, 0xff, 0xff, 0xff,
    0xff, 0xff, 0xfb, 0x13, 0x33, 0x34, 0x44, 0x44,
    0x44, 0x44, 0x44, 0x44, 0x44, 0x42,

    /* U+ADFC "근" */
    0x0, 0x3, 0xff, 0xff, 0xff, 0xff, 0xff, 0xff,
    0xff, 0x50, 0x0, 0x0, 0x3, 0xff, 0xff, 0xff,
    0xff, 0xff, 0xff, 0xff, 0x50, 0x0, 0x0, 0x1,
    0x77, 0x77, 0x77, 0x77, 0x77, 0x7c, 0xff, 0x40,
    0x0, 0x0, 0x0, 0x0, 0x0, 0x0, 0x0, 0x0,
    0x9, 0xff, 0x40, 0x0, 0x0, 0x0, 0x0, 0x0,
    0x0, 0x0, 0x0, 0x9, 0xff, 0x30, 0x0, 0x0,
    0x0, 0x0, 0x0, 0x0, 0x0, 0x0, 0xa, 0xff,
    0x20, 0x0, 0x0, 0x0, 0x0, 0x0, 0x0, 0x0,
    0x0, 0xb, 0xff, 0x10, 0x0, 0x0, 0x0, 0x0,
    0x0, 0x0, 0x0, 0x0, 0xc, 0xff, 0x0, 0x0,
    0x4f, 0xff, 0xff, 0xff, 0xff, 0xff, 0xff, 0xff,
    0xff, 0xff, 0xfa, 0x4f, 0xff, 0xff, 0xff, 0xff,
    0xff, 0xff, 0xff, 0xff, 0xff, 0xfb, 0x28, 0x88,
    0x88, 0x88, 0x88, 0x88, 0x88, 0x88, 0x88, 0x88,
    0x85, 0x0, 0x0, 0x0, 0x0, 0x0, 0x0, 0x0,
    0x0, 0x0, 0x0, 0x0, 0x0, 0x0, 0x0, 0x0,
    0x0, 0x0, 0x0, 0x0, 0x0, 0x0, 0x0, 0x0,
    0x2, 0xbb, 0x70, 0x0, 0x0, 0x0, 0x0, 0x0,
    0x0, 0x0, 0x0, 0x3, 0xff, 0xb0, 0x0, 0x0,
    0x0, 0x0, 0x0, 0x0, 0x0, 0x0, 0x3, 0xff,
    0xb0, 0x0, 0x0, 0x0, 0x0, 0x0, 0x0, 0x0,
    0x0, 0x3, 0xff, 0xb0, 0x0, 0x0, 0x0, 0x0,
    0x0, 0x0, 0x0, 0x0, 0x3, 0xff, 0xb0, 0x0,
    0x0, 0x0, 0x0, 0x0, 0x0, 0x0, 0x0, 0x3,
    0xff, 0xd7, 0x77, 0x77, 0x77, 0x77, 0x77, 0x50,
    0x0, 0x0, 0x3, 0xff, 0xff, 0xff, 0xff, 0xff,
    0xff, 0xff, 0xb0, 0x0, 0x0, 0x3, 0xff, 0xff,
    0xff, 0xff, 0xff, 0xff, 0xff, 0xb0, 0x0,

    /* U+AE08 "금" */
    0x0, 0x3, 0xff, 0xff, 0xff, 0xff, 0xff, 0xff,
    0xff, 0x80, 0x0, 0x0, 0x3, 0xff, 0xff, 0xff,
    0xff, 0xff, 0xff, 0xff, 0x80, 0x0, 0x0, 0x1,
    0x77, 0x77, 0x77, 0x77, 0x77, 0x7b, 0xff, 0x80,
    0x0, 0x0, 0x0, 0x0, 0x0, 0x0, 0x0, 0x0,
    0x6, 0xff, 0x70, 0x0, 0x0, 0x0, 0x0, 0x0,
    0x0, 0x0, 0x0, 0x7, 0xff, 0x60, 0x0, 0x0,
    0x0, 0x0, 0x0, 0x0, 0x0, 0x0, 0x7, 0xff,
    0x60, 0x0, 0x0, 0x0, 0x0, 0x0, 0x0, 0x0,
    0x0, 0x8, 0xff, 0x50, 0x0, 0x2, 0x22, 0x22,
    0x22, 0x22, 0x22, 0x22, 0x2a, 0xff, 0x62, 0x21,
    0x4f, 0xff, 0xff, 0xff, 0xff, 0xff, 0xff, 0xff,
    0xff, 0xff, 0xfb, 0x4f, 0xff, 0xff, 0xff, 0xff,
    0xff, 0xff, 0xff, 0xff, 0xff, 0xfb, 0x15, 0x55,
    0x55, 0x55, 0x55, 0x55, 0x55, 0x55, 0x55, 0x55,
    0x53, 0x0, 0x0, 0x0, 0x0, 0x0, 0x0, 0x0,
    0x0, 0x0, 0x0, 0x0, 0x0, 0x0, 0x0, 0x0,
    0x0, 0x0, 0x0, 0x0, 0x0, 0x0, 0x0, 0x0,
    0x2, 0xff, 0xff, 0xff, 0xff, 0xff, 0xff, 0xff,
    0x90, 0x0, 0x0, 0x2, 0xff, 0xff, 0xff, 0xff,
    0xff, 0xff, 0xff, 0x90, 0x0, 0x0, 0x2, 0xff,
    0xe8, 0x88, 0x88, 0x88, 0x8a, 0xff, 0x90, 0x0,
    0x0, 0x2, 0xff, 0xc0, 0x0, 0x0, 0x0, 0x5,
    0xff, 0x90, 0x0, 0x0, 0x2, 0xff, 0xc0, 0x0,
    0x0, 0x0, 0x5, 0xff, 0x90, 0x0, 0x0, 0x2,
    0xff, 0xc0, 0x0, 0x0, 0x0, 0x5, 0xff, 0x90,
    0x0, 0x0, 0x2, 0xff, 0xd7, 0x77, 0x77, 0x77,
    0x7a, 0xff, 0x90, 0x0, 0x0, 0x2, 0xff, 0xff,
    0xff, 0xff, 0xff, 0xff, 0xff, 0x90, 0x0, 0x0,
    0x2, 0xff, 0xff, 0xff, 0xff, 0xff, 0xff, 0xff,
    0x90, 0x0,

    /* U+AE09 "급" */
    0x0, 0x3, 0xff, 0xff, 0xff, 0xff, 0xff, 0xff,
    0xff, 0x80, 0x0, 0x0, 0x3, 0xff, 0xff, 0xff,
    0xff, 0xff, 0xff, 0xff, 0x80, 0x0, 0x0, 0x1,
    0x77, 0x77, 0x77, 0x77, 0x77, 0x7b, 0xff, 0x80,
    0x0, 0x0, 0x0, 0x0, 0x0, 0x0, 0x0, 0x0,
    0x6, 0xff, 0x70, 0x0, 0x0, 0x0, 0x0, 0x0,
    0x0, 0x0, 0x0, 0x7, 0xff, 0x60, 0x0, 0x0,
    0x0, 0x0, 0x0, 0x0, 0x0, 0x0, 0x7, 0xff,
    0x60, 0x0, 0x0, 0x0, 0x0, 0x0, 0x0, 0x0,
    0x0, 0x8, 0xff, 0x50, 0x0, 0x2, 0x22, 0x22,
    0x22, 0x22, 0x22, 0x22, 0x2a, 0xff, 0x62, 0x21,
    0x4f, 0xff, 0xff, 0xff, 0xff, 0xff, 0xff, 0xff,
    0xff, 0xff, 0xfb, 0x4f, 0xff, 0xff, 0xff, 0xff,
    0xff, 0xff, 0xff, 0xff, 0xff, 0xfb, 0x15, 0x55,
    0x55, 0x55, 0x55, 0x55, 0x55, 0x55, 0x55, 0x55,
    0x53, 0x0, 0x0, 0x0, 0x0, 0x0, 0x0, 0x0,
    0x0, 0x0, 0x0, 0x0, 0x0, 0x0, 0x33, 0x20,
    0x0, 0x0, 0x0, 0x0, 0x33, 0x10, 0x0, 0x0,
    0x2, 0xff, 0xc0, 0x0, 0x0, 0x0, 0x5, 0xff,
    0xa0, 0x0, 0x0, 0x2, 0xff, 0xd3, 0x33, 0x33,
    0x33, 0x37, 0xff, 0xa0, 0x0, 0x0, 0x2, 0xff,
    0xff, 0xff, 0xff, 0xff, 0xff, 0xff, 0xa0, 0x0,
    0x0, 0x2, 0xff, 0xff, 0xff, 0xff, 0xff, 0xff,
    0xff, 0xa0, 0x0, 0x0, 0x2, 0xff, 0xd4, 0x44,
    0x44, 0x44, 0x48, 0xff, 0xa0, 0x0, 0x0, 0x2,
    0xff, 0xc0, 0x0, 0x0, 0x0, 0x5, 0xff, 0xa0,
    0x0, 0x0, 0x2, 0xff, 0xe7, 0x77, 0x77, 0x77,
    0x79, 0xff, 0xa0, 0x0, 0x0, 0x2, 0xff, 0xff,
    0xff, 0xff, 0xff, 0xff, 0xff, 0xa0, 0x0, 0x0,
    0x2, 0xff, 0xff, 0xff, 0xff, 0xff, 0xff, 0xff,
    0xa0, 0x0,

    /* U+AE30 "기" */
    0x0, 0x0, 0x0, 0x0, 0x0, 0x0, 0x0, 0x0,
    0xaf, 0xf3, 0x0, 0x88, 0x88, 0x88, 0x88, 0x88,
    0x80, 0x0, 0xaf, 0xf3, 0x0, 0xff, 0xff, 0xff,
    0xff, 0xff, 0xf0, 0x0, 0xaf, 0xf3, 0x0, 0xff,
    0xff, 0xff, 0xff, 0xff, 0xe0, 0x0, 0xaf, 0xf3,
    0x0, 0x0, 0x0, 0x0, 0x2, 0xff, 0xc0, 0x0,
    0xaf, 0xf3, 0x0, 0x0, 0x0, 0x0, 0x6, 0xff,
    0x80, 0x0, 0xaf, 0xf3, 0x0, 0x0, 0x0, 0x0,
    0xb, 0xff, 0x40, 0x0, 0xaf, 0xf3, 0x0, 0x0,
    0x0, 0x0, 0x2f, 0xfe, 0x0, 0x0, 0xaf, 0xf3,
    0x0, 0x0, 0x0, 0x0, 0xaf, 0xf7, 0x0, 0x0,
    0xaf, 0xf3, 0x0, 0x0, 0x0, 0x4, 0xff, 0xe0,
    0x0, 0x0, 0xaf, 0xf3, 0x0, 0x0, 0x0, 0x1e,
    0xff, 0x60, 0x0, 0x0, 0xaf, 0xf3, 0x0, 0x0,
    0x1, 0xdf, 0xfb, 0x0, 0x0, 0x0, 0xaf, 0xf3,
    0x0, 0x0, 0x1c, 0xff, 0xe1, 0x0, 0x0, 0x0,
    0xaf, 0xf3, 0x0, 0x3, 0xef, 0xfe, 0x20, 0x0,
    0x0, 0x0, 0xaf, 0xf3, 0x1, 0x9f, 0xff, 0xe3,
    0x0, 0x0, 0x0, 0x0, 0xaf, 0xf3, 0x1e, 0xff,
    0xfc, 0x10, 0x0, 0x0, 0x0, 0x0, 0xaf, 0xf3,
    0x3, 0xff, 0x80, 0x0, 0x0, 0x0, 0x0, 0x0,
    0xaf, 0xf3, 0x0, 0x32, 0x0, 0x0, 0x0, 0x0,
    0x0, 0x0, 0xaf, 0xf3, 0x0, 0x0, 0x0, 0x0,
    0x0, 0x0, 0x0, 0x0, 0xaf, 0xf3, 0x0, 0x0,
    0x0, 0x0, 0x0, 0x0, 0x0, 0x0, 0xaf, 0xf3,
    0x0, 0x0, 0x0, 0x0, 0x0, 0x0, 0x0, 0x0,
    0xaf, 0xf3, 0x0, 0x0, 0x0, 0x0, 0x0, 0x0,
    0x0, 0x0, 0xaf, 0xf3, 0x0, 0x0, 0x0, 0x0,
    0x0, 0x0, 0x0, 0x0, 0x69, 0x91,

    /* U+AE38 "길" */
    0x6, 0xff, 0xff, 0xff, 0xff, 0xff, 0x40, 0x2,
    0xff, 0xc0, 0x6, 0xff, 0xff, 0xff, 0xff, 0xff,
    0x10, 0x2, 0xff, 0xc0, 0x2, 0x77, 0x77, 0x77,
    0xcf, 0xfb, 0x0, 0x2, 0xff, 0xc0, 0x0, 0x0,
    0x0, 0x0, 0xef, 0xf5, 0x0, 0x2, 0xff, 0xc0,
    0x0, 0x0, 0x0, 0x8, 0xff, 0xc0, 0x0, 0x2,
    0xff, 0xc0, 0x0, 0x0, 0x0, 0x5f, 0xff, 0x30,
    0x0, 0x2, 0xff, 0xc0, 0x0, 0x0, 0x6, 0xff,
    0xf6, 0x0, 0x0, 0x2, 0xff, 0xc0, 0x0, 0x1,
    0x9f, 0xff, 0x60, 0x0, 0x0, 0x2, 0xff, 0xc0,
    0x1, 0x8e, 0xff, 0xf5, 0x0, 0x0, 0x0, 0x2,
    0xff, 0xc0, 0x7f, 0xff, 0xfb, 0x20, 0x0, 0x0,
    0x0, 0x2, 0xff, 0xc0, 0xb, 0xfc, 0x50, 0x0,
    0x0, 0x0, 0x0, 0x2, 0xff, 0xc0, 0x0, 0x30,
    0x77, 0x77, 0x77, 0x77, 0x77, 0x77, 0x99, 0x70,
    0x0, 0x1, 0xff, 0xff, 0xff, 0xff, 0xff, 0xff,
    0xff, 0xc0, 0x0, 0x1, 0xff, 0xff, 0xff, 0xff,
    0xff, 0xff, 0xff, 0xc0, 0x0, 0x0, 0x0, 0x0,
    0x0, 0x0, 0x0, 0x2, 0xff, 0xc0, 0x0, 0x0,
    0x44, 0x44, 0x44, 0x44, 0x44, 0x46, 0xff, 0xc0,
    0x0, 0x1, 0xff, 0xff, 0xff, 0xff, 0xff, 0xff,
    0xff, 0xc0, 0x0, 0x1, 0xff, 0xff, 0xff, 0xff,
    0xff, 0xff, 0xff, 0xb0, 0x0, 0x1, 0xff, 0xd0,
    0x0, 0x0, 0x0, 0x0, 0x0, 0x0, 0x0, 0x1,
    0xff, 0xe7, 0x77, 0x77, 0x77, 0x77, 0x77, 0x70,
    0x0, 0x1, 0xff, 0xff, 0xff, 0xff, 0xff, 0xff,
    0xff, 0xf1, 0x0, 0x1, 0xff, 0xff, 0xff, 0xff,
    0xff, 0xff, 0xff, 0xf1,

    /* U+AE40 "김" */
    0x0, 0x0, 0x0, 0x0, 0x0, 0x0, 0x0, 0x2,
    0xff, 0xb0, 0x6f, 0xff, 0xff, 0xff, 0xff, 0xf3,
    0x0, 0x2f, 0xfb, 0x6, 0xff, 0xff, 0xff, 0xff,
    0xff, 0x0, 0x2, 0xff, 0xb0, 0x37, 0x77, 0x77,
    0x7b, 0xff, 0xb0, 0x0, 0x2f, 0xfb, 0x0, 0x0,
    0x0, 0x0, 0xdf, 0xf4, 0x0, 0x2, 0xff, 0xb0,
    0x0, 0x0, 0x0, 0x6f, 0xfc, 0x0, 0x0, 0x2f,
    0xfb, 0x0, 0x0, 0x0, 0x3f, 0xff, 0x30, 0x0,
    0x2, 0xff, 0xb0, 0x0, 0x0, 0x2e, 0xff, 0x60,
    0x0, 0x0, 0x2f, 0xfb, 0x0, 0x0, 0x4e, 0xff,
    0x80, 0x0, 0x0, 0x2, 0xff, 0xb0, 0x0, 0x8f,
    0xff, 0x70, 0x0, 0x0, 0x0, 0x2f, 0xfb, 0x6,
    0xef, 0xff, 0x40, 0x0, 0x0, 0x0, 0x2, 0xff,
    0xb7, 0xff, 0xfa, 0x10, 0x0, 0x0, 0x0, 0x0,
    0x2f, 0xfb, 0x7, 0xb3, 0x0, 0x0, 0x0, 0x0,
    0x0, 0x1, 0xcc, 0x90, 0x0, 0xf, 0xff, 0xff,
    0xff, 0xff, 0xff, 0xff, 0xfb, 0x0, 0x1, 0xff,
    0xff, 0xff, 0xff, 0xff, 0xff, 0xff, 0xb0, 0x0,
    0x1f, 0xfe, 0x88, 0x88, 0x88, 0x88, 0x9f, 0xfb,
    0x0, 0x1, 0xff, 0xd0, 0x0, 0x0, 0x0, 0x2,
    0xff, 0xb0, 0x0, 0x1f, 0xfd, 0x0, 0x0, 0x0,
    0x0, 0x2f, 0xfb, 0x0, 0x1, 0xff, 0xd0, 0x0,
    0x0, 0x0, 0x2, 0xff, 0xb0, 0x0, 0x1f, 0xfe,
    0x77, 0x77, 0x77, 0x77, 0x8f, 0xfb, 0x0, 0x1,
    0xff, 0xff, 0xff, 0xff, 0xff, 0xff, 0xff, 0xb0,
    0x0, 0x1f, 0xff, 0xff, 0xff, 0xff, 0xff, 0xff,
    0xfb,

    /* U+AE4C "까" */
    0x0, 0x0, 0x0, 0x0, 0x0, 0x0, 0x0, 0x0,
    0xdf, 0xf1, 0x0, 0x0, 0x38, 0x88, 0x88, 0x54,
    0x88, 0x88, 0x81, 0xd, 0xff, 0x10, 0x0, 0x6,
    0xff, 0xff, 0xfb, 0x9f, 0xff, 0xff, 0x30, 0xdf,
    0xf1, 0x0, 0x0, 0x5f, 0xff, 0xff, 0xa8, 0xff,
    0xff, 0xf3, 0xd, 0xff, 0x10, 0x0, 0x0, 0x0,
    0x3f, 0xf9, 0x0, 0xa, 0xff, 0x20, 0xdf, 0xf1,
    0x0, 0x0, 0x0, 0x4, 0xff, 0x70, 0x0, 0xbf,
    0xf1, 0xd, 0xff, 0x10, 0x0, 0x0, 0x0, 0x7f,
    0xf5, 0x0, 0xd, 0xff, 0x0, 0xdf, 0xf1, 0x0,
    0x0, 0x0, 0xa, 0xff, 0x10, 0x0, 0xff, 0xd0,
    0xd, 0xff, 0x10, 0x0, 0x0, 0x0, 0xef, 0xd0,
    0x0, 0x2f, 0xfa, 0x0, 0xdf, 0xff, 0xff, 0x50,
    0x0, 0x3f, 0xf8, 0x0, 0x6, 0xff, 0x70, 0xd,
    0xff, 0xff, 0xf6, 0x0, 0x9, 0xff, 0x30, 0x0,
    0xaf, 0xf3, 0x0, 0xdf, 0xf8, 0x88, 0x30, 0x1,
    0xff, 0xd0, 0x0, 0xe, 0xfe, 0x0, 0xd, 0xff,
    0x10, 0x0, 0x0, 0x9f, 0xf7, 0x0, 0x5, 0xff,
    0x90, 0x0, 0xdf, 0xf1, 0x0, 0x0, 0x3f, 0xfe,
    0x0, 0x0, 0xbf, 0xf4, 0x0, 0xd, 0xff, 0x10,
    0x0, 0x1e, 0xff, 0x70, 0x0, 0x2f, 0xfe, 0x0,
    0x0, 0xdf, 0xf1, 0x0, 0x0, 0x7e, 0xc0, 0x0,
    0xb, 0xff, 0x70, 0x0, 0xd, 0xff, 0x10, 0x0,
    0x0, 0x11, 0x0, 0x6, 0xff, 0xf1, 0x0, 0x0,
    0xdf, 0xf1, 0x0, 0x0, 0x0, 0x0, 0x0, 0xaf,
    0xf7, 0x0, 0x0, 0xd, 0xff, 0x10, 0x0, 0x0,
    0x0, 0x0, 0x0, 0x29, 0x0, 0x0, 0x0, 0xdf,
    0xf1, 0x0, 0x0, 0x0, 0x0, 0x0, 0x0, 0x0,
    0x0, 0x0, 0xd, 0xff, 0x10, 0x0, 0x0, 0x0,
    0x0, 0x0, 0x0, 0x0, 0x0, 0x0, 0xdf, 0xf1,
    0x0, 0x0, 0x0, 0x0, 0x0, 0x0, 0x0, 0x0,
    0x0, 0xd, 0xff, 0x10, 0x0, 0x0, 0x0, 0x0,
    0x0, 0x0, 0x0, 0x0, 0x0, 0x89, 0x90, 0x0,
    0x0,

    /* U+AE68 "깨" */
    0x0, 0x0, 0x0, 0x0, 0x0, 0x0, 0x0, 0xef,
    0xf0, 0xbf, 0xf3, 0x3, 0x77, 0x77, 0x73, 0x77,
    0x77, 0x60, 0xef, 0xf0, 0xbf, 0xf3, 0x6, 0xff,
    0xff, 0xe6, 0xff, 0xff, 0xc0, 0xef, 0xf0, 0xbf,
    0xf3, 0x5, 0xff, 0xff, 0xe5, 0xff, 0xff, 0xb0,
    0xef, 0xf0, 0xbf, 0xf3, 0x0, 0x0, 0xdf, 0xd0,
    0x0, 0xff, 0xb0, 0xef, 0xf0, 0xbf, 0xf3, 0x0,
    0x0, 0xef, 0xc0, 0x0, 0xff, 0xa0, 0xef, 0xf0,
    0xbf, 0xf3, 0x0, 0x0, 0xff, 0xa0, 0x1, 0xff,
    0x80, 0xef, 0xf0, 0xbf, 0xf3, 0x0, 0x2, 0xff,
    0x70, 0x2, 0xff, 0x70, 0xef, 0xf0, 0xbf, 0xf3,
    0x0, 0x6, 0xff, 0x50, 0x4, 0xff, 0x50, 0xef,
    0xf8, 0xdf, 0xf3, 0x0, 0xa, 0xff, 0x20, 0x7,
    0xff, 0x20, 0xef, 0xff, 0xff, 0xf3, 0x0, 0xe,
    0xfd, 0x0, 0xa, 0xff, 0x0, 0xef, 0xff, 0xff,
    0xf3, 0x0, 0x3f, 0xf8, 0x0, 0xe, 0xfc, 0x0,
    0xef, 0xf0, 0xbf, 0xf3, 0x0, 0xaf, 0xf3, 0x0,
    0x3f, 0xf8, 0x0, 0xef, 0xf0, 0xbf, 0xf3, 0x2,
    0xff, 0xd0, 0x0, 0x9f, 0xf3, 0x0, 0xef, 0xf0,
    0xbf, 0xf3, 0xc, 0xff, 0x50, 0x1, 0xff, 0xe0,
    0x0, 0xef, 0xf0, 0xbf, 0xf3, 0x5, 0xdd, 0x0,
    0x8, 0xff, 0x80, 0x0, 0xef, 0xf0, 0xbf, 0xf3,
    0x0, 0x2, 0x0, 0x2f, 0xff, 0x20, 0x0, 0xef,
    0xf0, 0xbf, 0xf3, 0x0, 0x0, 0x0, 0x2, 0xa9,
    0x0, 0x0, 0xef, 0xf0, 0xbf, 0xf3, 0x0, 0x0,
    0x0, 0x0, 0x0, 0x0, 0x0, 0xef, 0xf0, 0xbf,
    0xf3, 0x0, 0x0, 0x0, 0x0, 0x0, 0x0, 0x0,
    0xef, 0xf0, 0xbf, 0xf3, 0x0, 0x0, 0x0, 0x0,
    0x0, 0x0, 0x0, 0xef, 0xf0, 0xbf, 0xf3, 0x0,
    0x0, 0x0, 0x0, 0x0, 0x0, 0x0, 0xef, 0xf0,
    0xbf, 0xf3, 0x0, 0x0, 0x0, 0x0, 0x0, 0x0,
    0x0, 0x0, 0x0, 0x79, 0x92,

    /* U+AEBC "꺼" */
    0x0, 0x0, 0x0, 0x0, 0x0, 0x0, 0x0, 0x0,
    0xe, 0xff, 0x4, 0x88, 0x88, 0x82, 0x88, 0x88,
    0x86, 0x0, 0xe, 0xff, 0x9, 0xff, 0xff, 0xf4,
    0xff, 0xff, 0xfd, 0x0, 0xe, 0xff, 0x9, 0xff,
    0xff, 0xf4, 0xff, 0xff, 0xfd, 0x0, 0xe, 0xff,
    0x0, 0x0, 0xaf, 0xf2, 0x0, 0xf, 0xfc, 0x0,
    0xe, 0xff, 0x0, 0x0, 0xcf, 0xf1, 0x0, 0x1f,
    0xfb, 0x0, 0xe, 0xff, 0x0, 0x0, 0xef, 0xf0,
    0x0, 0x3f, 0xf9, 0x0, 0xe, 0xff, 0x0, 0x0,
    0xff, 0xc0, 0x0, 0x5f, 0xfc, 0x88, 0x8f, 0xff,
    0x0, 0x4, 0xff, 0x80, 0x0, 0x8f, 0xff, 0xff,
    0xff, 0xff, 0x0, 0x9, 0xff, 0x40, 0x0, 0xcf,
    0xff, 0xff, 0xff, 0xff, 0x0, 0xe, 0xff, 0x0,
    0x0, 0xff, 0xd0, 0x0, 0xe, 0xff, 0x0, 0x5f,
    0xfa, 0x0, 0x5, 0xff, 0x80, 0x0, 0xe, 0xff,
    0x0, 0xdf, 0xf3, 0x0, 0xa, 0xff, 0x40, 0x0,
    0xe, 0xff, 0x7, 0xff, 0xc0, 0x0, 0x1f, 0xfe,
    0x0, 0x0, 0xe, 0xff, 0x3f, 0xff, 0x40, 0x0,
    0x8f, 0xf8, 0x0, 0x0, 0xe, 0xff, 0x2b, 0xfa,
    0x0, 0x1, 0xff, 0xf1, 0x0, 0x0, 0xe, 0xff,
    0x0, 0x31, 0x0, 0xb, 0xff, 0xa0, 0x0, 0x0,
    0xe, 0xff, 0x0, 0x0, 0x0, 0x2e, 0xff, 0x20,
    0x0, 0x0, 0xe, 0xff, 0x0, 0x0, 0x0, 0x0,
    0x67, 0x0, 0x0, 0x0, 0xe, 0xff, 0x0, 0x0,
    0x0, 0x0, 0x0, 0x0, 0x0, 0x0, 0xe, 0xff,
    0x0, 0x0, 0x0, 0x0, 0x0, 0x0, 0x0, 0x0,
    0xe, 0xff, 0x0, 0x0, 0x0, 0x0, 0x0, 0x0,
    0x0, 0x0, 0xe, 0xff, 0x0, 0x0, 0x0, 0x0,
    0x0, 0x0, 0x0, 0x0, 0x8, 0x99,

    /* U+AF2C "꼬" */
    0x2, 0x77, 0x77, 0x77, 0x73, 0x57, 0x77, 0x77,
    0x77, 0x71, 0x0, 0x4, 0xff, 0xff, 0xff, 0xf6,
    0xbf, 0xff, 0xff, 0xff, 0xf3, 0x0, 0x4, 0xff,
    0xff, 0xff, 0xf6, 0xaf, 0xff, 0xff, 0xff, 0xf3,
    0x0, 0x0, 0x0, 0x0, 0x8f, 0xf5, 0x0, 0x0,
    0x0, 0xcf, 0xf3, 0x0, 0x0, 0x0, 0x0, 0x9f,
    0xf5, 0x0, 0x0, 0x0, 0xcf, 0xf3, 0x0, 0x0,
    0x0, 0x0, 0xbf, 0xf3, 0x0, 0x0, 0x0, 0xcf,
    0xf3, 0x0, 0x0, 0x0, 0x0, 0xef, 0xf1, 0x0,
    0x0, 0x0, 0xcf, 0xf2, 0x0, 0x0, 0x0, 0x0,
    0xff, 0xe0, 0x0, 0x0, 0x0, 0xcf, 0xf2, 0x0,
    0x0, 0x0, 0x4, 0xff, 0xb0, 0xbb, 0xa0, 0x0,
    0xdf, 0xf1, 0x0, 0x0, 0x0, 0x9, 0xff, 0x80,
    0xff, 0xe0, 0x0, 0xef, 0xf1, 0x0, 0x0, 0x0,
    0xe, 0xff, 0x30, 0xff, 0xe0, 0x0, 0xff, 0xf0,
    0x0, 0x0, 0x0, 0x4f, 0xfe, 0x0, 0xff, 0xe0,
    0x0, 0xff, 0xe0, 0x0, 0x0, 0x0, 0x4, 0x98,
    0x0, 0xff, 0xe0, 0x0, 0x78, 0x80, 0x0, 0x0,
    0x0, 0x0, 0x0, 0x0, 0xff, 0xe0, 0x0, 0x0,
    0x0, 0x0, 0x0, 0x0, 0x0, 0x0, 0x0, 0xff,
    0xe0, 0x0, 0x0, 0x0, 0x0, 0x17, 0x77, 0x77,
    0x77, 0x77, 0xff, 0xf7, 0x77, 0x77, 0x77, 0x75,
    0x4f, 0xff, 0xff, 0xff, 0xff, 0xff, 0xff, 0xff,
    0xff, 0xff, 0xfb, 0x4f, 0xff, 0xff, 0xff, 0xff,
    0xff, 0xff, 0xff, 0xff, 0xff, 0xfa,

    /* U+AF42 "꽂" */
    0x0, 0xcf, 0xff, 0xff, 0xfb, 0x4f, 0xff, 0xff,
    0xff, 0xf9, 0x0, 0x0, 0xcf, 0xff, 0xff, 0xfb,
    0x4f, 0xff, 0xff, 0xff, 0xf8, 0x0, 0x0, 0x57,
    0x77, 0xaf, 0xfa, 0x17, 0x77, 0x77, 0xbf, 0xf8,
    0x0, 0x0, 0x0, 0x0, 0x6f, 0xf9, 0x0, 0x0,
    0x0, 0x7f, 0xf8, 0x0, 0x0, 0x0, 0x0, 0x8f,
    0xf6, 0x0, 0x0, 0x0, 0x8f, 0xf7, 0x0, 0x0,
    0x0, 0x0, 0xcf, 0xf3, 0x9e, 0xe4, 0x0, 0x9f,
    0xf6, 0x0, 0x0, 0x0, 0x1, 0xff, 0xf0, 0xbf,
    0xf4, 0x0, 0xaf, 0xf5, 0x0, 0x0, 0x0, 0x2,
    0x8b, 0xa0, 0xbf, 0xf4, 0x0, 0x59, 0xa2, 0x0,
    0x0, 0x0, 0x0, 0x0, 0x0, 0xbf, 0xf4, 0x0,
    0x0, 0x0, 0x0, 0x4f, 0xff, 0xff, 0xff, 0xff,
    0xff, 0xff, 0xff, 0xff, 0xff, 0xfa, 0x4f, 0xff,
    0xff, 0xff, 0xff, 0xff, 0xff, 0xff, 0xff, 0xff,
    0xfb, 0x28, 0x88, 0x88, 0x88, 0x88, 0x88, 0x88,
    0x88, 0x88, 0x88, 0x85, 0x0, 0x0, 0x0, 0x0,
    0x0, 0x0, 0x0, 0x0, 0x0, 0x0, 0x0, 0x0,
    0xd, 0xff, 0xff, 0xff, 0xff, 0xff, 0xff, 0xff,
    0xf1, 0x0, 0x0, 0xd, 0xff, 0xff, 0xff, 0xff,
    0xff, 0xff, 0xff, 0xf1, 0x0, 0x0, 0x5, 0x77,
    0x77, 0x7f, 0xff, 0xf8, 0x77, 0x77, 0x70, 0x0,
    0x0, 0x0, 0x0, 0x0, 0x9f, 0xff, 0xfb, 0x0,
    0x0, 0x0, 0x0, 0x0, 0x0, 0x0, 0x9, 0xff,
    0xff, 0xff, 0xc1, 0x0, 0x0, 0x0, 0x0, 0x0,
    0x7, 0xdf, 0xff, 0x43, 0xef, 0xff, 0x82, 0x0,
    0x0, 0x1, 0x8b, 0xff, 0xff, 0xd3, 0x0, 0x2c,
    0xff, 0xff, 0xca, 0x40, 0x0, 0xbf, 0xff, 0xe7,
    0x0, 0x0, 0x0, 0x6d, 0xff, 0xff, 0x10, 0x0,
    0x1c, 0x95, 0x0, 0x0, 0x0, 0x0, 0x0, 0x48,
    0xc5, 0x0,

    /* U+AFB8 "꾸" */
    0x0, 0xef, 0xff, 0xff, 0xff, 0x1e, 0xff, 0xff,
    0xff, 0xf0, 0x0, 0x0, 0xef, 0xff, 0xff, 0xff,
    0x1e, 0xff, 0xff, 0xff, 0xf0, 0x0, 0x0, 0x67,
    0x77, 0x7e, 0xff, 0x16, 0x77, 0x77, 0xff, 0xf0,
    0x0, 0x0, 0x0, 0x0, 0xd, 0xff, 0x0, 0x0,
    0x0, 0xef, 0xf0, 0x0, 0x0, 0x0, 0x0, 0xe,
    0xff, 0x0, 0x0, 0x0, 0xff, 0xe0, 0x0, 0x0,
    0x0, 0x0, 0xf, 0xfe, 0x0, 0x0, 0x0, 0xff,
    0xd0, 0x0, 0x0, 0x0, 0x0, 0x1f, 0xfc, 0x0,
    0x0, 0x1, 0xff, 0xc0, 0x0, 0x0, 0x0, 0x0,
    0x3f, 0xfa, 0x0, 0x0, 0x2, 0xff, 0xa0, 0x0,
    0x27, 0x77, 0x77, 0xaf, 0xfc, 0x77, 0x77, 0x79,
    0xff, 0xc7, 0x75, 0x4f, 0xff, 0xff, 0xff, 0xff,
    0xff, 0xff, 0xff, 0xff, 0xff, 0xfb, 0x4f, 0xff,
    0xff, 0xff, 0xff, 0xff, 0xff, 0xff, 0xff, 0xff,
    0xfb, 0x0, 0x0, 0x0, 0x0, 0x7, 0xff, 0x80,
    0x0, 0x0, 0x0, 0x0, 0x0, 0x0, 0x0, 0x0,
    0x7, 0xff, 0x80, 0x0, 0x0, 0x0, 0x0, 0x0,
    0x0, 0x0, 0x0, 0x7, 0xff, 0x80, 0x0, 0x0,
    0x0, 0x0, 0x0, 0x0, 0x0, 0x0, 0x7, 0xff,
    0x80, 0x0, 0x0, 0x0, 0x0, 0x0, 0x0, 0x0,
    0x0, 0x7, 0xff, 0x80, 0x0, 0x0, 0x0, 0x0,
    0x0, 0x0, 0x0, 0x0, 0x7, 0xff, 0x80, 0x0,
    0x0, 0x0, 0x0, 0x0, 0x0, 0x0, 0x0, 0x7,
    0xff, 0x80, 0x0, 0x0, 0x0, 0x0, 0x0, 0x0,
    0x0, 0x0, 0x7, 0xff, 0x80, 0x0, 0x0, 0x0,
    0x0, 0x0, 0x0, 0x0, 0x0, 0x7, 0xff, 0x80,
    0x0, 0x0, 0x0, 0x0, 0x0, 0x0, 0x0, 0x0,
    0x7, 0xff, 0x80, 0x0, 0x0, 0x0, 0x0, 0x0,
    0x0, 0x0, 0x0, 0x0, 0x11, 0x0, 0x0, 0x0,
    0x0, 0x0,

    /* U+B044 "끄" */
    0x2, 0x77, 0x77, 0x77, 0x74, 0x27, 0x77, 0x77,
    0x77, 0x60, 0x0, 0x4, 0xff, 0xff, 0xff, 0xfa,
    0x4f, 0xff, 0xff, 0xff, 0xd0, 0x0, 0x4, 0xff,
    0xff, 0xff, 0xfa, 0x4f, 0xff, 0xff, 0xff, 0xd0,
    0x0, 0x0, 0x0, 0x0, 0x4f, 0xfa, 0x0, 0x0,
    0x2, 0xff, 0xd0, 0x0, 0x0, 0x0, 0x0, 0x4f,
    0xfa, 0x0, 0x0, 0x2, 0xff, 0xd0, 0x0, 0x0,
    0x0, 0x0, 0x5f, 0xf9, 0x0, 0x0, 0x2, 0xff,
    0xd0, 0x0, 0x0, 0x0, 0x0, 0x5f, 0xf9, 0x0,
    0x0, 0x2, 0xff, 0xd0, 0x0, 0x0, 0x0, 0x0,
    0x6f, 0xf7, 0x0, 0x0, 0x2, 0xff, 0xd0, 0x0,
    0x0, 0x0, 0x0, 0x8f, 0xf6, 0x0, 0x0, 0x2,
    0xff, 0xc0, 0x0, 0x0, 0x0, 0x0, 0x9f, 0xf5,
    0x0, 0x0, 0x2, 0xff, 0xc0, 0x0, 0x0, 0x0,
    0x0, 0xbf, 0xf3, 0x0, 0x0, 0x2, 0xff, 0xc0,
    0x0, 0x0, 0x0, 0x0, 0xdf, 0xf1, 0x0, 0x0,
    0x3, 0xff, 0xb0, 0x0, 0x0, 0x0, 0x0, 0xff,
    0xf0, 0x0, 0x0, 0x3, 0xff, 0xa0, 0x0, 0x0,
    0x0, 0x2, 0xff, 0xc0, 0x0, 0x0, 0x5, 0xff,
    0x90, 0x0, 0x0, 0x0, 0x5, 0xff, 0x90, 0x0,
    0x0, 0x6, 0xff, 0x80, 0x0, 0x17, 0x77, 0x7b,
    0xff, 0xb7, 0x77, 0x77, 0x7b, 0xff, 0xb7, 0x75,
    0x4f, 0xff, 0xff, 0xff, 0xff, 0xff, 0xff, 0xff,
    0xff, 0xff, 0xfb, 0x3f, 0xff, 0xff, 0xff, 0xff,
    0xff, 0xff, 0xff, 0xff, 0xff, 0xfa,

    /* U+B04A "끊" */
    0x0, 0x8f, 0xff, 0xff, 0xff, 0x4d, 0xff, 0xff,
    0xff, 0xf0, 0x0, 0x0, 0x8f, 0xff, 0xff, 0xff,
    0x4d, 0xff, 0xff, 0xff, 0xf0, 0x0, 0x0, 0x37,
    0x77, 0x7d, 0xff, 0x36, 0x77, 0x77, 0xff, 0xf0,
    0x0, 0x0, 0x0, 0x0, 0xc, 0xff, 0x20, 0x0,
    0x0, 0xff, 0xf0, 0x0, 0x0, 0x0, 0x0, 0xd,
    0xff, 0x10, 0x0, 0x0, 0xff, 0xe0, 0x0, 0x0,
    0x0, 0x0, 0xf, 0xff, 0x0, 0x0, 0x1, 0xff,
    0xd0, 0x0, 0x0, 0x0, 0x0, 0x1f, 0xfc, 0x0,
    0x0, 0x2, 0xff, 0xc0, 0x0, 0x14, 0x44, 0x44,
    0x7f, 0xfc, 0x44, 0x44, 0x46, 0xff, 0xc4, 0x42,
    0x4f, 0xff, 0xff, 0xff, 0xff, 0xff, 0xff, 0xff,
    0xff, 0xff, 0xfb, 0x4f, 0xff, 0xff, 0xff, 0xff,
    0xff, 0xff, 0xff, 0xff, 0xff, 0xfb, 0x3, 0x33,
    0x33, 0x33, 0x33, 0x33, 0x34, 0x44, 0x33, 0x33,
    0x32, 0x0, 0x0, 0x0, 0x0, 0x0, 0x0, 0x9,
    0xff, 0x50, 0x0, 0x0, 0x0, 0x0, 0x0, 0x0,
    0x0, 0x0, 0x9, 0xff, 0x50, 0x0, 0x0, 0x0,
    0xd, 0xff, 0x10, 0x0, 0x89, 0x9d, 0xff, 0xb9,
    0x96, 0x0, 0x0, 0xd, 0xff, 0x10, 0x0, 0xff,
    0xff, 0xff, 0xff, 0xfc, 0x0, 0x0, 0xd, 0xff,
    0x10, 0x0, 0x44, 0x45, 0x77, 0x54, 0x43, 0x0,
    0x0, 0xd, 0xff, 0x10, 0x0, 0x3, 0xbf, 0xff,
    0xf9, 0x10, 0x0, 0x0, 0xd, 0xff, 0x10, 0x0,
    0x1f, 0xff, 0xef, 0xff, 0xc0, 0x0, 0x0, 0xd,
    0xff, 0x10, 0x0, 0x5f, 0xf7, 0x0, 0xaf, 0xf1,
    0x0, 0x0, 0xd, 0xff, 0x77, 0x89, 0x5f, 0xf9,
    0x22, 0xbf, 0xf0, 0x0, 0x0, 0xd, 0xff, 0xff,
    0xff, 0xd, 0xff, 0xff, 0xff, 0x90, 0x0, 0x0,
    0xd, 0xff, 0xfe, 0xdc, 0x1, 0x8d, 0xfe, 0xc6,
    0x0, 0x0,

    /* U+B05D "끝" */
    0x0, 0x8f, 0xff, 0xff, 0xff, 0x4c, 0xff, 0xff,
    0xff, 0xf0, 0x0, 0x0, 0x8f, 0xff, 0xff, 0xff,
    0x4c, 0xff, 0xff, 0xff, 0xf0, 0x0, 0x0, 0x37,
    0x77, 0x7d, 0xff, 0x45, 0x77, 0x77, 0xff, 0xe0,
    0x0, 0x0, 0x0, 0x0, 0xc, 0xff, 0x30, 0x0,
    0x0, 0xff, 0xe0, 0x0, 0x0, 0x0, 0x0, 0xd,
    0xff, 0x10, 0x0, 0x0, 0xff, 0xd0, 0x0, 0x0,
    0x0, 0x0, 0xf, 0xff, 0x0, 0x0, 0x1, 0xff,
    0xb0, 0x0, 0x0, 0x0, 0x0, 0x1f, 0xfd, 0x0,
    0x0, 0x2, 0xff, 0xa0, 0x0, 0x3, 0x33, 0x33,
    0x6f, 0xfc, 0x33, 0x33, 0x36, 0xff, 0xa3, 0x32,
    0x4f, 0xff, 0xff, 0xff, 0xff, 0xff, 0xff, 0xff,
    0xff, 0xff, 0xfb, 0x4f, 0xff, 0xff, 0xff, 0xff,
    0xff, 0xff, 0xff, 0xff, 0xff, 0xfb, 0x14, 0x44,
    0x44, 0x44, 0x44, 0x44, 0x44, 0x44, 0x44, 0x44,
    0x43, 0x0, 0x0, 0x33, 0x33, 0x33, 0x33, 0x33,
    0x33, 0x33, 0x10, 0x0, 0x0, 0x3, 0xff, 0xff,
    0xff, 0xff, 0xff, 0xff, 0xff, 0x60, 0x0, 0x0,
    0x3, 0xff, 0xff, 0xff, 0xff, 0xff, 0xff, 0xff,
    0x60, 0x0, 0x0, 0x3, 0xff, 0xc4, 0x44, 0x44,
    0x44, 0x44, 0x44, 0x10, 0x0, 0x0, 0x3, 0xff,
    0xd7, 0x77, 0x77, 0x77, 0x77, 0x77, 0x0, 0x0,
    0x0, 0x3, 0xff, 0xff, 0xff, 0xff, 0xff, 0xff,
    0xff, 0x0, 0x0, 0x0, 0x3, 0xff, 0xff, 0xff,
    0xff, 0xff, 0xff, 0xff, 0x0, 0x0, 0x0, 0x3,
    0xff, 0xa0, 0x0, 0x0, 0x0, 0x0, 0x0, 0x0,
    0x0, 0x0, 0x3, 0xff, 0xd7, 0x77, 0x77, 0x77,
    0x77, 0x77, 0x30, 0x0, 0x0, 0x3, 0xff, 0xff,
    0xff, 0xff, 0xff, 0xff, 0xff, 0x90, 0x0, 0x0,
    0x3, 0xff, 0xff, 0xff, 0xff, 0xff, 0xff, 0xff,
    0x90, 0x0,

    /* U+B07C "끼" */
    0x0, 0x0, 0x0, 0x0, 0x0, 0x0, 0x0, 0x0,
    0xd, 0xff, 0x0, 0x28, 0x88, 0x88, 0x63, 0x88,
    0x88, 0x85, 0x0, 0xdf, 0xf0, 0x4, 0xff, 0xff,
    0xfc, 0x6f, 0xff, 0xff, 0xa0, 0xd, 0xff, 0x0,
    0x4f, 0xff, 0xff, 0xb6, 0xff, 0xff, 0xfa, 0x0,
    0xdf, 0xf0, 0x0, 0x0, 0x2f, 0xfa, 0x0, 0x3,
    0xff, 0x90, 0xd, 0xff, 0x0, 0x0, 0x4, 0xff,
    0x90, 0x0, 0x4f, 0xf8, 0x0, 0xdf, 0xf0, 0x0,
    0x0, 0x6f, 0xf6, 0x0, 0x6, 0xff, 0x70, 0xd,
    0xff, 0x0, 0x0, 0x9, 0xff, 0x30, 0x0, 0x8f,
    0xf5, 0x0, 0xdf, 0xf0, 0x0, 0x0, 0xdf, 0xf0,
    0x0, 0xa, 0xff, 0x20, 0xd, 0xff, 0x0, 0x0,
    0x2f, 0xfb, 0x0, 0x0, 0xef, 0xf0, 0x0, 0xdf,
    0xf0, 0x0, 0x7, 0xff, 0x60, 0x0, 0x2f, 0xfb,
    0x0, 0xd, 0xff, 0x0, 0x0, 0xef, 0xf1, 0x0,
    0x6, 0xff, 0x70, 0x0, 0xdf, 0xf0, 0x0, 0x7f,
    0xfa, 0x0, 0x0, 0xcf, 0xf3, 0x0, 0xd, 0xff,
    0x0, 0x2f, 0xff, 0x30, 0x0, 0x2f, 0xfe, 0x0,
    0x0, 0xdf, 0xf0, 0xc, 0xff, 0xa0, 0x0, 0x9,
    0xff, 0x80, 0x0, 0xd, 0xff, 0x1, 0xaf, 0xf1,
    0x0, 0x2, 0xff, 0xf1, 0x0, 0x0, 0xdf, 0xf0,
    0x0, 0x24, 0x0, 0x0, 0xcf, 0xfa, 0x0, 0x0,
    0xd, 0xff, 0x0, 0x0, 0x0, 0x0, 0x4f, 0xff,
    0x20, 0x0, 0x0, 0xdf, 0xf0, 0x0, 0x0, 0x0,
    0x0, 0x18, 0x70, 0x0, 0x0, 0xd, 0xff, 0x0,
    0x0, 0x0, 0x0, 0x0, 0x0, 0x0, 0x0, 0x0,
    0xdf, 0xf0, 0x0, 0x0, 0x0, 0x0, 0x0, 0x0,
    0x0, 0x0, 0xd, 0xff, 0x0, 0x0, 0x0, 0x0,
    0x0, 0x0, 0x0, 0x0, 0x0, 0xdf, 0xf0, 0x0,
    0x0, 0x0, 0x0, 0x0, 0x0, 0x0, 0x0, 0x8,
    0x99, 0x0,

    /* U+B098 "나" */
    0x0, 0x0, 0x0, 0x0, 0x0, 0x0, 0x0, 0x3f,
    0xfb, 0x0, 0x0, 0xc, 0xca, 0x0, 0x0, 0x0,
    0x0, 0x0, 0x3f, 0xfb, 0x0, 0x0, 0x1f, 0xfd,
    0x0, 0x0, 0x0, 0x0, 0x0, 0x3f, 0xfb, 0x0,
    0x0, 0x1f, 0xfd, 0x0, 0x0, 0x0, 0x0, 0x0,
    0x3f, 0xfb, 0x0, 0x0, 0x1f, 0xfd, 0x0, 0x0,
    0x0, 0x0, 0x0, 0x3f, 0xfb, 0x0, 0x0, 0x1f,
    0xfd, 0x0, 0x0, 0x0, 0x0, 0x0, 0x3f, 0xfb,
    0x0, 0x0, 0x1f, 0xfd, 0x0, 0x0, 0x0, 0x0,
    0x0, 0x3f, 0xfb, 0x0, 0x0, 0x1f, 0xfd, 0x0,
    0x0, 0x0, 0x0, 0x0, 0x3f, 0xfb, 0x0, 0x0,
    0x1f, 0xfd, 0x0, 0x0, 0x0, 0x0, 0x0, 0x3f,
    0xff, 0xff, 0xf5, 0x1f, 0xfd, 0x0, 0x0, 0x0,
    0x0, 0x0, 0x3f, 0xff, 0xff, 0xf5, 0x1f, 0xfd,
    0x0, 0x0, 0x0, 0x0, 0x0, 0x3f, 0xfd, 0x88,
    0x82, 0x1f, 0xfd, 0x0, 0x0, 0x0, 0x0, 0x0,
    0x3f, 0xfb, 0x0, 0x0, 0x1f, 0xfd, 0x0, 0x0,
    0x0, 0x2, 0x43, 0x3f, 0xfb, 0x0, 0x0, 0x1f,
    0xff, 0xff, 0xff, 0xff, 0xff, 0xf9, 0x3f, 0xfb,
    0x0, 0x0, 0x1f, 0xff, 0xff, 0xff, 0xff, 0xff,
    0xfb, 0x3f, 0xfb, 0x0, 0x0, 0x8, 0x88, 0x88,
    0x87, 0x76, 0x54, 0x30, 0x3f, 0xfb, 0x0, 0x0,
    0x0, 0x0, 0x0, 0x0, 0x0, 0x0, 0x0, 0x3f,
    0xfb, 0x0, 0x0, 0x0, 0x0, 0x0, 0x0, 0x0,
    0x0, 0x0, 0x3f, 0xfb, 0x0, 0x0, 0x0, 0x0,
    0x0, 0x0, 0x0, 0x0, 0x0, 0x3f, 0xfb, 0x0,
    0x0, 0x0, 0x0, 0x0, 0x0, 0x0, 0x0, 0x0,
    0x3f, 0xfb, 0x0, 0x0, 0x0, 0x0, 0x0, 0x0,
    0x0, 0x0, 0x0, 0x3f, 0xfb, 0x0, 0x0, 0x0,
    0x0, 0x0, 0x0, 0x0, 0x0, 0x0, 0x3f, 0xfb,
    0x0, 0x0, 0x0, 0x0, 0x0, 0x0, 0x0, 0x0,
    0x0, 0x29, 0x96, 0x0, 0x0,

    /* U+B09C "난" */
    0x0, 0x0, 0x0, 0x0, 0x0, 0x0, 0x1, 0xff,
    0xd0, 0x0, 0xd, 0xff, 0x10, 0x0, 0x0, 0x0,
    0x0, 0x1f, 0xfd, 0x0, 0x0, 0xdf, 0xf1, 0x0,
    0x0, 0x0, 0x0, 0x1, 0xff, 0xd0, 0x0, 0xd,
    0xff, 0x10, 0x0, 0x0, 0x0, 0x0, 0x1f, 0xfd,
    0x0, 0x0, 0xdf, 0xf1, 0x0, 0x0, 0x0, 0x0,
    0x1, 0xff, 0xd0, 0x0, 0xd, 0xff, 0x10, 0x0,
    0x0, 0x0, 0x0, 0x1f, 0xfd, 0x0, 0x0, 0xdf,
    0xf1, 0x0, 0x0, 0x0, 0x0, 0x1, 0xff, 0xfc,
    0xcc, 0x3d, 0xff, 0x10, 0x0, 0x0, 0x0, 0x0,
    0x1f, 0xff, 0xff, 0xf4, 0xdf, 0xf6, 0x55, 0x56,
    0x78, 0x9b, 0x71, 0xff, 0xfb, 0xbb, 0x2d, 0xff,
    0xff, 0xff, 0xff, 0xff, 0xfb, 0x1f, 0xfd, 0x0,
    0x0, 0xdf, 0xff, 0xff, 0xff, 0xff, 0xec, 0x81,
    0xff, 0xd0, 0x0, 0x1, 0x22, 0x22, 0x11, 0x10,
    0x0, 0x0, 0x1f, 0xfd, 0x0, 0x0, 0x0, 0x0,
    0x0, 0x0, 0x0, 0x0, 0x1, 0xff, 0xd0, 0x0,
    0x0, 0x0, 0x0, 0x0, 0x0, 0x0, 0x0, 0x1f,
    0xfd, 0x0, 0x0, 0x0, 0x6c, 0xc5, 0x0, 0x0,
    0x0, 0x1, 0xff, 0xd0, 0x0, 0x0, 0x8, 0xff,
    0x70, 0x0, 0x0, 0x0, 0x1f, 0xfd, 0x0, 0x0,
    0x0, 0x8f, 0xf7, 0x0, 0x0, 0x0, 0x0, 0x44,
    0x30, 0x0, 0x0, 0x8, 0xff, 0x70, 0x0, 0x0,
    0x0, 0x0, 0x0, 0x0, 0x0, 0x0, 0x8f, 0xf7,
    0x0, 0x0, 0x0, 0x0, 0x0, 0x0, 0x0, 0x0,
    0x8, 0xff, 0xb7, 0x77, 0x77, 0x77, 0x77, 0x77,
    0x20, 0x0, 0x0, 0x8f, 0xff, 0xff, 0xff, 0xff,
    0xff, 0xff, 0xf5, 0x0, 0x0, 0x8, 0xff, 0xff,
    0xff, 0xff, 0xff, 0xff, 0xff, 0x50, 0x0,

    /* U+B0A8 "남" */
    0x0, 0x0, 0x0, 0x0, 0x0, 0x0, 0x1, 0xff,
    0xd0, 0x0, 0xd, 0xff, 0x10, 0x0, 0x0, 0x0,
    0x0, 0x1f, 0xfd, 0x0, 0x0, 0xdf, 0xf1, 0x0,
    0x0, 0x0, 0x0, 0x1, 0xff, 0xd0, 0x0, 0xd,
    0xff, 0x10, 0x0, 0x0, 0x0, 0x0, 0x1f, 0xfd,
    0x0, 0x0, 0xdf, 0xf1, 0x0, 0x0, 0x0, 0x0,
    0x1, 0xff, 0xd0, 0x0, 0xd, 0xff, 0x10, 0x0,
    0x0, 0x0, 0x0, 0x1f, 0xff, 0xcc, 0xc3, 0xdf,
    0xf1, 0x0, 0x0, 0x0, 0x0, 0x1, 0xff, 0xff,
    0xff, 0x4d, 0xff, 0x54, 0x55, 0x66, 0x78, 0xa7,
    0x1f, 0xfe, 0x77, 0x72, 0xdf, 0xff, 0xff, 0xff,
    0xff, 0xff, 0xb1, 0xff, 0xd0, 0x0, 0xd, 0xff,
    0xff, 0xff, 0xff, 0xff, 0xd9, 0x1f, 0xfd, 0x0,
    0x0, 0x22, 0x22, 0x22, 0x21, 0x10, 0x0, 0x1,
    0xff, 0xd0, 0x0, 0x0, 0x0, 0x0, 0x0, 0x0,
    0x0, 0x0, 0x1f, 0xfd, 0x0, 0x0, 0x0, 0x0,
    0x0, 0x0, 0x0, 0x0, 0x0, 0x88, 0x70, 0x0,
    0x0, 0x9, 0xff, 0xff, 0xff, 0xff, 0xff, 0xff,
    0xfd, 0x0, 0x0, 0x0, 0x9f, 0xff, 0xff, 0xff,
    0xff, 0xff, 0xff, 0xd0, 0x0, 0x0, 0x9, 0xff,
    0xa7, 0x77, 0x77, 0x77, 0x8f, 0xfd, 0x0, 0x0,
    0x0, 0x9f, 0xf6, 0x0, 0x0, 0x0, 0x1, 0xff,
    0xd0, 0x0, 0x0, 0x9, 0xff, 0x60, 0x0, 0x0,
    0x0, 0x1f, 0xfd, 0x0, 0x0, 0x0, 0x9f, 0xf6,
    0x0, 0x0, 0x0, 0x1, 0xff, 0xd0, 0x0, 0x0,
    0x9, 0xff, 0xa7, 0x77, 0x77, 0x77, 0x7f, 0xfd,
    0x0, 0x0, 0x0, 0x9f, 0xff, 0xff, 0xff, 0xff,
    0xff, 0xff, 0xd0, 0x0, 0x0, 0x9, 0xff, 0xff,
    0xff, 0xff, 0xff, 0xff, 0xfd, 0x0, 0x0,

    /* U+B0AE "낮" */
    0x0, 0x0, 0x0, 0x0, 0x0, 0x0, 0x0, 0x1f,
    0xfd, 0x0, 0x0, 0xd, 0xff, 0x10, 0x0, 0x0,
    0x0, 0x0, 0x1f, 0xfd, 0x0, 0x0, 0xd, 0xff,
    0x10, 0x0, 0x0, 0x0, 0x0, 0x1f, 0xfd, 0x0,
    0x0, 0xd, 0xff, 0x10, 0x0, 0x0, 0x0, 0x0,
    0x1f, 0xfd, 0x0, 0x0, 0xd, 0xff, 0x10, 0x0,
    0x0, 0x0, 0x0, 0x1f, 0xfd, 0x0, 0x0, 0xd,
    0xff, 0x10, 0x0, 0x0, 0x0, 0x0, 0x1f, 0xff,
    0xbb, 0xb3, 0xd, 0xff, 0x10, 0x0, 0x0, 0x0,
    0x0, 0x1f, 0xff, 0xff, 0xf4, 0xd, 0xff, 0x98,
    0x89, 0x9a, 0xbc, 0xe9, 0x1f, 0xfe, 0x88, 0x82,
    0xd, 0xff, 0xff, 0xff, 0xff, 0xff, 0xfc, 0x1f,
    0xfd, 0x0, 0x0, 0xc, 0xff, 0xee, 0xee, 0xed,
    0xcb, 0x95, 0x1f, 0xfd, 0x0, 0x0, 0x0, 0x0,
    0x0, 0x0, 0x0, 0x0, 0x0, 0x1f, 0xfd, 0x0,
    0x0, 0x0, 0x0, 0x0, 0x0, 0x0, 0x0, 0x0,
    0x1f, 0xfd, 0x0, 0x0, 0x0, 0x34, 0x44, 0x44,
    0x44, 0x44, 0x44, 0x59, 0x98, 0x0, 0x0, 0x0,
    0xcf, 0xff, 0xff, 0xff, 0xff, 0xff, 0xff, 0xff,
    0x20, 0x0, 0x0, 0xcf, 0xff, 0xff, 0xff, 0xff,
    0xff, 0xff, 0xff, 0x20, 0x0, 0x0, 0x12, 0x22,
    0x23, 0xef, 0xff, 0x72, 0x22, 0x22, 0x0, 0x0,
    0x0, 0x0, 0x0, 0xb, 0xff, 0xff, 0xf4, 0x0,
    0x0, 0x0, 0x0, 0x0, 0x0, 0x4, 0xdf, 0xfe,
    0xbf, 0xff, 0x80, 0x0, 0x0, 0x0, 0x0, 0x27,
    0xdf, 0xff, 0xe2, 0x9, 0xff, 0xff, 0x94, 0x0,
    0x0, 0x2f, 0xff, 0xff, 0xf9, 0x0, 0x0, 0x4e,
    0xff, 0xff, 0xf7, 0x0, 0x7, 0xff, 0xf9, 0x20,
    0x0, 0x0, 0x0, 0x7e, 0xff, 0xc0, 0x0, 0x0,
    0x75, 0x0, 0x0, 0x0, 0x0, 0x0, 0x0, 0x38,
    0x20, 0x0,

    /* U+B0B4 "내" */
    0x0, 0x0, 0x0, 0x0, 0x0, 0xd, 0xff, 0x10,
    0xdf, 0xf1, 0xb, 0xb9, 0x0, 0x0, 0x0, 0xd,
    0xff, 0x10, 0xdf, 0xf1, 0x1f, 0xfd, 0x0, 0x0,
    0x0, 0xd, 0xff, 0x10, 0xdf, 0xf1, 0x1f, 0xfd,
    0x0, 0x0, 0x0, 0xd, 0xff, 0x10, 0xdf, 0xf1,
    0x1f, 0xfd, 0x0, 0x0, 0x0, 0xd, 0xff, 0x10,
    0xdf, 0xf1, 0x1f, 0xfd, 0x0, 0x0, 0x0, 0xd,
    0xff, 0x10, 0xdf, 0xf1, 0x1f, 0xfd, 0x0, 0x0,
    0x0, 0xd, 0xff, 0x10, 0xdf, 0xf1, 0x1f, 0xfd,
    0x0, 0x0, 0x0, 0xd, 0xff, 0x10, 0xdf, 0xf1,
    0x1f, 0xfd, 0x0, 0x0, 0x0, 0xd, 0xff, 0x88,
    0xef, 0xf1, 0x1f, 0xfd, 0x0, 0x0, 0x0, 0xd,
    0xff, 0xff, 0xff, 0xf1, 0x1f, 0xfd, 0x0, 0x0,
    0x0, 0xd, 0xff, 0xff, 0xff, 0xf1, 0x1f, 0xfd,
    0x0, 0x0, 0x0, 0xd, 0xff, 0x10, 0xdf, 0xf1,
    0x1f, 0xfd, 0x0, 0x12, 0x35, 0xd, 0xff, 0x10,
    0xdf, 0xf1, 0x1f, 0xff, 0xff, 0xff, 0xff, 0x1d,
    0xff, 0x10, 0xdf, 0xf1, 0x1f, 0xff, 0xff, 0xff,
    0xff, 0x3d, 0xff, 0x10, 0xdf, 0xf1, 0x7, 0x77,
    0x77, 0x65, 0x31, 0xd, 0xff, 0x10, 0xdf, 0xf1,
    0x0, 0x0, 0x0, 0x0, 0x0, 0xd, 0xff, 0x10,
    0xdf, 0xf1, 0x0, 0x0, 0x0, 0x0, 0x0, 0xd,
    0xff, 0x10, 0xdf, 0xf1, 0x0, 0x0, 0x0, 0x0,
    0x0, 0xd, 0xff, 0x10, 0xdf, 0xf1, 0x0, 0x0,
    0x0, 0x0, 0x0, 0xd, 0xff, 0x10, 0xdf, 0xf1,
    0x0, 0x0, 0x0, 0x0, 0x0, 0xd, 0xff, 0x10,
    0xdf, 0xf1, 0x0, 0x0, 0x0, 0x0, 0x0, 0xd,
    0xff, 0x10, 0xdf, 0xf1, 0x0, 0x0, 0x0, 0x0,
    0x0, 0x0, 0x0, 0x0, 0x89, 0x90,

    /* U+B0B8 "낸" */
    0x0, 0x0, 0x0, 0x0, 0x0, 0xc, 0xff, 0x10,
    0xdf, 0xf1, 0xf, 0xfd, 0x0, 0x0, 0x0, 0xc,
    0xff, 0x10, 0xdf, 0xf1, 0xf, 0xfd, 0x0, 0x0,
    0x0, 0xc, 0xff, 0x10, 0xdf, 0xf1, 0xf, 0xfd,
    0x0, 0x0, 0x0, 0xc, 0xff, 0x10, 0xdf, 0xf1,
    0xf, 0xfd, 0x0, 0x0, 0x0, 0xc, 0xff, 0x10,
    0xdf, 0xf1, 0xf, 0xfd, 0x0, 0x0, 0x0, 0xc,
    0xff, 0x10, 0xdf, 0xf1, 0xf, 0xfd, 0x0, 0x0,
    0x0, 0xc, 0xff, 0xff, 0xff, 0xf1, 0xf, 0xfd,
    0x0, 0x0, 0x0, 0xc, 0xff, 0xff, 0xff, 0xf1,
    0xf, 0xfd, 0x12, 0x23, 0x56, 0xc, 0xff, 0x87,
    0xef, 0xf1, 0xf, 0xff, 0xff, 0xff, 0xff, 0xc,
    0xff, 0x10, 0xdf, 0xf1, 0xf, 0xff, 0xff, 0xff,
    0xff, 0x2c, 0xff, 0x10, 0xdf, 0xf1, 0x5, 0x55,
    0x54, 0x33, 0x20, 0xc, 0xff, 0x10, 0xdf, 0xf1,
    0x0, 0x0, 0x0, 0x0, 0x0, 0xc, 0xff, 0x10,
    0xdf, 0xf1, 0x0, 0x0, 0x0, 0x0, 0x0, 0xc,
    0xff, 0x10, 0xdf, 0xf1, 0x0, 0x0, 0x7b, 0xb3,
    0x0, 0xc, 0xff, 0x10, 0xdf, 0xf1, 0x0, 0x0,
    0xaf, 0xf4, 0x0, 0x0, 0x0, 0x0, 0xdf, 0xf1,
    0x0, 0x0, 0xaf, 0xf4, 0x0, 0x0, 0x0, 0x0,
    0x22, 0x20, 0x0, 0x0, 0xaf, 0xf4, 0x0, 0x0,
    0x0, 0x0, 0x0, 0x0, 0x0, 0x0, 0xaf, 0xf4,
    0x0, 0x0, 0x0, 0x0, 0x0, 0x0, 0x0, 0x0,
    0xaf, 0xfa, 0x88, 0x88, 0x88, 0x88, 0x88, 0x83,
    0x0, 0x0, 0xaf, 0xff, 0xff, 0xff, 0xff, 0xff,
    0xff, 0xf6, 0x0, 0x0, 0xaf, 0xff, 0xff, 0xff,
    0xff, 0xff, 0xff, 0xf6,

    /* U+B0BC "낼" */
    0x0, 0x0, 0x0, 0x0, 0x0, 0xc, 0xff, 0x10,
    0xdf, 0xf1, 0xf, 0xfd, 0x0, 0x0, 0x0, 0xc,
    0xff, 0x10, 0xdf, 0xf1, 0xf, 0xfd, 0x0, 0x0,
    0x0, 0xc, 0xff, 0x10, 0xdf, 0xf1, 0xf, 0xfd,
    0x0, 0x0, 0x0, 0xc, 0xff, 0x10, 0xdf, 0xf1,
    0xf, 0xfd, 0x0, 0x0, 0x0, 0xc, 0xff, 0x10,
    0xdf, 0xf1, 0xf, 0xfd, 0x0, 0x0, 0x0, 0xc,
    0xff, 0xff, 0xff, 0xf1, 0xf, 0xfd, 0x0, 0x0,
    0x0, 0xc, 0xff, 0xff, 0xff, 0xf1, 0xf, 0xfe,
    0x55, 0x66, 0x89, 0xc, 0xff, 0x54, 0xdf, 0xf1,
    0xf, 0xff, 0xff, 0xff, 0xff, 0xc, 0xff, 0x10,
    0xdf, 0xf1, 0xf, 0xff, 0xff, 0xff, 0xed, 0x1c,
    0xff, 0x10, 0xdf, 0xf1, 0x2, 0x22, 0x11, 0x0,
    0x0, 0xc, 0xff, 0x10, 0xdf, 0xf1, 0x0, 0x0,
    0x0, 0x0, 0x0, 0x1, 0x11, 0x0, 0x78, 0x80,
    0x0, 0x0, 0x6f, 0xff, 0xff, 0xff, 0xff, 0xff,
    0xff, 0xf1, 0x0, 0x0, 0x6f, 0xff, 0xff, 0xff,
    0xff, 0xff, 0xff, 0xf1, 0x0, 0x0, 0x27, 0x77,
    0x77, 0x77, 0x77, 0x77, 0xef, 0xf1, 0x0, 0x0,
    0x14, 0x44, 0x44, 0x44, 0x44, 0x44, 0xdf, 0xf1,
    0x0, 0x0, 0x6f, 0xff, 0xff, 0xff, 0xff, 0xff,
    0xff, 0xf1, 0x0, 0x0, 0x6f, 0xff, 0xff, 0xff,
    0xff, 0xff, 0xff, 0xf1, 0x0, 0x0, 0x6f, 0xf7,
    0x0, 0x0, 0x0, 0x0, 0x0, 0x0, 0x0, 0x0,
    0x6f, 0xfb, 0x77, 0x77, 0x77, 0x77, 0x77, 0x75,
    0x0, 0x0, 0x6f, 0xff, 0xff, 0xff, 0xff, 0xff,
    0xff, 0xfa, 0x0, 0x0, 0x6f, 0xff, 0xff, 0xff,
    0xff, 0xff, 0xff, 0xfa,

    /* U+B0C5 "냅" */
    0x0, 0x0, 0x0, 0x0, 0x0, 0xc, 0xff, 0x10,
    0xdf, 0xf1, 0xf, 0xfd, 0x0, 0x0, 0x0, 0xc,
    0xff, 0x10, 0xdf, 0xf1, 0xf, 0xfd, 0x0, 0x0,
    0x0, 0xc, 0xff, 0x10, 0xdf, 0xf1, 0xf, 0xfd,
    0x0, 0x0, 0x0, 0xc, 0xff, 0x10, 0xdf, 0xf1,
    0xf, 0xfd, 0x0, 0x0, 0x0, 0xc, 0xff, 0x10,
    0xdf, 0xf1, 0xf, 0xfd, 0x0, 0x0, 0x0, 0xc,
    0xff, 0x88, 0xef, 0xf1, 0xf, 0xfd, 0x0, 0x0,
    0x0, 0xc, 0xff, 0xff, 0xff, 0xf1, 0xf, 0xfe,
    0x55, 0x66, 0x89, 0xc, 0xff, 0xcb, 0xff, 0xf1,
    0xf, 0xff, 0xff, 0xff, 0xff, 0xc, 0xff, 0x10,
    0xdf, 0xf1, 0xf, 0xff, 0xff, 0xff, 0xed, 0x1c,
    0xff, 0x10, 0xdf, 0xf1, 0x2, 0x22, 0x11, 0x0,
    0x0, 0xc, 0xff, 0x10, 0xdf, 0xf1, 0x0, 0x0,
    0x0, 0x0, 0x0, 0xc, 0xff, 0x10, 0xdf, 0xf1,
    0x0, 0x0, 0x0, 0x0, 0x0, 0x2, 0x22, 0x0,
    0x8a, 0xa0, 0x0, 0x0, 0x28, 0x84, 0x0, 0x0,
    0x0, 0x0, 0x78, 0x80, 0x0, 0x0, 0x5f, 0xf8,
    0x0, 0x0, 0x0, 0x0, 0xdf, 0xf1, 0x0, 0x0,
    0x5f, 0xff, 0xff, 0xff, 0xff, 0xff, 0xff, 0xf1,
    0x0, 0x0, 0x5f, 0xff, 0xff, 0xff, 0xff, 0xff,
    0xff, 0xf1, 0x0, 0x0, 0x5f, 0xfb, 0x77, 0x77,
    0x77, 0x77, 0xef, 0xf1, 0x0, 0x0, 0x5f, 0xf8,
    0x0, 0x0, 0x0, 0x0, 0xdf, 0xf1, 0x0, 0x0,
    0x5f, 0xfb, 0x66, 0x66, 0x66, 0x66, 0xef, 0xf1,
    0x0, 0x0, 0x5f, 0xff, 0xff, 0xff, 0xff, 0xff,
    0xff, 0xf1, 0x0, 0x0, 0x5f, 0xff, 0xff, 0xff,
    0xff, 0xff, 0xff, 0xf1,

    /* U+B108 "너" */
    0x0, 0x0, 0x0, 0x0, 0x0, 0x0, 0x0, 0x1f,
    0xfd, 0xbe, 0xe1, 0x0, 0x0, 0x0, 0x0, 0x0,
    0x1f, 0xfd, 0xdf, 0xf1, 0x0, 0x0, 0x0, 0x0,
    0x0, 0x1f, 0xfd, 0xdf, 0xf1, 0x0, 0x0, 0x0,
    0x0, 0x0, 0x1f, 0xfd, 0xdf, 0xf1, 0x0, 0x0,
    0x0, 0x0, 0x0, 0x1f, 0xfd, 0xdf, 0xf1, 0x0,
    0x0, 0x14, 0x44, 0x44, 0x5f, 0xfd, 0xdf, 0xf1,
    0x0, 0x0, 0x5f, 0xff, 0xff, 0xff, 0xfd, 0xdf,
    0xf1, 0x0, 0x0, 0x5f, 0xff, 0xff, 0xff, 0xfd,
    0xdf, 0xf1, 0x0, 0x0, 0x13, 0x33, 0x33, 0x4f,
    0xfd, 0xdf, 0xf1, 0x0, 0x0, 0x0, 0x0, 0x0,
    0x1f, 0xfd, 0xdf, 0xf1, 0x0, 0x0, 0x0, 0x0,
    0x0, 0x1f, 0xfd, 0xdf, 0xf1, 0x0, 0x0, 0x0,
    0x0, 0x0, 0x1f, 0xfd, 0xdf, 0xf1, 0x0, 0x0,
    0x0, 0x24, 0x50, 0x1f, 0xfd, 0xdf, 0xff, 0xff,
    0xff, 0xff, 0xff, 0xf0, 0x1f, 0xfd, 0xdf, 0xff,
    0xff, 0xff, 0xff, 0xff, 0xf2, 0x1f, 0xfd, 0x78,
    0x88, 0x88, 0x88, 0x77, 0x53, 0x10, 0x1f, 0xfd,
    0x0, 0x0, 0x0, 0x0, 0x0, 0x0, 0x0, 0x1f,
    0xfd, 0x0, 0x0, 0x0, 0x0, 0x0, 0x0, 0x0,
    0x1f, 0xfd, 0x0, 0x0, 0x0, 0x0, 0x0, 0x0,
    0x0, 0x1f, 0xfd, 0x0, 0x0, 0x0, 0x0, 0x0,
    0x0, 0x0, 0x1f, 0xfd, 0x0, 0x0, 0x0, 0x0,
    0x0, 0x0, 0x0, 0x1f, 0xfd, 0x0, 0x0, 0x0,
    0x0, 0x0, 0x0, 0x0, 0x1f, 0xfd, 0x0, 0x0,
    0x0, 0x0, 0x0, 0x0, 0x0, 0x9, 0x97,

    /* U+B118 "넘" */
    0x0, 0x0, 0x0, 0x0, 0x0, 0x0, 0x0, 0x2f,
    0xfc, 0xdf, 0xf1, 0x0, 0x0, 0x0, 0x0, 0x0,
    0x2f, 0xfc, 0xdf, 0xf1, 0x0, 0x0, 0x3, 0x33,
    0x33, 0x4f, 0xfc, 0xdf, 0xf1, 0x0, 0x0, 0x2f,
    0xff, 0xff, 0xff, 0xfc, 0xdf, 0xf1, 0x0, 0x0,
    0x2f, 0xff, 0xff, 0xff, 0xfc, 0xdf, 0xf1, 0x0,
    0x0, 0x3, 0x33, 0x33, 0x5f, 0xfc, 0xdf, 0xf1,
    0x0, 0x0, 0x0, 0x0, 0x0, 0x2f, 0xfc, 0xdf,
    0xf2, 0x11, 0x12, 0x23, 0x57, 0x40, 0x2f, 0xfc,
    0xdf, 0xff, 0xff, 0xff, 0xff, 0xff, 0xa0, 0x2f,
    0xfc, 0xdf, 0xff, 0xff, 0xff, 0xff, 0xff, 0xb0,
    0x2f, 0xfc, 0x45, 0x55, 0x55, 0x44, 0x32, 0x10,
    0x0, 0x2f, 0xfc, 0x0, 0x0, 0x0, 0x0, 0x0,
    0x0, 0x0, 0x2f, 0xfc, 0x0, 0x1, 0x22, 0x22,
    0x22, 0x22, 0x22, 0x39, 0x96, 0x0, 0xb, 0xff,
    0xff, 0xff, 0xff, 0xff, 0xff, 0xfc, 0x0, 0xb,
    0xff, 0xff, 0xff, 0xff, 0xff, 0xff, 0xfc, 0x0,
    0xb, 0xff, 0x85, 0x55, 0x55, 0x55, 0x6f, 0xfc,
    0x0, 0xb, 0xff, 0x40, 0x0, 0x0, 0x0, 0x1f,
    0xfc, 0x0, 0xb, 0xff, 0x40, 0x0, 0x0, 0x0,
    0x1f, 0xfc, 0x0, 0xb, 0xff, 0x40, 0x0, 0x0,
    0x0, 0x1f, 0xfc, 0x0, 0xb, 0xff, 0x97, 0x77,
    0x77, 0x77, 0x8f, 0xfc, 0x0, 0xb, 0xff, 0xff,
    0xff, 0xff, 0xff, 0xff, 0xfc, 0x0, 0xb, 0xff,
    0xff, 0xff, 0xff, 0xff, 0xff, 0xfc,

    /* U+B123 "넣" */
    0x0, 0x0, 0x0, 0x0, 0x0, 0x0, 0x0, 0x3f,
    0xfa, 0xdf, 0xf1, 0x0, 0x0, 0x0, 0x0, 0x0,
    0x3f, 0xfa, 0xdf, 0xf1, 0x0, 0x0, 0x17, 0x77,
    0x77, 0x9f, 0xfa, 0xdf, 0xf1, 0x0, 0x0, 0x2f,
    0xff, 0xff, 0xff, 0xfa, 0xdf, 0xf1, 0x0, 0x0,
    0x2f, 0xff, 0xff, 0xff, 0xfa, 0xdf, 0xf1, 0x0,
    0x0, 0x0, 0x0, 0x0, 0x3f, 0xfa, 0xdf, 0xf2,
    0x11, 0x11, 0x23, 0x46, 0x30, 0x3f, 0xfa, 0xdf,
    0xff, 0xff, 0xff, 0xff, 0xff, 0x90, 0x3f, 0xfa,
    0xdf, 0xff, 0xff, 0xff, 0xff, 0xff, 0xb0, 0x3f,
    0xfa, 0x56, 0x65, 0x55, 0x54, 0x45, 0x41, 0x0,
    0x3f, 0xfa, 0x0, 0x0, 0x0, 0x0, 0x5f, 0xf9,
    0x0, 0x3f, 0xfa, 0x0, 0x0, 0x0, 0x0, 0x5f,
    0xf9, 0x0, 0x17, 0x74, 0x0, 0xff, 0xff, 0xff,
    0xff, 0xff, 0xff, 0xff, 0xff, 0x0, 0xff, 0xff,
    0xff, 0xff, 0xff, 0xff, 0xff, 0xff, 0x0, 0x77,
    0x77, 0x77, 0x77, 0x77, 0x77, 0x77, 0x77, 0x0,
    0x0, 0x0, 0x3, 0x45, 0x54, 0x30, 0x0, 0x0,
    0x0, 0x0, 0x5c, 0xff, 0xff, 0xff, 0xff, 0xc4,
    0x0, 0x0, 0x5, 0xff, 0xff, 0xdd, 0xdd, 0xff,
    0xff, 0x40, 0x0, 0xc, 0xff, 0x80, 0x0, 0x0,
    0x7, 0xff, 0xb0, 0x0, 0xb, 0xff, 0xb3, 0x21,
    0x12, 0x3a, 0xff, 0xa0, 0x0, 0x3, 0xff, 0xff,
    0xff, 0xff, 0xff, 0xfe, 0x20, 0x0, 0x0, 0x18,
    0xcf, 0xff, 0xff, 0xfc, 0x81, 0x0, 0x0, 0x0,
    0x0, 0x0, 0x1, 0x10, 0x0, 0x0, 0x0,

    /* U+B124 "네" */
    0x0, 0x0, 0x0, 0x0, 0x0, 0xb, 0xff, 0x20,
    0xdf, 0xf1, 0xb, 0xb9, 0x0, 0x0, 0x0, 0xb,
    0xff, 0x20, 0xdf, 0xf1, 0x1f, 0xfd, 0x0, 0x0,
    0x0, 0xb, 0xff, 0x20, 0xdf, 0xf1, 0x1f, 0xfd,
    0x0, 0x0, 0x0, 0xb, 0xff, 0x20, 0xdf, 0xf1,
    0x1f, 0xfd, 0x0, 0x0, 0x0, 0xb, 0xff, 0x20,
    0xdf, 0xf1, 0x1f, 0xfd, 0x0, 0x1, 0x11, 0x1b,
    0xff, 0x20, 0xdf, 0xf1, 0x1f, 0xfd, 0x0, 0x1f,
    0xff, 0xff, 0xff, 0x20, 0xdf, 0xf1, 0x1f, 0xfd,
    0x0, 0x1f, 0xff, 0xff, 0xff, 0x20, 0xdf, 0xf1,
    0x1f, 0xfd, 0x0, 0x5, 0x55, 0x5d, 0xff, 0x20,
    0xdf, 0xf1, 0x1f, 0xfd, 0x0, 0x0, 0x0, 0xb,
    0xff, 0x20, 0xdf, 0xf1, 0x1f, 0xfd, 0x0, 0x0,
    0x0, 0xb, 0xff, 0x20, 0xdf, 0xf1, 0x1f, 0xfd,
    0x0, 0x0, 0x0, 0xb, 0xff, 0x20, 0xdf, 0xf1,
    0x1f, 0xfd, 0x0, 0x12, 0x34, 0xb, 0xff, 0x20,
    0xdf, 0xf1, 0x1f, 0xff, 0xff, 0xff, 0xfd, 0xb,
    0xff, 0x20, 0xdf, 0xf1, 0x1f, 0xff, 0xff, 0xff,
    0xff, 0xb, 0xff, 0x20, 0xdf, 0xf1, 0x7, 0x77,
    0x76, 0x54, 0x30, 0xb, 0xff, 0x20, 0xdf, 0xf1,
    0x0, 0x0, 0x0, 0x0, 0x0, 0xb, 0xff, 0x20,
    0xdf, 0xf1, 0x0, 0x0, 0x0, 0x0, 0x0, 0xb,
    0xff, 0x20, 0xdf, 0xf1, 0x0, 0x0, 0x0, 0x0,
    0x0, 0xb, 0xff, 0x20, 0xdf, 0xf1, 0x0, 0x0,
    0x0, 0x0, 0x0, 0xb, 0xff, 0x20, 0xdf, 0xf1,
    0x0, 0x0, 0x0, 0x0, 0x0, 0xb, 0xff, 0x20,
    0xdf, 0xf1, 0x0, 0x0, 0x0, 0x0, 0x0, 0xb,
    0xff, 0x20, 0xdf, 0xf1, 0x0, 0x0, 0x0, 0x0,
    0x0, 0x0, 0x0, 0x0, 0x89, 0x90,

    /* U+B137 "넷" */
    0x0, 0x0, 0x0, 0x0, 0x0, 0x4, 0xff, 0x70,
    0xdf, 0xf1, 0x0, 0xff, 0xd0, 0x0, 0x0, 0x0,
    0x4f, 0xf7, 0xd, 0xff, 0x10, 0xf, 0xfd, 0x0,
    0x0, 0x0, 0x4, 0xff, 0x70, 0xdf, 0xf1, 0x0,
    0xff, 0xd0, 0x0, 0x57, 0x77, 0x9f, 0xf7, 0xd,
    0xff, 0x10, 0xf, 0xfd, 0x0, 0xb, 0xff, 0xff,
    0xff, 0x70, 0xdf, 0xf1, 0x0, 0xff, 0xd0, 0x0,
    0xaf, 0xff, 0xff, 0xf7, 0xd, 0xff, 0x10, 0xf,
    0xfd, 0x0, 0x0, 0x0, 0x4, 0xff, 0x70, 0xdf,
    0xf1, 0x0, 0xff, 0xd0, 0x0, 0x0, 0x0, 0x4f,
    0xf7, 0xd, 0xff, 0x10, 0xf, 0xfe, 0x88, 0x89,
    0xac, 0x14, 0xff, 0x70, 0xdf, 0xf1, 0x0, 0xff,
    0xff, 0xff, 0xff, 0xf3, 0x4f, 0xf7, 0xd, 0xff,
    0x10, 0xf, 0xfe, 0xee, 0xdc, 0xba, 0x24, 0xff,
    0x70, 0xdf, 0xf1, 0x0, 0x0, 0x0, 0x0, 0x0,
    0x0, 0x3e, 0xe6, 0xd, 0xff, 0x10, 0x0, 0x0,
    0x0, 0x0, 0x0, 0x11, 0x0, 0x0, 0xdf, 0xf1,
    0x0, 0x0, 0x0, 0x0, 0x0, 0x3f, 0xfa, 0x0,
    0xd, 0xff, 0x10, 0x0, 0x0, 0x0, 0x0, 0x5,
    0xff, 0xb0, 0x0, 0x79, 0x90, 0x0, 0x0, 0x0,
    0x0, 0x0, 0xaf, 0xff, 0x10, 0x0, 0x0, 0x0,
    0x0, 0x0, 0x0, 0x0, 0x5f, 0xff, 0xfb, 0x0,
    0x0, 0x0, 0x0, 0x0, 0x0, 0x0, 0x5f, 0xff,
    0xff, 0xf9, 0x0, 0x0, 0x0, 0x0, 0x0, 0x1,
    0x9f, 0xff, 0x82, 0xef, 0xfc, 0x20, 0x0, 0x0,
    0x1, 0x4a, 0xff, 0xff, 0x80, 0x3, 0xef, 0xff,
    0xa5, 0x10, 0x1, 0xef, 0xff, 0xfe, 0x40, 0x0,
    0x1, 0xbf, 0xff, 0xfe, 0x10, 0x3, 0xff, 0xc6,
    0x0, 0x0, 0x0, 0x0, 0x3b, 0xff, 0x50, 0x0,
    0x3, 0x10, 0x0, 0x0, 0x0, 0x0, 0x0, 0x1,
    0x40, 0x0,

    /* U+B178 "노" */
    0x0, 0x2, 0xaa, 0x70, 0x0, 0x0, 0x0, 0x0,
    0x0, 0x0, 0x0, 0x0, 0x3, 0xff, 0xb0, 0x0,
    0x0, 0x0, 0x0, 0x0, 0x0, 0x0, 0x0, 0x3,
    0xff, 0xb0, 0x0, 0x0, 0x0, 0x0, 0x0, 0x0,
    0x0, 0x0, 0x3, 0xff, 0xb0, 0x0, 0x0, 0x0,
    0x0, 0x0, 0x0, 0x0, 0x0, 0x3, 0xff, 0xb0,
    0x0, 0x0, 0x0, 0x0, 0x0, 0x0, 0x0, 0x0,
    0x3, 0xff, 0xb0, 0x0, 0x0, 0x0, 0x0, 0x0,
    0x0, 0x0, 0x0, 0x3, 0xff, 0xb0, 0x0, 0x0,
    0x0, 0x0, 0x0, 0x0, 0x0, 0x0, 0x3, 0xff,
    0xb2, 0x22, 0x22, 0x22, 0x22, 0x22, 0x10, 0x0,
    0x0, 0x3, 0xff, 0xff, 0xff, 0xff, 0xff, 0xff,
    0xff, 0xd0, 0x0, 0x0, 0x3, 0xff, 0xff, 0xff,
    0xff, 0xff, 0xff, 0xff, 0xd0, 0x0, 0x0, 0x1,
    0x55, 0x55, 0x59, 0xff, 0xb5, 0x55, 0x55, 0x40,
    0x0, 0x0, 0x0, 0x0, 0x0, 0x6, 0xff, 0x80,
    0x0, 0x0, 0x0, 0x0, 0x0, 0x0, 0x0, 0x0,
    0x6, 0xff, 0x80, 0x0, 0x0, 0x0, 0x0, 0x0,
    0x0, 0x0, 0x0, 0x6, 0xff, 0x80, 0x0, 0x0,
    0x0, 0x0, 0x0, 0x0, 0x0, 0x0, 0x6, 0xff,
    0x80, 0x0, 0x0, 0x0, 0x0, 0x17, 0x77, 0x77,
    0x77, 0x7a, 0xff, 0xc7, 0x77, 0x77, 0x77, 0x75,
    0x4f, 0xff, 0xff, 0xff, 0xff, 0xff, 0xff, 0xff,
    0xff, 0xff, 0xfb, 0x4f, 0xff, 0xff, 0xff, 0xff,
    0xff, 0xff, 0xff, 0xff, 0xff, 0xfb,

    /* U+B18D "농" */
    0x0, 0x1, 0xff, 0xe0, 0x0, 0x0, 0x0, 0x0,
    0x0, 0x0, 0x0, 0x0, 0x1, 0xff, 0xe0, 0x0,
    0x0, 0x0, 0x0, 0x0, 0x0, 0x0, 0x0, 0x1,
    0xff, 0xe0, 0x0, 0x0, 0x0, 0x0, 0x0, 0x0,
    0x0, 0x0, 0x1, 0xff, 0xe0, 0x0, 0x0, 0x0,
    0x0, 0x0, 0x0, 0x0, 0x0, 0x1, 0xff, 0xe0,
    0x0, 0x0, 0x0, 0x0, 0x0, 0x0, 0x0, 0x0,
    0x1, 0xff, 0xff, 0xff, 0xff, 0xff, 0xff, 0xff,
    0xd0, 0x0, 0x0, 0x1, 0xff, 0xff, 0xff, 0xff,
    0xff, 0xff, 0xff, 0xd0, 0x0, 0x0, 0x0, 0x77,
    0x77, 0x79, 0xff, 0xd7, 0x77, 0x77, 0x60, 0x0,
    0x0, 0x0, 0x0, 0x0, 0x4, 0xff, 0xb0, 0x0,
    0x0, 0x0, 0x0, 0x15, 0x55, 0x55, 0x55, 0x58,
    0xff, 0xc5, 0x55, 0x55, 0x55, 0x53, 0x4f, 0xff,
    0xff, 0xff, 0xff, 0xff, 0xff, 0xff, 0xff, 0xff,
    0xfb, 0x4f, 0xff, 0xff, 0xff, 0xff, 0xff, 0xff,
    0xff, 0xff, 0xff, 0xfb, 0x2, 0x22, 0x22, 0x22,
    0x22, 0x22, 0x22, 0x22, 0x22, 0x22, 0x21, 0x0,
    0x0, 0x0, 0x2, 0x57, 0x88, 0x86, 0x40, 0x0,
    0x0, 0x0, 0x0, 0x0, 0x5, 0xdf, 0xff, 0xff,
    0xff, 0xff, 0x91, 0x0, 0x0, 0x0, 0x0, 0x9f,
    0xff, 0xff, 0xed, 0xef, 0xff, 0xfe, 0x10, 0x0,
    0x0, 0x3, 0xff, 0xf7, 0x10, 0x0, 0x0, 0x4c,
    0xff, 0xa0, 0x0, 0x0, 0x6, 0xff, 0x90, 0x0,
    0x0, 0x0, 0x2, 0xff, 0xd0, 0x0, 0x0, 0x5,
    0xff, 0xd0, 0x0, 0x0, 0x0, 0x6, 0xff, 0xc0,
    0x0, 0x0, 0x0, 0xef, 0xfe, 0x96, 0x54, 0x57,
    0xcf, 0xff, 0x60, 0x0, 0x0, 0x0, 0x3e, 0xff,
    0xff, 0xff, 0xff, 0xff, 0xf8, 0x0, 0x0, 0x0,
    0x0, 0x0, 0x6b, 0xef, 0xff, 0xff, 0xc8, 0x20,
    0x0, 0x0, 0x0, 0x0, 0x0, 0x0, 0x0, 0x11,
    0x0, 0x0, 0x0, 0x0, 0x0,

    /* U+B204 "누" */
    0x0, 0x0, 0xff, 0xf0, 0x0, 0x0, 0x0, 0x0,
    0x0, 0x0, 0x0, 0x0, 0x0, 0xff, 0xf0, 0x0,
    0x0, 0x0, 0x0, 0x0, 0x0, 0x0, 0x0, 0x0,
    0xff, 0xf0, 0x0, 0x0, 0x0, 0x0, 0x0, 0x0,
    0x0, 0x0, 0x0, 0xff, 0xf0, 0x0, 0x0, 0x0,
    0x0, 0x0, 0x0, 0x0, 0x0, 0x0, 0xff, 0xf5,
    0x55, 0x55, 0x55, 0x55, 0x55, 0x30, 0x0, 0x0,
    0x0, 0xff, 0xff, 0xff, 0xff, 0xff, 0xff, 0xff,
    0xb0, 0x0, 0x0, 0x0, 0xff, 0xff, 0xff, 0xff,
    0xff, 0xff, 0xff, 0xb0, 0x0, 0x0, 0x0, 0x22,
    0x22, 0x22, 0x22, 0x22, 0x22, 0x22, 0x10, 0x0,
    0x0, 0x0, 0x0, 0x0, 0x0, 0x0, 0x0, 0x0,
    0x0, 0x0, 0x0, 0x0, 0x0, 0x0, 0x0, 0x0,
    0x0, 0x0, 0x0, 0x0, 0x0, 0x0, 0x4f, 0xff,
    0xff, 0xff, 0xff, 0xff, 0xff, 0xff, 0xff, 0xff,
    0xfa, 0x4f, 0xff, 0xff, 0xff, 0xff, 0xff, 0xff,
    0xff, 0xff, 0xff, 0xfb, 0x28, 0x88, 0x88, 0x88,
    0x8b, 0xff, 0xc8, 0x88, 0x88, 0x88, 0x85, 0x0,
    0x0, 0x0, 0x0, 0x6, 0xff, 0x80, 0x0, 0x0,
    0x0, 0x0, 0x0, 0x0, 0x0, 0x0, 0x6, 0xff,
    0x80, 0x0, 0x0, 0x0, 0x0, 0x0, 0x0, 0x0,
    0x0, 0x6, 0xff, 0x80, 0x0, 0x0, 0x0, 0x0,
    0x0, 0x0, 0x0, 0x0, 0x6, 0xff, 0x80, 0x0,
    0x0, 0x0, 0x0, 0x0, 0x0, 0x0, 0x0, 0x6,
    0xff, 0x80, 0x0, 0x0, 0x0, 0x0, 0x0, 0x0,
    0x0, 0x0, 0x6, 0xff, 0x80, 0x0, 0x0, 0x0,
    0x0, 0x0, 0x0, 0x0, 0x0, 0x6, 0xff, 0x80,
    0x0, 0x0, 0x0, 0x0, 0x0, 0x0, 0x0, 0x0,
    0x6, 0xff, 0x80, 0x0, 0x0, 0x0, 0x0, 0x0,
    0x0, 0x0, 0x0, 0x0, 0x0, 0x0, 0x0, 0x0,
    0x0, 0x0,

    /* U+B20C "눌" */
    0x0, 0x1, 0xff, 0xc0, 0x0, 0x0, 0x0, 0x0,
    0x0, 0x0, 0x0, 0x0, 0x1, 0xff, 0xc0, 0x0,
    0x0, 0x0, 0x0, 0x0, 0x0, 0x0, 0x0, 0x1,
    0xff, 0xc0, 0x0, 0x0, 0x0, 0x0, 0x0, 0x0,
    0x0, 0x0, 0x1, 0xff, 0xc0, 0x0, 0x0, 0x0,
    0x0, 0x0, 0x0, 0x0, 0x0, 0x1, 0xff, 0xff,
    0xff, 0xff, 0xff, 0xff, 0xff, 0x90, 0x0, 0x0,
    0x1, 0xff, 0xff, 0xff, 0xff, 0xff, 0xff, 0xff,
    0xa0, 0x0, 0x0, 0x0, 0x88, 0x88, 0x88, 0x88,
    0x88, 0x88, 0x88, 0x50, 0x0, 0x0, 0x0, 0x0,
    0x0, 0x0, 0x0, 0x0, 0x0, 0x0, 0x0, 0x0,
    0x4f, 0xff, 0xff, 0xff, 0xff, 0xff, 0xff, 0xff,
    0xff, 0xff, 0xfb, 0x4f, 0xff, 0xff, 0xff, 0xff,
    0xff, 0xff, 0xff, 0xff, 0xff, 0xfb, 0x16, 0x66,
    0x66, 0x66, 0x6a, 0xff, 0xb6, 0x66, 0x66, 0x66,
    0x64, 0x0, 0x0, 0x0, 0x0, 0x6, 0xff, 0x80,
    0x0, 0x0, 0x0, 0x0, 0x0, 0x3, 0xff, 0xff,
    0xff, 0xff, 0xff, 0xff, 0xff, 0x60, 0x0, 0x0,
    0x3, 0xff, 0xff, 0xff, 0xff, 0xff, 0xff, 0xff,
    0x60, 0x0, 0x0, 0x1, 0x77, 0x77, 0x77, 0x77,
    0x77, 0x7b, 0xff, 0x60, 0x0, 0x0, 0x1, 0x44,
    0x44, 0x44, 0x44, 0x44, 0x4a, 0xff, 0x60, 0x0,
    0x0, 0x3, 0xff, 0xff, 0xff, 0xff, 0xff, 0xff,
    0xff, 0x60, 0x0, 0x0, 0x3, 0xff, 0xff, 0xff,
    0xff, 0xff, 0xff, 0xff, 0x60, 0x0, 0x0, 0x3,
    0xff, 0xa0, 0x0, 0x0, 0x0, 0x0, 0x0, 0x0,
    0x0, 0x0, 0x3, 0xff, 0xc6, 0x66, 0x66, 0x66,
    0x66, 0x66, 0x50, 0x0, 0x0, 0x3, 0xff, 0xff,
    0xff, 0xff, 0xff, 0xff, 0xff, 0xf0, 0x0, 0x0,
    0x3, 0xff, 0xff, 0xff, 0xff, 0xff, 0xff, 0xff,
    0xf0, 0x0,

    /* U+B294 "는" */
    0x0, 0x1, 0xff, 0xc0, 0x0, 0x0, 0x0, 0x0,
    0x0, 0x0, 0x0, 0x0, 0x1, 0xff, 0xc0, 0x0,
    0x0, 0x0, 0x0, 0x0, 0x0, 0x0, 0x0, 0x1,
    0xff, 0xc0, 0x0, 0x0, 0x0, 0x0, 0x0, 0x0,
    0x0, 0x0, 0x1, 0xff, 0xc0, 0x0, 0x0, 0x0,
    0x0, 0x0, 0x0, 0x0, 0x0, 0x1, 0xff, 0xe8,
    0x88, 0x88, 0x88, 0x88, 0x88, 0x40, 0x0, 0x0,
    0x1, 0xff, 0xff, 0xff, 0xff, 0xff, 0xff, 0xff,
    0x90, 0x0, 0x0, 0x1, 0xff, 0xff, 0xff, 0xff,
    0xff, 0xff, 0xff, 0x90, 0x0, 0x0, 0x0, 0x0,
    0x0, 0x0, 0x0, 0x0, 0x0, 0x0, 0x0, 0x0,
    0x0, 0x0, 0x0, 0x0, 0x0, 0x0, 0x0, 0x0,
    0x0, 0x0, 0x0, 0x28, 0x88, 0x88, 0x88, 0x88,
    0x88, 0x88, 0x88, 0x88, 0x88, 0x85, 0x4f, 0xff,
    0xff, 0xff, 0xff, 0xff, 0xff, 0xff, 0xff, 0xff,
    0xfb, 0x4f, 0xff, 0xff, 0xff, 0xff, 0xff, 0xff,
    0xff, 0xff, 0xff, 0xfa, 0x0, 0x0, 0x0, 0x0,
    0x0, 0x0, 0x0, 0x0, 0x0, 0x0, 0x0, 0x0,
    0x0, 0x0, 0x0, 0x0, 0x0, 0x0, 0x0, 0x0,
    0x0, 0x0, 0x0, 0x2, 0xbb, 0x70, 0x0, 0x0,
    0x0, 0x0, 0x0, 0x0, 0x0, 0x0, 0x3, 0xff,
    0xa0, 0x0, 0x0, 0x0, 0x0, 0x0, 0x0, 0x0,
    0x0, 0x3, 0xff, 0xa0, 0x0, 0x0, 0x0, 0x0,
    0x0, 0x0, 0x0, 0x0, 0x3, 0xff, 0xa0, 0x0,
    0x0, 0x0, 0x0, 0x0, 0x0, 0x0, 0x0, 0x3,
    0xff, 0xd7, 0x77, 0x77, 0x77, 0x77, 0x77, 0x50,
    0x0, 0x0, 0x3, 0xff, 0xff, 0xff, 0xff, 0xff,
    0xff, 0xff, 0xb0, 0x0, 0x0, 0x3, 0xff, 0xff,
    0xff, 0xff, 0xff, 0xff, 0xff, 0xb0, 0x0,

    /* U+B2A5 "능" */
    0x0, 0x1, 0xff, 0xe0, 0x0, 0x0, 0x0, 0x0,
    0x0, 0x0, 0x0, 0x0, 0x1, 0xff, 0xe0, 0x0,
    0x0, 0x0, 0x0, 0x0, 0x0, 0x0, 0x0, 0x1,
    0xff, 0xe0, 0x0, 0x0, 0x0, 0x0, 0x0, 0x0,
    0x0, 0x0, 0x1, 0xff, 0xe0, 0x0, 0x0, 0x0,
    0x0, 0x0, 0x0, 0x0, 0x0, 0x1, 0xff, 0xe0,
    0x0, 0x0, 0x0, 0x0, 0x0, 0x0, 0x0, 0x0,
    0x1, 0xff, 0xff, 0xff, 0xff, 0xff, 0xff, 0xff,
    0xd0, 0x0, 0x0, 0x1, 0xff, 0xff, 0xff, 0xff,
    0xff, 0xff, 0xff, 0xd0, 0x0, 0x0, 0x0, 0x77,
    0x77, 0x77, 0x77, 0x77, 0x77, 0x77, 0x60, 0x0,
    0x0, 0x0, 0x0, 0x0, 0x0, 0x0, 0x0, 0x0,
    0x0, 0x0, 0x0, 0x4f, 0xff, 0xff, 0xff, 0xff,
    0xff, 0xff, 0xff, 0xff, 0xff, 0xfa, 0x4f, 0xff,
    0xff, 0xff, 0xff, 0xff, 0xff, 0xff, 0xff, 0xff,
    0xfb, 0x28, 0x88, 0x88, 0x88, 0x88, 0x88, 0x88,
    0x88, 0x88, 0x88, 0x85, 0x0, 0x0, 0x0, 0x0,
    0x0, 0x0, 0x0, 0x0, 0x0, 0x0, 0x0, 0x0,
    0x0, 0x0, 0x2, 0x57, 0x88, 0x86, 0x40, 0x0,
    0x0, 0x0, 0x0, 0x0, 0x5, 0xdf, 0xff, 0xff,
    0xff, 0xff, 0x91, 0x0, 0x0, 0x0, 0x0, 0x9f,
    0xff, 0xff, 0xed, 0xef, 0xff, 0xfe, 0x10, 0x0,
    0x0, 0x3, 0xff, 0xf7, 0x10, 0x0, 0x0, 0x4c,
    0xff, 0xa0, 0x0, 0x0, 0x6, 0xff, 0x90, 0x0,
    0x0, 0x0, 0x2, 0xff, 0xd0, 0x0, 0x0, 0x5,
    0xff, 0xd0, 0x0, 0x0, 0x0, 0x6, 0xff, 0xc0,
    0x0, 0x0, 0x0, 0xef, 0xfe, 0x96, 0x54, 0x57,
    0xcf, 0xff, 0x60, 0x0, 0x0, 0x0, 0x3e, 0xff,
    0xff, 0xff, 0xff, 0xff, 0xf8, 0x0, 0x0, 0x0,
    0x0, 0x0, 0x6b, 0xef, 0xff, 0xff, 0xc8, 0x20,
    0x0, 0x0, 0x0, 0x0, 0x0, 0x0, 0x0, 0x11,
    0x0, 0x0, 0x0, 0x0, 0x0,

    /* U+B2A6 "늦" */
    0x0, 0x1, 0xff, 0xc0, 0x0, 0x0, 0x0, 0x0,
    0x0, 0x0, 0x0, 0x0, 0x1, 0xff, 0xc0, 0x0,
    0x0, 0x0, 0x0, 0x0, 0x0, 0x0, 0x0, 0x1,
    0xff, 0xc0, 0x0, 0x0, 0x0, 0x0, 0x0, 0x0,
    0x0, 0x0, 0x1, 0xff, 0xc0, 0x0, 0x0, 0x0,
    0x0, 0x0, 0x0, 0x0, 0x0, 0x1, 0xff, 0xe8,
    0x88, 0x88, 0x88, 0x88, 0x88, 0x50, 0x0, 0x0,
    0x1, 0xff, 0xff, 0xff, 0xff, 0xff, 0xff, 0xff,
    0x90, 0x0, 0x0, 0x1, 0xff, 0xff, 0xff, 0xff,
    0xff, 0xff, 0xff, 0x90, 0x0, 0x0, 0x0, 0x0,
    0x0, 0x0, 0x0, 0x0, 0x0, 0x0, 0x0, 0x0,
    0x15, 0x55, 0x55, 0x55, 0x55, 0x55, 0x55, 0x55,
    0x55, 0x55, 0x53, 0x4f, 0xff, 0xff, 0xff, 0xff,
    0xff, 0xff, 0xff, 0xff, 0xff, 0xfb, 0x4f, 0xff,
    0xff, 0xff, 0xff, 0xff, 0xff, 0xff, 0xff, 0xff,
    0xfb, 0x2, 0x22, 0x22, 0x22, 0x22, 0x22, 0x22,
    0x22, 0x22, 0x22, 0x21, 0x0, 0x0, 0x0, 0x0,
    0x0, 0x0, 0x0, 0x0, 0x0, 0x0, 0x0, 0x0,
    0xa, 0xff, 0xff, 0xff, 0xff, 0xff, 0xff, 0xff,
    0xf0, 0x0, 0x0, 0xa, 0xff, 0xff, 0xff, 0xff,
    0xff, 0xff, 0xff, 0xf0, 0x0, 0x0, 0x4, 0x77,
    0x77, 0x7e, 0xff, 0xf8, 0x77, 0x77, 0x70, 0x0,
    0x0, 0x0, 0x0, 0x0, 0x5f, 0xff, 0xfa, 0x0,
    0x0, 0x0, 0x0, 0x0, 0x0, 0x0, 0x7, 0xff,
    0xff, 0xff, 0xb1, 0x0, 0x0, 0x0, 0x0, 0x0,
    0x5, 0xcf, 0xff, 0x62, 0xef, 0xfe, 0x71, 0x0,
    0x0, 0x0, 0x7a, 0xef, 0xff, 0xe4, 0x0, 0x1b,
    0xff, 0xff, 0xb8, 0x30, 0x0, 0x9f, 0xff, 0xe8,
    0x0, 0x0, 0x0, 0x5d, 0xff, 0xfe, 0x10, 0x0,
    0xb, 0x95, 0x0, 0x0, 0x0, 0x0, 0x0, 0x38,
    0xc5, 0x0,

    /* U+B2C8 "니" */
    0x0, 0x0, 0x0, 0x0, 0x0, 0x0, 0x0, 0xdf,
    0xf1, 0xbd, 0xd0, 0x0, 0x0, 0x0, 0x0, 0x0,
    0xdf, 0xf1, 0xef, 0xf0, 0x0, 0x0, 0x0, 0x0,
    0x0, 0xdf, 0xf1, 0xef, 0xf0, 0x0, 0x0, 0x0,
    0x0, 0x0, 0xdf, 0xf1, 0xef, 0xf0, 0x0, 0x0,
    0x0, 0x0, 0x0, 0xdf, 0xf1, 0xef, 0xf0, 0x0,
    0x0, 0x0, 0x0, 0x0, 0xdf, 0xf1, 0xef, 0xf0,
    0x0, 0x0, 0x0, 0x0, 0x0, 0xdf, 0xf1, 0xef,
    0xf0, 0x0, 0x0, 0x0, 0x0, 0x0, 0xdf, 0xf1,
    0xef, 0xf0, 0x0, 0x0, 0x0, 0x0, 0x0, 0xdf,
    0xf1, 0xef, 0xf0, 0x0, 0x0, 0x0, 0x0, 0x0,
    0xdf, 0xf1, 0xef, 0xf0, 0x0, 0x0, 0x0, 0x0,
    0x0, 0xdf, 0xf1, 0xef, 0xf0, 0x0, 0x0, 0x0,
    0x0, 0x0, 0xdf, 0xf1, 0xef, 0xf0, 0x0, 0x0,
    0x1, 0x35, 0x30, 0xdf, 0xf1, 0xef, 0xff, 0xff,
    0xff, 0xff, 0xff, 0xa0, 0xdf, 0xf1, 0xef, 0xff,
    0xff, 0xff, 0xff, 0xff, 0xc0, 0xdf, 0xf1, 0x78,
    0x88, 0x88, 0x87, 0x76, 0x42, 0x0, 0xdf, 0xf1,
    0x0, 0x0, 0x0, 0x0, 0x0, 0x0, 0x0, 0xdf,
    0xf1, 0x0, 0x0, 0x0, 0x0, 0x0, 0x0, 0x0,
    0xdf, 0xf1, 0x0, 0x0, 0x0, 0x0, 0x0, 0x0,
    0x0, 0xdf, 0xf1, 0x0, 0x0, 0x0, 0x0, 0x0,
    0x0, 0x0, 0xdf, 0xf1, 0x0, 0x0, 0x0, 0x0,
    0x0, 0x0, 0x0, 0xdf, 0xf1, 0x0, 0x0, 0x0,
    0x0, 0x0, 0x0, 0x0, 0xdf, 0xf1, 0x0, 0x0,
    0x0, 0x0, 0x0, 0x0, 0x0, 0x79, 0x90,

    /* U+B2C9 "닉" */
    0x0, 0x0, 0x0, 0x0, 0x0, 0x0, 0x0, 0xcf,
    0xf1, 0xdf, 0xf1, 0x0, 0x0, 0x0, 0x0, 0x0,
    0xcf, 0xf1, 0xdf, 0xf1, 0x0, 0x0, 0x0, 0x0,
    0x0, 0xcf, 0xf1, 0xdf, 0xf1, 0x0, 0x0, 0x0,
    0x0, 0x0, 0xcf, 0xf1, 0xdf, 0xf1, 0x0, 0x0,
    0x0, 0x0, 0x0, 0xcf, 0xf1, 0xdf, 0xf1, 0x0,
    0x0, 0x0, 0x0, 0x0, 0xcf, 0xf1, 0xdf, 0xf1,
    0x0, 0x0, 0x0, 0x0, 0x0, 0xcf, 0xf1, 0xdf,
    0xf6, 0x55, 0x56, 0x68, 0x9b, 0x20, 0xcf, 0xf1,
    0xdf, 0xff, 0xff, 0xff, 0xff, 0xff, 0x40, 0xcf,
    0xf1, 0xdf, 0xff, 0xff, 0xff, 0xfe, 0xdb, 0x40,
    0xcf, 0xf1, 0x11, 0x11, 0x10, 0x0, 0x0, 0x0,
    0x0, 0xcf, 0xf1, 0x0, 0x0, 0x0, 0x0, 0x0,
    0x0, 0x0, 0xcf, 0xf1, 0x0, 0x0, 0x0, 0x0,
    0x0, 0x0, 0x0, 0x8a, 0xa0, 0x0, 0xff, 0xff,
    0xff, 0xff, 0xff, 0xff, 0xff, 0xf1, 0x0, 0xff,
    0xff, 0xff, 0xff, 0xff, 0xff, 0xff, 0xf1, 0x0,
    0x88, 0x88, 0x88, 0x88, 0x88, 0x88, 0xef, 0xf1,
    0x0, 0x0, 0x0, 0x0, 0x0, 0x0, 0x0, 0xcf,
    0xf1, 0x0, 0x0, 0x0, 0x0, 0x0, 0x0, 0x0,
    0xcf, 0xf1, 0x0, 0x0, 0x0, 0x0, 0x0, 0x0,
    0x0, 0xcf, 0xf1, 0x0, 0x0, 0x0, 0x0, 0x0,
    0x0, 0x0, 0xcf, 0xf1, 0x0, 0x0, 0x0, 0x0,
    0x0, 0x0, 0x0, 0xcf, 0xf1, 0x0, 0x0, 0x0,
    0x0, 0x0, 0x0, 0x0, 0xcf, 0xf1, 0x0, 0x0,
    0x0, 0x0, 0x0, 0x0, 0x0, 0x1, 0x10,

    /* U+B2D9 "닙" */
    0x0, 0x0, 0x0, 0x0, 0x0, 0x0, 0x0, 0xcf,
    0xf5, 0xdf, 0xf1, 0x0, 0x0, 0x0, 0x0, 0x0,
    0xcf, 0xf5, 0xdf, 0xf1, 0x0, 0x0, 0x0, 0x0,
    0x0, 0xcf, 0xf5, 0xdf, 0xf1, 0x0, 0x0, 0x0,
    0x0, 0x0, 0xcf, 0xf5, 0xdf, 0xf1, 0x0, 0x0,
    0x0, 0x0, 0x0, 0xcf, 0xf5, 0xdf, 0xf1, 0x0,
    0x0, 0x0, 0x0, 0x0, 0xcf, 0xf5, 0xdf, 0xf1,
    0x0, 0x0, 0x0, 0x0, 0x0, 0xcf, 0xf5, 0xdf,
    0xf8, 0x88, 0x88, 0x9a, 0xce, 0x20, 0xcf, 0xf5,
    0xdf, 0xff, 0xff, 0xff, 0xff, 0xff, 0x50, 0xcf,
    0xf5, 0xce, 0xee, 0xee, 0xdd, 0xcb, 0xa8, 0x30,
    0xcf, 0xf5, 0x0, 0x0, 0x0, 0x0, 0x0, 0x0,
    0x0, 0xcf, 0xf5, 0x0, 0x0, 0x0, 0x0, 0x0,
    0x0, 0x0, 0x79, 0x93, 0x0, 0x7, 0x88, 0x0,
    0x0, 0x0, 0x0, 0x68, 0x82, 0x0, 0xd, 0xff,
    0x0, 0x0, 0x0, 0x0, 0xcf, 0xf5, 0x0, 0xd,
    0xff, 0x66, 0x66, 0x66, 0x66, 0xdf, 0xf5, 0x0,
    0xd, 0xff, 0xff, 0xff, 0xff, 0xff, 0xff, 0xf5,
    0x0, 0xd, 0xff, 0xff, 0xff, 0xff, 0xff, 0xff,
    0xf5, 0x0, 0xd, 0xff, 0x11, 0x11, 0x11, 0x11,
    0xcf, 0xf5, 0x0, 0xd, 0xff, 0x0, 0x0, 0x0,
    0x0, 0xcf, 0xf5, 0x0, 0xd, 0xff, 0x77, 0x77,
    0x77, 0x77, 0xef, 0xf5, 0x0, 0xd, 0xff, 0xff,
    0xff, 0xff, 0xff, 0xff, 0xf5, 0x0, 0xd, 0xff,
    0xff, 0xff, 0xff, 0xff, 0xff, 0xf5,

    /* U+B2E4 "다" */
    0x0, 0x0, 0x0, 0x0, 0x0, 0x0, 0x0, 0x1f,
    0xfd, 0x0, 0x0, 0x18, 0x88, 0x88, 0x88, 0x88,
    0x85, 0x0, 0x1f, 0xfd, 0x0, 0x0, 0x2f, 0xff,
    0xff, 0xff, 0xff, 0xfa, 0x0, 0x1f, 0xfd, 0x0,
    0x0, 0x2f, 0xff, 0xff, 0xff, 0xff, 0xfa, 0x0,
    0x1f, 0xfd, 0x0, 0x0, 0x2f, 0xfd, 0x0, 0x0,
    0x0, 0x0, 0x0, 0x1f, 0xfd, 0x0, 0x0, 0x2f,
    0xfd, 0x0, 0x0, 0x0, 0x0, 0x0, 0x1f, 0xfd,
    0x0, 0x0, 0x2f, 0xfd, 0x0, 0x0, 0x0, 0x0,
    0x0, 0x1f, 0xfd, 0x0, 0x0, 0x2f, 0xfd, 0x0,
    0x0, 0x0, 0x0, 0x0, 0x1f, 0xfd, 0x0, 0x0,
    0x2f, 0xfd, 0x0, 0x0, 0x0, 0x0, 0x0, 0x1f,
    0xff, 0xff, 0xf9, 0x2f, 0xfd, 0x0, 0x0, 0x0,
    0x0, 0x0, 0x1f, 0xff, 0xff, 0xfa, 0x2f, 0xfd,
    0x0, 0x0, 0x0, 0x0, 0x0, 0x1f, 0xfe, 0x88,
    0x85, 0x2f, 0xfd, 0x0, 0x0, 0x0, 0x0, 0x0,
    0x1f, 0xfd, 0x0, 0x0, 0x2f, 0xfd, 0x0, 0x0,
    0x0, 0x0, 0x0, 0x1f, 0xfd, 0x0, 0x0, 0x2f,
    0xfe, 0x88, 0x88, 0x89, 0xab, 0xb0, 0x1f, 0xfd,
    0x0, 0x0, 0x2f, 0xff, 0xff, 0xff, 0xff, 0xff,
    0xf0, 0x1f, 0xfd, 0x0, 0x0, 0x1f, 0xff, 0xff,
    0xfe, 0xed, 0xdc, 0xa1, 0x1f, 0xfd, 0x0, 0x0,
    0x0, 0x0, 0x0, 0x0, 0x0, 0x0, 0x0, 0x1f,
    0xfd, 0x0, 0x0, 0x0, 0x0, 0x0, 0x0, 0x0,
    0x0, 0x0, 0x1f, 0xfd, 0x0, 0x0, 0x0, 0x0,
    0x0, 0x0, 0x0, 0x0, 0x0, 0x1f, 0xfd, 0x0,
    0x0, 0x0, 0x0, 0x0, 0x0, 0x0, 0x0, 0x0,
    0x1f, 0xfd, 0x0, 0x0, 0x0, 0x0, 0x0, 0x0,
    0x0, 0x0, 0x0, 0x1f, 0xfd, 0x0, 0x0, 0x0,
    0x0, 0x0, 0x0, 0x0, 0x0, 0x0, 0x1f, 0xfd,
    0x0, 0x0, 0x0, 0x0, 0x0, 0x0, 0x0, 0x0,
    0x0, 0x9, 0x98, 0x0, 0x0,

    /* U+B2E8 "단" */
    0x0, 0x0, 0x0, 0x0, 0x0, 0x0, 0x0, 0x3f,
    0xfb, 0x0, 0x0, 0xbf, 0xff, 0xff, 0xff, 0xff,
    0xf5, 0x0, 0x3f, 0xfb, 0x0, 0x0, 0xbf, 0xff,
    0xff, 0xff, 0xff, 0xf5, 0x0, 0x3f, 0xfb, 0x0,
    0x0, 0xbf, 0xf9, 0x88, 0x88, 0x88, 0x82, 0x0,
    0x3f, 0xfb, 0x0, 0x0, 0xbf, 0xf3, 0x0, 0x0,
    0x0, 0x0, 0x0, 0x3f, 0xfb, 0x0, 0x0, 0xbf,
    0xf3, 0x0, 0x0, 0x0, 0x0, 0x0, 0x3f, 0xfb,
    0x0, 0x0, 0xbf, 0xf3, 0x0, 0x0, 0x0, 0x0,
    0x0, 0x3f, 0xfe, 0xcc, 0xc1, 0xbf, 0xf3, 0x0,
    0x0, 0x0, 0x0, 0x0, 0x3f, 0xff, 0xff, 0xf2,
    0xbf, 0xf6, 0x33, 0x34, 0x45, 0x57, 0x20, 0x3f,
    0xfe, 0xbb, 0xb1, 0xbf, 0xff, 0xff, 0xff, 0xff,
    0xff, 0x50, 0x3f, 0xfb, 0x0, 0x0, 0xbf, 0xff,
    0xff, 0xff, 0xff, 0xff, 0x60, 0x3f, 0xfb, 0x0,
    0x0, 0x24, 0x44, 0x33, 0x32, 0x22, 0x10, 0x0,
    0x3f, 0xfb, 0x0, 0x0, 0x0, 0x0, 0x0, 0x0,
    0x0, 0x0, 0x0, 0x3f, 0xfb, 0x0, 0x0, 0x0,
    0x0, 0x0, 0x0, 0x0, 0x0, 0x0, 0x3f, 0xfb,
    0x0, 0x0, 0x0, 0x8, 0xcc, 0x30, 0x0, 0x0,
    0x0, 0x3f, 0xfb, 0x0, 0x0, 0x0, 0xa, 0xff,
    0x50, 0x0, 0x0, 0x0, 0x3f, 0xfb, 0x0, 0x0,
    0x0, 0xa, 0xff, 0x50, 0x0, 0x0, 0x0, 0x4,
    0x43, 0x0, 0x0, 0x0, 0xa, 0xff, 0x50, 0x0,
    0x0, 0x0, 0x0, 0x0, 0x0, 0x0, 0x0, 0xa,
    0xff, 0x50, 0x0, 0x0, 0x0, 0x0, 0x0, 0x0,
    0x0, 0x0, 0xa, 0xff, 0xa7, 0x77, 0x77, 0x77,
    0x77, 0x77, 0x20, 0x0, 0x0, 0xa, 0xff, 0xff,
    0xff, 0xff, 0xff, 0xff, 0xff, 0x50, 0x0, 0x0,
    0xa, 0xff, 0xff, 0xff, 0xff, 0xff, 0xff, 0xff,
    0x50, 0x0,

    /* U+B2EB "닫" */
    0x0, 0x0, 0x0, 0x0, 0x0, 0x0, 0x0, 0x3f,
    0xfb, 0x0, 0xb, 0xff, 0xff, 0xff, 0xff, 0xff,
    0x50, 0x3, 0xff, 0xb0, 0x0, 0xbf, 0xff, 0xff,
    0xff, 0xff, 0xf5, 0x0, 0x3f, 0xfb, 0x0, 0xb,
    0xff, 0x97, 0x77, 0x77, 0x77, 0x20, 0x3, 0xff,
    0xb0, 0x0, 0xbf, 0xf3, 0x0, 0x0, 0x0, 0x0,
    0x0, 0x3f, 0xfb, 0x0, 0xb, 0xff, 0x30, 0x0,
    0x0, 0x0, 0x0, 0x3, 0xff, 0xd8, 0x87, 0xbf,
    0xf3, 0x0, 0x0, 0x0, 0x0, 0x0, 0x3f, 0xff,
    0xff, 0xfb, 0xff, 0x63, 0x33, 0x44, 0x55, 0x62,
    0x3, 0xff, 0xeb, 0xba, 0xbf, 0xff, 0xff, 0xff,
    0xff, 0xff, 0x50, 0x3f, 0xfb, 0x0, 0xb, 0xff,
    0xff, 0xff, 0xff, 0xff, 0xf6, 0x3, 0xff, 0xb0,
    0x0, 0x23, 0x33, 0x33, 0x32, 0x21, 0x10, 0x0,
    0x3f, 0xfb, 0x0, 0x0, 0x0, 0x0, 0x0, 0x0,
    0x0, 0x0, 0x3, 0xff, 0xb0, 0x0, 0x0, 0x0,
    0x0, 0x0, 0x0, 0x0, 0x0, 0x1a, 0xa7, 0x0,
    0x0, 0x0, 0xaf, 0xff, 0xff, 0xff, 0xff, 0xff,
    0xff, 0xb0, 0x0, 0x0, 0xb, 0xff, 0xff, 0xff,
    0xff, 0xff, 0xff, 0xfc, 0x0, 0x0, 0x0, 0xbf,
    0xfa, 0x88, 0x88, 0x88, 0x88, 0x88, 0x60, 0x0,
    0x0, 0xb, 0xff, 0x30, 0x0, 0x0, 0x0, 0x0,
    0x0, 0x0, 0x0, 0x0, 0xbf, 0xf3, 0x0, 0x0,
    0x0, 0x0, 0x0, 0x0, 0x0, 0x0, 0xb, 0xff,
    0x30, 0x0, 0x0, 0x0, 0x0, 0x0, 0x0, 0x0,
    0x0, 0xbf, 0xf9, 0x77, 0x77, 0x77, 0x77, 0x77,
    0x71, 0x0, 0x0, 0xb, 0xff, 0xff, 0xff, 0xff,
    0xff, 0xff, 0xff, 0x40, 0x0, 0x0, 0xbf, 0xff,
    0xff, 0xff, 0xff, 0xff, 0xff, 0xf4, 0x0,

    /* U+B2EC "달" */
    0xbf, 0xff, 0xff, 0xff, 0xff, 0xf5, 0x0, 0x3f,
    0xfb, 0x0, 0x0, 0xbf, 0xff, 0xff, 0xff, 0xff,
    0xf5, 0x0, 0x3f, 0xfb, 0x0, 0x0, 0xbf, 0xf9,
    0x88, 0x88, 0x88, 0x82, 0x0, 0x3f, 0xfb, 0x0,
    0x0, 0xbf, 0xf3, 0x0, 0x0, 0x0, 0x0, 0x0,
    0x3f, 0xfd, 0x55, 0x50, 0xbf, 0xf3, 0x0, 0x0,
    0x0, 0x0, 0x0, 0x3f, 0xff, 0xff, 0xf2, 0xbf,
    0xf3, 0x0, 0x0, 0x0, 0x0, 0x0, 0x3f, 0xff,
    0xff, 0xf2, 0xbf, 0xf8, 0x66, 0x66, 0x77, 0x89,
    0x20, 0x3f, 0xfc, 0x44, 0x40, 0xbf, 0xff, 0xff,
    0xff, 0xff, 0xff, 0x50, 0x3f, 0xfb, 0x0, 0x0,
    0xbf, 0xff, 0xff, 0xff, 0xff, 0xed, 0x50, 0x3f,
    0xfb, 0x0, 0x0, 0x11, 0x11, 0x10, 0x0, 0x0,
    0x0, 0x0, 0x3f, 0xfb, 0x0, 0x0, 0x0, 0x0,
    0x0, 0x0, 0x0, 0x0, 0x0, 0x1a, 0xa7, 0x0,
    0x0, 0x0, 0xa, 0xff, 0xff, 0xff, 0xff, 0xff,
    0xff, 0xfa, 0x0, 0x0, 0x0, 0xa, 0xff, 0xff,
    0xff, 0xff, 0xff, 0xff, 0xfb, 0x0, 0x0, 0x0,
    0x5, 0x88, 0x88, 0x88, 0x88, 0x88, 0x9f, 0xfb,
    0x0, 0x0, 0x0, 0x0, 0x0, 0x0, 0x0, 0x0,
    0x0, 0x3f, 0xfb, 0x0, 0x0, 0x0, 0xa, 0xff,
    0xff, 0xff, 0xff, 0xff, 0xff, 0xfb, 0x0, 0x0,
    0x0, 0xa, 0xff, 0xff, 0xff, 0xff, 0xff, 0xff,
    0xfb, 0x0, 0x0, 0x0, 0xa, 0xff, 0x86, 0x66,
    0x66, 0x66, 0x66, 0x64, 0x0, 0x0, 0x0, 0xa,
    0xff, 0x40, 0x0, 0x0, 0x0, 0x0, 0x0, 0x0,
    0x0, 0x0, 0xa, 0xff, 0x97, 0x77, 0x77, 0x77,
    0x77, 0x77, 0x20, 0x0, 0x0, 0xa, 0xff, 0xff,
    0xff, 0xff, 0xff, 0xff, 0xff, 0x50, 0x0, 0x0,
    0xa, 0xff, 0xff, 0xff, 0xff, 0xff, 0xff, 0xff,
    0x50, 0x0,

    /* U+B2F4 "담" */
    0x0, 0x0, 0x0, 0x0, 0x0, 0x0, 0x0, 0x3f,
    0xfb, 0x0, 0x0, 0xbf, 0xff, 0xff, 0xff, 0xff,
    0xf5, 0x0, 0x3f, 0xfb, 0x0, 0x0, 0xbf, 0xff,
    0xff, 0xff, 0xff, 0xf5, 0x0, 0x3f, 0xfb, 0x0,
    0x0, 0xbf, 0xf9, 0x77, 0x77, 0x77, 0x72, 0x0,
    0x3f, 0xfb, 0x0, 0x0, 0xbf, 0xf3, 0x0, 0x0,
    0x0, 0x0, 0x0, 0x3f, 0xfb, 0x0, 0x0, 0xbf,
    0xf3, 0x0, 0x0, 0x0, 0x0, 0x0, 0x3f, 0xfe,
    0xaa, 0xa1, 0xbf, 0xf3, 0x0, 0x0, 0x0, 0x0,
    0x0, 0x3f, 0xff, 0xff, 0xf2, 0xbf, 0xf5, 0x22,
    0x33, 0x34, 0x56, 0x10, 0x3f, 0xfd, 0x88, 0x81,
    0xbf, 0xff, 0xff, 0xff, 0xff, 0xff, 0x50, 0x3f,
    0xfb, 0x0, 0x0, 0xbf, 0xff, 0xff, 0xff, 0xff,
    0xff, 0x60, 0x3f, 0xfb, 0x0, 0x0, 0x34, 0x44,
    0x44, 0x43, 0x32, 0x21, 0x0, 0x3f, 0xfb, 0x0,
    0x0, 0x0, 0x0, 0x0, 0x0, 0x0, 0x0, 0x0,
    0x3f, 0xfb, 0x0, 0x0, 0x0, 0x0, 0x0, 0x0,
    0x0, 0x0, 0x0, 0x2a, 0xa7, 0x0, 0x0, 0x0,
    0xa, 0xff, 0xff, 0xff, 0xff, 0xff, 0xff, 0xfa,
    0x0, 0x0, 0x0, 0xb, 0xff, 0xff, 0xff, 0xff,
    0xff, 0xff, 0xfb, 0x0, 0x0, 0x0, 0xb, 0xff,
    0xa8, 0x88, 0x88, 0x88, 0x9f, 0xfb, 0x0, 0x0,
    0x0, 0xb, 0xff, 0x30, 0x0, 0x0, 0x0, 0x3f,
    0xfb, 0x0, 0x0, 0x0, 0xb, 0xff, 0x30, 0x0,
    0x0, 0x0, 0x3f, 0xfb, 0x0, 0x0, 0x0, 0xb,
    0xff, 0x30, 0x0, 0x0, 0x0, 0x3f, 0xfb, 0x0,
    0x0, 0x0, 0xb, 0xff, 0x97, 0x77, 0x77, 0x77,
    0x8f, 0xfb, 0x0, 0x0, 0x0, 0xb, 0xff, 0xff,
    0xff, 0xff, 0xff, 0xff, 0xfb, 0x0, 0x0, 0x0,
    0xb, 0xff, 0xff, 0xff, 0xff, 0xff, 0xff, 0xfb,
    0x0, 0x0,

    /* U+B2F5 "답" */
    0x0, 0x0, 0x0, 0x0, 0x0, 0x0, 0x0, 0x3f,
    0xfb, 0x0, 0x0, 0xbf, 0xff, 0xff, 0xff, 0xff,
    0xf5, 0x0, 0x3f, 0xfb, 0x0, 0x0, 0xbf, 0xff,
    0xff, 0xff, 0xff, 0xf5, 0x0, 0x3f, 0xfb, 0x0,
    0x0, 0xbf, 0xf9, 0x77, 0x77, 0x77, 0x72, 0x0,
    0x3f, 0xfb, 0x0, 0x0, 0xbf, 0xf3, 0x0, 0x0,
    0x0, 0x0, 0x0, 0x3f, 0xfb, 0x0, 0x0, 0xbf,
    0xf3, 0x0, 0x0, 0x0, 0x0, 0x0, 0x3f, 0xfe,
    0xcc, 0xc1, 0xbf, 0xf3, 0x0, 0x0, 0x0, 0x0,
    0x0, 0x3f, 0xff, 0xff, 0xf2, 0xbf, 0xf5, 0x22,
    0x33, 0x34, 0x56, 0x10, 0x3f, 0xfd, 0x77, 0x71,
    0xbf, 0xff, 0xff, 0xff, 0xff, 0xff, 0x50, 0x3f,
    0xfb, 0x0, 0x0, 0xbf, 0xff, 0xff, 0xff, 0xff,
    0xff, 0x60, 0x3f, 0xfb, 0x0, 0x0, 0x34, 0x44,
    0x44, 0x43, 0x32, 0x21, 0x0, 0x3f, 0xfb, 0x0,
    0x0, 0x0, 0x0, 0x0, 0x0, 0x0, 0x0, 0x0,
    0x2f, 0xfb, 0x0, 0x0, 0x0, 0x2, 0x33, 0x0,
    0x0, 0x0, 0x0, 0x3, 0x32, 0x0, 0x0, 0x0,
    0xa, 0xff, 0x40, 0x0, 0x0, 0x0, 0x2f, 0xfb,
    0x0, 0x0, 0x0, 0xa, 0xff, 0x62, 0x22, 0x22,
    0x22, 0x4f, 0xfb, 0x0, 0x0, 0x0, 0xa, 0xff,
    0xff, 0xff, 0xff, 0xff, 0xff, 0xfb, 0x0, 0x0,
    0x0, 0xa, 0xff, 0xff, 0xff, 0xff, 0xff, 0xff,
    0xfb, 0x0, 0x0, 0x0, 0xa, 0xff, 0x74, 0x44,
    0x44, 0x44, 0x6f, 0xfb, 0x0, 0x0, 0x0, 0xa,
    0xff, 0x40, 0x0, 0x0, 0x0, 0x2f, 0xfb, 0x0,
    0x0, 0x0, 0xa, 0xff, 0x97, 0x77, 0x77, 0x77,
    0x8f, 0xfb, 0x0, 0x0, 0x0, 0xa, 0xff, 0xff,
    0xff, 0xff, 0xff, 0xff, 0xfb, 0x0, 0x0, 0x0,
    0xa, 0xff, 0xff, 0xff, 0xff, 0xff, 0xff, 0xfb,
    0x0, 0x0,

    /* U+B2F9 "당" */
    0x0, 0x0, 0x0, 0x0, 0x0, 0x0, 0x0, 0x3f,
    0xfb, 0x0, 0x0, 0xbf, 0xff, 0xff, 0xff, 0xff,
    0xf5, 0x0, 0x3f, 0xfb, 0x0, 0x0, 0xbf, 0xff,
    0xff, 0xff, 0xff, 0xf5, 0x0, 0x3f, 0xfb, 0x0,
    0x0, 0xbf, 0xf9, 0x77, 0x77, 0x77, 0x72, 0x0,
    0x3f, 0xfb, 0x0, 0x0, 0xbf, 0xf3, 0x0, 0x0,
    0x0, 0x0, 0x0, 0x3f, 0xfb, 0x0, 0x0, 0xbf,
    0xf3, 0x0, 0x0, 0x0, 0x0, 0x0, 0x3f, 0xff,
    0xcc, 0xc1, 0xbf, 0xf3, 0x0, 0x0, 0x0, 0x0,
    0x0, 0x3f, 0xff, 0xff, 0xf2, 0xbf, 0xf3, 0x0,
    0x0, 0x0, 0x12, 0x0, 0x3f, 0xfd, 0x88, 0x81,
    0xbf, 0xff, 0xff, 0xff, 0xff, 0xff, 0x40, 0x3f,
    0xfb, 0x0, 0x0, 0xbf, 0xff, 0xff, 0xff, 0xff,
    0xff, 0x60, 0x3f, 0xfb, 0x0, 0x0, 0x68, 0x88,
    0x88, 0x77, 0x76, 0x54, 0x10, 0x3f, 0xfb, 0x0,
    0x0, 0x0, 0x0, 0x0, 0x0, 0x0, 0x0, 0x0,
    0x3f, 0xfb, 0x0, 0x0, 0x0, 0x0, 0x0, 0x0,
    0x0, 0x0, 0x0, 0x3f, 0xfb, 0x0, 0x0, 0x0,
    0x0, 0x1, 0x7b, 0xde, 0xfe, 0xda, 0x74, 0x32,
    0x0, 0x0, 0x0, 0x0, 0x8f, 0xff, 0xff, 0xff,
    0xff, 0xff, 0x60, 0x0, 0x0, 0x0, 0x8, 0xff,
    0xfd, 0x98, 0x78, 0xad, 0xff, 0xf6, 0x0, 0x0,
    0x0, 0xf, 0xff, 0x50, 0x0, 0x0, 0x0, 0x6f,
    0xfe, 0x0, 0x0, 0x0, 0x2f, 0xfe, 0x0, 0x0,
    0x0, 0x0, 0xf, 0xff, 0x0, 0x0, 0x0, 0xf,
    0xff, 0x40, 0x0, 0x0, 0x0, 0x6f, 0xfe, 0x0,
    0x0, 0x0, 0x8, 0xff, 0xfc, 0x97, 0x77, 0x9d,
    0xff, 0xf6, 0x0, 0x0, 0x0, 0x0, 0x8f, 0xff,
    0xff, 0xff, 0xff, 0xff, 0x70, 0x0, 0x0, 0x0,
    0x0, 0x2, 0x7b, 0xef, 0xff, 0xdb, 0x71, 0x0,
    0x0, 0x0,

    /* U+B300 "대" */
    0x0, 0x0, 0x0, 0x0, 0x0, 0xd, 0xff, 0x0,
    0xef, 0xf6, 0x88, 0x88, 0x88, 0x88, 0x0, 0xdf,
    0xf0, 0xe, 0xff, 0xdf, 0xff, 0xff, 0xff, 0xf1,
    0xd, 0xff, 0x0, 0xef, 0xfd, 0xff, 0xff, 0xff,
    0xff, 0x10, 0xdf, 0xf0, 0xe, 0xff, 0xdf, 0xf1,
    0x0, 0x0, 0x0, 0xd, 0xff, 0x0, 0xef, 0xfd,
    0xff, 0x10, 0x0, 0x0, 0x0, 0xdf, 0xf0, 0xe,
    0xff, 0xdf, 0xf1, 0x0, 0x0, 0x0, 0xd, 0xff,
    0x0, 0xef, 0xfd, 0xff, 0x10, 0x0, 0x0, 0x0,
    0xdf, 0xf0, 0xe, 0xff, 0xdf, 0xf1, 0x0, 0x0,
    0x0, 0xd, 0xff, 0x88, 0xff, 0xfd, 0xff, 0x10,
    0x0, 0x0, 0x0, 0xdf, 0xff, 0xff, 0xff, 0xdf,
    0xf1, 0x0, 0x0, 0x0, 0xd, 0xff, 0xff, 0xff,
    0xfd, 0xff, 0x10, 0x0, 0x0, 0x0, 0xdf, 0xf0,
    0xe, 0xff, 0xdf, 0xf1, 0x0, 0x0, 0x0, 0xd,
    0xff, 0x0, 0xef, 0xfd, 0xff, 0xa9, 0xaa, 0xbc,
    0x80, 0xdf, 0xf0, 0xe, 0xff, 0xdf, 0xff, 0xff,
    0xff, 0xfb, 0xd, 0xff, 0x0, 0xef, 0xfb, 0xdd,
    0xdc, 0xcb, 0xa9, 0x60, 0xdf, 0xf0, 0xe, 0xff,
    0x0, 0x0, 0x0, 0x0, 0x0, 0xd, 0xff, 0x0,
    0xef, 0xf0, 0x0, 0x0, 0x0, 0x0, 0x0, 0xdf,
    0xf0, 0xe, 0xff, 0x0, 0x0, 0x0, 0x0, 0x0,
    0xd, 0xff, 0x0, 0xef, 0xf0, 0x0, 0x0, 0x0,
    0x0, 0x0, 0xdf, 0xf0, 0xe, 0xff, 0x0, 0x0,
    0x0, 0x0, 0x0, 0xd, 0xff, 0x0, 0xef, 0xf0,
    0x0, 0x0, 0x0, 0x0, 0x0, 0xdf, 0xf0, 0xe,
    0xff, 0x0, 0x0, 0x0, 0x0, 0x0, 0x0, 0x0,
    0x0, 0x89, 0x90,

    /* U+B354 "더" */
    0x0, 0x0, 0x0, 0x0, 0x0, 0x0, 0x0, 0x0,
    0xdf, 0xf1, 0x18, 0x88, 0x88, 0x88, 0x88, 0x88,
    0x10, 0x0, 0xdf, 0xf1, 0x2f, 0xff, 0xff, 0xff,
    0xff, 0xff, 0x20, 0x0, 0xdf, 0xf1, 0x2f, 0xff,
    0xff, 0xff, 0xff, 0xff, 0x20, 0x0, 0xdf, 0xf1,
    0x2f, 0xfb, 0x0, 0x0, 0x0, 0x0, 0x0, 0x0,
    0xdf, 0xf1, 0x2f, 0xfb, 0x0, 0x0, 0x0, 0x0,
    0x0, 0x0, 0xdf, 0xf1, 0x2f, 0xfb, 0x0, 0x0,
    0x0, 0x0, 0x0, 0x0, 0xdf, 0xf1, 0x2f, 0xfb,
    0x0, 0x0, 0x0, 0xdf, 0xff, 0xff, 0xff, 0xf1,
    0x2f, 0xfb, 0x0, 0x0, 0x0, 0xdf, 0xff, 0xff,
    0xff, 0xf1, 0x2f, 0xfb, 0x0, 0x0, 0x0, 0x78,
    0x88, 0x88, 0xef, 0xf1, 0x2f, 0xfb, 0x0, 0x0,
    0x0, 0x0, 0x0, 0x0, 0xdf, 0xf1, 0x2f, 0xfb,
    0x0, 0x0, 0x0, 0x0, 0x0, 0x0, 0xdf, 0xf1,
    0x2f, 0xfb, 0x0, 0x0, 0x0, 0x0, 0x0, 0x0,
    0xdf, 0xf1, 0x2f, 0xfd, 0x88, 0x88, 0x99, 0xab,
    0xd3, 0x0, 0xdf, 0xf1, 0x2f, 0xff, 0xff, 0xff,
    0xff, 0xff, 0xf4, 0x0, 0xdf, 0xf1, 0x2e, 0xee,
    0xee, 0xee, 0xdd, 0xca, 0x93, 0x0, 0xdf, 0xf1,
    0x0, 0x0, 0x0, 0x0, 0x0, 0x0, 0x0, 0x0,
    0xdf, 0xf1, 0x0, 0x0, 0x0, 0x0, 0x0, 0x0,
    0x0, 0x0, 0xdf, 0xf1, 0x0, 0x0, 0x0, 0x0,
    0x0, 0x0, 0x0, 0x0, 0xdf, 0xf1, 0x0, 0x0,
    0x0, 0x0, 0x0, 0x0, 0x0, 0x0, 0xdf, 0xf1,
    0x0, 0x0, 0x0, 0x0, 0x0, 0x0, 0x0, 0x0,
    0xdf, 0xf1, 0x0, 0x0, 0x0, 0x0, 0x0, 0x0,
    0x0, 0x0, 0xdf, 0xf1, 0x0, 0x0, 0x0, 0x0,
    0x0, 0x0, 0x0, 0x0, 0x79, 0x90,

    /* U+B358 "던" */
    0x0, 0x0, 0x0, 0x0, 0x0, 0x0, 0x0, 0x0,
    0xff, 0xe0, 0x1f, 0xff, 0xff, 0xff, 0xff, 0xff,
    0x10, 0x0, 0xff, 0xe0, 0x1f, 0xff, 0xff, 0xff,
    0xff, 0xff, 0x10, 0x0, 0xff, 0xe0, 0x1f, 0xfe,
    0x77, 0x77, 0x77, 0x77, 0x0, 0x0, 0xff, 0xe0,
    0x1f, 0xfd, 0x0, 0x0, 0x0, 0x0, 0x0, 0x0,
    0xff, 0xe0, 0x1f, 0xfd, 0x0, 0x0, 0x0, 0xdf,
    0xff, 0xff, 0xff, 0xe0, 0x1f, 0xfd, 0x0, 0x0,
    0x0, 0xef, 0xff, 0xff, 0xff, 0xe0, 0x1f, 0xfd,
    0x0, 0x0, 0x0, 0x67, 0x77, 0x77, 0xff, 0xe0,
    0x1f, 0xfd, 0x0, 0x0, 0x0, 0x0, 0x0, 0x0,
    0xff, 0xe0, 0x1f, 0xfd, 0x33, 0x34, 0x44, 0x56,
    0x40, 0x0, 0xff, 0xe0, 0x1f, 0xff, 0xff, 0xff,
    0xff, 0xff, 0xa0, 0x0, 0xff, 0xe0, 0x1f, 0xff,
    0xff, 0xff, 0xff, 0xff, 0xa0, 0x0, 0xff, 0xe0,
    0x3, 0x33, 0x32, 0x22, 0x11, 0x0, 0x0, 0x0,
    0xff, 0xe0, 0x0, 0x0, 0x0, 0x0, 0x0, 0x0,
    0x0, 0x0, 0xff, 0xe0, 0x0, 0x0, 0x58, 0x83,
    0x0, 0x0, 0x0, 0x0, 0xff, 0xe0, 0x0, 0x0,
    0x9f, 0xf5, 0x0, 0x0, 0x0, 0x0, 0xff, 0xe0,
    0x0, 0x0, 0x9f, 0xf5, 0x0, 0x0, 0x0, 0x0,
    0x22, 0x20, 0x0, 0x0, 0x9f, 0xf5, 0x0, 0x0,
    0x0, 0x0, 0x0, 0x0, 0x0, 0x0, 0x9f, 0xf5,
    0x0, 0x0, 0x0, 0x0, 0x0, 0x0, 0x0, 0x0,
    0x9f, 0xfa, 0x77, 0x77, 0x77, 0x77, 0x77, 0x72,
    0x0, 0x0, 0x9f, 0xff, 0xff, 0xff, 0xff, 0xff,
    0xff, 0xf4, 0x0, 0x0, 0x9f, 0xff, 0xff, 0xff,
    0xff, 0xff, 0xff, 0xf4,

    /* U+B36E "덮" */
    0x0, 0x0, 0x0, 0x0, 0x0, 0x0, 0x0, 0x1,
    0xff, 0xd0, 0x1f, 0xff, 0xff, 0xff, 0xff, 0xff,
    0x10, 0x1, 0xff, 0xd0, 0x1f, 0xff, 0xff, 0xff,
    0xff, 0xff, 0x10, 0x1, 0xff, 0xd0, 0x1f, 0xfe,
    0x77, 0x77, 0x77, 0x77, 0x0, 0x1, 0xff, 0xd0,
    0x1f, 0xfd, 0x0, 0x0, 0x0, 0x77, 0x77, 0x77,
    0xff, 0xd0, 0x1f, 0xfd, 0x0, 0x0, 0x0, 0xff,
    0xff, 0xff, 0xff, 0xd0, 0x1f, 0xfd, 0x0, 0x0,
    0x0, 0xff, 0xff, 0xff, 0xff, 0xd0, 0x1f, 0xfd,
    0x0, 0x0, 0x0, 0x0, 0x0, 0x1, 0xff, 0xd0,
    0x1f, 0xfe, 0x66, 0x67, 0x77, 0x88, 0x60, 0x1,
    0xff, 0xd0, 0x1f, 0xff, 0xff, 0xff, 0xff, 0xff,
    0xb0, 0x1, 0xff, 0xd0, 0x1f, 0xff, 0xff, 0xff,
    0xee, 0xdc, 0x80, 0x1, 0xff, 0xd0, 0x0, 0x0,
    0x0, 0x0, 0x0, 0x0, 0x0, 0x1, 0xff, 0xd0,
    0x0, 0x0, 0x22, 0x22, 0x22, 0x22, 0x22, 0x22,
    0x88, 0x70, 0x0, 0x7, 0xff, 0xff, 0xff, 0xff,
    0xff, 0xff, 0xff, 0xf0, 0x0, 0x7, 0xff, 0xff,
    0xff, 0xff, 0xff, 0xff, 0xff, 0xf0, 0x0, 0x2,
    0x55, 0xef, 0xf6, 0x55, 0x5e, 0xff, 0x65, 0x50,
    0x0, 0x0, 0x0, 0xdf, 0xf1, 0x0, 0xd, 0xff,
    0x10, 0x0, 0x0, 0x0, 0x0, 0xdf, 0xf1, 0x0,
    0xd, 0xff, 0x10, 0x0, 0x0, 0x0, 0x0, 0xdf,
    0xf1, 0x0, 0xd, 0xff, 0x10, 0x0, 0x0, 0x6,
    0x77, 0xef, 0xf8, 0x77, 0x7e, 0xff, 0x87, 0x72,
    0x0, 0xd, 0xff, 0xff, 0xff, 0xff, 0xff, 0xff,
    0xff, 0xf4, 0x0, 0xd, 0xff, 0xff, 0xff, 0xff,
    0xff, 0xff, 0xff, 0xf4,

    /* U+B370 "데" */
    0x0, 0x0, 0x0, 0x0, 0x0, 0xd, 0xff, 0x10,
    0xff, 0xe5, 0x88, 0x88, 0x88, 0x87, 0x0, 0xdf,
    0xf1, 0xf, 0xfe, 0xbf, 0xff, 0xff, 0xff, 0xe0,
    0xd, 0xff, 0x10, 0xff, 0xeb, 0xff, 0xff, 0xff,
    0xfe, 0x0, 0xdf, 0xf1, 0xf, 0xfe, 0xbf, 0xf2,
    0x0, 0x0, 0x0, 0xd, 0xff, 0x10, 0xff, 0xeb,
    0xff, 0x20, 0x0, 0x0, 0x0, 0xdf, 0xf1, 0xf,
    0xfe, 0xbf, 0xf2, 0x0, 0x0, 0x0, 0xd, 0xff,
    0x10, 0xff, 0xeb, 0xff, 0x20, 0x2, 0xff, 0xff,
    0xff, 0xf1, 0xf, 0xfe, 0xbf, 0xf2, 0x0, 0x2f,
    0xff, 0xff, 0xff, 0x10, 0xff, 0xeb, 0xff, 0x20,
    0x1, 0x88, 0x88, 0xef, 0xf1, 0xf, 0xfe, 0xbf,
    0xf2, 0x0, 0x0, 0x0, 0xd, 0xff, 0x10, 0xff,
    0xeb, 0xff, 0x20, 0x0, 0x0, 0x0, 0xdf, 0xf1,
    0xf, 0xfe, 0xbf, 0xf2, 0x0, 0x0, 0x0, 0xd,
    0xff, 0x10, 0xff, 0xeb, 0xff, 0xa9, 0x99, 0xac,
    0x90, 0xdf, 0xf1, 0xf, 0xfe, 0xbf, 0xff, 0xff,
    0xff, 0xfb, 0xd, 0xff, 0x10, 0xff, 0xe9, 0xdd,
    0xdd, 0xcc, 0xba, 0x70, 0xdf, 0xf1, 0xf, 0xfe,
    0x0, 0x0, 0x0, 0x0, 0x0, 0xd, 0xff, 0x10,
    0xff, 0xe0, 0x0, 0x0, 0x0, 0x0, 0x0, 0xdf,
    0xf1, 0xf, 0xfe, 0x0, 0x0, 0x0, 0x0, 0x0,
    0xd, 0xff, 0x10, 0xff, 0xe0, 0x0, 0x0, 0x0,
    0x0, 0x0, 0xdf, 0xf1, 0xf, 0xfe, 0x0, 0x0,
    0x0, 0x0, 0x0, 0xd, 0xff, 0x10, 0xff, 0xe0,
    0x0, 0x0, 0x0, 0x0, 0x0, 0xdf, 0xf1, 0xf,
    0xfe, 0x0, 0x0, 0x0, 0x0, 0x0, 0x0, 0x0,
    0x0, 0x99, 0x80,

    /* U+B3C4 "도" */
    0x0, 0x0, 0x77, 0x77, 0x77, 0x77, 0x77, 0x77,
    0x77, 0x10, 0x0, 0x0, 0x0, 0xff, 0xff, 0xff,
    0xff, 0xff, 0xff, 0xff, 0x20, 0x0, 0x0, 0x0,
    0xff, 0xff, 0xff, 0xff, 0xff, 0xff, 0xff, 0x20,
    0x0, 0x0, 0x0, 0xff, 0xf0, 0x0, 0x0, 0x0,
    0x0, 0x0, 0x0, 0x0, 0x0, 0x0, 0xff, 0xf0,
    0x0, 0x0, 0x0, 0x0, 0x0, 0x0, 0x0, 0x0,
    0x0, 0xff, 0xf0, 0x0, 0x0, 0x0, 0x0, 0x0,
    0x0, 0x0, 0x0, 0x0, 0xff, 0xf0, 0x0, 0x0,
    0x0, 0x0, 0x0, 0x0, 0x0, 0x0, 0x0, 0xff,
    0xf0, 0x0, 0x0, 0x0, 0x0, 0x0, 0x0, 0x0,
    0x0, 0x0, 0xff, 0xf6, 0x66, 0x66, 0x66, 0x66,
    0x66, 0x20, 0x0, 0x0, 0x0, 0xff, 0xff, 0xff,
    0xff, 0xff, 0xff, 0xff, 0x70, 0x0, 0x0, 0x0,
    0xff, 0xff, 0xff, 0xff, 0xff, 0xff, 0xff, 0x70,
    0x0, 0x0, 0x0, 0x11, 0x11, 0x16, 0xff, 0x91,
    0x11, 0x11, 0x0, 0x0, 0x0, 0x0, 0x0, 0x0,
    0x6, 0xff, 0x80, 0x0, 0x0, 0x0, 0x0, 0x0,
    0x0, 0x0, 0x0, 0x6, 0xff, 0x80, 0x0, 0x0,
    0x0, 0x0, 0x0, 0x0, 0x0, 0x0, 0x6, 0xff,
    0x80, 0x0, 0x0, 0x0, 0x0, 0x17, 0x77, 0x77,
    0x77, 0x7a, 0xff, 0xb7, 0x77, 0x77, 0x77, 0x74,
    0x4f, 0xff, 0xff, 0xff, 0xff, 0xff, 0xff, 0xff,
    0xff, 0xff, 0xfb, 0x4f, 0xff, 0xff, 0xff, 0xff,
    0xff, 0xff, 0xff, 0xff, 0xff, 0xfb, 0x0, 0x0,
    0x0, 0x0, 0x0, 0x0, 0x0, 0x0, 0x0, 0x0,
    0x0,

    /* U+B3CC "돌" */
    0x0, 0x2, 0xff, 0xff, 0xff, 0xff, 0xff, 0xff,
    0xff, 0x60, 0x0, 0x0, 0x2, 0xff, 0xff, 0xff,
    0xff, 0xff, 0xff, 0xff, 0x60, 0x0, 0x0, 0x2,
    0xff, 0xd5, 0x55, 0x55, 0x55, 0x55, 0x55, 0x20,
    0x0, 0x0, 0x2, 0xff, 0xc0, 0x0, 0x0, 0x0,
    0x0, 0x0, 0x0, 0x0, 0x0, 0x2, 0xff, 0xd3,
    0x33, 0x33, 0x33, 0x33, 0x33, 0x20, 0x0, 0x0,
    0x2, 0xff, 0xff, 0xff, 0xff, 0xff, 0xff, 0xff,
    0xa0, 0x0, 0x0, 0x2, 0xff, 0xff, 0xff, 0xff,
    0xff, 0xff, 0xff, 0xa0, 0x0, 0x0, 0x0, 0x11,
    0x11, 0x16, 0xff, 0x91, 0x11, 0x11, 0x0, 0x0,
    0x3, 0x33, 0x33, 0x33, 0x37, 0xff, 0xa3, 0x33,
    0x33, 0x33, 0x32, 0x4f, 0xff, 0xff, 0xff, 0xff,
    0xff, 0xff, 0xff, 0xff, 0xff, 0xfb, 0x4f, 0xff,
    0xff, 0xff, 0xff, 0xff, 0xff, 0xff, 0xff, 0xff,
    0xfb, 0x1, 0x11, 0x11, 0x11, 0x11, 0x11, 0x11,
    0x11, 0x11, 0x11, 0x11, 0x0, 0x1, 0x55, 0x55,
    0x55, 0x55, 0x55, 0x55, 0x55, 0x20, 0x0, 0x0,
    0x3, 0xff, 0xff, 0xff, 0xff, 0xff, 0xff, 0xff,
    0x60, 0x0, 0x0, 0x3, 0xff, 0xff, 0xff, 0xff,
    0xff, 0xff, 0xff, 0x60, 0x0, 0x0, 0x0, 0x0,
    0x0, 0x0, 0x0, 0x0, 0x7, 0xff, 0x60, 0x0,
    0x0, 0x3, 0xff, 0xff, 0xff, 0xff, 0xff, 0xff,
    0xff, 0x60, 0x0, 0x0, 0x3, 0xff, 0xff, 0xff,
    0xff, 0xff, 0xff, 0xff, 0x60, 0x0, 0x0, 0x3,
    0xff, 0xb2, 0x22, 0x22, 0x22, 0x22, 0x22, 0x0,
    0x0, 0x0, 0x3, 0xff, 0xc5, 0x55, 0x55, 0x55,
    0x55, 0x55, 0x50, 0x0, 0x0, 0x3, 0xff, 0xff,
    0xff, 0xff, 0xff, 0xff, 0xff, 0xf0, 0x0, 0x0,
    0x3, 0xff, 0xff, 0xff, 0xff, 0xff, 0xff, 0xff,
    0xf0, 0x0,

    /* U+B3D9 "동" */
    0x0, 0x1, 0xff, 0xff, 0xff, 0xff, 0xff, 0xff,
    0xff, 0x90, 0x0, 0x0, 0x1, 0xff, 0xff, 0xff,
    0xff, 0xff, 0xff, 0xff, 0x90, 0x0, 0x0, 0x1,
    0xff, 0xe7, 0x77, 0x77, 0x77, 0x77, 0x77, 0x40,
    0x0, 0x0, 0x1, 0xff, 0xe0, 0x0, 0x0, 0x0,
    0x0, 0x0, 0x0, 0x0, 0x0, 0x1, 0xff, 0xe0,
    0x0, 0x0, 0x0, 0x0, 0x0, 0x0, 0x0, 0x0,
    0x1, 0xff, 0xff, 0xff, 0xff, 0xff, 0xff, 0xff,
    0xc0, 0x0, 0x0, 0x1, 0xff, 0xff, 0xff, 0xff,
    0xff, 0xff, 0xff, 0xd0, 0x0, 0x0, 0x0, 0x88,
    0x88, 0x8a, 0xff, 0xd8, 0x88, 0x88, 0x70, 0x0,
    0x0, 0x0, 0x0, 0x0, 0x4, 0xff, 0xb0, 0x0,
    0x0, 0x0, 0x0, 0x14, 0x44, 0x44, 0x44, 0x47,
    0xff, 0xc4, 0x44, 0x44, 0x44, 0x42, 0x4f, 0xff,
    0xff, 0xff, 0xff, 0xff, 0xff, 0xff, 0xff, 0xff,
    0xfb, 0x4f, 0xff, 0xff, 0xff, 0xff, 0xff, 0xff,
    0xff, 0xff, 0xff, 0xfb, 0x3, 0x33, 0x33, 0x33,
    0x33, 0x33, 0x33, 0x33, 0x33, 0x33, 0x32, 0x0,
    0x0, 0x0, 0x1, 0x57, 0x88, 0x86, 0x30, 0x0,
    0x0, 0x0, 0x0, 0x0, 0x4, 0xcf, 0xff, 0xff,
    0xff, 0xfe, 0x70, 0x0, 0x0, 0x0, 0x0, 0x5f,
    0xff, 0xff, 0xed, 0xef, 0xff, 0xfc, 0x0, 0x0,
    0x0, 0x0, 0xef, 0xf9, 0x20, 0x0, 0x0, 0x5e,
    0xff, 0x60, 0x0, 0x0, 0x2, 0xff, 0xd0, 0x0,
    0x0, 0x0, 0x6, 0xff, 0x90, 0x0, 0x0, 0x1,
    0xff, 0xf1, 0x0, 0x0, 0x0, 0x9, 0xff, 0x80,
    0x0, 0x0, 0x0, 0xbf, 0xfe, 0x96, 0x54, 0x57,
    0xcf, 0xff, 0x30, 0x0, 0x0, 0x0, 0x1c, 0xff,
    0xff, 0xff, 0xff, 0xff, 0xf5, 0x0, 0x0, 0x0,
    0x0, 0x0, 0x5a, 0xef, 0xff, 0xff, 0xc7, 0x10,
    0x0, 0x0, 0x0, 0x0, 0x0, 0x0, 0x0, 0x11,
    0x0, 0x0, 0x0, 0x0, 0x0,

    /* U+B418 "되" */
    0x0, 0x0, 0x0, 0x0, 0x0, 0x0, 0x0, 0x0,
    0x0, 0xff, 0xf0, 0x0, 0x56, 0x66, 0x66, 0x66,
    0x66, 0x64, 0x0, 0xf, 0xff, 0x0, 0xe, 0xff,
    0xff, 0xff, 0xff, 0xff, 0xc0, 0x0, 0xff, 0xf0,
    0x0, 0xef, 0xff, 0xff, 0xff, 0xff, 0xfc, 0x0,
    0xf, 0xff, 0x0, 0xe, 0xff, 0x11, 0x11, 0x11,
    0x11, 0x0, 0x0, 0xff, 0xf0, 0x0, 0xef, 0xf0,
    0x0, 0x0, 0x0, 0x0, 0x0, 0xf, 0xff, 0x0,
    0xe, 0xff, 0x0, 0x0, 0x0, 0x0, 0x0, 0x0,
    0xff, 0xf0, 0x0, 0xef, 0xf0, 0x0, 0x0, 0x0,
    0x0, 0x0, 0xf, 0xff, 0x0, 0xe, 0xff, 0x0,
    0x0, 0x0, 0x0, 0x0, 0x0, 0xff, 0xf0, 0x0,
    0xef, 0xff, 0xff, 0xff, 0xff, 0xff, 0x0, 0xf,
    0xff, 0x0, 0xe, 0xff, 0xff, 0xff, 0xff, 0xff,
    0xf0, 0x0, 0xff, 0xf0, 0x0, 0x67, 0x77, 0x9f,
    0xfd, 0x77, 0x77, 0x0, 0xf, 0xff, 0x0, 0x0,
    0x0, 0x4, 0xff, 0xb0, 0x0, 0x0, 0x0, 0xff,
    0xf0, 0x0, 0x0, 0x0, 0x4f, 0xfb, 0x0, 0x0,
    0x0, 0xf, 0xff, 0x0, 0x0, 0x0, 0x4, 0xff,
    0xb0, 0x0, 0x0, 0x0, 0xff, 0xf0, 0x0, 0x0,
    0x0, 0x4f, 0xfb, 0x0, 0x11, 0x23, 0x1f, 0xff,
    0x5e, 0xee, 0xff, 0xff, 0xff, 0xff, 0xff, 0xff,
    0xf5, 0xff, 0xf3, 0xff, 0xff, 0xff, 0xff, 0xff,
    0xff, 0xff, 0xff, 0x6f, 0xff, 0x8, 0x88, 0x88,
    0x87, 0x77, 0x66, 0x55, 0x44, 0x31, 0xff, 0xf0,
    0x0, 0x0, 0x0, 0x0, 0x0, 0x0, 0x0, 0x0,
    0xf, 0xff, 0x0, 0x0, 0x0, 0x0, 0x0, 0x0,
    0x0, 0x0, 0x0, 0xff, 0xf0, 0x0, 0x0, 0x0,
    0x0, 0x0, 0x0, 0x0, 0x0, 0xf, 0xff, 0x0,
    0x0, 0x0, 0x0, 0x0, 0x0, 0x0, 0x0, 0x0,
    0x99, 0x90,

    /* U+B41C "된" */
    0x0, 0x0, 0x0, 0x0, 0x0, 0x0, 0x0, 0x0,
    0x1f, 0xfd, 0x0, 0x1, 0xff, 0xff, 0xff, 0xff,
    0xff, 0xe0, 0x1, 0xff, 0xd0, 0x0, 0x1f, 0xff,
    0xff, 0xff, 0xff, 0xfe, 0x0, 0x1f, 0xfd, 0x0,
    0x1, 0xff, 0xe7, 0x77, 0x77, 0x77, 0x60, 0x1,
    0xff, 0xd0, 0x0, 0x1f, 0xfd, 0x0, 0x0, 0x0,
    0x0, 0x0, 0x1f, 0xfd, 0x0, 0x1, 0xff, 0xd3,
    0x33, 0x33, 0x33, 0x30, 0x1, 0xff, 0xd0, 0x0,
    0x1f, 0xff, 0xff, 0xff, 0xff, 0xff, 0x20, 0x1f,
    0xfd, 0x0, 0x1, 0xff, 0xff, 0xff, 0xff, 0xff,
    0xf2, 0x1, 0xff, 0xd0, 0x0, 0x4, 0x44, 0x4f,
    0xff, 0x44, 0x44, 0x0, 0x1f, 0xfd, 0x0, 0x0,
    0x0, 0x0, 0xff, 0xf0, 0x0, 0x0, 0x1, 0xff,
    0xd0, 0x0, 0x1, 0x11, 0x2f, 0xff, 0x34, 0x55,
    0x66, 0x1f, 0xfd, 0x6, 0xff, 0xff, 0xff, 0xff,
    0xff, 0xff, 0xff, 0xf1, 0xff, 0xd0, 0x3f, 0xff,
    0xff, 0xff, 0xff, 0xff, 0xff, 0xfe, 0x1f, 0xfd,
    0x0, 0x66, 0x55, 0x54, 0x43, 0x32, 0x21, 0x0,
    0x1, 0xff, 0xd0, 0x0, 0x0, 0x1, 0x11, 0x0,
    0x0, 0x0, 0x0, 0x1f, 0xfd, 0x0, 0x0, 0x1,
    0xff, 0xd0, 0x0, 0x0, 0x0, 0x1, 0xff, 0xd0,
    0x0, 0x0, 0x1f, 0xfd, 0x0, 0x0, 0x0, 0x0,
    0xa, 0xa8, 0x0, 0x0, 0x1, 0xff, 0xd0, 0x0,
    0x0, 0x0, 0x0, 0x0, 0x0, 0x0, 0x0, 0x1f,
    0xfd, 0x0, 0x0, 0x0, 0x0, 0x0, 0x0, 0x0,
    0x0, 0x1, 0xff, 0xe7, 0x77, 0x77, 0x77, 0x77,
    0x77, 0x70, 0x0, 0x0, 0x1f, 0xff, 0xff, 0xff,
    0xff, 0xff, 0xff, 0xff, 0x0, 0x0, 0x1, 0xff,
    0xff, 0xff, 0xff, 0xff, 0xff, 0xff, 0xf0,

    /* U+B420 "될" */
    0x0, 0x1f, 0xff, 0xff, 0xff, 0xff, 0xfe, 0x0,
    0x1f, 0xfd, 0x0, 0x1, 0xff, 0xff, 0xff, 0xff,
    0xff, 0xe0, 0x1, 0xff, 0xd0, 0x0, 0x1f, 0xfe,
    0x66, 0x66, 0x66, 0x65, 0x0, 0x1f, 0xfd, 0x0,
    0x1, 0xff, 0xd0, 0x0, 0x0, 0x0, 0x0, 0x1,
    0xff, 0xd0, 0x0, 0x1f, 0xfe, 0x77, 0x77, 0x77,
    0x77, 0x0, 0x1f, 0xfd, 0x0, 0x1, 0xff, 0xff,
    0xff, 0xff, 0xff, 0xf2, 0x1, 0xff, 0xd0, 0x0,
    0x1f, 0xff, 0xff, 0xff, 0xff, 0xff, 0x10, 0x1f,
    0xfd, 0x0, 0x0, 0x0, 0x0, 0xff, 0xf0, 0x0,
    0x0, 0x1, 0xff, 0xd0, 0x2, 0x22, 0x22, 0x3f,
    0xff, 0x45, 0x56, 0x76, 0x1f, 0xfd, 0x5, 0xff,
    0xff, 0xff, 0xff, 0xff, 0xff, 0xff, 0xe1, 0xff,
    0xd0, 0x2f, 0xff, 0xff, 0xff, 0xff, 0xff, 0xff,
    0xfe, 0x1f, 0xfd, 0x0, 0x44, 0x44, 0x43, 0x33,
    0x22, 0x10, 0x0, 0x1, 0xff, 0xd0, 0x0, 0x0,
    0x5, 0x77, 0x77, 0x77, 0x77, 0x77, 0x78, 0x87,
    0x0, 0x0, 0x0, 0xcf, 0xff, 0xff, 0xff, 0xff,
    0xff, 0xff, 0xd0, 0x0, 0x0, 0xb, 0xff, 0xff,
    0xff, 0xff, 0xff, 0xff, 0xfd, 0x0, 0x0, 0x0,
    0x0, 0x0, 0x0, 0x0, 0x0, 0x2, 0xff, 0xd0,
    0x0, 0x0, 0xc, 0xff, 0xff, 0xff, 0xff, 0xff,
    0xff, 0xfd, 0x0, 0x0, 0x0, 0xcf, 0xff, 0xff,
    0xff, 0xff, 0xff, 0xff, 0xd0, 0x0, 0x0, 0xc,
    0xff, 0x63, 0x33, 0x33, 0x33, 0x33, 0x33, 0x0,
    0x0, 0x0, 0xcf, 0xf8, 0x66, 0x66, 0x66, 0x66,
    0x66, 0x61, 0x0, 0x0, 0xc, 0xff, 0xff, 0xff,
    0xff, 0xff, 0xff, 0xff, 0x30, 0x0, 0x0, 0xcf,
    0xff, 0xff, 0xff, 0xff, 0xff, 0xff, 0xf3,

    /* U+B428 "됨" */
    0x0, 0x2f, 0xff, 0xff, 0xff, 0xff, 0xfd, 0x0,
    0xf, 0xfe, 0x0, 0x2f, 0xff, 0xff, 0xff, 0xff,
    0xfd, 0x0, 0xf, 0xfe, 0x0, 0x2f, 0xfe, 0x77,
    0x77, 0x77, 0x76, 0x0, 0xf, 0xfe, 0x0, 0x2f,
    0xfc, 0x0, 0x0, 0x0, 0x0, 0x0, 0xf, 0xfe,
    0x0, 0x2f, 0xfc, 0x0, 0x0, 0x0, 0x0, 0x0,
    0xf, 0xfe, 0x0, 0x2f, 0xff, 0xff, 0xff, 0xff,
    0xff, 0x10, 0xf, 0xfe, 0x0, 0x2f, 0xff, 0xff,
    0xff, 0xff, 0xff, 0x10, 0xf, 0xfe, 0x0, 0x18,
    0x88, 0x8f, 0xff, 0x88, 0x88, 0x0, 0xf, 0xfe,
    0x0, 0x0, 0x0, 0xf, 0xfe, 0x0, 0x0, 0x0,
    0xf, 0xfe, 0x2, 0x22, 0x33, 0x4f, 0xfe, 0x56,
    0x77, 0x8a, 0xf, 0xfe, 0x4f, 0xff, 0xff, 0xff,
    0xff, 0xff, 0xff, 0xff, 0x2f, 0xfe, 0x2f, 0xff,
    0xff, 0xff, 0xff, 0xff, 0xfe, 0xdc, 0x2f, 0xfe,
    0x4, 0x44, 0x43, 0x33, 0x21, 0x10, 0x0, 0x0,
    0xf, 0xfe, 0x0, 0x0, 0x1, 0x22, 0x22, 0x22,
    0x22, 0x22, 0x28, 0x87, 0x0, 0x0, 0xb, 0xff,
    0xff, 0xff, 0xff, 0xff, 0xff, 0xfe, 0x0, 0x0,
    0xb, 0xff, 0xff, 0xff, 0xff, 0xff, 0xff, 0xfe,
    0x0, 0x0, 0xb, 0xff, 0x65, 0x55, 0x55, 0x55,
    0x5f, 0xfe, 0x0, 0x0, 0xb, 0xff, 0x20, 0x0,
    0x0, 0x0, 0xf, 0xfe, 0x0, 0x0, 0xb, 0xff,
    0x20, 0x0, 0x0, 0x0, 0xf, 0xfe, 0x0, 0x0,
    0xb, 0xff, 0x97, 0x77, 0x77, 0x77, 0x7f, 0xfe,
    0x0, 0x0, 0xb, 0xff, 0xff, 0xff, 0xff, 0xff,
    0xff, 0xfe, 0x0, 0x0, 0xb, 0xff, 0xff, 0xff,
    0xff, 0xff, 0xff, 0xfe,

    /* U+B429 "됩" */
    0x0, 0x2f, 0xff, 0xff, 0xff, 0xff, 0xfd, 0x0,
    0xf, 0xfe, 0x0, 0x2f, 0xff, 0xff, 0xff, 0xff,
    0xfd, 0x0, 0xf, 0xfe, 0x0, 0x2f, 0xfe, 0x77,
    0x77, 0x77, 0x76, 0x0, 0xf, 0xfe, 0x0, 0x2f,
    0xfc, 0x0, 0x0, 0x0, 0x0, 0x0, 0xf, 0xfe,
    0x0, 0x2f, 0xfc, 0x0, 0x0, 0x0, 0x0, 0x0,
    0xf, 0xfe, 0x0, 0x2f, 0xff, 0xff, 0xff, 0xff,
    0xff, 0x10, 0xf, 0xfe, 0x0, 0x2f, 0xff, 0xff,
    0xff, 0xff, 0xff, 0x10, 0xf, 0xfe, 0x0, 0x18,
    0x88, 0x8f, 0xff, 0x88, 0x88, 0x0, 0xf, 0xfe,
    0x0, 0x0, 0x0, 0xf, 0xfe, 0x0, 0x0, 0x0,
    0xf, 0xfe, 0x2, 0x33, 0x33, 0x4f, 0xfe, 0x56,
    0x67, 0x89, 0xf, 0xfe, 0x4f, 0xff, 0xff, 0xff,
    0xff, 0xff, 0xff, 0xff, 0x2f, 0xfe, 0x1f, 0xff,
    0xff, 0xff, 0xff, 0xff, 0xfe, 0xdd, 0x2f, 0xfe,
    0x4, 0x43, 0x33, 0x22, 0x11, 0x0, 0x0, 0x0,
    0xf, 0xfe, 0x0, 0x0, 0x0, 0x11, 0x0, 0x0,
    0x0, 0x0, 0x2, 0x21, 0x0, 0x0, 0x8, 0xff,
    0x50, 0x0, 0x0, 0x0, 0xf, 0xfe, 0x0, 0x0,
    0x8, 0xff, 0xb8, 0x88, 0x88, 0x88, 0x8f, 0xfe,
    0x0, 0x0, 0x8, 0xff, 0xff, 0xff, 0xff, 0xff,
    0xff, 0xfe, 0x0, 0x0, 0x8, 0xff, 0xff, 0xff,
    0xff, 0xff, 0xff, 0xfe, 0x0, 0x0, 0x8, 0xff,
    0x50, 0x0, 0x0, 0x0, 0xf, 0xfe, 0x0, 0x0,
    0x8, 0xff, 0xa7, 0x77, 0x77, 0x77, 0x7f, 0xfe,
    0x0, 0x0, 0x8, 0xff, 0xff, 0xff, 0xff, 0xff,
    0xff, 0xfe, 0x0, 0x0, 0x8, 0xff, 0xff, 0xff,
    0xff, 0xff, 0xff, 0xfe,

    /* U+B450 "두" */
    0x0, 0x1, 0xff, 0xff, 0xff, 0xff, 0xff, 0xff,
    0xff, 0x50, 0x0, 0x0, 0x1, 0xff, 0xff, 0xff,
    0xff, 0xff, 0xff, 0xff, 0x50, 0x0, 0x0, 0x1,
    0xff, 0xe7, 0x77, 0x77, 0x77, 0x77, 0x77, 0x20,
    0x0, 0x0, 0x1, 0xff, 0xd0, 0x0, 0x0, 0x0,
    0x0, 0x0, 0x0, 0x0, 0x0, 0x1, 0xff, 0xd0,
    0x0, 0x0, 0x0, 0x0, 0x0, 0x0, 0x0, 0x0,
    0x1, 0xff, 0xe6, 0x66, 0x66, 0x66, 0x66, 0x66,
    0x20, 0x0, 0x0, 0x1, 0xff, 0xff, 0xff, 0xff,
    0xff, 0xff, 0xff, 0x70, 0x0, 0x0, 0x1, 0xff,
    0xff, 0xff, 0xff, 0xff, 0xff, 0xff, 0x70, 0x0,
    0x0, 0x0, 0x11, 0x11, 0x11, 0x11, 0x11, 0x11,
    0x11, 0x0, 0x0, 0x0, 0x0, 0x0, 0x0, 0x0,
    0x0, 0x0, 0x0, 0x0, 0x0, 0x0, 0x15, 0x55,
    0x55, 0x55, 0x55, 0x55, 0x55, 0x55, 0x55, 0x55,
    0x54, 0x4f, 0xff, 0xff, 0xff, 0xff, 0xff, 0xff,
    0xff, 0xff, 0xff, 0xfb, 0x4f, 0xff, 0xff, 0xff,
    0xff, 0xff, 0xff, 0xff, 0xff, 0xff, 0xfb, 0x1,
    0x11, 0x11, 0x11, 0x17, 0xff, 0x91, 0x11, 0x11,
    0x11, 0x11, 0x0, 0x0, 0x0, 0x0, 0x6, 0xff,
    0x80, 0x0, 0x0, 0x0, 0x0, 0x0, 0x0, 0x0,
    0x0, 0x6, 0xff, 0x80, 0x0, 0x0, 0x0, 0x0,
    0x0, 0x0, 0x0, 0x0, 0x6, 0xff, 0x80, 0x0,
    0x0, 0x0, 0x0, 0x0, 0x0, 0x0, 0x0, 0x6,
    0xff, 0x80, 0x0, 0x0, 0x0, 0x0, 0x0, 0x0,
    0x0, 0x0, 0x6, 0xff, 0x80, 0x0, 0x0, 0x0,
    0x0, 0x0, 0x0, 0x0, 0x0, 0x6, 0xff, 0x80,
    0x0, 0x0, 0x0, 0x0, 0x0, 0x0, 0x0, 0x0,
    0x6, 0xff, 0x80, 0x0, 0x0, 0x0, 0x0,

    /* U+B454 "둔" */
    0x0, 0x2, 0xff, 0xff, 0xff, 0xff, 0xff, 0xff,
    0xff, 0x60, 0x0, 0x0, 0x2, 0xff, 0xff, 0xff,
    0xff, 0xff, 0xff, 0xff, 0x60, 0x0, 0x0, 0x2,
    0xff, 0xe7, 0x77, 0x77, 0x77, 0x77, 0x77, 0x20,
    0x0, 0x0, 0x2, 0xff, 0xc0, 0x0, 0x0, 0x0,
    0x0, 0x0, 0x0, 0x0, 0x0, 0x2, 0xff, 0xc0,
    0x0, 0x0, 0x0, 0x0, 0x0, 0x0, 0x0, 0x0,
    0x2, 0xff, 0xff, 0xff, 0xff, 0xff, 0xff, 0xff,
    0x90, 0x0, 0x0, 0x2, 0xff, 0xff, 0xff, 0xff,
    0xff, 0xff, 0xff, 0x90, 0x0, 0x0, 0x1, 0x88,
    0x88, 0x88, 0x88, 0x88, 0x88, 0x88, 0x40, 0x0,
    0x0, 0x0, 0x0, 0x0, 0x0, 0x0, 0x0, 0x0,
    0x0, 0x0, 0x0, 0x17, 0x77, 0x77, 0x77, 0x77,
    0x77, 0x77, 0x77, 0x77, 0x77, 0x75, 0x4f, 0xff,
    0xff, 0xff, 0xff, 0xff, 0xff, 0xff, 0xff, 0xff,
    0xfb, 0x4f, 0xff, 0xff, 0xff, 0xff, 0xff, 0xff,
    0xff, 0xff, 0xff, 0xfb, 0x0, 0x0, 0x0, 0x0,
    0x2, 0xff, 0xc0, 0x0, 0x0, 0x0, 0x0, 0x0,
    0x0, 0x0, 0x0, 0x1, 0xff, 0xc0, 0x0, 0x0,
    0x0, 0x0, 0x0, 0x2, 0xaa, 0x70, 0x1, 0xff,
    0xc0, 0x0, 0x0, 0x0, 0x0, 0x0, 0x3, 0xff,
    0xa0, 0x1, 0xff, 0xc0, 0x0, 0x0, 0x0, 0x0,
    0x0, 0x3, 0xff, 0xa0, 0x0, 0x55, 0x30, 0x0,
    0x0, 0x0, 0x0, 0x0, 0x3, 0xff, 0xa0, 0x0,
    0x0, 0x0, 0x0, 0x0, 0x0, 0x0, 0x0, 0x3,
    0xff, 0xd7, 0x77, 0x77, 0x77, 0x77, 0x77, 0x50,
    0x0, 0x0, 0x3, 0xff, 0xff, 0xff, 0xff, 0xff,
    0xff, 0xff, 0xb0, 0x0, 0x0, 0x3, 0xff, 0xff,
    0xff, 0xff, 0xff, 0xff, 0xff, 0xb0, 0x0,

    /* U+B460 "둠" */
    0x0, 0x1, 0xff, 0xff, 0xff, 0xff, 0xff, 0xff,
    0xff, 0x90, 0x0, 0x0, 0x1, 0xff, 0xff, 0xff,
    0xff, 0xff, 0xff, 0xff, 0x90, 0x0, 0x0, 0x1,
    0xff, 0xe7, 0x77, 0x77, 0x77, 0x77, 0x77, 0x40,
    0x0, 0x0, 0x1, 0xff, 0xe0, 0x0, 0x0, 0x0,
    0x0, 0x0, 0x0, 0x0, 0x0, 0x1, 0xff, 0xe0,
    0x0, 0x0, 0x0, 0x0, 0x0, 0x0, 0x0, 0x0,
    0x1, 0xff, 0xff, 0xff, 0xff, 0xff, 0xff, 0xff,
    0xc0, 0x0, 0x0, 0x1, 0xff, 0xff, 0xff, 0xff,
    0xff, 0xff, 0xff, 0xd0, 0x0, 0x0, 0x0, 0x88,
    0x88, 0x88, 0x88, 0x88, 0x88, 0x88, 0x70, 0x0,
    0x0, 0x0, 0x0, 0x0, 0x0, 0x0, 0x0, 0x0,
    0x0, 0x0, 0x0, 0x28, 0x88, 0x88, 0x88, 0x88,
    0x88, 0x88, 0x88, 0x88, 0x88, 0x86, 0x4f, 0xff,
    0xff, 0xff, 0xff, 0xff, 0xff, 0xff, 0xff, 0xff,
    0xfb, 0x4f, 0xff, 0xff, 0xff, 0xff, 0xff, 0xff,
    0xff, 0xff, 0xff, 0xfa, 0x0, 0x0, 0x0, 0x0,
    0x4, 0xff, 0xb0, 0x0, 0x0, 0x0, 0x0, 0x0,
    0x0, 0x44, 0x44, 0x47, 0xff, 0xc4, 0x44, 0x44,
    0x20, 0x0, 0x0, 0x2, 0xff, 0xff, 0xff, 0xff,
    0xff, 0xff, 0xff, 0x90, 0x0, 0x0, 0x2, 0xff,
    0xff, 0xff, 0xff, 0xff, 0xff, 0xff, 0x90, 0x0,
    0x0, 0x2, 0xff, 0xc2, 0x22, 0x22, 0x22, 0x26,
    0xff, 0x90, 0x0, 0x0, 0x2, 0xff, 0xc0, 0x0,
    0x0, 0x0, 0x5, 0xff, 0x90, 0x0, 0x0, 0x2,
    0xff, 0xc0, 0x0, 0x0, 0x0, 0x5, 0xff, 0x90,
    0x0, 0x0, 0x2, 0xff, 0xd7, 0x77, 0x77, 0x77,
    0x79, 0xff, 0x90, 0x0, 0x0, 0x2, 0xff, 0xff,
    0xff, 0xff, 0xff, 0xff, 0xff, 0x90, 0x0, 0x0,
    0x2, 0xff, 0xff, 0xff, 0xff, 0xff, 0xff, 0xff,
    0x90, 0x0,

    /* U+B4A4 "뒤" */
    0x0, 0x0, 0x0, 0x0, 0x0, 0x0, 0x0, 0x0,
    0x1f, 0xfd, 0x0, 0x1f, 0xff, 0xff, 0xff, 0xff,
    0xff, 0x0, 0x1f, 0xfd, 0x0, 0x1f, 0xff, 0xff,
    0xff, 0xff, 0xff, 0x0, 0x1f, 0xfd, 0x0, 0x1f,
    0xfe, 0x77, 0x77, 0x77, 0x77, 0x0, 0x1f, 0xfd,
    0x0, 0x1f, 0xfd, 0x0, 0x0, 0x0, 0x0, 0x0,
    0x1f, 0xfd, 0x0, 0x1f, 0xfd, 0x0, 0x0, 0x0,
    0x0, 0x0, 0x1f, 0xfd, 0x0, 0x1f, 0xff, 0xff,
    0xff, 0xff, 0xff, 0x0, 0x1f, 0xfd, 0x0, 0x1f,
    0xff, 0xff, 0xff, 0xff, 0xff, 0x10, 0x1f, 0xfd,
    0x0, 0x8, 0x88, 0x88, 0x88, 0x88, 0x88, 0x0,
    0x1f, 0xfd, 0x0, 0x0, 0x0, 0x0, 0x0, 0x0,
    0x0, 0x0, 0x1f, 0xfd, 0x0, 0x0, 0x0, 0x0,
    0x0, 0x0, 0x12, 0x33, 0x1f, 0xfd, 0x7d, 0xdd,
    0xdd, 0xee, 0xef, 0xff, 0xff, 0xff, 0x1f, 0xfd,
    0x7f, 0xff, 0xff, 0xff, 0xff, 0xff, 0xff, 0xff,
    0x1f, 0xfd, 0x39, 0x99, 0x88, 0x8f, 0xff, 0x66,
    0x55, 0x43, 0x1f, 0xfd, 0x0, 0x0, 0x0, 0xe,
    0xff, 0x0, 0x0, 0x0, 0x1f, 0xfd, 0x0, 0x0,
    0x0, 0xe, 0xff, 0x0, 0x0, 0x0, 0x1f, 0xfd,
    0x0, 0x0, 0x0, 0xe, 0xff, 0x0, 0x0, 0x0,
    0x1f, 0xfd, 0x0, 0x0, 0x0, 0xe, 0xff, 0x0,
    0x0, 0x0, 0x1f, 0xfd, 0x0, 0x0, 0x0, 0xe,
    0xff, 0x0, 0x0, 0x0, 0x1f, 0xfd, 0x0, 0x0,
    0x0, 0xe, 0xff, 0x0, 0x0, 0x0, 0x1f, 0xfd,
    0x0, 0x0, 0x0, 0xe, 0xff, 0x0, 0x0, 0x0,
    0x1f, 0xfd, 0x0, 0x0, 0x0, 0xe, 0xff, 0x0,
    0x0, 0x0, 0x1f, 0xfd, 0x0, 0x0, 0x0, 0x0,
    0x0, 0x0, 0x0, 0x0, 0x9, 0x98,

    /* U+B4C8 "듈" */
    0x0, 0x2, 0xff, 0xff, 0xff, 0xff, 0xff, 0xff,
    0xff, 0x60, 0x0, 0x0, 0x2, 0xff, 0xff, 0xff,
    0xff, 0xff, 0xff, 0xff, 0x60, 0x0, 0x0, 0x2,
    0xff, 0xe6, 0x66, 0x66, 0x66, 0x66, 0x66, 0x20,
    0x0, 0x0, 0x2, 0xff, 0xc0, 0x0, 0x0, 0x0,
    0x0, 0x0, 0x0, 0x0, 0x0, 0x2, 0xff, 0xe7,
    0x77, 0x77, 0x77, 0x77, 0x77, 0x40, 0x0, 0x0,
    0x2, 0xff, 0xff, 0xff, 0xff, 0xff, 0xff, 0xff,
    0xa0, 0x0, 0x0, 0x2, 0xff, 0xff, 0xff, 0xff,
    0xff, 0xff, 0xff, 0x90, 0x0, 0x0, 0x0, 0x0,
    0x0, 0x0, 0x0, 0x0, 0x0, 0x0, 0x0, 0x0,
    0x4f, 0xff, 0xff, 0xff, 0xff, 0xff, 0xff, 0xff,
    0xff, 0xff, 0xfa, 0x4f, 0xff, 0xff, 0xff, 0xff,
    0xff, 0xff, 0xff, 0xff, 0xff, 0xfb, 0x17, 0x77,
    0x77, 0xdf, 0xf9, 0x77, 0x7f, 0xfe, 0x77, 0x77,
    0x75, 0x0, 0x0, 0x0, 0xaf, 0xf3, 0x0, 0xf,
    0xfe, 0x0, 0x0, 0x0, 0x0, 0x1, 0x77, 0xdf,
    0xf8, 0x77, 0x7f, 0xfe, 0x77, 0x20, 0x0, 0x0,
    0x3, 0xff, 0xff, 0xff, 0xff, 0xff, 0xff, 0xff,
    0x60, 0x0, 0x0, 0x3, 0xff, 0xff, 0xff, 0xff,
    0xff, 0xff, 0xff, 0x60, 0x0, 0x0, 0x0, 0x11,
    0x11, 0x11, 0x11, 0x11, 0x18, 0xff, 0x60, 0x0,
    0x0, 0x3, 0xff, 0xff, 0xff, 0xff, 0xff, 0xff,
    0xff, 0x60, 0x0, 0x0, 0x3, 0xff, 0xff, 0xff,
    0xff, 0xff, 0xff, 0xff, 0x60, 0x0, 0x0, 0x3,
    0xff, 0xb2, 0x22, 0x22, 0x22, 0x22, 0x22, 0x0,
    0x0, 0x0, 0x3, 0xff, 0xc6, 0x66, 0x66, 0x66,
    0x66, 0x66, 0x50, 0x0, 0x0, 0x3, 0xff, 0xff,
    0xff, 0xff, 0xff, 0xff, 0xff, 0xf0, 0x0, 0x0,
    0x3, 0xff, 0xff, 0xff, 0xff, 0xff, 0xff, 0xff,
    0xf0, 0x0,

    /* U+B4DC "드" */
    0x0, 0x0, 0x77, 0x77, 0x77, 0x77, 0x77, 0x77,
    0x77, 0x10, 0x0, 0x0, 0x0, 0xff, 0xff, 0xff,
    0xff, 0xff, 0xff, 0xff, 0x20, 0x0, 0x0, 0x0,
    0xff, 0xff, 0xff, 0xff, 0xff, 0xff, 0xff, 0x20,
    0x0, 0x0, 0x0, 0xff, 0xf0, 0x0, 0x0, 0x0,
    0x0, 0x0, 0x0, 0x0, 0x0, 0x0, 0xff, 0xf0,
    0x0, 0x0, 0x0, 0x0, 0x0, 0x0, 0x0, 0x0,
    0x0, 0xff, 0xf0, 0x0, 0x0, 0x0, 0x0, 0x0,
    0x0, 0x0, 0x0, 0x0, 0xff, 0xf0, 0x0, 0x0,
    0x0, 0x0, 0x0, 0x0, 0x0, 0x0, 0x0, 0xff,
    0xf0, 0x0, 0x0, 0x0, 0x0, 0x0, 0x0, 0x0,
    0x0, 0x0, 0xff, 0xf8, 0x88, 0x88, 0x88, 0x88,
    0x88, 0x30, 0x0, 0x0, 0x0, 0xff, 0xff, 0xff,
    0xff, 0xff, 0xff, 0xff, 0x70, 0x0, 0x0, 0x0,
    0xef, 0xff, 0xff, 0xff, 0xff, 0xff, 0xff, 0x70,
    0x0, 0x0, 0x0, 0x0, 0x0, 0x0, 0x0, 0x0,
    0x0, 0x0, 0x0, 0x0, 0x0, 0x0, 0x0, 0x0,
    0x0, 0x0, 0x0, 0x0, 0x0, 0x0, 0x0, 0x0,
    0x0, 0x0, 0x0, 0x0, 0x0, 0x0, 0x0, 0x0,
    0x0, 0x0, 0x0, 0x0, 0x0, 0x0, 0x0, 0x0,
    0x0, 0x0, 0x0, 0x0, 0x0, 0x28, 0x88, 0x88,
    0x88, 0x88, 0x88, 0x88, 0x88, 0x88, 0x88, 0x85,
    0x4f, 0xff, 0xff, 0xff, 0xff, 0xff, 0xff, 0xff,
    0xff, 0xff, 0xfb, 0x4f, 0xff, 0xff, 0xff, 0xff,
    0xff, 0xff, 0xff, 0xff, 0xff, 0xfa,

    /* U+B4E0 "든" */
    0x0, 0x2, 0xff, 0xff, 0xff, 0xff, 0xff, 0xff,
    0xff, 0x60, 0x0, 0x0, 0x2, 0xff, 0xff, 0xff,
    0xff, 0xff, 0xff, 0xff, 0x60, 0x0, 0x0, 0x2,
    0xff, 0xe7, 0x77, 0x77, 0x77, 0x77, 0x77, 0x20,
    0x0, 0x0, 0x2, 0xff, 0xc0, 0x0, 0x0, 0x0,
    0x0, 0x0, 0x0, 0x0, 0x0, 0x2, 0xff, 0xc0,
    0x0, 0x0, 0x0, 0x0, 0x0, 0x0, 0x0, 0x0,
    0x2, 0xff, 0xe8, 0x88, 0x88, 0x88, 0x88, 0x88,
    0x40, 0x0, 0x0, 0x2, 0xff, 0xff, 0xff, 0xff,
    0xff, 0xff, 0xff, 0x90, 0x0, 0x0, 0x2, 0xff,
    0xff, 0xff, 0xff, 0xff, 0xff, 0xff, 0x90, 0x0,
    0x0, 0x0, 0x0, 0x0, 0x0, 0x0, 0x0, 0x0,
    0x0, 0x0, 0x0, 0x0, 0x0, 0x0, 0x0, 0x0,
    0x0, 0x0, 0x0, 0x0, 0x0, 0x0, 0x4f, 0xff,
    0xff, 0xff, 0xff, 0xff, 0xff, 0xff, 0xff, 0xff,
    0xfb, 0x4f, 0xff, 0xff, 0xff, 0xff, 0xff, 0xff,
    0xff, 0xff, 0xff, 0xfb, 0x17, 0x77, 0x77, 0x77,
    0x77, 0x77, 0x77, 0x77, 0x77, 0x77, 0x75, 0x0,
    0x0, 0x0, 0x0, 0x0, 0x0, 0x0, 0x0, 0x0,
    0x0, 0x0, 0x0, 0x2, 0xaa, 0x70, 0x0, 0x0,
    0x0, 0x0, 0x0, 0x0, 0x0, 0x0, 0x3, 0xff,
    0xa0, 0x0, 0x0, 0x0, 0x0, 0x0, 0x0, 0x0,
    0x0, 0x3, 0xff, 0xa0, 0x0, 0x0, 0x0, 0x0,
    0x0, 0x0, 0x0, 0x0, 0x3, 0xff, 0xa0, 0x0,
    0x0, 0x0, 0x0, 0x0, 0x0, 0x0, 0x0, 0x3,
    0xff, 0xd7, 0x77, 0x77, 0x77, 0x77, 0x77, 0x50,
    0x0, 0x0, 0x3, 0xff, 0xff, 0xff, 0xff, 0xff,
    0xff, 0xff, 0xb0, 0x0, 0x0, 0x3, 0xff, 0xff,
    0xff, 0xff, 0xff, 0xff, 0xff, 0xb0, 0x0,

    /* U+B4E4 "들" */
    0x0, 0x2, 0xff, 0xff, 0xff, 0xff, 0xff, 0xff,
    0xff, 0x60, 0x0, 0x0, 0x2, 0xff, 0xff, 0xff,
    0xff, 0xff, 0xff, 0xff, 0x60, 0x0, 0x0, 0x2,
    0xff, 0xd5, 0x55, 0x55, 0x55, 0x55, 0x55, 0x20,
    0x0, 0x0, 0x2, 0xff, 0xc0, 0x0, 0x0, 0x0,
    0x0, 0x0, 0x0, 0x0, 0x0, 0x2, 0xff, 0xc0,
    0x0, 0x0, 0x0, 0x0, 0x0, 0x0, 0x0, 0x0,
    0x2, 0xff, 0xff, 0xff, 0xff, 0xff, 0xff, 0xff,
    0xa0, 0x0, 0x0, 0x2, 0xff, 0xff, 0xff, 0xff,
    0xff, 0xff, 0xff, 0xa0, 0x0, 0x0, 0x0, 0x55,
    0x55, 0x55, 0x55, 0x55, 0x55, 0x55, 0x30, 0x0,
    0x15, 0x55, 0x55, 0x55, 0x55, 0x55, 0x55, 0x55,
    0x55, 0x55, 0x53, 0x4f, 0xff, 0xff, 0xff, 0xff,
    0xff, 0xff, 0xff, 0xff, 0xff, 0xfb, 0x4f, 0xff,
    0xff, 0xff, 0xff, 0xff, 0xff, 0xff, 0xff, 0xff,
    0xfb, 0x0, 0x0, 0x0, 0x0, 0x0, 0x0, 0x0,
    0x0, 0x0, 0x0, 0x0, 0x0, 0x3, 0xee, 0xee,
    0xee, 0xee, 0xee, 0xee, 0xee, 0x50, 0x0, 0x0,
    0x3, 0xff, 0xff, 0xff, 0xff, 0xff, 0xff, 0xff,
    0x60, 0x0, 0x0, 0x1, 0x66, 0x66, 0x66, 0x66,
    0x66, 0x6b, 0xff, 0x60, 0x0, 0x0, 0x0, 0x0,
    0x0, 0x0, 0x0, 0x0, 0x8, 0xff, 0x60, 0x0,
    0x0, 0x3, 0xff, 0xff, 0xff, 0xff, 0xff, 0xff,
    0xff, 0x60, 0x0, 0x0, 0x3, 0xff, 0xff, 0xff,
    0xff, 0xff, 0xff, 0xff, 0x60, 0x0, 0x0, 0x3,
    0xff, 0xb1, 0x11, 0x11, 0x11, 0x11, 0x11, 0x0,
    0x0, 0x0, 0x3, 0xff, 0xc5, 0x55, 0x55, 0x55,
    0x55, 0x55, 0x50, 0x0, 0x0, 0x3, 0xff, 0xff,
    0xff, 0xff, 0xff, 0xff, 0xff, 0xf0, 0x0, 0x0,
    0x3, 0xff, 0xff, 0xff, 0xff, 0xff, 0xff, 0xff,
    0xf0, 0x0,

    /* U+B4F1 "등" */
    0x0, 0x1, 0xff, 0xff, 0xff, 0xff, 0xff, 0xff,
    0xff, 0x90, 0x0, 0x0, 0x1, 0xff, 0xff, 0xff,
    0xff, 0xff, 0xff, 0xff, 0x90, 0x0, 0x0, 0x1,
    0xff, 0xe7, 0x77, 0x77, 0x77, 0x77, 0x77, 0x40,
    0x0, 0x0, 0x1, 0xff, 0xe0, 0x0, 0x0, 0x0,
    0x0, 0x0, 0x0, 0x0, 0x0, 0x1, 0xff, 0xe0,
    0x0, 0x0, 0x0, 0x0, 0x0, 0x0, 0x0, 0x0,
    0x1, 0xff, 0xf8, 0x88, 0x88, 0x88, 0x88, 0x88,
    0x60, 0x0, 0x0, 0x1, 0xff, 0xff, 0xff, 0xff,
    0xff, 0xff, 0xff, 0xd0, 0x0, 0x0, 0x1, 0xff,
    0xff, 0xff, 0xff, 0xff, 0xff, 0xff, 0xc0, 0x0,
    0x0, 0x0, 0x0, 0x0, 0x0, 0x0, 0x0, 0x0,
    0x0, 0x0, 0x0, 0x14, 0x44, 0x44, 0x44, 0x44,
    0x44, 0x44, 0x44, 0x44, 0x44, 0x43, 0x4f, 0xff,
    0xff, 0xff, 0xff, 0xff, 0xff, 0xff, 0xff, 0xff,
    0xfb, 0x4f, 0xff, 0xff, 0xff, 0xff, 0xff, 0xff,
    0xff, 0xff, 0xff, 0xfb, 0x3, 0x33, 0x33, 0x33,
    0x33, 0x33, 0x33, 0x33, 0x33, 0x33, 0x32, 0x0,
    0x0, 0x0, 0x0, 0x35, 0x66, 0x54, 0x10, 0x0,
    0x0, 0x0, 0x0, 0x0, 0x2, 0xaf, 0xff, 0xff,
    0xff, 0xfd, 0x60, 0x0, 0x0, 0x0, 0x0, 0x4f,
    0xff, 0xff, 0xff, 0xff, 0xff, 0xfa, 0x0, 0x0,
    0x0, 0x0, 0xef, 0xfb, 0x41, 0x0, 0x13, 0x7f,
    0xff, 0x50, 0x0, 0x0, 0x2, 0xff, 0xd0, 0x0,
    0x0, 0x0, 0x7, 0xff, 0x90, 0x0, 0x0, 0x2,
    0xff, 0xe1, 0x0, 0x0, 0x0, 0x9, 0xff, 0x90,
    0x0, 0x0, 0x0, 0xcf, 0xfe, 0x96, 0x54, 0x57,
    0xcf, 0xff, 0x30, 0x0, 0x0, 0x0, 0x2d, 0xff,
    0xff, 0xff, 0xff, 0xff, 0xf6, 0x0, 0x0, 0x0,
    0x0, 0x0, 0x6b, 0xef, 0xff, 0xff, 0xc8, 0x20,
    0x0, 0x0, 0x0, 0x0, 0x0, 0x0, 0x0, 0x11,
    0x0, 0x0, 0x0, 0x0, 0x0,

    /* U+B530 "따" */
    0x0, 0x0, 0x0, 0x0, 0x0, 0x0, 0x0, 0xe,
    0xff, 0x10, 0x0, 0x67, 0x77, 0x77, 0x16, 0x77,
    0x77, 0x71, 0xe, 0xff, 0x10, 0x0, 0xdf, 0xff,
    0xff, 0x4d, 0xff, 0xff, 0xf4, 0xe, 0xff, 0x10,
    0x0, 0xdf, 0xff, 0xff, 0x3d, 0xff, 0xff, 0xf3,
    0xe, 0xff, 0x10, 0x0, 0xdf, 0xf1, 0x0, 0xd,
    0xff, 0x10, 0x0, 0xe, 0xff, 0x10, 0x0, 0xdf,
    0xf1, 0x0, 0xd, 0xff, 0x10, 0x0, 0xe, 0xff,
    0x10, 0x0, 0xdf, 0xf1, 0x0, 0xd, 0xff, 0x10,
    0x0, 0xe, 0xff, 0x10, 0x0, 0xdf, 0xf1, 0x0,
    0xd, 0xff, 0x10, 0x0, 0xe, 0xff, 0x10, 0x0,
    0xdf, 0xf1, 0x0, 0xd, 0xff, 0x10, 0x0, 0xe,
    0xff, 0xff, 0xf3, 0xdf, 0xf1, 0x0, 0xd, 0xff,
    0x10, 0x0, 0xe, 0xff, 0xff, 0xf4, 0xdf, 0xf1,
    0x0, 0xd, 0xff, 0x10, 0x0, 0xe, 0xff, 0x88,
    0x82, 0xdf, 0xf1, 0x0, 0xd, 0xff, 0x10, 0x0,
    0xe, 0xff, 0x10, 0x0, 0xdf, 0xf1, 0x0, 0xd,
    0xff, 0x10, 0x0, 0xe, 0xff, 0x10, 0x0, 0xdf,
    0xf4, 0x58, 0x4d, 0xff, 0x44, 0x58, 0xe, 0xff,
    0x10, 0x0, 0xdf, 0xff, 0xff, 0x8d, 0xff, 0xff,
    0xff, 0x2e, 0xff, 0x10, 0x0, 0xdf, 0xff, 0xfe,
    0x8d, 0xff, 0xff, 0xff, 0x3e, 0xff, 0x10, 0x0,
    0x23, 0x21, 0x0, 0x3, 0x33, 0x32, 0x10, 0xe,
    0xff, 0x10, 0x0, 0x0, 0x0, 0x0, 0x0, 0x0,
    0x0, 0x0, 0xe, 0xff, 0x10, 0x0, 0x0, 0x0,
    0x0, 0x0, 0x0, 0x0, 0x0, 0xe, 0xff, 0x10,
    0x0, 0x0, 0x0, 0x0, 0x0, 0x0, 0x0, 0x0,
    0xe, 0xff, 0x10, 0x0, 0x0, 0x0, 0x0, 0x0,
    0x0, 0x0, 0x0, 0xe, 0xff, 0x10, 0x0, 0x0,
    0x0, 0x0, 0x0, 0x0, 0x0, 0x0, 0xe, 0xff,
    0x10, 0x0, 0x0, 0x0, 0x0, 0x0, 0x0, 0x0,
    0x0, 0x8, 0x99, 0x0, 0x0,

    /* U+B54C "때" */
    0x0, 0x0, 0x0, 0x0, 0x0, 0x1, 0xff, 0xc0,
    0xcf, 0xf1, 0x78, 0x88, 0x60, 0x88, 0x88, 0x61,
    0xff, 0xc0, 0xcf, 0xf1, 0xff, 0xff, 0xb1, 0xff,
    0xff, 0xc1, 0xff, 0xc0, 0xcf, 0xf1, 0xff, 0xff,
    0xb1, 0xff, 0xff, 0xc1, 0xff, 0xc0, 0xcf, 0xf1,
    0xff, 0xe0, 0x1, 0xff, 0xb0, 0x1, 0xff, 0xc0,
    0xcf, 0xf1, 0xff, 0xe0, 0x1, 0xff, 0xb0, 0x1,
    0xff, 0xc0, 0xcf, 0xf1, 0xff, 0xe0, 0x1, 0xff,
    0xb0, 0x1, 0xff, 0xc0, 0xcf, 0xf1, 0xff, 0xe0,
    0x1, 0xff, 0xb0, 0x1, 0xff, 0xc0, 0xcf, 0xf1,
    0xff, 0xe0, 0x1, 0xff, 0xb0, 0x1, 0xff, 0xe8,
    0xef, 0xf1, 0xff, 0xe0, 0x1, 0xff, 0xb0, 0x1,
    0xff, 0xff, 0xff, 0xf1, 0xff, 0xe0, 0x1, 0xff,
    0xb0, 0x1, 0xff, 0xff, 0xff, 0xf1, 0xff, 0xe0,
    0x1, 0xff, 0xb0, 0x1, 0xff, 0xc0, 0xcf, 0xf1,
    0xff, 0xe0, 0x1, 0xff, 0xb0, 0x1, 0xff, 0xc0,
    0xcf, 0xf1, 0xff, 0xfa, 0xd5, 0xff, 0xea, 0xc4,
    0xff, 0xc0, 0xcf, 0xf1, 0xff, 0xff, 0xf7, 0xff,
    0xff, 0xf7, 0xff, 0xc0, 0xcf, 0xf1, 0xcd, 0xca,
    0x84, 0xdd, 0xcb, 0x95, 0xff, 0xc0, 0xcf, 0xf1,
    0x0, 0x0, 0x0, 0x0, 0x0, 0x1, 0xff, 0xc0,
    0xcf, 0xf1, 0x0, 0x0, 0x0, 0x0, 0x0, 0x1,
    0xff, 0xc0, 0xcf, 0xf1, 0x0, 0x0, 0x0, 0x0,
    0x0, 0x1, 0xff, 0xc0, 0xcf, 0xf1, 0x0, 0x0,
    0x0, 0x0, 0x0, 0x1, 0xff, 0xc0, 0xcf, 0xf1,
    0x0, 0x0, 0x0, 0x0, 0x0, 0x1, 0xff, 0xc0,
    0xcf, 0xf1, 0x0, 0x0, 0x0, 0x0, 0x0, 0x1,
    0xff, 0xc0, 0xcf, 0xf1, 0x0, 0x0, 0x0, 0x0,
    0x0, 0x0, 0x0, 0x0, 0x79, 0x90,

    /* U+B610 "또" */
    0x0, 0x17, 0x77, 0x77, 0x77, 0x13, 0x77, 0x77,
    0x77, 0x73, 0x0, 0x0, 0x3f, 0xff, 0xff, 0xff,
    0x38, 0xff, 0xff, 0xff, 0xf7, 0x0, 0x0, 0x3f,
    0xff, 0xff, 0xff, 0x28, 0xff, 0xff, 0xff, 0xf7,
    0x0, 0x0, 0x3f, 0xfa, 0x0, 0x0, 0x8, 0xff,
    0x70, 0x0, 0x0, 0x0, 0x0, 0x3f, 0xfa, 0x0,
    0x0, 0x8, 0xff, 0x70, 0x0, 0x0, 0x0, 0x0,
    0x3f, 0xfa, 0x0, 0x0, 0x8, 0xff, 0x70, 0x0,
    0x0, 0x0, 0x0, 0x3f, 0xfa, 0x0, 0x0, 0x8,
    0xff, 0x70, 0x0, 0x0, 0x0, 0x0, 0x3f, 0xfa,
    0x0, 0x0, 0x8, 0xff, 0x70, 0x0, 0x0, 0x0,
    0x0, 0x3f, 0xff, 0xff, 0xff, 0xb8, 0xff, 0xff,
    0xff, 0xfb, 0x0, 0x0, 0x3f, 0xff, 0xff, 0xff,
    0xb8, 0xff, 0xff, 0xff, 0xfb, 0x0, 0x0, 0x17,
    0x77, 0x77, 0x77, 0x43, 0x77, 0x77, 0x77, 0x74,
    0x0, 0x0, 0x0, 0x0, 0x0, 0x5, 0xcc, 0x50,
    0x0, 0x0, 0x0, 0x0, 0x0, 0x0, 0x0, 0x0,
    0x7, 0xff, 0x70, 0x0, 0x0, 0x0, 0x0, 0x0,
    0x0, 0x0, 0x0, 0x7, 0xff, 0x70, 0x0, 0x0,
    0x0, 0x0, 0x0, 0x0, 0x0, 0x0, 0x7, 0xff,
    0x70, 0x0, 0x0, 0x0, 0x0, 0x17, 0x77, 0x77,
    0x77, 0x7b, 0xff, 0xb7, 0x77, 0x77, 0x77, 0x75,
    0x4f, 0xff, 0xff, 0xff, 0xff, 0xff, 0xff, 0xff,
    0xff, 0xff, 0xfb, 0x4f, 0xff, 0xff, 0xff, 0xff,
    0xff, 0xff, 0xff, 0xff, 0xff, 0xfb,

    /* U+B77C "라" */
    0x0, 0x0, 0x0, 0x0, 0x0, 0x0, 0x0, 0xf,
    0xff, 0x0, 0x0, 0x2f, 0xff, 0xff, 0xff, 0xff,
    0xfb, 0x0, 0xf, 0xff, 0x0, 0x0, 0x2f, 0xff,
    0xff, 0xff, 0xff, 0xfb, 0x0, 0xf, 0xff, 0x0,
    0x0, 0x18, 0x88, 0x88, 0x88, 0xaf, 0xfb, 0x0,
    0xf, 0xff, 0x0, 0x0, 0x0, 0x0, 0x0, 0x0,
    0x3f, 0xfb, 0x0, 0xf, 0xff, 0x0, 0x0, 0x0,
    0x0, 0x0, 0x0, 0x3f, 0xfb, 0x0, 0xf, 0xff,
    0x0, 0x0, 0x0, 0x0, 0x0, 0x0, 0x3f, 0xfb,
    0x0, 0xf, 0xff, 0x0, 0x0, 0x1a, 0xaa, 0xaa,
    0xaa, 0xbf, 0xfb, 0x0, 0xf, 0xff, 0x0, 0x0,
    0x2f, 0xff, 0xff, 0xff, 0xff, 0xfb, 0x0, 0xf,
    0xff, 0xff, 0xf7, 0x2f, 0xff, 0xcc, 0xcc, 0xcc,
    0xc8, 0x0, 0xf, 0xff, 0xff, 0xf7, 0x2f, 0xfd,
    0x0, 0x0, 0x0, 0x0, 0x0, 0xf, 0xff, 0x88,
    0x83, 0x2f, 0xfd, 0x0, 0x0, 0x0, 0x0, 0x0,
    0xf, 0xff, 0x0, 0x0, 0x2f, 0xfd, 0x0, 0x0,
    0x0, 0x0, 0x0, 0xf, 0xff, 0x0, 0x0, 0x2f,
    0xfd, 0x0, 0x0, 0x0, 0x0, 0x0, 0xf, 0xff,
    0x0, 0x0, 0x2f, 0xfe, 0x88, 0x89, 0x9a, 0xbc,
    0xeb, 0xf, 0xff, 0x0, 0x0, 0x2f, 0xff, 0xff,
    0xff, 0xff, 0xff, 0xfd, 0xf, 0xff, 0x0, 0x0,
    0x2f, 0xff, 0xee, 0xed, 0xdc, 0xba, 0x96, 0xf,
    0xff, 0x0, 0x0, 0x0, 0x0, 0x0, 0x0, 0x0,
    0x0, 0x0, 0xf, 0xff, 0x0, 0x0, 0x0, 0x0,
    0x0, 0x0, 0x0, 0x0, 0x0, 0xf, 0xff, 0x0,
    0x0, 0x0, 0x0, 0x0, 0x0, 0x0, 0x0, 0x0,
    0xf, 0xff, 0x0, 0x0, 0x0, 0x0, 0x0, 0x0,
    0x0, 0x0, 0x0, 0xf, 0xff, 0x0, 0x0, 0x0,
    0x0, 0x0, 0x0, 0x0, 0x0, 0x0, 0xf, 0xff,
    0x0, 0x0, 0x0, 0x0, 0x0, 0x0, 0x0, 0x0,
    0x0, 0x9, 0x99, 0x0, 0x0,

    /* U+B77D "락" */
    0x0, 0x0, 0x0, 0x0, 0x0, 0x0, 0x0, 0x3f,
    0xfc, 0x0, 0x0, 0xbf, 0xff, 0xff, 0xff, 0xff,
    0xf1, 0x0, 0x3f, 0xfc, 0x0, 0x0, 0xbf, 0xff,
    0xff, 0xff, 0xff, 0xf1, 0x0, 0x3f, 0xfc, 0x0,
    0x0, 0x57, 0x77, 0x77, 0x77, 0xef, 0xf1, 0x0,
    0x3f, 0xfc, 0x0, 0x0, 0x0, 0x0, 0x0, 0x0,
    0xdf, 0xf1, 0x0, 0x3f, 0xfc, 0x0, 0x0, 0xae,
    0xee, 0xee, 0xee, 0xff, 0xf1, 0x0, 0x3f, 0xfe,
    0x88, 0x81, 0xbf, 0xff, 0xff, 0xff, 0xff, 0xf1,
    0x0, 0x3f, 0xff, 0xff, 0xf3, 0xbf, 0xf8, 0x55,
    0x55, 0x55, 0x50, 0x0, 0x3f, 0xff, 0xff, 0xf2,
    0xbf, 0xf3, 0x0, 0x0, 0x0, 0x0, 0x0, 0x3f,
    0xfc, 0x0, 0x0, 0xbf, 0xf9, 0x88, 0x88, 0x89,
    0xab, 0xd4, 0x3f, 0xfc, 0x0, 0x0, 0xbf, 0xff,
    0xff, 0xff, 0xff, 0xff, 0xf6, 0x3f, 0xfc, 0x0,
    0x0, 0xaf, 0xff, 0xff, 0xee, 0xed, 0xcb, 0x94,
    0x3f, 0xfc, 0x0, 0x0, 0x0, 0x0, 0x0, 0x0,
    0x0, 0x0, 0x0, 0x3f, 0xfc, 0x0, 0x0, 0x0,
    0x15, 0x55, 0x55, 0x55, 0x55, 0x55, 0x58, 0x86,
    0x0, 0x0, 0x0, 0x4f, 0xff, 0xff, 0xff, 0xff,
    0xff, 0xff, 0xfc, 0x0, 0x0, 0x0, 0x4f, 0xff,
    0xff, 0xff, 0xff, 0xff, 0xff, 0xfc, 0x0, 0x0,
    0x0, 0x2, 0x22, 0x22, 0x22, 0x22, 0x22, 0x4f,
    0xfc, 0x0, 0x0, 0x0, 0x0, 0x0, 0x0, 0x0,
    0x0, 0x0, 0x2f, 0xfc, 0x0, 0x0, 0x0, 0x0,
    0x0, 0x0, 0x0, 0x0, 0x0, 0x2f, 0xfc, 0x0,
    0x0, 0x0, 0x0, 0x0, 0x0, 0x0, 0x0, 0x0,
    0x2f, 0xfc, 0x0, 0x0, 0x0, 0x0, 0x0, 0x0,
    0x0, 0x0, 0x0, 0x2f, 0xfc, 0x0, 0x0, 0x0,
    0x0, 0x0, 0x0, 0x0, 0x0, 0x0, 0x2f, 0xfc,
    0x0, 0x0, 0x0, 0x0, 0x0, 0x0, 0x0, 0x0,
    0x0, 0x1, 0x11, 0x0, 0x0,

    /* U+B78C "람" */
    0x0, 0x0, 0x0, 0x0, 0x0, 0x0, 0x0, 0x3f,
    0xfb, 0x0, 0x0, 0xbf, 0xff, 0xff, 0xff, 0xff,
    0xf1, 0x0, 0x3f, 0xfb, 0x0, 0x0, 0xbf, 0xff,
    0xff, 0xff, 0xff, 0xf1, 0x0, 0x3f, 0xfb, 0x0,
    0x0, 0x57, 0x77, 0x77, 0x77, 0xef, 0xf1, 0x0,
    0x3f, 0xfb, 0x0, 0x0, 0x12, 0x22, 0x22, 0x22,
    0xef, 0xf1, 0x0, 0x3f, 0xfb, 0x0, 0x0, 0xbf,
    0xff, 0xff, 0xff, 0xff, 0xf1, 0x0, 0x3f, 0xff,
    0xff, 0xf2, 0xbf, 0xff, 0xff, 0xff, 0xff, 0xf1,
    0x0, 0x3f, 0xff, 0xff, 0xf2, 0xbf, 0xf5, 0x22,
    0x22, 0x22, 0x20, 0x0, 0x3f, 0xfd, 0x88, 0x81,
    0xbf, 0xf3, 0x0, 0x0, 0x0, 0x0, 0x0, 0x3f,
    0xfb, 0x0, 0x0, 0xbf, 0xf9, 0x88, 0x88, 0x89,
    0xab, 0xd4, 0x3f, 0xfb, 0x0, 0x0, 0xbf, 0xff,
    0xff, 0xff, 0xff, 0xff, 0xf6, 0x3f, 0xfb, 0x0,
    0x0, 0xaf, 0xff, 0xff, 0xee, 0xed, 0xcb, 0x94,
    0x3f, 0xfb, 0x0, 0x0, 0x0, 0x0, 0x0, 0x0,
    0x0, 0x0, 0x0, 0x3f, 0xfb, 0x0, 0x0, 0x0,
    0x5, 0x88, 0x88, 0x88, 0x88, 0x88, 0x88, 0x86,
    0x0, 0x0, 0x0, 0xb, 0xff, 0xff, 0xff, 0xff,
    0xff, 0xff, 0xfb, 0x0, 0x0, 0x0, 0xb, 0xff,
    0xff, 0xff, 0xff, 0xff, 0xff, 0xfb, 0x0, 0x0,
    0x0, 0xb, 0xff, 0x30, 0x0, 0x0, 0x0, 0x3f,
    0xfb, 0x0, 0x0, 0x0, 0xb, 0xff, 0x30, 0x0,
    0x0, 0x0, 0x3f, 0xfb, 0x0, 0x0, 0x0, 0xb,
    0xff, 0x30, 0x0, 0x0, 0x0, 0x3f, 0xfb, 0x0,
    0x0, 0x0, 0xb, 0xff, 0x87, 0x77, 0x77, 0x77,
    0x8f, 0xfb, 0x0, 0x0, 0x0, 0xb, 0xff, 0xff,
    0xff, 0xff, 0xff, 0xff, 0xfb, 0x0, 0x0, 0x0,
    0xb, 0xff, 0xff, 0xff, 0xff, 0xff, 0xff, 0xfb,
    0x0, 0x0,

    /* U+B798 "래" */
    0x0, 0x0, 0x0, 0x0, 0x0, 0xc, 0xff, 0x10,
    0xff, 0xfd, 0xff, 0xff, 0xff, 0xff, 0x10, 0xcf,
    0xf1, 0xf, 0xff, 0xdf, 0xff, 0xff, 0xff, 0xf1,
    0xc, 0xff, 0x10, 0xff, 0xf6, 0x77, 0x77, 0x7e,
    0xff, 0x10, 0xcf, 0xf1, 0xf, 0xff, 0x0, 0x0,
    0x0, 0xdf, 0xf1, 0xc, 0xff, 0x10, 0xff, 0xf0,
    0x0, 0x0, 0xd, 0xff, 0x10, 0xcf, 0xf1, 0xf,
    0xff, 0x0, 0x0, 0x0, 0xdf, 0xf1, 0xc, 0xff,
    0x10, 0xff, 0xf9, 0xaa, 0xaa, 0xaf, 0xff, 0x10,
    0xcf, 0xf1, 0xf, 0xff, 0xdf, 0xff, 0xff, 0xff,
    0xf1, 0xc, 0xff, 0x21, 0xff, 0xfd, 0xff, 0xcc,
    0xcc, 0xcc, 0x0, 0xcf, 0xff, 0xff, 0xff, 0xdf,
    0xf1, 0x0, 0x0, 0x0, 0xc, 0xff, 0xff, 0xff,
    0xfd, 0xff, 0x10, 0x0, 0x0, 0x0, 0xcf, 0xf6,
    0x5f, 0xff, 0xdf, 0xf1, 0x0, 0x0, 0x0, 0xc,
    0xff, 0x10, 0xff, 0xfd, 0xff, 0x10, 0x0, 0x0,
    0x0, 0xcf, 0xf1, 0xf, 0xff, 0xdf, 0xf8, 0x88,
    0x89, 0xac, 0x1c, 0xff, 0x10, 0xff, 0xfd, 0xff,
    0xff, 0xff, 0xff, 0xf2, 0xcf, 0xf1, 0xf, 0xff,
    0xcf, 0xff, 0xfe, 0xed, 0xca, 0x2c, 0xff, 0x10,
    0xff, 0xf0, 0x0, 0x0, 0x0, 0x0, 0x0, 0xcf,
    0xf1, 0xf, 0xff, 0x0, 0x0, 0x0, 0x0, 0x0,
    0xc, 0xff, 0x10, 0xff, 0xf0, 0x0, 0x0, 0x0,
    0x0, 0x0, 0xcf, 0xf1, 0xf, 0xff, 0x0, 0x0,
    0x0, 0x0, 0x0, 0xc, 0xff, 0x10, 0xff, 0xf0,
    0x0, 0x0, 0x0, 0x0, 0x0, 0xcf, 0xf1, 0xf,
    0xff, 0x0, 0x0, 0x0, 0x0, 0x0, 0x0, 0x0,
    0x0, 0x99, 0x90,

    /* U+B7B5 "략" */
    0x0, 0x0, 0x0, 0x0, 0x0, 0x0, 0x0, 0x3f,
    0xfc, 0x0, 0x0, 0xbf, 0xff, 0xff, 0xff, 0xff,
    0xf1, 0x0, 0x3f, 0xfc, 0x0, 0x0, 0xbf, 0xff,
    0xff, 0xff, 0xff, 0xf1, 0x0, 0x3f, 0xfc, 0x0,
    0x0, 0x57, 0x77, 0x77, 0x77, 0xef, 0xf1, 0x0,
    0x3f, 0xfe, 0x99, 0x91, 0x23, 0x33, 0x33, 0x33,
    0xef, 0xf1, 0x0, 0x3f, 0xff, 0xff, 0xf3, 0xbf,
    0xff, 0xff, 0xff, 0xff, 0xf1, 0x0, 0x3f, 0xfc,
    0x33, 0x30, 0xbf, 0xff, 0xff, 0xff, 0xff, 0xf1,
    0x0, 0x3f, 0xfc, 0x0, 0x0, 0xbf, 0xf5, 0x22,
    0x22, 0x22, 0x20, 0x0, 0x3f, 0xfd, 0x33, 0x30,
    0xbf, 0xf3, 0x0, 0x0, 0x0, 0x0, 0x0, 0x3f,
    0xff, 0xff, 0xf3, 0xbf, 0xf9, 0x88, 0x88, 0x89,
    0xab, 0xd4, 0x3f, 0xff, 0xff, 0xf3, 0xbf, 0xff,
    0xff, 0xff, 0xff, 0xff, 0xf7, 0x3f, 0xfd, 0x44,
    0x40, 0xaf, 0xff, 0xff, 0xee, 0xed, 0xcb, 0x94,
    0x3f, 0xfc, 0x0, 0x0, 0x0, 0x0, 0x0, 0x0,
    0x0, 0x0, 0x0, 0x3f, 0xfc, 0x0, 0x0, 0x0,
    0x15, 0x55, 0x55, 0x55, 0x55, 0x55, 0x58, 0x86,
    0x0, 0x0, 0x0, 0x4f, 0xff, 0xff, 0xff, 0xff,
    0xff, 0xff, 0xfc, 0x0, 0x0, 0x0, 0x4f, 0xff,
    0xff, 0xff, 0xff, 0xff, 0xff, 0xfc, 0x0, 0x0,
    0x0, 0x2, 0x22, 0x22, 0x22, 0x22, 0x22, 0x4f,
    0xfc, 0x0, 0x0, 0x0, 0x0, 0x0, 0x0, 0x0,
    0x0, 0x0, 0x2f, 0xfc, 0x0, 0x0, 0x0, 0x0,
    0x0, 0x0, 0x0, 0x0, 0x0, 0x2f, 0xfc, 0x0,
    0x0, 0x0, 0x0, 0x0, 0x0, 0x0, 0x0, 0x0,
    0x2f, 0xfc, 0x0, 0x0, 0x0, 0x0, 0x0, 0x0,
    0x0, 0x0, 0x0, 0x2f, 0xfc, 0x0, 0x0, 0x0,
    0x0, 0x0, 0x0, 0x0, 0x0, 0x0, 0x2f, 0xfc,
    0x0, 0x0, 0x0, 0x0, 0x0, 0x0, 0x0, 0x0,
    0x0, 0x1, 0x11, 0x0, 0x0,

    /* U+B7C9 "량" */
    0x0, 0x0, 0x0, 0x0, 0x0, 0x0, 0x0, 0x3f,
    0xfc, 0x0, 0x0, 0xbf, 0xff, 0xff, 0xff, 0xff,
    0xf1, 0x0, 0x3f, 0xfc, 0x0, 0x0, 0xbf, 0xff,
    0xff, 0xff, 0xff, 0xf1, 0x0, 0x3f, 0xfc, 0x0,
    0x0, 0x57, 0x77, 0x77, 0x77, 0xef, 0xf1, 0x0,
    0x3f, 0xfe, 0x99, 0x91, 0x23, 0x33, 0x33, 0x33,
    0xef, 0xf1, 0x0, 0x3f, 0xff, 0xff, 0xf3, 0xbf,
    0xff, 0xff, 0xff, 0xff, 0xf1, 0x0, 0x3f, 0xfc,
    0x33, 0x30, 0xbf, 0xff, 0xff, 0xff, 0xff, 0xf1,
    0x0, 0x3f, 0xfc, 0x0, 0x0, 0xbf, 0xf5, 0x22,
    0x22, 0x22, 0x20, 0x0, 0x3f, 0xfd, 0x33, 0x30,
    0xbf, 0xf3, 0x0, 0x0, 0x0, 0x0, 0x0, 0x3f,
    0xff, 0xff, 0xf3, 0xbf, 0xf9, 0x88, 0x88, 0x89,
    0xab, 0xd4, 0x3f, 0xff, 0xff, 0xf3, 0xbf, 0xff,
    0xff, 0xff, 0xff, 0xff, 0xf7, 0x3f, 0xfd, 0x44,
    0x40, 0xaf, 0xff, 0xff, 0xee, 0xed, 0xcb, 0x94,
    0x3f, 0xfc, 0x0, 0x0, 0x0, 0x0, 0x0, 0x0,
    0x0, 0x0, 0x0, 0x3f, 0xfc, 0x0, 0x0, 0x0,
    0x0, 0x1, 0x7b, 0xde, 0xfe, 0xda, 0x77, 0x64,
    0x0, 0x0, 0x0, 0x0, 0x8f, 0xff, 0xff, 0xff,
    0xff, 0xff, 0x60, 0x0, 0x0, 0x0, 0x8, 0xff,
    0xfd, 0x98, 0x78, 0xad, 0xff, 0xf6, 0x0, 0x0,
    0x0, 0xf, 0xff, 0x40, 0x0, 0x0, 0x0, 0x6f,
    0xfe, 0x0, 0x0, 0x0, 0x2f, 0xfd, 0x0, 0x0,
    0x0, 0x0, 0xf, 0xff, 0x0, 0x0, 0x0, 0xf,
    0xff, 0x40, 0x0, 0x0, 0x0, 0x6f, 0xfe, 0x0,
    0x0, 0x0, 0x8, 0xff, 0xfc, 0x97, 0x77, 0x9d,
    0xff, 0xf6, 0x0, 0x0, 0x0, 0x0, 0x8f, 0xff,
    0xff, 0xff, 0xff, 0xff, 0x70, 0x0, 0x0, 0x0,
    0x0, 0x2, 0x7b, 0xef, 0xff, 0xdb, 0x71, 0x0,
    0x0, 0x0,

    /* U+B7EC "러" */
    0x0, 0x0, 0x0, 0x0, 0x0, 0x0, 0x0, 0x0,
    0xdf, 0xf1, 0x2f, 0xff, 0xff, 0xff, 0xff, 0xf2,
    0x0, 0x0, 0xdf, 0xf1, 0x2f, 0xff, 0xff, 0xff,
    0xff, 0xf2, 0x0, 0x0, 0xdf, 0xf1, 0x18, 0x88,
    0x88, 0x88, 0xef, 0xf2, 0x0, 0x0, 0xdf, 0xf1,
    0x0, 0x0, 0x0, 0x0, 0xcf, 0xf2, 0x0, 0x0,
    0xdf, 0xf1, 0x0, 0x0, 0x0, 0x0, 0xcf, 0xf2,
    0x0, 0x0, 0xdf, 0xf1, 0x0, 0x0, 0x0, 0x0,
    0xcf, 0xf2, 0x0, 0x0, 0xdf, 0xf1, 0x17, 0x77,
    0x77, 0x77, 0xdf, 0xf2, 0x68, 0x88, 0xef, 0xf1,
    0x3f, 0xff, 0xff, 0xff, 0xff, 0xf2, 0xbf, 0xff,
    0xff, 0xf1, 0x3f, 0xff, 0xff, 0xff, 0xff, 0xf2,
    0xaf, 0xff, 0xff, 0xf1, 0x3f, 0xfb, 0x0, 0x0,
    0x0, 0x0, 0x0, 0x0, 0xdf, 0xf1, 0x3f, 0xfb,
    0x0, 0x0, 0x0, 0x0, 0x0, 0x0, 0xdf, 0xf1,
    0x3f, 0xfb, 0x0, 0x0, 0x0, 0x0, 0x0, 0x0,
    0xdf, 0xf1, 0x3f, 0xfb, 0x0, 0x0, 0x0, 0x0,
    0x0, 0x0, 0xdf, 0xf1, 0x3f, 0xfd, 0x55, 0x56,
    0x67, 0x8a, 0xa0, 0x0, 0xdf, 0xf1, 0x3f, 0xff,
    0xff, 0xff, 0xff, 0xff, 0xf0, 0x0, 0xdf, 0xf1,
    0x3f, 0xff, 0xff, 0xff, 0xee, 0xdb, 0x90, 0x0,
    0xdf, 0xf1, 0x0, 0x0, 0x0, 0x0, 0x0, 0x0,
    0x0, 0x0, 0xdf, 0xf1, 0x0, 0x0, 0x0, 0x0,
    0x0, 0x0, 0x0, 0x0, 0xdf, 0xf1, 0x0, 0x0,
    0x0, 0x0, 0x0, 0x0, 0x0, 0x0, 0xdf, 0xf1,
    0x0, 0x0, 0x0, 0x0, 0x0, 0x0, 0x0, 0x0,
    0xdf, 0xf1, 0x0, 0x0, 0x0, 0x0, 0x0, 0x0,
    0x0, 0x0, 0xdf, 0xf1, 0x0, 0x0, 0x0, 0x0,
    0x0, 0x0, 0x0, 0x0, 0x89, 0x90,

    /* U+B7F0 "런" */
    0x0, 0x0, 0x0, 0x0, 0x0, 0x0, 0x0, 0x0,
    0xff, 0xe0, 0x1f, 0xff, 0xff, 0xff, 0xff, 0xf1,
    0x0, 0x0, 0xff, 0xe0, 0x1f, 0xff, 0xff, 0xff,
    0xff, 0xf1, 0x0, 0x0, 0xff, 0xe0, 0x6, 0x66,
    0x66, 0x66, 0xdf, 0xf1, 0x0, 0x0, 0xff, 0xe0,
    0x0, 0x0, 0x0, 0x0, 0xcf, 0xf1, 0x35, 0x55,
    0xff, 0xe0, 0x1f, 0xff, 0xff, 0xff, 0xff, 0xf1,
    0xaf, 0xff, 0xff, 0xe0, 0x1f, 0xff, 0xff, 0xff,
    0xff, 0xf1, 0xaf, 0xff, 0xff, 0xe0, 0x1f, 0xfe,
    0x66, 0x66, 0x66, 0x60, 0x0, 0x0, 0xff, 0xe0,
    0x1f, 0xfc, 0x0, 0x0, 0x0, 0x0, 0x0, 0x0,
    0xff, 0xe0, 0x1f, 0xfc, 0x0, 0x0, 0x0, 0x13,
    0x50, 0x0, 0xff, 0xe0, 0x1f, 0xff, 0xff, 0xff,
    0xff, 0xff, 0xf0, 0x0, 0xff, 0xe0, 0x1f, 0xff,
    0xff, 0xff, 0xff, 0xff, 0xf1, 0x0, 0xff, 0xe0,
    0x6, 0x66, 0x66, 0x66, 0x54, 0x31, 0x0, 0x0,
    0xff, 0xe0, 0x0, 0x0, 0x0, 0x0, 0x0, 0x0,
    0x0, 0x0, 0xff, 0xe0, 0x0, 0x0, 0x47, 0x71,
    0x0, 0x0, 0x0, 0x0, 0xff, 0xe0, 0x0, 0x0,
    0x9f, 0xf3, 0x0, 0x0, 0x0, 0x0, 0xff, 0xe0,
    0x0, 0x0, 0x9f, 0xf3, 0x0, 0x0, 0x0, 0x0,
    0x22, 0x20, 0x0, 0x0, 0x9f, 0xf3, 0x0, 0x0,
    0x0, 0x0, 0x0, 0x0, 0x0, 0x0, 0x9f, 0xf3,
    0x0, 0x0, 0x0, 0x0, 0x0, 0x0, 0x0, 0x0,
    0x9f, 0xf9, 0x77, 0x77, 0x77, 0x77, 0x77, 0x72,
    0x0, 0x0, 0x9f, 0xff, 0xff, 0xff, 0xff, 0xff,
    0xff, 0xf4, 0x0, 0x0, 0x9f, 0xff, 0xff, 0xff,
    0xff, 0xff, 0xff, 0xf4,

    /* U+B800 "렀" */
    0x0, 0x0, 0x0, 0x0, 0x0, 0x0, 0x0, 0x0,
    0xff, 0xe0, 0x1, 0xff, 0xff, 0xff, 0xff, 0xff,
    0x30, 0x0, 0xf, 0xfe, 0x0, 0x1f, 0xff, 0xff,
    0xff, 0xff, 0xf3, 0x0, 0x0, 0xff, 0xe0, 0x0,
    0x66, 0x66, 0x66, 0x6c, 0xff, 0x30, 0x0, 0xf,
    0xfe, 0x0, 0x2, 0x22, 0x22, 0x22, 0xaf, 0xf3,
    0x78, 0x88, 0xff, 0xe0, 0x1, 0xff, 0xff, 0xff,
    0xff, 0xff, 0x3d, 0xff, 0xff, 0xfe, 0x0, 0x1f,
    0xff, 0xff, 0xff, 0xff, 0xf3, 0x8a, 0xaa, 0xff,
    0xe0, 0x1, 0xff, 0xd2, 0x22, 0x22, 0x22, 0x0,
    0x0, 0xf, 0xfe, 0x0, 0x1f, 0xfc, 0x0, 0x0,
    0x0, 0x0, 0x0, 0x0, 0xff, 0xe0, 0x1, 0xff,
    0xe7, 0x77, 0x78, 0x89, 0xbb, 0x0, 0xf, 0xfe,
    0x0, 0x1f, 0xff, 0xff, 0xff, 0xff, 0xff, 0xe0,
    0x0, 0xff, 0xe0, 0x1, 0xff, 0xff, 0xff, 0xfe,
    0xdc, 0xa8, 0x0, 0xf, 0xfe, 0x0, 0x0, 0x0,
    0x0, 0x0, 0x0, 0x0, 0x0, 0x0, 0xff, 0xe0,
    0x0, 0x0, 0x0, 0x44, 0x40, 0x0, 0x0, 0x34,
    0x41, 0x0, 0x0, 0x0, 0x0, 0xf, 0xfe, 0x0,
    0x0, 0xa, 0xff, 0x30, 0x0, 0x0, 0x0, 0x0,
    0xff, 0xf0, 0x0, 0x0, 0xbf, 0xf5, 0x0, 0x0,
    0x0, 0x0, 0x4f, 0xff, 0x70, 0x0, 0xf, 0xff,
    0x90, 0x0, 0x0, 0x0, 0xc, 0xff, 0xff, 0x40,
    0x6, 0xff, 0xff, 0x10, 0x0, 0x0, 0x8, 0xff,
    0xef, 0xff, 0x52, 0xff, 0xff, 0xfc, 0x10, 0x0,
    0x8, 0xff, 0xe1, 0x9f, 0x64, 0xef, 0xf8, 0xcf,
    0xfd, 0x30, 0x2d, 0xff, 0xf3, 0x0, 0x2a, 0xff,
    0xfa, 0x1, 0xdf, 0xff, 0x70, 0xaf, 0xe3, 0x0,
    0x0, 0x7f, 0xf8, 0x0, 0x1, 0xaf, 0xb0, 0x0,
    0x61, 0x0, 0x0, 0x0, 0x64, 0x0, 0x0, 0x0,
    0x40, 0x0,

    /* U+B807 "렇" */
    0x1f, 0xff, 0xff, 0xff, 0xff, 0xf3, 0x0, 0x0,
    0xff, 0xe0, 0x1f, 0xff, 0xff, 0xff, 0xff, 0xf3,
    0x0, 0x0, 0xff, 0xe0, 0x5, 0x55, 0x55, 0x55,
    0xdf, 0xf3, 0x0, 0x0, 0xff, 0xe0, 0x0, 0x0,
    0x0, 0x0, 0xbf, 0xf3, 0x7b, 0xbb, 0xff, 0xe0,
    0x1f, 0xff, 0xff, 0xff, 0xff, 0xf3, 0xaf, 0xff,
    0xff, 0xe0, 0x1f, 0xff, 0xff, 0xff, 0xff, 0xf3,
    0x7b, 0xbb, 0xff, 0xe0, 0x1f, 0xfd, 0x33, 0x33,
    0x33, 0x30, 0x0, 0x0, 0xff, 0xe0, 0x1f, 0xfd,
    0x22, 0x33, 0x44, 0x57, 0x60, 0x0, 0xff, 0xe0,
    0x1f, 0xff, 0xff, 0xff, 0xff, 0xff, 0xc0, 0x0,
    0xff, 0xe0, 0x1f, 0xff, 0xff, 0xff, 0xff, 0xff,
    0xc0, 0x0, 0xff, 0xe0, 0x2, 0x22, 0x22, 0x22,
    0x24, 0x54, 0x20, 0x0, 0xff, 0xe0, 0x0, 0x0,
    0x0, 0x0, 0x8, 0xff, 0x70, 0x0, 0xcc, 0xb0,
    0x0, 0x0, 0x0, 0x0, 0x8, 0xff, 0x70, 0x0,
    0x0, 0x0, 0x0, 0x2d, 0xdd, 0xdd, 0xde, 0xff,
    0xed, 0xdd, 0xdd, 0xd6, 0x0, 0x2f, 0xff, 0xff,
    0xff, 0xff, 0xff, 0xff, 0xff, 0xf8, 0x0, 0x4,
    0x44, 0x44, 0x57, 0x77, 0x75, 0x44, 0x44, 0x42,
    0x0, 0x0, 0x3, 0xae, 0xff, 0xff, 0xff, 0xfb,
    0x50, 0x0, 0x0, 0x0, 0x4f, 0xff, 0xfe, 0xdd,
    0xef, 0xff, 0xf9, 0x0, 0x0, 0x0, 0xcf, 0xf5,
    0x0, 0x0, 0x0, 0x3f, 0xff, 0x10, 0x0, 0x0,
    0xbf, 0xf7, 0x10, 0x0, 0x1, 0x5f, 0xff, 0x10,
    0x0, 0x0, 0x3f, 0xff, 0xff, 0xff, 0xff, 0xff,
    0xf7, 0x0, 0x0, 0x0, 0x1, 0x7c, 0xef, 0xff,
    0xff, 0xd9, 0x30, 0x0, 0x0, 0x0, 0x0, 0x0,
    0x0, 0x11, 0x0, 0x0, 0x0, 0x0,

    /* U+B824 "려" */
    0x0, 0x0, 0x0, 0x0, 0x0, 0x0, 0x0, 0x0,
    0xdf, 0xf1, 0x17, 0x77, 0x77, 0x77, 0x77, 0x71,
    0x0, 0x0, 0xdf, 0xf1, 0x2f, 0xff, 0xff, 0xff,
    0xff, 0xf2, 0x0, 0x0, 0xdf, 0xf1, 0x1a, 0xaa,
    0xaa, 0xaa, 0xef, 0xf2, 0x0, 0x0, 0xdf, 0xf1,
    0x0, 0x0, 0x0, 0x0, 0xcf, 0xf2, 0x8f, 0xff,
    0xff, 0xf1, 0x0, 0x0, 0x0, 0x0, 0xcf, 0xf2,
    0x9f, 0xff, 0xff, 0xf1, 0x0, 0x0, 0x0, 0x0,
    0xcf, 0xf2, 0x48, 0x88, 0xef, 0xf1, 0x19, 0x99,
    0x99, 0x99, 0xef, 0xf2, 0x0, 0x0, 0xdf, 0xf1,
    0x3f, 0xff, 0xff, 0xff, 0xff, 0xf2, 0x0, 0x0,
    0xdf, 0xf1, 0x3f, 0xff, 0xff, 0xff, 0xff, 0xf2,
    0x0, 0x0, 0xdf, 0xf1, 0x3f, 0xfb, 0x0, 0x0,
    0x0, 0x0, 0xbf, 0xff, 0xff, 0xf1, 0x3f, 0xfb,
    0x0, 0x0, 0x0, 0x0, 0xbf, 0xff, 0xff, 0xf1,
    0x3f, 0xfb, 0x0, 0x0, 0x0, 0x0, 0x57, 0x77,
    0xef, 0xf1, 0x3f, 0xfb, 0x0, 0x0, 0x0, 0x0,
    0x0, 0x0, 0xdf, 0xf1, 0x3f, 0xfd, 0x55, 0x56,
    0x67, 0x8a, 0x90, 0x0, 0xdf, 0xf1, 0x3f, 0xff,
    0xff, 0xff, 0xff, 0xff, 0xe0, 0x0, 0xdf, 0xf1,
    0x3f, 0xff, 0xff, 0xff, 0xee, 0xdb, 0x90, 0x0,
    0xdf, 0xf1, 0x0, 0x0, 0x0, 0x0, 0x0, 0x0,
    0x0, 0x0, 0xdf, 0xf1, 0x0, 0x0, 0x0, 0x0,
    0x0, 0x0, 0x0, 0x0, 0xdf, 0xf1, 0x0, 0x0,
    0x0, 0x0, 0x0, 0x0, 0x0, 0x0, 0xdf, 0xf1,
    0x0, 0x0, 0x0, 0x0, 0x0, 0x0, 0x0, 0x0,
    0xdf, 0xf1, 0x0, 0x0, 0x0, 0x0, 0x0, 0x0,
    0x0, 0x0, 0xdf, 0xf1, 0x0, 0x0, 0x0, 0x0,
    0x0, 0x0, 0x0, 0x0, 0x79, 0x90,

    /* U+B825 "력" */
    0x0, 0x0, 0x0, 0x0, 0x0, 0x0, 0x0, 0x0,
    0xff, 0xe0, 0x1f, 0xff, 0xff, 0xff, 0xff, 0xf1,
    0x0, 0x0, 0xff, 0xe0, 0x1f, 0xff, 0xff, 0xff,
    0xff, 0xf1, 0x0, 0x0, 0xff, 0xe0, 0x6, 0x66,
    0x66, 0x66, 0xdf, 0xf1, 0x7d, 0xdd, 0xff, 0xe0,
    0x0, 0x0, 0x0, 0x0, 0xcf, 0xf1, 0x8e, 0xee,
    0xff, 0xe0, 0x1f, 0xff, 0xff, 0xff, 0xff, 0xf1,
    0x0, 0x0, 0xff, 0xe0, 0x1f, 0xff, 0xff, 0xff,
    0xff, 0xf1, 0x0, 0x0, 0xff, 0xe0, 0x1f, 0xfd,
    0x44, 0x44, 0x44, 0x40, 0xaf, 0xff, 0xff, 0xe0,
    0x1f, 0xfc, 0x0, 0x0, 0x0, 0x0, 0xaf, 0xff,
    0xff, 0xe0, 0x1f, 0xfd, 0x33, 0x33, 0x35, 0x77,
    0x46, 0x66, 0xff, 0xe0, 0x1f, 0xff, 0xff, 0xff,
    0xff, 0xfe, 0x0, 0x0, 0xff, 0xe0, 0x1f, 0xff,
    0xff, 0xff, 0xff, 0xec, 0x0, 0x0, 0xff, 0xe0,
    0x3, 0x33, 0x22, 0x22, 0x10, 0x0, 0x0, 0x0,
    0xff, 0xe0, 0x0, 0x0, 0x22, 0x22, 0x22, 0x22,
    0x22, 0x22, 0x78, 0x70, 0x0, 0x0, 0xff, 0xff,
    0xff, 0xff, 0xff, 0xff, 0xff, 0xf0, 0x0, 0x0,
    0xff, 0xff, 0xff, 0xff, 0xff, 0xff, 0xff, 0xf0,
    0x0, 0x0, 0x55, 0x55, 0x55, 0x55, 0x55, 0x55,
    0xef, 0xf0, 0x0, 0x0, 0x0, 0x0, 0x0, 0x0,
    0x0, 0x0, 0xef, 0xf0, 0x0, 0x0, 0x0, 0x0,
    0x0, 0x0, 0x0, 0x0, 0xef, 0xf0, 0x0, 0x0,
    0x0, 0x0, 0x0, 0x0, 0x0, 0x0, 0xef, 0xf0,
    0x0, 0x0, 0x0, 0x0, 0x0, 0x0, 0x0, 0x0,
    0xef, 0xf0, 0x0, 0x0, 0x0, 0x0, 0x0, 0x0,
    0x0, 0x0, 0xef, 0xf0, 0x0, 0x0, 0x0, 0x0,
    0x0, 0x0, 0x0, 0x0, 0x11, 0x10,

    /* U+B839 "령" */
    0x0, 0x0, 0x0, 0x0, 0x0, 0x0, 0x0, 0x0,
    0xff, 0xe0, 0x1f, 0xff, 0xff, 0xff, 0xff, 0xf1,
    0x0, 0x0, 0xff, 0xe0, 0x1f, 0xff, 0xff, 0xff,
    0xff, 0xf1, 0x26, 0x66, 0xff, 0xe0, 0x6, 0x66,
    0x66, 0x66, 0xdf, 0xf1, 0x6f, 0xff, 0xff, 0xe0,
    0x1, 0x11, 0x11, 0x11, 0xcf, 0xf1, 0x6f, 0xff,
    0xff, 0xe0, 0x1f, 0xff, 0xff, 0xff, 0xff, 0xf1,
    0x0, 0x0, 0xff, 0xe0, 0x1f, 0xff, 0xff, 0xff,
    0xff, 0xf1, 0x0, 0x0, 0xff, 0xe0, 0x1f, 0xfc,
    0x0, 0x0, 0x0, 0x0, 0x6f, 0xff, 0xff, 0xe0,
    0x1f, 0xfc, 0x0, 0x0, 0x0, 0x0, 0x6f, 0xff,
    0xff, 0xe0, 0x1f, 0xfe, 0xaa, 0xaa, 0xac, 0xec,
    0x26, 0x66, 0xff, 0xe0, 0x1f, 0xff, 0xff, 0xff,
    0xff, 0xfe, 0x0, 0x0, 0xff, 0xe0, 0x1f, 0xff,
    0xff, 0xff, 0xff, 0xfc, 0x0, 0x0, 0xff, 0xe0,
    0x4, 0x44, 0x33, 0x33, 0x32, 0x22, 0x21, 0x0,
    0xff, 0xe0, 0x0, 0x0, 0x0, 0x7, 0xcf, 0xff,
    0xff, 0xfb, 0x60, 0x0, 0x0, 0x0, 0x3, 0xef,
    0xff, 0xff, 0xff, 0xff, 0xfc, 0x10, 0x0, 0x0,
    0x1e, 0xff, 0xc7, 0x43, 0x35, 0x8e, 0xff, 0xc0,
    0x0, 0x0, 0x7f, 0xf9, 0x0, 0x0, 0x0, 0x1,
    0xef, 0xf3, 0x0, 0x0, 0x8f, 0xf4, 0x0, 0x0,
    0x0, 0x0, 0xaf, 0xf4, 0x0, 0x0, 0x6f, 0xfb,
    0x0, 0x0, 0x0, 0x3, 0xff, 0xf2, 0x0, 0x0,
    0xd, 0xff, 0xea, 0x76, 0x78, 0xcf, 0xff, 0xa0,
    0x0, 0x0, 0x1, 0xcf, 0xff, 0xff, 0xff, 0xff,
    0xf9, 0x0, 0x0, 0x0, 0x0, 0x4, 0x9d, 0xef,
    0xfe, 0xc8, 0x20, 0x0,

    /* U+B85C "로" */
    0x0, 0x2, 0x77, 0x77, 0x77, 0x77, 0x77, 0x77,
    0x77, 0x30, 0x0, 0x0, 0x4, 0xff, 0xff, 0xff,
    0xff, 0xff, 0xff, 0xff, 0x60, 0x0, 0x0, 0x4,
    0xff, 0xff, 0xff, 0xff, 0xff, 0xff, 0xff, 0x60,
    0x0, 0x0, 0x0, 0x0, 0x0, 0x0, 0x0, 0x0,
    0x8, 0xff, 0x60, 0x0, 0x0, 0x0, 0x0, 0x0,
    0x0, 0x0, 0x0, 0x8, 0xff, 0x60, 0x0, 0x0,
    0x5, 0xff, 0xff, 0xff, 0xff, 0xff, 0xff, 0xff,
    0x60, 0x0, 0x0, 0x5, 0xff, 0xff, 0xff, 0xff,
    0xff, 0xff, 0xff, 0x60, 0x0, 0x0, 0x5, 0xff,
    0xc6, 0x66, 0x66, 0x66, 0x66, 0x66, 0x20, 0x0,
    0x0, 0x5, 0xff, 0x90, 0x0, 0x0, 0x0, 0x0,
    0x0, 0x0, 0x0, 0x0, 0x5, 0xff, 0x90, 0x0,
    0x0, 0x0, 0x0, 0x0, 0x0, 0x0, 0x0, 0x5,
    0xff, 0xff, 0xff, 0xff, 0xff, 0xff, 0xff, 0xf0,
    0x0, 0x0, 0x5, 0xff, 0xff, 0xff, 0xff, 0xff,
    0xff, 0xff, 0xf0, 0x0, 0x0, 0x2, 0x77, 0x77,
    0x7a, 0xff, 0xc7, 0x77, 0x77, 0x70, 0x0, 0x0,
    0x0, 0x0, 0x0, 0x5, 0xff, 0x80, 0x0, 0x0,
    0x0, 0x0, 0x0, 0x0, 0x0, 0x0, 0x5, 0xff,
    0x80, 0x0, 0x0, 0x0, 0x0, 0x16, 0x66, 0x66,
    0x66, 0x69, 0xff, 0xb6, 0x66, 0x66, 0x66, 0x64,
    0x4f, 0xff, 0xff, 0xff, 0xff, 0xff, 0xff, 0xff,
    0xff, 0xff, 0xfb, 0x4f, 0xff, 0xff, 0xff, 0xff,
    0xff, 0xff, 0xff, 0xff, 0xff, 0xfb, 0x1, 0x11,
    0x11, 0x11, 0x11, 0x11, 0x11, 0x11, 0x11, 0x11,
    0x10,

    /* U+B85D "록" */
    0x0, 0x2, 0xff, 0xff, 0xff, 0xff, 0xff, 0xff,
    0xff, 0x50, 0x0, 0x0, 0x2, 0xff, 0xff, 0xff,
    0xff, 0xff, 0xff, 0xff, 0x50, 0x0, 0x0, 0x1,
    0x66, 0x66, 0x66, 0x66, 0x66, 0x6c, 0xff, 0x50,
    0x0, 0x0, 0x2, 0xee, 0xee, 0xee, 0xee, 0xee,
    0xef, 0xff, 0x50, 0x0, 0x0, 0x2, 0xff, 0xff,
    0xff, 0xff, 0xff, 0xff, 0xff, 0x50, 0x0, 0x0,
    0x2, 0xff, 0xd4, 0x44, 0x44, 0x44, 0x44, 0x44,
    0x10, 0x0, 0x0, 0x2, 0xff, 0xd3, 0x33, 0x33,
    0x33, 0x33, 0x33, 0x20, 0x0, 0x0, 0x2, 0xff,
    0xff, 0xff, 0xff, 0xff, 0xff, 0xff, 0xd0, 0x0,
    0x0, 0x2, 0xff, 0xff, 0xff, 0xff, 0xff, 0xff,
    0xff, 0xd0, 0x0, 0x0, 0x0, 0x33, 0x33, 0x38,
    0xff, 0xa3, 0x33, 0x33, 0x20, 0x0, 0x3, 0x33,
    0x33, 0x33, 0x38, 0xff, 0xa3, 0x33, 0x33, 0x33,
    0x32, 0x4f, 0xff, 0xff, 0xff, 0xff, 0xff, 0xff,
    0xff, 0xff, 0xff, 0xfb, 0x4f, 0xff, 0xff, 0xff,
    0xff, 0xff, 0xff, 0xff, 0xff, 0xff, 0xfb, 0x3,
    0x33, 0x33, 0x33, 0x33, 0x33, 0x33, 0x33, 0x33,
    0x33, 0x32, 0x0, 0x5, 0x77, 0x77, 0x77, 0x77,
    0x77, 0x77, 0x77, 0x40, 0x0, 0x0, 0xb, 0xff,
    0xff, 0xff, 0xff, 0xff, 0xff, 0xff, 0xa0, 0x0,
    0x0, 0xb, 0xff, 0xff, 0xff, 0xff, 0xff, 0xff,
    0xff, 0xa0, 0x0, 0x0, 0x0, 0x0, 0x0, 0x0,
    0x0, 0x0, 0x6, 0xff, 0xa0, 0x0, 0x0, 0x0,
    0x0, 0x0, 0x0, 0x0, 0x0, 0x6, 0xff, 0xa0,
    0x0, 0x0, 0x0, 0x0, 0x0, 0x0, 0x0, 0x0,
    0x6, 0xff, 0xa0, 0x0, 0x0, 0x0, 0x0, 0x0,
    0x0, 0x0, 0x0, 0x6, 0xff, 0xa0, 0x0, 0x0,
    0x0, 0x0, 0x0, 0x0, 0x0, 0x0, 0x6, 0xff,
    0xa0, 0x0, 0x0, 0x0, 0x0, 0x0, 0x0, 0x0,
    0x0, 0x0, 0x11, 0x10, 0x0,

    /* U+B864 "롤" */
    0x0, 0x2, 0xff, 0xff, 0xff, 0xff, 0xff, 0xff,
    0xff, 0x50, 0x0, 0x0, 0x2, 0xff, 0xff, 0xff,
    0xff, 0xff, 0xff, 0xff, 0x50, 0x0, 0x0, 0x0,
    0x33, 0x33, 0x33, 0x33, 0x33, 0x3a, 0xff, 0x50,
    0x0, 0x0, 0x2, 0xff, 0xff, 0xff, 0xff, 0xff,
    0xff, 0xff, 0x50, 0x0, 0x0, 0x2, 0xff, 0xff,
    0xff, 0xff, 0xff, 0xff, 0xff, 0x50, 0x0, 0x0,
    0x2, 0xff, 0xc0, 0x0, 0x0, 0x0, 0x0, 0x0,
    0x0, 0x0, 0x0, 0x2, 0xff, 0xff, 0xff, 0xff,
    0xff, 0xff, 0xff, 0xd0, 0x0, 0x0, 0x2, 0xff,
    0xff, 0xff, 0xff, 0xff, 0xff, 0xff, 0xd0, 0x0,
    0x0, 0x0, 0x44, 0x44, 0x48, 0xff, 0xa4, 0x44,
    0x44, 0x30, 0x0, 0x15, 0x55, 0x55, 0x55, 0x59,
    0xff, 0xb5, 0x55, 0x55, 0x55, 0x53, 0x4f, 0xff,
    0xff, 0xff, 0xff, 0xff, 0xff, 0xff, 0xff, 0xff,
    0xfb, 0x4f, 0xff, 0xff, 0xff, 0xff, 0xff, 0xff,
    0xff, 0xff, 0xff, 0xfb, 0x0, 0x0, 0x0, 0x0,
    0x0, 0x0, 0x0, 0x0, 0x0, 0x0, 0x0, 0x0,
    0x3, 0xff, 0xff, 0xff, 0xff, 0xff, 0xff, 0xff,
    0x70, 0x0, 0x0, 0x3, 0xff, 0xff, 0xff, 0xff,
    0xff, 0xff, 0xff, 0x70, 0x0, 0x0, 0x0, 0x11,
    0x11, 0x11, 0x11, 0x11, 0x18, 0xff, 0x70, 0x0,
    0x0, 0x3, 0xdd, 0xdd, 0xdd, 0xdd, 0xdd, 0xde,
    0xff, 0x70, 0x0, 0x0, 0x3, 0xff, 0xff, 0xff,
    0xff, 0xff, 0xff, 0xff, 0x70, 0x0, 0x0, 0x3,
    0xff, 0xb3, 0x33, 0x33, 0x33, 0x33, 0x33, 0x10,
    0x0, 0x0, 0x3, 0xff, 0xb3, 0x33, 0x33, 0x33,
    0x33, 0x33, 0x30, 0x0, 0x0, 0x3, 0xff, 0xff,
    0xff, 0xff, 0xff, 0xff, 0xff, 0xe0, 0x0, 0x0,
    0x3, 0xff, 0xff, 0xff, 0xff, 0xff, 0xff, 0xff,
    0xe0, 0x0,

    /* U+B8CC "료" */
    0x0, 0x2, 0x77, 0x77, 0x77, 0x77, 0x77, 0x77,
    0x77, 0x30, 0x0, 0x0, 0x5, 0xff, 0xff, 0xff,
    0xff, 0xff, 0xff, 0xff, 0x80, 0x0, 0x0, 0x5,
    0xff, 0xff, 0xff, 0xff, 0xff, 0xff, 0xff, 0x80,
    0x0, 0x0, 0x0, 0x0, 0x0, 0x0, 0x0, 0x0,
    0x6, 0xff, 0x80, 0x0, 0x0, 0x0, 0x0, 0x0,
    0x0, 0x0, 0x0, 0x6, 0xff, 0x80, 0x0, 0x0,
    0x5, 0xff, 0xff, 0xff, 0xff, 0xff, 0xff, 0xff,
    0x80, 0x0, 0x0, 0x6, 0xff, 0xff, 0xff, 0xff,
    0xff, 0xff, 0xff, 0x80, 0x0, 0x0, 0x6, 0xff,
    0xb5, 0x55, 0x55, 0x55, 0x55, 0x55, 0x20, 0x0,
    0x0, 0x6, 0xff, 0x80, 0x0, 0x0, 0x0, 0x0,
    0x0, 0x0, 0x0, 0x0, 0x6, 0xff, 0xb5, 0x55,
    0x55, 0x55, 0x55, 0x55, 0x50, 0x0, 0x0, 0x6,
    0xff, 0xff, 0xff, 0xff, 0xff, 0xff, 0xff, 0xf0,
    0x0, 0x0, 0x6, 0xff, 0xff, 0xff, 0xff, 0xff,
    0xff, 0xff, 0xf0, 0x0, 0x0, 0x0, 0x11, 0xaf,
    0xf5, 0x11, 0x1d, 0xff, 0x21, 0x10, 0x0, 0x0,
    0x0, 0x0, 0xaf, 0xf4, 0x0, 0xd, 0xff, 0x10,
    0x0, 0x0, 0x0, 0x0, 0x0, 0xaf, 0xf4, 0x0,
    0xd, 0xff, 0x10, 0x0, 0x0, 0x15, 0x55, 0x55,
    0xcf, 0xf8, 0x55, 0x5e, 0xff, 0x65, 0x55, 0x53,
    0x4f, 0xff, 0xff, 0xff, 0xff, 0xff, 0xff, 0xff,
    0xff, 0xff, 0xfb, 0x4f, 0xff, 0xff, 0xff, 0xff,
    0xff, 0xff, 0xff, 0xff, 0xff, 0xfb, 0x1, 0x11,
    0x11, 0x11, 0x11, 0x11, 0x11, 0x11, 0x11, 0x11,
    0x10,

    /* U+B8E8 "루" */
    0x0, 0x1, 0xff, 0xff, 0xff, 0xff, 0xff, 0xff,
    0xff, 0x40, 0x0, 0x0, 0x1, 0xff, 0xff, 0xff,
    0xff, 0xff, 0xff, 0xff, 0x40, 0x0, 0x0, 0x0,
    0x77, 0x77, 0x77, 0x77, 0x77, 0x7d, 0xff, 0x40,
    0x0, 0x0, 0x0, 0x0, 0x0, 0x0, 0x0, 0x0,
    0xa, 0xff, 0x40, 0x0, 0x0, 0x0, 0xff, 0xff,
    0xff, 0xff, 0xff, 0xff, 0xff, 0x40, 0x0, 0x0,
    0x1, 0xff, 0xff, 0xff, 0xff, 0xff, 0xff, 0xff,
    0x40, 0x0, 0x0, 0x1, 0xff, 0xe6, 0x66, 0x66,
    0x66, 0x66, 0x66, 0x10, 0x0, 0x0, 0x1, 0xff,
    0xd0, 0x0, 0x0, 0x0, 0x0, 0x0, 0x0, 0x0,
    0x0, 0x1, 0xff, 0xff, 0xff, 0xff, 0xff, 0xff,
    0xff, 0xa0, 0x0, 0x0, 0x1, 0xff, 0xff, 0xff,
    0xff, 0xff, 0xff, 0xff, 0xb0, 0x0, 0x0, 0x0,
    0x88, 0x88, 0x88, 0x88, 0x88, 0x88, 0x88, 0x50,
    0x0, 0x0, 0x0, 0x0, 0x0, 0x0, 0x0, 0x0,
    0x0, 0x0, 0x0, 0x0, 0x4f, 0xff, 0xff, 0xff,
    0xff, 0xff, 0xff, 0xff, 0xff, 0xff, 0xfa, 0x4f,
    0xff, 0xff, 0xff, 0xff, 0xff, 0xff, 0xff, 0xff,
    0xff, 0xfb, 0x28, 0x88, 0x88, 0x88, 0x8b, 0xff,
    0xc8, 0x88, 0x88, 0x88, 0x86, 0x0, 0x0, 0x0,
    0x0, 0x6, 0xff, 0x80, 0x0, 0x0, 0x0, 0x0,
    0x0, 0x0, 0x0, 0x0, 0x6, 0xff, 0x80, 0x0,
    0x0, 0x0, 0x0, 0x0, 0x0, 0x0, 0x0, 0x6,
    0xff, 0x80, 0x0, 0x0, 0x0, 0x0, 0x0, 0x0,
    0x0, 0x0, 0x6, 0xff, 0x80, 0x0, 0x0, 0x0,
    0x0, 0x0, 0x0, 0x0, 0x0, 0x6, 0xff, 0x80,
    0x0, 0x0, 0x0, 0x0, 0x0, 0x0, 0x0, 0x0,
    0x6, 0xff, 0x80, 0x0, 0x0, 0x0, 0x0, 0x0,
    0x0, 0x0, 0x0, 0x5, 0xee, 0x70, 0x0, 0x0,
    0x0, 0x0,

    /* U+B958 "류" */
    0x0, 0x1, 0xff, 0xff, 0xff, 0xff, 0xff, 0xff,
    0xff, 0x40, 0x0, 0x0, 0x1, 0xff, 0xff, 0xff,
    0xff, 0xff, 0xff, 0xff, 0x40, 0x0, 0x0, 0x0,
    0x77, 0x77, 0x77, 0x77, 0x77, 0x7d, 0xff, 0x40,
    0x0, 0x0, 0x0, 0x0, 0x0, 0x0, 0x0, 0x0,
    0xa, 0xff, 0x40, 0x0, 0x0, 0x0, 0xff, 0xff,
    0xff, 0xff, 0xff, 0xff, 0xff, 0x40, 0x0, 0x0,
    0x1, 0xff, 0xff, 0xff, 0xff, 0xff, 0xff, 0xff,
    0x40, 0x0, 0x0, 0x1, 0xff, 0xe5, 0x55, 0x55,
    0x55, 0x55, 0x55, 0x10, 0x0, 0x0, 0x1, 0xff,
    0xd0, 0x0, 0x0, 0x0, 0x0, 0x0, 0x0, 0x0,
    0x0, 0x1, 0xff, 0xff, 0xff, 0xff, 0xff, 0xff,
    0xff, 0xa0, 0x0, 0x0, 0x1, 0xff, 0xff, 0xff,
    0xff, 0xff, 0xff, 0xff, 0xb0, 0x0, 0x0, 0x0,
    0x88, 0x88, 0x88, 0x88, 0x88, 0x88, 0x88, 0x60,
    0x0, 0x0, 0x0, 0x0, 0x0, 0x0, 0x0, 0x0,
    0x0, 0x0, 0x0, 0x0, 0x4f, 0xff, 0xff, 0xff,
    0xff, 0xff, 0xff, 0xff, 0xff, 0xff, 0xfa, 0x4f,
    0xff, 0xff, 0xff, 0xff, 0xff, 0xff, 0xff, 0xff,
    0xff, 0xfb, 0x28, 0x88, 0x8a, 0xff, 0xd8, 0x88,
    0x8b, 0xff, 0xc8, 0x88, 0x85, 0x0, 0x0, 0x4,
    0xff, 0xa0, 0x0, 0x6, 0xff, 0x80, 0x0, 0x0,
    0x0, 0x0, 0x4, 0xff, 0xa0, 0x0, 0x6, 0xff,
    0x80, 0x0, 0x0, 0x0, 0x0, 0x4, 0xff, 0xa0,
    0x0, 0x6, 0xff, 0x80, 0x0, 0x0, 0x0, 0x0,
    0x4, 0xff, 0xa0, 0x0, 0x6, 0xff, 0x80, 0x0,
    0x0, 0x0, 0x0, 0x4, 0xff, 0xa0, 0x0, 0x6,
    0xff, 0x80, 0x0, 0x0, 0x0, 0x0, 0x4, 0xff,
    0xa0, 0x0, 0x6, 0xff, 0x80, 0x0, 0x0, 0x0,
    0x0, 0x4, 0xee, 0x90, 0x0, 0x6, 0xee, 0x70,
    0x0, 0x0,

    /* U+B974 "르" */
    0x0, 0x2, 0x77, 0x77, 0x77, 0x77, 0x77, 0x77,
    0x77, 0x30, 0x0, 0x0, 0x4, 0xff, 0xff, 0xff,
    0xff, 0xff, 0xff, 0xff, 0x60, 0x0, 0x0, 0x4,
    0xff, 0xff, 0xff, 0xff, 0xff, 0xff, 0xff, 0x60,
    0x0, 0x0, 0x0, 0x0, 0x0, 0x0, 0x0, 0x0,
    0x8, 0xff, 0x60, 0x0, 0x0, 0x0, 0x0, 0x0,
    0x0, 0x0, 0x0, 0x8, 0xff, 0x60, 0x0, 0x0,
    0x5, 0xff, 0xff, 0xff, 0xff, 0xff, 0xff, 0xff,
    0x60, 0x0, 0x0, 0x5, 0xff, 0xff, 0xff, 0xff,
    0xff, 0xff, 0xff, 0x60, 0x0, 0x0, 0x5, 0xff,
    0xc6, 0x66, 0x66, 0x66, 0x66, 0x66, 0x20, 0x0,
    0x0, 0x5, 0xff, 0x90, 0x0, 0x0, 0x0, 0x0,
    0x0, 0x0, 0x0, 0x0, 0x5, 0xff, 0x90, 0x0,
    0x0, 0x0, 0x0, 0x0, 0x0, 0x0, 0x0, 0x5,
    0xff, 0xff, 0xff, 0xff, 0xff, 0xff, 0xff, 0xf0,
    0x0, 0x0, 0x5, 0xff, 0xff, 0xff, 0xff, 0xff,
    0xff, 0xff, 0xf0, 0x0, 0x0, 0x2, 0x77, 0x77,
    0x77, 0x77, 0x77, 0x77, 0x77, 0x70, 0x0, 0x0,
    0x0, 0x0, 0x0, 0x0, 0x0, 0x0, 0x0, 0x0,
    0x0, 0x0, 0x0, 0x0, 0x0, 0x0, 0x0, 0x0,
    0x0, 0x0, 0x0, 0x0, 0x0, 0x27, 0x77, 0x77,
    0x77, 0x77, 0x77, 0x77, 0x77, 0x77, 0x77, 0x75,
    0x4f, 0xff, 0xff, 0xff, 0xff, 0xff, 0xff, 0xff,
    0xff, 0xff, 0xfb, 0x4f, 0xff, 0xff, 0xff, 0xff,
    0xff, 0xff, 0xff, 0xff, 0xff, 0xfa,

    /* U+B978 "른" */
    0x0, 0x0, 0xff, 0xff, 0xff, 0xff, 0xff, 0xff,
    0xff, 0x20, 0x0, 0x0, 0x0, 0xff, 0xff, 0xff,
    0xff, 0xff, 0xff, 0xff, 0x20, 0x0, 0x0, 0x0,
    0x66, 0x66, 0x66, 0x66, 0x66, 0x6d, 0xff, 0x20,
    0x0, 0x0, 0x0, 0x33, 0x33, 0x33, 0x33, 0x33,
    0x3c, 0xff, 0x20, 0x0, 0x0, 0x0, 0xff, 0xff,
    0xff, 0xff, 0xff, 0xff, 0xff, 0x20, 0x0, 0x0,
    0x0, 0xff, 0xff, 0xff, 0xff, 0xff, 0xff, 0xff,
    0x20, 0x0, 0x0, 0x0, 0xff, 0xe0, 0x0, 0x0,
    0x0, 0x0, 0x0, 0x0, 0x0, 0x0, 0x0, 0xff,
    0xf7, 0x77, 0x77, 0x77, 0x77, 0x77, 0x40, 0x0,
    0x0, 0x0, 0xff, 0xff, 0xff, 0xff, 0xff, 0xff,
    0xff, 0xa0, 0x0, 0x0, 0x0, 0xff, 0xff, 0xff,
    0xff, 0xff, 0xff, 0xff, 0xa0, 0x0, 0x0, 0x0,
    0x0, 0x0, 0x0, 0x0, 0x0, 0x0, 0x0, 0x0,
    0x0, 0x17, 0x77, 0x77, 0x77, 0x77, 0x77, 0x77,
    0x77, 0x77, 0x77, 0x75, 0x4f, 0xff, 0xff, 0xff,
    0xff, 0xff, 0xff, 0xff, 0xff, 0xff, 0xfb, 0x4f,
    0xff, 0xff, 0xff, 0xff, 0xff, 0xff, 0xff, 0xff,
    0xff, 0xfa, 0x0, 0x0, 0x0, 0x0, 0x0, 0x0,
    0x0, 0x0, 0x0, 0x0, 0x0, 0x0, 0x1, 0x55,
    0x30, 0x0, 0x0, 0x0, 0x0, 0x0, 0x0, 0x0,
    0x0, 0x3, 0xff, 0xb0, 0x0, 0x0, 0x0, 0x0,
    0x0, 0x0, 0x0, 0x0, 0x3, 0xff, 0xb0, 0x0,
    0x0, 0x0, 0x0, 0x0, 0x0, 0x0, 0x0, 0x3,
    0xff, 0xb0, 0x0, 0x0, 0x0, 0x0, 0x0, 0x0,
    0x0, 0x0, 0x3, 0xff, 0xd7, 0x77, 0x77, 0x77,
    0x77, 0x77, 0x50, 0x0, 0x0, 0x3, 0xff, 0xff,
    0xff, 0xff, 0xff, 0xff, 0xff, 0xb0, 0x0, 0x0,
    0x3, 0xff, 0xff, 0xff, 0xff, 0xff, 0xff, 0xff,
    0xb0, 0x0,

    /* U+B97C "를" */
    0x0, 0x2, 0xff, 0xff, 0xff, 0xff, 0xff, 0xff,
    0xff, 0x50, 0x0, 0x0, 0x2, 0xff, 0xff, 0xff,
    0xff, 0xff, 0xff, 0xff, 0x50, 0x0, 0x0, 0x0,
    0x22, 0x22, 0x22, 0x22, 0x22, 0x29, 0xff, 0x50,
    0x0, 0x0, 0x2, 0xff, 0xff, 0xff, 0xff, 0xff,
    0xff, 0xff, 0x50, 0x0, 0x0, 0x2, 0xff, 0xff,
    0xff, 0xff, 0xff, 0xff, 0xff, 0x50, 0x0, 0x0,
    0x2, 0xff, 0xc0, 0x0, 0x0, 0x0, 0x0, 0x0,
    0x0, 0x0, 0x0, 0x2, 0xff, 0xff, 0xff, 0xff,
    0xff, 0xff, 0xff, 0xc0, 0x0, 0x0, 0x2, 0xff,
    0xff, 0xff, 0xff, 0xff, 0xff, 0xff, 0xd0, 0x0,
    0x0, 0x0, 0x22, 0x22, 0x22, 0x22, 0x22, 0x22,
    0x22, 0x20, 0x0, 0x2, 0x22, 0x22, 0x22, 0x22,
    0x22, 0x22, 0x22, 0x22, 0x22, 0x21, 0x4f, 0xff,
    0xff, 0xff, 0xff, 0xff, 0xff, 0xff, 0xff, 0xff,
    0xfb, 0x4f, 0xff, 0xff, 0xff, 0xff, 0xff, 0xff,
    0xff, 0xff, 0xff, 0xfa, 0x0, 0x0, 0x0, 0x0,
    0x0, 0x0, 0x0, 0x0, 0x0, 0x0, 0x0, 0x0,
    0x3, 0xff, 0xff, 0xff, 0xff, 0xff, 0xff, 0xff,
    0x70, 0x0, 0x0, 0x3, 0xff, 0xff, 0xff, 0xff,
    0xff, 0xff, 0xff, 0x70, 0x0, 0x0, 0x0, 0x22,
    0x22, 0x22, 0x22, 0x22, 0x28, 0xff, 0x70, 0x0,
    0x0, 0x2, 0xcc, 0xcc, 0xcc, 0xcc, 0xcc, 0xcd,
    0xff, 0x70, 0x0, 0x0, 0x3, 0xff, 0xff, 0xff,
    0xff, 0xff, 0xff, 0xff, 0x70, 0x0, 0x0, 0x3,
    0xff, 0xb2, 0x22, 0x22, 0x22, 0x22, 0x22, 0x10,
    0x0, 0x0, 0x3, 0xff, 0xb1, 0x11, 0x11, 0x11,
    0x11, 0x11, 0x10, 0x0, 0x0, 0x3, 0xff, 0xff,
    0xff, 0xff, 0xff, 0xff, 0xff, 0xe0, 0x0, 0x0,
    0x3, 0xff, 0xff, 0xff, 0xff, 0xff, 0xff, 0xff,
    0xe0, 0x0,

    /* U+B984 "름" */
    0x0, 0x0, 0xff, 0xff, 0xff, 0xff, 0xff, 0xff,
    0xff, 0x20, 0x0, 0x0, 0x0, 0xff, 0xff, 0xff,
    0xff, 0xff, 0xff, 0xff, 0x20, 0x0, 0x0, 0x0,
    0x66, 0x66, 0x66, 0x66, 0x66, 0x6d, 0xff, 0x20,
    0x0, 0x0, 0x0, 0xee, 0xee, 0xee, 0xee, 0xee,
    0xef, 0xff, 0x20, 0x0, 0x0, 0x0, 0xff, 0xff,
    0xff, 0xff, 0xff, 0xff, 0xff, 0x20, 0x0, 0x0,
    0x0, 0xff, 0xe4, 0x44, 0x44, 0x44, 0x44, 0x44,
    0x0, 0x0, 0x0, 0x0, 0xff, 0xe3, 0x33, 0x33,
    0x33, 0x33, 0x33, 0x20, 0x0, 0x0, 0x0, 0xff,
    0xff, 0xff, 0xff, 0xff, 0xff, 0xff, 0xa0, 0x0,
    0x0, 0x0, 0xff, 0xff, 0xff, 0xff, 0xff, 0xff,
    0xff, 0xa0, 0x0, 0x0, 0x0, 0x23, 0x33, 0x33,
    0x33, 0x33, 0x33, 0x33, 0x20, 0x0, 0x17, 0x77,
    0x77, 0x77, 0x77, 0x77, 0x77, 0x77, 0x77, 0x77,
    0x75, 0x4f, 0xff, 0xff, 0xff, 0xff, 0xff, 0xff,
    0xff, 0xff, 0xff, 0xfb, 0x4f, 0xff, 0xff, 0xff,
    0xff, 0xff, 0xff, 0xff, 0xff, 0xff, 0xfb, 0x0,
    0x0, 0x0, 0x0, 0x0, 0x0, 0x0, 0x0, 0x0,
    0x0, 0x0, 0x0, 0x1, 0x77, 0x77, 0x77, 0x77,
    0x77, 0x77, 0x77, 0x30, 0x0, 0x0, 0x3, 0xff,
    0xff, 0xff, 0xff, 0xff, 0xff, 0xff, 0x60, 0x0,
    0x0, 0x3, 0xff, 0xff, 0xff, 0xff, 0xff, 0xff,
    0xff, 0x60, 0x0, 0x0, 0x3, 0xff, 0xa0, 0x0,
    0x0, 0x0, 0x7, 0xff, 0x60, 0x0, 0x0, 0x3,
    0xff, 0xa0, 0x0, 0x0, 0x0, 0x7, 0xff, 0x60,
    0x0, 0x0, 0x3, 0xff, 0xd7, 0x77, 0x77, 0x77,
    0x7b, 0xff, 0x60, 0x0, 0x0, 0x3, 0xff, 0xff,
    0xff, 0xff, 0xff, 0xff, 0xff, 0x60, 0x0, 0x0,
    0x3, 0xff, 0xff, 0xff, 0xff, 0xff, 0xff, 0xff,
    0x60, 0x0,

    /* U+B9AC "리" */
    0x0, 0x0, 0x0, 0x0, 0x0, 0x0, 0x0, 0x3,
    0xff, 0xb0, 0xff, 0xff, 0xff, 0xff, 0xff, 0xd0,
    0x0, 0x3f, 0xfb, 0xf, 0xff, 0xff, 0xff, 0xff,
    0xfd, 0x0, 0x3, 0xff, 0xb0, 0x88, 0x88, 0x88,
    0x88, 0xff, 0xd0, 0x0, 0x3f, 0xfb, 0x0, 0x0,
    0x0, 0x0, 0xf, 0xfd, 0x0, 0x3, 0xff, 0xb0,
    0x0, 0x0, 0x0, 0x0, 0xff, 0xd0, 0x0, 0x3f,
    0xfb, 0x0, 0x0, 0x0, 0x0, 0xf, 0xfd, 0x0,
    0x3, 0xff, 0xb0, 0x77, 0x77, 0x77, 0x78, 0xff,
    0xd0, 0x0, 0x3f, 0xfb, 0x1f, 0xff, 0xff, 0xff,
    0xff, 0xfd, 0x0, 0x3, 0xff, 0xb1, 0xff, 0xff,
    0xff, 0xff, 0xff, 0xd0, 0x0, 0x3f, 0xfb, 0x1f,
    0xfd, 0x0, 0x0, 0x0, 0x0, 0x0, 0x3, 0xff,
    0xb1, 0xff, 0xd0, 0x0, 0x0, 0x0, 0x0, 0x0,
    0x3f, 0xfb, 0x1f, 0xfd, 0x0, 0x0, 0x0, 0x0,
    0x0, 0x3, 0xff, 0xb1, 0xff, 0xd0, 0x0, 0x0,
    0x0, 0x0, 0x0, 0x3f, 0xfb, 0x1f, 0xfe, 0x55,
    0x56, 0x66, 0x78, 0x96, 0x3, 0xff, 0xb1, 0xff,
    0xff, 0xff, 0xff, 0xff, 0xff, 0xa0, 0x3f, 0xfb,
    0x1f, 0xff, 0xff, 0xff, 0xff, 0xfe, 0xc8, 0x3,
    0xff, 0xb0, 0x11, 0x11, 0x0, 0x0, 0x0, 0x0,
    0x0, 0x3f, 0xfb, 0x0, 0x0, 0x0, 0x0, 0x0,
    0x0, 0x0, 0x3, 0xff, 0xb0, 0x0, 0x0, 0x0,
    0x0, 0x0, 0x0, 0x0, 0x3f, 0xfb, 0x0, 0x0,
    0x0, 0x0, 0x0, 0x0, 0x0, 0x3, 0xff, 0xb0,
    0x0, 0x0, 0x0, 0x0, 0x0, 0x0, 0x0, 0x3f,
    0xfb, 0x0, 0x0, 0x0, 0x0, 0x0, 0x0, 0x0,
    0x1, 0x99, 0x70,

    /* U+B9AD "릭" */
    0x0, 0x0, 0x0, 0x0, 0x0, 0x0, 0x0, 0x2f,
    0xfb, 0xff, 0xff, 0xff, 0xff, 0xff, 0xd0, 0x0,
    0x2f, 0xfb, 0xff, 0xff, 0xff, 0xff, 0xff, 0xd0,
    0x0, 0x2f, 0xfb, 0x66, 0x66, 0x66, 0x66, 0xff,
    0xd0, 0x0, 0x2f, 0xfb, 0x22, 0x22, 0x22, 0x22,
    0xff, 0xd0, 0x0, 0x2f, 0xfb, 0xff, 0xff, 0xff,
    0xff, 0xff, 0xd0, 0x0, 0x2f, 0xfb, 0xff, 0xff,
    0xff, 0xff, 0xff, 0xd0, 0x0, 0x2f, 0xfb, 0xff,
    0xe2, 0x22, 0x22, 0x22, 0x20, 0x0, 0x2f, 0xfb,
    0xff, 0xe0, 0x0, 0x0, 0x0, 0x0, 0x0, 0x2f,
    0xfb, 0xff, 0xf7, 0x77, 0x77, 0x78, 0x9b, 0x70,
    0x2f, 0xfb, 0xff, 0xff, 0xff, 0xff, 0xff, 0xff,
    0xa0, 0x2f, 0xfb, 0xff, 0xff, 0xff, 0xfe, 0xed,
    0xca, 0x60, 0x2f, 0xfb, 0x0, 0x0, 0x0, 0x0,
    0x0, 0x0, 0x0, 0x2f, 0xfb, 0x0, 0x16, 0x66,
    0x66, 0x66, 0x66, 0x66, 0x68, 0x86, 0x0, 0x3f,
    0xff, 0xff, 0xff, 0xff, 0xff, 0xff, 0xfd, 0x0,
    0x3f, 0xff, 0xff, 0xff, 0xff, 0xff, 0xff, 0xfd,
    0x0, 0x1, 0x11, 0x11, 0x11, 0x11, 0x11, 0x2f,
    0xfd, 0x0, 0x0, 0x0, 0x0, 0x0, 0x0, 0x0,
    0x1f, 0xfd, 0x0, 0x0, 0x0, 0x0, 0x0, 0x0,
    0x0, 0x1f, 0xfd, 0x0, 0x0, 0x0, 0x0, 0x0,
    0x0, 0x0, 0x1f, 0xfd, 0x0, 0x0, 0x0, 0x0,
    0x0, 0x0, 0x0, 0x1f, 0xfd, 0x0, 0x0, 0x0,
    0x0, 0x0, 0x0, 0x0, 0x1f, 0xfd, 0x0, 0x0,
    0x0, 0x0, 0x0, 0x0, 0x0, 0x1, 0x11,

    /* U+B9BC "림" */
    0x0, 0x0, 0x0, 0x0, 0x0, 0x0, 0x0, 0x2f,
    0xfb, 0xff, 0xff, 0xff, 0xff, 0xff, 0xe0, 0x0,
    0x2f, 0xfb, 0xff, 0xff, 0xff, 0xff, 0xff, 0xe0,
    0x0, 0x2f, 0xfb, 0x66, 0x66, 0x66, 0x66, 0xff,
    0xe0, 0x0, 0x2f, 0xfb, 0x44, 0x44, 0x44, 0x44,
    0xff, 0xe0, 0x0, 0x2f, 0xfb, 0xff, 0xff, 0xff,
    0xff, 0xff, 0xe0, 0x0, 0x2f, 0xfb, 0xff, 0xff,
    0xff, 0xff, 0xff, 0xe0, 0x0, 0x2f, 0xfb, 0xff,
    0xe0, 0x0, 0x0, 0x0, 0x0, 0x0, 0x2f, 0xfb,
    0xff, 0xe0, 0x0, 0x0, 0x0, 0x2, 0x20, 0x2f,
    0xfb, 0xff, 0xfe, 0xee, 0xee, 0xef, 0xff, 0x90,
    0x2f, 0xfb, 0xff, 0xff, 0xff, 0xff, 0xff, 0xff,
    0xb0, 0x2f, 0xfb, 0x88, 0x88, 0x88, 0x88, 0x76,
    0x53, 0x10, 0x2f, 0xfb, 0x0, 0x0, 0x0, 0x0,
    0x0, 0x0, 0x0, 0x1c, 0xc9, 0x0, 0xf, 0xff,
    0xff, 0xff, 0xff, 0xff, 0xff, 0xfb, 0x0, 0x1f,
    0xff, 0xff, 0xff, 0xff, 0xff, 0xff, 0xfb, 0x0,
    0x1f, 0xfe, 0x88, 0x88, 0x88, 0x88, 0x9f, 0xfb,
    0x0, 0x1f, 0xfd, 0x0, 0x0, 0x0, 0x0, 0x2f,
    0xfb, 0x0, 0x1f, 0xfd, 0x0, 0x0, 0x0, 0x0,
    0x2f, 0xfb, 0x0, 0x1f, 0xfd, 0x0, 0x0, 0x0,
    0x0, 0x2f, 0xfb, 0x0, 0x1f, 0xfe, 0x77, 0x77,
    0x77, 0x77, 0x8f, 0xfb, 0x0, 0x1f, 0xff, 0xff,
    0xff, 0xff, 0xff, 0xff, 0xfb, 0x0, 0x1f, 0xff,
    0xff, 0xff, 0xff, 0xff, 0xff, 0xfb,

    /* U+B9BD "립" */
    0x0, 0x0, 0x0, 0x0, 0x0, 0x0, 0x0, 0x2f,
    0xfb, 0xff, 0xff, 0xff, 0xff, 0xff, 0xd0, 0x0,
    0x2f, 0xfb, 0xff, 0xff, 0xff, 0xff, 0xff, 0xd0,
    0x0, 0x2f, 0xfb, 0x66, 0x66, 0x66, 0x66, 0xff,
    0xd0, 0x0, 0x2f, 0xfb, 0x44, 0x44, 0x44, 0x45,
    0xff, 0xd0, 0x0, 0x2f, 0xfb, 0xff, 0xff, 0xff,
    0xff, 0xff, 0xd0, 0x0, 0x2f, 0xfb, 0xff, 0xff,
    0xff, 0xff, 0xff, 0xd0, 0x0, 0x2f, 0xfb, 0xff,
    0xe0, 0x0, 0x0, 0x0, 0x0, 0x0, 0x2f, 0xfb,
    0xff, 0xe0, 0x0, 0x0, 0x0, 0x2, 0x20, 0x2f,
    0xfb, 0xff, 0xfe, 0xee, 0xee, 0xef, 0xff, 0x90,
    0x2f, 0xfb, 0xff, 0xff, 0xff, 0xff, 0xff, 0xff,
    0xb0, 0x2f, 0xfb, 0x88, 0x88, 0x88, 0x88, 0x77,
    0x53, 0x10, 0x2f, 0xfb, 0x0, 0x0, 0x0, 0x0,
    0x0, 0x0, 0x0, 0x5, 0x54, 0x0, 0xc, 0xcb,
    0x0, 0x0, 0x0, 0x0, 0xc, 0xc9, 0x0, 0xf,
    0xfe, 0x0, 0x0, 0x0, 0x0, 0x1f, 0xfc, 0x0,
    0xf, 0xff, 0xff, 0xff, 0xff, 0xff, 0xff, 0xfc,
    0x0, 0xf, 0xff, 0xff, 0xff, 0xff, 0xff, 0xff,
    0xfc, 0x0, 0xf, 0xff, 0x88, 0x88, 0x88, 0x88,
    0x8f, 0xfc, 0x0, 0xf, 0xfe, 0x0, 0x0, 0x0,
    0x0, 0x1f, 0xfc, 0x0, 0xf, 0xfe, 0x66, 0x66,
    0x66, 0x66, 0x7f, 0xfc, 0x0, 0xf, 0xff, 0xff,
    0xff, 0xff, 0xff, 0xff, 0xfc, 0x0, 0xf, 0xff,
    0xff, 0xff, 0xff, 0xff, 0xff, 0xfc,

    /* U+B9C8 "마" */
    0x0, 0x0, 0x0, 0x0, 0x0, 0x0, 0x0, 0xf,
    0xff, 0x0, 0x0, 0x18, 0x88, 0x88, 0x88, 0x88,
    0x86, 0x0, 0xf, 0xff, 0x0, 0x0, 0x2f, 0xff,
    0xff, 0xff, 0xff, 0xfd, 0x0, 0xf, 0xff, 0x0,
    0x0, 0x2f, 0xff, 0xff, 0xff, 0xff, 0xfd, 0x0,
    0xf, 0xff, 0x0, 0x0, 0x2f, 0xfc, 0x0, 0x0,
    0x1f, 0xfd, 0x0, 0xf, 0xff, 0x0, 0x0, 0x2f,
    0xfc, 0x0, 0x0, 0x1f, 0xfd, 0x0, 0xf, 0xff,
    0x0, 0x0, 0x2f, 0xfc, 0x0, 0x0, 0x1f, 0xfd,
    0x0, 0xf, 0xff, 0x0, 0x0, 0x2f, 0xfc, 0x0,
    0x0, 0x1f, 0xfd, 0x0, 0xf, 0xff, 0x0, 0x0,
    0x2f, 0xfc, 0x0, 0x0, 0x1f, 0xfd, 0x0, 0xf,
    0xff, 0xff, 0xf7, 0x2f, 0xfc, 0x0, 0x0, 0x1f,
    0xfd, 0x0, 0xf, 0xff, 0xff, 0xf7, 0x2f, 0xfc,
    0x0, 0x0, 0x1f, 0xfd, 0x0, 0xf, 0xff, 0x88,
    0x83, 0x2f, 0xfc, 0x0, 0x0, 0x1f, 0xfd, 0x0,
    0xf, 0xff, 0x0, 0x0, 0x2f, 0xfc, 0x0, 0x0,
    0x1f, 0xfd, 0x0, 0xf, 0xff, 0x0, 0x0, 0x2f,
    0xfe, 0x88, 0x88, 0x8f, 0xfd, 0x0, 0xf, 0xff,
    0x0, 0x0, 0x2f, 0xff, 0xff, 0xff, 0xff, 0xfd,
    0x0, 0xf, 0xff, 0x0, 0x0, 0x2f, 0xff, 0xff,
    0xff, 0xff, 0xfc, 0x0, 0xf, 0xff, 0x0, 0x0,
    0x0, 0x0, 0x0, 0x0, 0x0, 0x0, 0x0, 0xf,
    0xff, 0x0, 0x0, 0x0, 0x0, 0x0, 0x0, 0x0,
    0x0, 0x0, 0xf, 0xff, 0x0, 0x0, 0x0, 0x0,
    0x0, 0x0, 0x0, 0x0, 0x0, 0xf, 0xff, 0x0,
    0x0, 0x0, 0x0, 0x0, 0x0, 0x0, 0x0, 0x0,
    0xf, 0xff, 0x0, 0x0, 0x0, 0x0, 0x0, 0x0,
    0x0, 0x0, 0x0, 0xf, 0xff, 0x0, 0x0, 0x0,
    0x0, 0x0, 0x0, 0x0, 0x0, 0x0, 0xf, 0xff,
    0x0, 0x0, 0x0, 0x0, 0x0, 0x0, 0x0, 0x0,
    0x0, 0x9, 0x99, 0x0, 0x0,

    /* U+B9C9 "막" */
    0x0, 0x0, 0x0, 0x0, 0x0, 0x0, 0x0, 0x3f,
    0xfc, 0x0, 0x0, 0xbf, 0xff, 0xff, 0xff, 0xff,
    0xe0, 0x0, 0x3f, 0xfc, 0x0, 0x0, 0xbf, 0xff,
    0xff, 0xff, 0xff, 0xe0, 0x0, 0x3f, 0xfc, 0x0,
    0x0, 0xbf, 0xf9, 0x77, 0x77, 0xff, 0xe0, 0x0,
    0x3f, 0xfc, 0x0, 0x0, 0xbf, 0xf3, 0x0, 0x0,
    0xff, 0xe0, 0x0, 0x3f, 0xfc, 0x0, 0x0, 0xbf,
    0xf3, 0x0, 0x0, 0xff, 0xe0, 0x0, 0x3f, 0xfd,
    0x77, 0x71, 0xbf, 0xf3, 0x0, 0x0, 0xff, 0xe0,
    0x0, 0x3f, 0xff, 0xff, 0xf3, 0xbf, 0xf3, 0x0,
    0x0, 0xff, 0xe0, 0x0, 0x3f, 0xff, 0xff, 0xf2,
    0xbf, 0xf9, 0x88, 0x88, 0xff, 0xe0, 0x0, 0x3f,
    0xfc, 0x0, 0x0, 0xbf, 0xff, 0xff, 0xff, 0xff,
    0xe0, 0x0, 0x3f, 0xfc, 0x0, 0x0, 0xaf, 0xff,
    0xff, 0xff, 0xff, 0xd0, 0x0, 0x3f, 0xfc, 0x0,
    0x0, 0x0, 0x0, 0x0, 0x0, 0x0, 0x0, 0x0,
    0x3f, 0xfc, 0x0, 0x0, 0x0, 0x0, 0x0, 0x0,
    0x0, 0x0, 0x0, 0x3f, 0xfc, 0x0, 0x0, 0x0,
    0x16, 0x66, 0x66, 0x66, 0x66, 0x66, 0x68, 0x86,
    0x0, 0x0, 0x0, 0x4f, 0xff, 0xff, 0xff, 0xff,
    0xff, 0xff, 0xfc, 0x0, 0x0, 0x0, 0x4f, 0xff,
    0xff, 0xff, 0xff, 0xff, 0xff, 0xfc, 0x0, 0x0,
    0x0, 0x1, 0x11, 0x11, 0x11, 0x11, 0x11, 0x3f,
    0xfc, 0x0, 0x0, 0x0, 0x0, 0x0, 0x0, 0x0,
    0x0, 0x0, 0x2f, 0xfc, 0x0, 0x0, 0x0, 0x0,
    0x0, 0x0, 0x0, 0x0, 0x0, 0x2f, 0xfc, 0x0,
    0x0, 0x0, 0x0, 0x0, 0x0, 0x0, 0x0, 0x0,
    0x2f, 0xfc, 0x0, 0x0, 0x0, 0x0, 0x0, 0x0,
    0x0, 0x0, 0x0, 0x2f, 0xfc, 0x0, 0x0, 0x0,
    0x0, 0x0, 0x0, 0x0, 0x0, 0x0, 0x2f, 0xfc,
    0x0, 0x0, 0x0, 0x0, 0x0, 0x0, 0x0, 0x0,
    0x0, 0x1, 0x11, 0x0, 0x0,

    /* U+B9CC "만" */
    0x0, 0x0, 0x0, 0x0, 0x0, 0x0, 0x0, 0x3f,
    0xfb, 0x0, 0x0, 0xbf, 0xff, 0xff, 0xff, 0xff,
    0xe0, 0x0, 0x3f, 0xfb, 0x0, 0x0, 0xbf, 0xff,
    0xff, 0xff, 0xff, 0xe0, 0x0, 0x3f, 0xfb, 0x0,
    0x0, 0xbf, 0xf9, 0x77, 0x77, 0xff, 0xe0, 0x0,
    0x3f, 0xfb, 0x0, 0x0, 0xbf, 0xf3, 0x0, 0x0,
    0xff, 0xe0, 0x0, 0x3f, 0xfb, 0x0, 0x0, 0xbf,
    0xf3, 0x0, 0x0, 0xff, 0xe0, 0x0, 0x3f, 0xfb,
    0x0, 0x0, 0xbf, 0xf3, 0x0, 0x0, 0xff, 0xe0,
    0x0, 0x3f, 0xfe, 0xcc, 0xc1, 0xbf, 0xf3, 0x0,
    0x0, 0xff, 0xe0, 0x0, 0x3f, 0xff, 0xff, 0xf2,
    0xbf, 0xf6, 0x33, 0x33, 0xff, 0xe0, 0x0, 0x3f,
    0xfe, 0xbb, 0xb1, 0xbf, 0xff, 0xff, 0xff, 0xff,
    0xe0, 0x0, 0x3f, 0xfb, 0x0, 0x0, 0xbf, 0xff,
    0xff, 0xff, 0xff, 0xe0, 0x0, 0x3f, 0xfb, 0x0,
    0x0, 0x23, 0x33, 0x33, 0x33, 0x33, 0x30, 0x0,
    0x3f, 0xfb, 0x0, 0x0, 0x0, 0x0, 0x0, 0x0,
    0x0, 0x0, 0x0, 0x3f, 0xfb, 0x0, 0x0, 0x0,
    0x0, 0x0, 0x0, 0x0, 0x0, 0x0, 0x3f, 0xfb,
    0x0, 0x0, 0x0, 0x7, 0xbb, 0x30, 0x0, 0x0,
    0x0, 0x3f, 0xfb, 0x0, 0x0, 0x0, 0xa, 0xff,
    0x50, 0x0, 0x0, 0x0, 0x3f, 0xfb, 0x0, 0x0,
    0x0, 0xa, 0xff, 0x50, 0x0, 0x0, 0x0, 0x4,
    0x43, 0x0, 0x0, 0x0, 0xa, 0xff, 0x50, 0x0,
    0x0, 0x0, 0x0, 0x0, 0x0, 0x0, 0x0, 0xa,
    0xff, 0x50, 0x0, 0x0, 0x0, 0x0, 0x0, 0x0,
    0x0, 0x0, 0xa, 0xff, 0xa7, 0x77, 0x77, 0x77,
    0x77, 0x77, 0x20, 0x0, 0x0, 0xa, 0xff, 0xff,
    0xff, 0xff, 0xff, 0xff, 0xff, 0x50, 0x0, 0x0,
    0xa, 0xff, 0xff, 0xff, 0xff, 0xff, 0xff, 0xff,
    0x50, 0x0,

    /* U+B9CE "많" */
    0x0, 0x0, 0x0, 0x0, 0x0, 0x0, 0x0, 0x7f,
    0xf7, 0x0, 0xb, 0xff, 0xff, 0xff, 0xff, 0xfd,
    0x0, 0x7, 0xff, 0x70, 0x0, 0xbf, 0xff, 0xff,
    0xff, 0xff, 0xd0, 0x0, 0x7f, 0xf7, 0x0, 0xb,
    0xff, 0x97, 0x77, 0x7f, 0xfd, 0x0, 0x7, 0xff,
    0x70, 0x0, 0xbf, 0xf3, 0x0, 0x1, 0xff, 0xd0,
    0x0, 0x7f, 0xf9, 0x44, 0x3b, 0xff, 0x30, 0x0,
    0x1f, 0xfd, 0x0, 0x7, 0xff, 0xff, 0xfe, 0xbf,
    0xf3, 0x0, 0x1, 0xff, 0xd0, 0x0, 0x7f, 0xff,
    0xff, 0xdb, 0xff, 0x86, 0x66, 0x7f, 0xfd, 0x0,
    0x7, 0xff, 0x70, 0x0, 0xbf, 0xff, 0xff, 0xff,
    0xff, 0xd0, 0x0, 0x7f, 0xf7, 0x0, 0xb, 0xff,
    0xff, 0xff, 0xff, 0xfd, 0x0, 0x7, 0xff, 0x70,
    0x0, 0x0, 0x0, 0x0, 0x0, 0x0, 0x1, 0x77,
    0xab, 0xb5, 0x0, 0x0, 0x0, 0x0, 0x0, 0x0,
    0x0, 0x3f, 0xfb, 0x0, 0x0, 0x0, 0x0, 0x0,
    0x0, 0x0, 0x0, 0x3, 0xff, 0xb0, 0x0, 0x0,
    0x0, 0xff, 0xd0, 0x0, 0x6c, 0xcc, 0xdf, 0xfe,
    0xcc, 0xcc, 0x0, 0xf, 0xfd, 0x0, 0x8, 0xff,
    0xff, 0xff, 0xff, 0xff, 0xf1, 0x0, 0xff, 0xd0,
    0x0, 0x12, 0x22, 0x34, 0x53, 0x22, 0x22, 0x0,
    0xf, 0xfd, 0x0, 0x0, 0x3, 0xbf, 0xff, 0xfe,
    0x80, 0x0, 0x0, 0xff, 0xd0, 0x0, 0x3, 0xff,
    0xff, 0xff, 0xff, 0xb0, 0x0, 0xf, 0xfd, 0x0,
    0x0, 0x9f, 0xf7, 0x0, 0x2e, 0xff, 0x10, 0x0,
    0xff, 0xe7, 0x8a, 0xc9, 0xff, 0x81, 0x3, 0xef,
    0xf1, 0x0, 0xf, 0xff, 0xff, 0xff, 0x3f, 0xff,
    0xff, 0xff, 0xfa, 0x0, 0x0, 0xff, 0xfe, 0xdc,
    0xb0, 0x3b, 0xff, 0xff, 0xd7, 0x0, 0x0, 0x0,
    0x0, 0x0, 0x0, 0x0, 0x0, 0x11, 0x0, 0x0,
    0x0, 0x0,

    /* U+B9DE "맞" */
    0x0, 0x0, 0x0, 0x0, 0x0, 0x0, 0x0, 0x3f,
    0xfb, 0x0, 0x0, 0xbf, 0xff, 0xff, 0xff, 0xff,
    0xe0, 0x0, 0x3f, 0xfb, 0x0, 0x0, 0xbf, 0xff,
    0xff, 0xff, 0xff, 0xe0, 0x0, 0x3f, 0xfb, 0x0,
    0x0, 0xbf, 0xf9, 0x77, 0x77, 0xff, 0xe0, 0x0,
    0x3f, 0xfb, 0x0, 0x0, 0xbf, 0xf3, 0x0, 0x0,
    0xff, 0xe0, 0x0, 0x3f, 0xfb, 0x0, 0x0, 0xbf,
    0xf3, 0x0, 0x0, 0xff, 0xe0, 0x0, 0x3f, 0xfe,
    0xaa, 0xa1, 0xbf, 0xf3, 0x0, 0x0, 0xff, 0xe0,
    0x0, 0x3f, 0xff, 0xff, 0xf2, 0xbf, 0xf4, 0x0,
    0x0, 0xff, 0xe0, 0x0, 0x3f, 0xfe, 0x99, 0x91,
    0xbf, 0xff, 0xff, 0xff, 0xff, 0xe0, 0x0, 0x3f,
    0xfb, 0x0, 0x0, 0xbf, 0xff, 0xff, 0xff, 0xff,
    0xe0, 0x0, 0x3f, 0xfb, 0x0, 0x0, 0x46, 0x66,
    0x66, 0x66, 0x66, 0x60, 0x0, 0x3f, 0xfb, 0x0,
    0x0, 0x0, 0x0, 0x0, 0x0, 0x0, 0x0, 0x0,
    0x3f, 0xfb, 0x0, 0x0, 0x0, 0x1, 0x11, 0x11,
    0x11, 0x11, 0x11, 0x28, 0x86, 0x0, 0x0, 0x0,
    0xef, 0xff, 0xff, 0xff, 0xff, 0xff, 0xff, 0xff,
    0x0, 0x0, 0x0, 0xef, 0xff, 0xff, 0xff, 0xff,
    0xff, 0xff, 0xff, 0x0, 0x0, 0x0, 0x56, 0x66,
    0x67, 0xff, 0xff, 0x76, 0x66, 0x66, 0x0, 0x0,
    0x0, 0x0, 0x0, 0xb, 0xff, 0xff, 0xb0, 0x0,
    0x0, 0x0, 0x0, 0x0, 0x0, 0x2, 0xcf, 0xfe,
    0xef, 0xfc, 0x20, 0x0, 0x0, 0x0, 0x0, 0x4,
    0xaf, 0xff, 0xe3, 0x2e, 0xff, 0xfa, 0x40, 0x0,
    0x0, 0x3c, 0xff, 0xff, 0xfb, 0x10, 0x1, 0xbf,
    0xff, 0xff, 0xc4, 0x0, 0xb, 0xff, 0xfc, 0x40,
    0x0, 0x0, 0x5, 0xcf, 0xff, 0xd0, 0x0, 0x1,
    0xc8, 0x30, 0x0, 0x0, 0x0, 0x0, 0x3, 0x8c,
    0x20, 0x0,

    /* U+B9E4 "매" */
    0x0, 0x0, 0x0, 0x0, 0x0, 0xd, 0xff, 0x10,
    0xff, 0xf6, 0x77, 0x77, 0x77, 0x77, 0x0, 0xdf,
    0xf1, 0xf, 0xff, 0xdf, 0xff, 0xff, 0xff, 0xf2,
    0xd, 0xff, 0x10, 0xff, 0xfd, 0xff, 0xff, 0xff,
    0xff, 0x20, 0xdf, 0xf1, 0xf, 0xff, 0xdf, 0xf1,
    0x0, 0xcf, 0xf2, 0xd, 0xff, 0x10, 0xff, 0xfd,
    0xff, 0x10, 0xc, 0xff, 0x20, 0xdf, 0xf1, 0xf,
    0xff, 0xdf, 0xf1, 0x0, 0xcf, 0xf2, 0xd, 0xff,
    0x10, 0xff, 0xfd, 0xff, 0x10, 0xc, 0xff, 0x20,
    0xdf, 0xf1, 0xf, 0xff, 0xdf, 0xf1, 0x0, 0xcf,
    0xf2, 0xd, 0xff, 0x88, 0xff, 0xfd, 0xff, 0x10,
    0xc, 0xff, 0x20, 0xdf, 0xff, 0xff, 0xff, 0xdf,
    0xf1, 0x0, 0xcf, 0xf2, 0xd, 0xff, 0xff, 0xff,
    0xfd, 0xff, 0x10, 0xc, 0xff, 0x20, 0xdf, 0xf1,
    0xf, 0xff, 0xdf, 0xf1, 0x0, 0xcf, 0xf2, 0xd,
    0xff, 0x10, 0xff, 0xfd, 0xff, 0x88, 0x8e, 0xff,
    0x20, 0xdf, 0xf1, 0xf, 0xff, 0xdf, 0xff, 0xff,
    0xff, 0xf2, 0xd, 0xff, 0x10, 0xff, 0xfc, 0xff,
    0xff, 0xff, 0xff, 0x10, 0xdf, 0xf1, 0xf, 0xff,
    0x0, 0x0, 0x0, 0x0, 0x0, 0xd, 0xff, 0x10,
    0xff, 0xf0, 0x0, 0x0, 0x0, 0x0, 0x0, 0xdf,
    0xf1, 0xf, 0xff, 0x0, 0x0, 0x0, 0x0, 0x0,
    0xd, 0xff, 0x10, 0xff, 0xf0, 0x0, 0x0, 0x0,
    0x0, 0x0, 0xdf, 0xf1, 0xf, 0xff, 0x0, 0x0,
    0x0, 0x0, 0x0, 0xd, 0xff, 0x10, 0xff, 0xf0,
    0x0, 0x0, 0x0, 0x0, 0x0, 0xdf, 0xf1, 0xf,
    0xff, 0x0, 0x0, 0x0, 0x0, 0x0, 0x0, 0x0,
    0x0, 0x99, 0x90,

    /* U+B9E8 "맨" */
    0x0, 0x0, 0x0, 0x0, 0x0, 0xc, 0xff, 0x10,
    0xff, 0xf0, 0xcf, 0xff, 0xff, 0xff, 0xf2, 0xc,
    0xff, 0x10, 0xff, 0xf0, 0xcf, 0xff, 0xff, 0xff,
    0xf2, 0xc, 0xff, 0x10, 0xff, 0xf0, 0xcf, 0xf8,
    0x77, 0xdf, 0xf2, 0xc, 0xff, 0x10, 0xff, 0xf0,
    0xcf, 0xf1, 0x0, 0xbf, 0xf2, 0xc, 0xff, 0x10,
    0xff, 0xf0, 0xcf, 0xf1, 0x0, 0xbf, 0xf2, 0xc,
    0xff, 0x10, 0xff, 0xf0, 0xcf, 0xf1, 0x0, 0xbf,
    0xf2, 0xc, 0xff, 0xff, 0xff, 0xf0, 0xcf, 0xf1,
    0x0, 0xbf, 0xf2, 0xc, 0xff, 0xff, 0xff, 0xf0,
    0xcf, 0xf3, 0x22, 0xbf, 0xf2, 0xc, 0xff, 0x87,
    0xff, 0xf0, 0xcf, 0xff, 0xff, 0xff, 0xf2, 0xc,
    0xff, 0x10, 0xff, 0xf0, 0xcf, 0xff, 0xff, 0xff,
    0xf2, 0xc, 0xff, 0x10, 0xff, 0xf0, 0x35, 0x55,
    0x55, 0x55, 0x50, 0xc, 0xff, 0x10, 0xff, 0xf0,
    0x0, 0x0, 0x0, 0x0, 0x0, 0xc, 0xff, 0x10,
    0xff, 0xf0, 0x0, 0x0, 0x0, 0x0, 0x0, 0xc,
    0xff, 0x10, 0xff, 0xf0, 0x0, 0x0, 0xab, 0xb0,
    0x0, 0xc, 0xff, 0x10, 0xff, 0xf0, 0x0, 0x0,
    0xef, 0xf1, 0x0, 0x0, 0x0, 0x0, 0xff, 0xf0,
    0x0, 0x0, 0xef, 0xf1, 0x0, 0x0, 0x0, 0x0,
    0x22, 0x20, 0x0, 0x0, 0xef, 0xf1, 0x0, 0x0,
    0x0, 0x0, 0x0, 0x0, 0x0, 0x0, 0xef, 0xf1,
    0x0, 0x0, 0x0, 0x0, 0x0, 0x0, 0x0, 0x0,
    0xef, 0xf8, 0x88, 0x88, 0x88, 0x88, 0x88, 0x81,
    0x0, 0x0, 0xef, 0xff, 0xff, 0xff, 0xff, 0xff,
    0xff, 0xf2, 0x0, 0x0, 0xef, 0xff, 0xff, 0xff,
    0xff, 0xff, 0xff, 0xf2,

    /* U+BA3C "먼" */
    0x0, 0x0, 0x0, 0x0, 0x0, 0x0, 0x0, 0x0,
    0xef, 0xf0, 0x1f, 0xff, 0xff, 0xff, 0xff, 0xfc,
    0x0, 0x0, 0xef, 0xf0, 0x1f, 0xff, 0xff, 0xff,
    0xff, 0xfc, 0x0, 0x0, 0xef, 0xf0, 0x1f, 0xfe,
    0x77, 0x77, 0x8f, 0xfc, 0x0, 0x0, 0xef, 0xf0,
    0x1f, 0xfc, 0x0, 0x0, 0x1f, 0xfc, 0x0, 0x0,
    0xef, 0xf0, 0x1f, 0xfc, 0x0, 0x0, 0x1f, 0xff,
    0xff, 0xff, 0xff, 0xf0, 0x1f, 0xfc, 0x0, 0x0,
    0x1f, 0xff, 0xff, 0xff, 0xff, 0xf0, 0x1f, 0xfc,
    0x0, 0x0, 0x1f, 0xfe, 0x77, 0x77, 0xff, 0xf0,
    0x1f, 0xfd, 0x11, 0x11, 0x2f, 0xfc, 0x0, 0x0,
    0xef, 0xf0, 0x1f, 0xff, 0xff, 0xff, 0xff, 0xfc,
    0x0, 0x0, 0xef, 0xf0, 0x1f, 0xff, 0xff, 0xff,
    0xff, 0xfc, 0x0, 0x0, 0xef, 0xf0, 0x6, 0x66,
    0x66, 0x66, 0x66, 0x64, 0x0, 0x0, 0xef, 0xf0,
    0x0, 0x0, 0x0, 0x0, 0x0, 0x0, 0x0, 0x0,
    0xef, 0xf0, 0x0, 0x0, 0x0, 0x0, 0x0, 0x0,
    0x0, 0x0, 0xef, 0xf0, 0x0, 0x0, 0x7b, 0xb4,
    0x0, 0x0, 0x0, 0x0, 0xef, 0xf0, 0x0, 0x0,
    0x9f, 0xf5, 0x0, 0x0, 0x0, 0x0, 0xef, 0xf0,
    0x0, 0x0, 0x9f, 0xf5, 0x0, 0x0, 0x0, 0x0,
    0x22, 0x20, 0x0, 0x0, 0x9f, 0xf5, 0x0, 0x0,
    0x0, 0x0, 0x0, 0x0, 0x0, 0x0, 0x9f, 0xf5,
    0x0, 0x0, 0x0, 0x0, 0x0, 0x0, 0x0, 0x0,
    0x9f, 0xfa, 0x77, 0x77, 0x77, 0x77, 0x77, 0x72,
    0x0, 0x0, 0x9f, 0xff, 0xff, 0xff, 0xff, 0xff,
    0xff, 0xf4, 0x0, 0x0, 0x9f, 0xff, 0xff, 0xff,
    0xff, 0xff, 0xff, 0xf4,

    /* U+BA48 "멈" */
    0x0, 0x0, 0x0, 0x0, 0x0, 0x0, 0x0, 0x0,
    0xff, 0xe1, 0xff, 0xff, 0xff, 0xff, 0xff, 0xc0,
    0x0, 0xf, 0xfe, 0x1f, 0xff, 0xff, 0xff, 0xff,
    0xfc, 0x0, 0x0, 0xff, 0xe1, 0xff, 0xe7, 0x77,
    0x78, 0xff, 0xc0, 0x0, 0xf, 0xfe, 0x1f, 0xfc,
    0x0, 0x0, 0x1f, 0xff, 0xff, 0xff, 0xff, 0xe1,
    0xff, 0xc0, 0x0, 0x1, 0xff, 0xff, 0xff, 0xff,
    0xfe, 0x1f, 0xfc, 0x0, 0x0, 0x1f, 0xfe, 0x77,
    0x77, 0xff, 0xe1, 0xff, 0xc0, 0x0, 0x1, 0xff,
    0xc0, 0x0, 0xf, 0xfe, 0x1f, 0xff, 0xff, 0xff,
    0xff, 0xfc, 0x0, 0x0, 0xff, 0xe1, 0xff, 0xff,
    0xff, 0xff, 0xff, 0xc0, 0x0, 0xf, 0xfe, 0x6,
    0x66, 0x66, 0x66, 0x66, 0x65, 0x0, 0x0, 0xff,
    0xe0, 0x0, 0x0, 0x0, 0x0, 0x0, 0x0, 0x0,
    0xf, 0xfe, 0x0, 0x0, 0x0, 0x0, 0x0, 0x0,
    0x0, 0x0, 0xcc, 0xb0, 0x0, 0xa, 0xff, 0xff,
    0xff, 0xff, 0xff, 0xff, 0xfd, 0x0, 0x0, 0xbf,
    0xff, 0xff, 0xff, 0xff, 0xff, 0xff, 0xe0, 0x0,
    0xb, 0xff, 0x98, 0x88, 0x88, 0x88, 0x8f, 0xfe,
    0x0, 0x0, 0xbf, 0xf3, 0x0, 0x0, 0x0, 0x0,
    0xff, 0xe0, 0x0, 0xb, 0xff, 0x30, 0x0, 0x0,
    0x0, 0xf, 0xfe, 0x0, 0x0, 0xbf, 0xf3, 0x0,
    0x0, 0x0, 0x0, 0xff, 0xe0, 0x0, 0xb, 0xff,
    0x87, 0x77, 0x77, 0x77, 0x7f, 0xfe, 0x0, 0x0,
    0xbf, 0xff, 0xff, 0xff, 0xff, 0xff, 0xff, 0xe0,
    0x0, 0xb, 0xff, 0xff, 0xff, 0xff, 0xff, 0xff,
    0xfe,

    /* U+BA54 "메" */
    0x0, 0x0, 0x0, 0x0, 0x0, 0x1, 0xff, 0xc0,
    0xdf, 0xf1, 0x67, 0x77, 0x77, 0x77, 0x70, 0x1,
    0xff, 0xc0, 0xdf, 0xf1, 0xdf, 0xff, 0xff, 0xff,
    0xf2, 0x1, 0xff, 0xc0, 0xdf, 0xf1, 0xdf, 0xff,
    0xff, 0xff, 0xf2, 0x1, 0xff, 0xc0, 0xdf, 0xf1,
    0xdf, 0xf1, 0x0, 0xcf, 0xf2, 0x1, 0xff, 0xc0,
    0xdf, 0xf1, 0xdf, 0xf1, 0x0, 0xcf, 0xf2, 0x1,
    0xff, 0xc0, 0xdf, 0xf1, 0xdf, 0xf1, 0x0, 0xcf,
    0xf2, 0x1, 0xff, 0xc0, 0xdf, 0xf1, 0xdf, 0xf1,
    0x0, 0xcf, 0xf9, 0x89, 0xff, 0xc0, 0xdf, 0xf1,
    0xdf, 0xf1, 0x0, 0xcf, 0xff, 0xff, 0xff, 0xc0,
    0xdf, 0xf1, 0xdf, 0xf1, 0x0, 0xcf, 0xff, 0xff,
    0xff, 0xc0, 0xdf, 0xf1, 0xdf, 0xf1, 0x0, 0xcf,
    0xf2, 0x1, 0xff, 0xc0, 0xdf, 0xf1, 0xdf, 0xf1,
    0x0, 0xcf, 0xf2, 0x1, 0xff, 0xc0, 0xdf, 0xf1,
    0xdf, 0xf1, 0x0, 0xcf, 0xf2, 0x1, 0xff, 0xc0,
    0xdf, 0xf1, 0xdf, 0xf8, 0x88, 0xef, 0xf2, 0x1,
    0xff, 0xc0, 0xdf, 0xf1, 0xdf, 0xff, 0xff, 0xff,
    0xf2, 0x1, 0xff, 0xc0, 0xdf, 0xf1, 0xcf, 0xff,
    0xff, 0xff, 0xf1, 0x1, 0xff, 0xc0, 0xdf, 0xf1,
    0x0, 0x0, 0x0, 0x0, 0x0, 0x1, 0xff, 0xc0,
    0xdf, 0xf1, 0x0, 0x0, 0x0, 0x0, 0x0, 0x1,
    0xff, 0xc0, 0xdf, 0xf1, 0x0, 0x0, 0x0, 0x0,
    0x0, 0x1, 0xff, 0xc0, 0xdf, 0xf1, 0x0, 0x0,
    0x0, 0x0, 0x0, 0x1, 0xff, 0xc0, 0xdf, 0xf1,
    0x0, 0x0, 0x0, 0x0, 0x0, 0x1, 0xff, 0xc0,
    0xdf, 0xf1, 0x0, 0x0, 0x0, 0x0, 0x0, 0x1,
    0xff, 0xc0, 0xdf, 0xf1, 0x0, 0x0, 0x0, 0x0,
    0x0, 0x0, 0x0, 0x0, 0x89, 0x90,

    /* U+BA74 "면" */
    0x0, 0x0, 0x0, 0x0, 0x0, 0x0, 0x0, 0x0,
    0xff, 0xf0, 0x9, 0x99, 0x99, 0x99, 0x99, 0x97,
    0x0, 0x0, 0xff, 0xf0, 0x1f, 0xff, 0xff, 0xff,
    0xff, 0xfc, 0x0, 0x0, 0xff, 0xf0, 0x1f, 0xfe,
    0xaa, 0xaa, 0xaf, 0xff, 0xff, 0xff, 0xff, 0xf0,
    0x1f, 0xfc, 0x0, 0x0, 0x1f, 0xff, 0xff, 0xff,
    0xff, 0xf0, 0x1f, 0xfc, 0x0, 0x0, 0x1f, 0xfd,
    0x55, 0x55, 0xff, 0xf0, 0x1f, 0xfc, 0x0, 0x0,
    0x1f, 0xfc, 0x0, 0x0, 0xff, 0xf0, 0x1f, 0xfc,
    0x0, 0x0, 0x1f, 0xfd, 0x44, 0x44, 0xff, 0xf0,
    0x1f, 0xfc, 0x0, 0x0, 0x1f, 0xff, 0xff, 0xff,
    0xff, 0xf0, 0x1f, 0xfe, 0x88, 0x88, 0x8f, 0xff,
    0xff, 0xff, 0xff, 0xf0, 0x1f, 0xff, 0xff, 0xff,
    0xff, 0xfc, 0x22, 0x22, 0xff, 0xf0, 0x1f, 0xff,
    0xff, 0xff, 0xff, 0xfb, 0x0, 0x0, 0xff, 0xf0,
    0x0, 0x0, 0x0, 0x0, 0x0, 0x0, 0x0, 0x0,
    0xff, 0xf0, 0x0, 0x0, 0x0, 0x0, 0x0, 0x0,
    0x0, 0x0, 0xff, 0xf0, 0x0, 0x0, 0x7b, 0xb4,
    0x0, 0x0, 0x0, 0x0, 0xff, 0xf0, 0x0, 0x0,
    0x9f, 0xf5, 0x0, 0x0, 0x0, 0x0, 0xff, 0xf0,
    0x0, 0x0, 0x9f, 0xf5, 0x0, 0x0, 0x0, 0x0,
    0x55, 0x50, 0x0, 0x0, 0x9f, 0xf5, 0x0, 0x0,
    0x0, 0x0, 0x0, 0x0, 0x0, 0x0, 0x9f, 0xf5,
    0x0, 0x0, 0x0, 0x0, 0x0, 0x0, 0x0, 0x0,
    0x9f, 0xfa, 0x77, 0x77, 0x77, 0x77, 0x77, 0x72,
    0x0, 0x0, 0x9f, 0xff, 0xff, 0xff, 0xff, 0xff,
    0xff, 0xf4, 0x0, 0x0, 0x9f, 0xff, 0xff, 0xff,
    0xff, 0xff, 0xff, 0xf4,

    /* U+BA85 "명" */
    0x0, 0x0, 0x0, 0x0, 0x0, 0x0, 0x0, 0x0,
    0xff, 0xf0, 0x1f, 0xff, 0xff, 0xff, 0xff, 0xfc,
    0x0, 0x0, 0xff, 0xf0, 0x1f, 0xff, 0xff, 0xff,
    0xff, 0xfd, 0x55, 0x55, 0xff, 0xf0, 0x1f, 0xfe,
    0x77, 0x77, 0x7f, 0xff, 0xff, 0xff, 0xff, 0xf0,
    0x1f, 0xfc, 0x0, 0x0, 0x1f, 0xff, 0xff, 0xff,
    0xff, 0xf0, 0x1f, 0xfc, 0x0, 0x0, 0x1f, 0xfc,
    0x0, 0x0, 0xff, 0xf0, 0x1f, 0xfc, 0x0, 0x0,
    0x1f, 0xfc, 0x0, 0x0, 0xff, 0xf0, 0x1f, 0xfc,
    0x0, 0x0, 0x1f, 0xff, 0xcc, 0xcc, 0xff, 0xf0,
    0x1f, 0xfd, 0x33, 0x33, 0x4f, 0xff, 0xff, 0xff,
    0xff, 0xf0, 0x1f, 0xff, 0xff, 0xff, 0xff, 0xfe,
    0x99, 0x99, 0xff, 0xf0, 0x1f, 0xff, 0xff, 0xff,
    0xff, 0xfc, 0x0, 0x0, 0xff, 0xf0, 0x4, 0x44,
    0x44, 0x44, 0x44, 0x43, 0x0, 0x0, 0xff, 0xf0,
    0x0, 0x0, 0x0, 0x0, 0x2, 0x44, 0x43, 0x0,
    0xff, 0xf0, 0x0, 0x0, 0x0, 0x29, 0xef, 0xff,
    0xff, 0xfc, 0x71, 0x10, 0x0, 0x0, 0x5, 0xff,
    0xff, 0xff, 0xff, 0xff, 0xfc, 0x10, 0x0, 0x0,
    0x2f, 0xff, 0xb5, 0x21, 0x13, 0x7e, 0xff, 0xa0,
    0x0, 0x0, 0x9f, 0xf9, 0x0, 0x0, 0x0, 0x1,
    0xff, 0xf1, 0x0, 0x0, 0xaf, 0xf5, 0x0, 0x0,
    0x0, 0x0, 0xcf, 0xf2, 0x0, 0x0, 0x7f, 0xfc,
    0x10, 0x0, 0x0, 0x5, 0xff, 0xf0, 0x0, 0x0,
    0x1e, 0xff, 0xfa, 0x87, 0x79, 0xcf, 0xff, 0x70,
    0x0, 0x0, 0x2, 0xdf, 0xff, 0xff, 0xff, 0xff,
    0xf7, 0x0, 0x0, 0x0, 0x0, 0x4, 0xad, 0xff,
    0xfe, 0xb7, 0x10, 0x0,

    /* U+BAA8 "모" */
    0x0, 0x0, 0x77, 0x77, 0x77, 0x77, 0x77, 0x77,
    0x77, 0x30, 0x0, 0x0, 0x0, 0xff, 0xff, 0xff,
    0xff, 0xff, 0xff, 0xff, 0x60, 0x0, 0x0, 0x0,
    0xff, 0xff, 0xff, 0xff, 0xff, 0xff, 0xff, 0x60,
    0x0, 0x0, 0x0, 0xff, 0xf0, 0x0, 0x0, 0x0,
    0x8, 0xff, 0x60, 0x0, 0x0, 0x0, 0xff, 0xf0,
    0x0, 0x0, 0x0, 0x8, 0xff, 0x60, 0x0, 0x0,
    0x0, 0xff, 0xf0, 0x0, 0x0, 0x0, 0x8, 0xff,
    0x60, 0x0, 0x0, 0x0, 0xff, 0xf0, 0x0, 0x0,
    0x0, 0x8, 0xff, 0x60, 0x0, 0x0, 0x0, 0xff,
    0xf0, 0x0, 0x0, 0x0, 0x8, 0xff, 0x60, 0x0,
    0x0, 0x0, 0xff, 0xf6, 0x66, 0x66, 0x66, 0x6b,
    0xff, 0x60, 0x0, 0x0, 0x0, 0xff, 0xff, 0xff,
    0xff, 0xff, 0xff, 0xff, 0x60, 0x0, 0x0, 0x0,
    0xff, 0xff, 0xff, 0xff, 0xff, 0xff, 0xff, 0x60,
    0x0, 0x0, 0x0, 0x0, 0x0, 0x4, 0xff, 0xb0,
    0x0, 0x0, 0x0, 0x0, 0x0, 0x0, 0x0, 0x0,
    0x4, 0xff, 0xb0, 0x0, 0x0, 0x0, 0x0, 0x0,
    0x0, 0x0, 0x0, 0x4, 0xff, 0xb0, 0x0, 0x0,
    0x0, 0x0, 0x0, 0x0, 0x0, 0x0, 0x4, 0xff,
    0xb0, 0x0, 0x0, 0x0, 0x0, 0x17, 0x77, 0x77,
    0x77, 0x79, 0xff, 0xd7, 0x77, 0x77, 0x77, 0x75,
    0x4f, 0xff, 0xff, 0xff, 0xff, 0xff, 0xff, 0xff,
    0xff, 0xff, 0xfb, 0x4f, 0xff, 0xff, 0xff, 0xff,
    0xff, 0xff, 0xff, 0xff, 0xff, 0xfb,

    /* U+BAA9 "목" */
    0x0, 0x5, 0xff, 0xff, 0xff, 0xff, 0xff, 0xff,
    0xff, 0x80, 0x0, 0x0, 0x5, 0xff, 0xff, 0xff,
    0xff, 0xff, 0xff, 0xff, 0x80, 0x0, 0x0, 0x5,
    0xff, 0xc7, 0x77, 0x77, 0x77, 0x7b, 0xff, 0x80,
    0x0, 0x0, 0x5, 0xff, 0xa0, 0x0, 0x0, 0x0,
    0x7, 0xff, 0x80, 0x0, 0x0, 0x5, 0xff, 0xa0,
    0x0, 0x0, 0x0, 0x7, 0xff, 0x80, 0x0, 0x0,
    0x5, 0xff, 0xc6, 0x66, 0x66, 0x66, 0x6b, 0xff,
    0x80, 0x0, 0x0, 0x5, 0xff, 0xff, 0xff, 0xff,
    0xff, 0xff, 0xff, 0x80, 0x0, 0x0, 0x5, 0xff,
    0xff, 0xff, 0xff, 0xff, 0xff, 0xff, 0x80, 0x0,
    0x0, 0x0, 0x0, 0x0, 0x6, 0xff, 0x90, 0x0,
    0x0, 0x0, 0x0, 0x0, 0x0, 0x0, 0x0, 0x6,
    0xff, 0x90, 0x0, 0x0, 0x0, 0x0, 0x4f, 0xff,
    0xff, 0xff, 0xff, 0xff, 0xff, 0xff, 0xff, 0xff,
    0xfb, 0x4f, 0xff, 0xff, 0xff, 0xff, 0xff, 0xff,
    0xff, 0xff, 0xff, 0xfb, 0x27, 0x77, 0x77, 0x77,
    0x77, 0x77, 0x77, 0x77, 0x77, 0x77, 0x75, 0x0,
    0x0, 0x0, 0x0, 0x0, 0x0, 0x0, 0x0, 0x0,
    0x0, 0x0, 0x0, 0xa, 0xff, 0xff, 0xff, 0xff,
    0xff, 0xff, 0xff, 0x90, 0x0, 0x0, 0xb, 0xff,
    0xff, 0xff, 0xff, 0xff, 0xff, 0xff, 0x90, 0x0,
    0x0, 0x5, 0x88, 0x88, 0x88, 0x88, 0x88, 0x8b,
    0xff, 0x90, 0x0, 0x0, 0x0, 0x0, 0x0, 0x0,
    0x0, 0x0, 0x6, 0xff, 0x90, 0x0, 0x0, 0x0,
    0x0, 0x0, 0x0, 0x0, 0x0, 0x6, 0xff, 0x90,
    0x0, 0x0, 0x0, 0x0, 0x0, 0x0, 0x0, 0x0,
    0x6, 0xff, 0x90, 0x0, 0x0, 0x0, 0x0, 0x0,
    0x0, 0x0, 0x0, 0x6, 0xff, 0x90, 0x0, 0x0,
    0x0, 0x0, 0x0, 0x0, 0x0, 0x0, 0x6, 0xff,
    0x90, 0x0, 0x0, 0x0, 0x0, 0x0, 0x0, 0x0,
    0x0, 0x0, 0x11, 0x0, 0x0,

    /* U+BABB "못" */
    0x0, 0x1, 0xff, 0xff, 0xff, 0xff, 0xff, 0xff,
    0xff, 0x80, 0x0, 0x0, 0x1, 0xff, 0xff, 0xff,
    0xff, 0xff, 0xff, 0xff, 0x80, 0x0, 0x0, 0x1,
    0xff, 0xe7, 0x77, 0x77, 0x77, 0x7a, 0xff, 0x80,
    0x0, 0x0, 0x1, 0xff, 0xd0, 0x0, 0x0, 0x0,
    0x6, 0xff, 0x80, 0x0, 0x0, 0x1, 0xff, 0xd0,
    0x0, 0x0, 0x0, 0x6, 0xff, 0x80, 0x0, 0x0,
    0x1, 0xff, 0xe5, 0x55, 0x55, 0x55, 0x59, 0xff,
    0x80, 0x0, 0x0, 0x1, 0xff, 0xff, 0xff, 0xff,
    0xff, 0xff, 0xff, 0x80, 0x0, 0x0, 0x1, 0xff,
    0xff, 0xff, 0xff, 0xff, 0xff, 0xff, 0x80, 0x0,
    0x0, 0x0, 0x11, 0x11, 0x15, 0xff, 0xb1, 0x11,
    0x11, 0x0, 0x0, 0x0, 0x0, 0x0, 0x0, 0x4,
    0xff, 0xb0, 0x0, 0x0, 0x0, 0x0, 0x28, 0x88,
    0x88, 0x88, 0x8a, 0xff, 0xd8, 0x88, 0x88, 0x88,
    0x85, 0x4f, 0xff, 0xff, 0xff, 0xff, 0xff, 0xff,
    0xff, 0xff, 0xff, 0xfb, 0x4f, 0xff, 0xff, 0xff,
    0xff, 0xff, 0xff, 0xff, 0xff, 0xff, 0xfa, 0x0,
    0x0, 0x0, 0x0, 0x0, 0x33, 0x20, 0x0, 0x0,
    0x0, 0x0, 0x0, 0x0, 0x0, 0x0, 0x4, 0xff,
    0xa0, 0x0, 0x0, 0x0, 0x0, 0x0, 0x0, 0x0,
    0x0, 0x7, 0xff, 0xe0, 0x0, 0x0, 0x0, 0x0,
    0x0, 0x0, 0x0, 0x0, 0x2e, 0xff, 0xf9, 0x0,
    0x0, 0x0, 0x0, 0x0, 0x0, 0x0, 0x3, 0xef,
    0xff, 0xff, 0xa0, 0x0, 0x0, 0x0, 0x0, 0x0,
    0x2, 0x9f, 0xff, 0xb4, 0xff, 0xfe, 0x60, 0x0,
    0x0, 0x0, 0x58, 0xcf, 0xff, 0xf8, 0x0, 0x3e,
    0xff, 0xff, 0xa7, 0x20, 0x0, 0xbf, 0xff, 0xfc,
    0x30, 0x0, 0x0, 0x8f, 0xff, 0xff, 0x10, 0x0,
    0x1d, 0xea, 0x30, 0x0, 0x0, 0x0, 0x0, 0x6b,
    0xf5, 0x0, 0x0, 0x0, 0x0, 0x0, 0x0, 0x0,
    0x0, 0x0, 0x0, 0x0, 0x0,

    /* U+BB34 "무" */
    0x0, 0x0, 0xff, 0xff, 0xff, 0xff, 0xff, 0xff,
    0xff, 0x60, 0x0, 0x0, 0x0, 0xff, 0xff, 0xff,
    0xff, 0xff, 0xff, 0xff, 0x60, 0x0, 0x0, 0x0,
    0xff, 0xf7, 0x77, 0x77, 0x77, 0x7b, 0xff, 0x60,
    0x0, 0x0, 0x0, 0xff, 0xe0, 0x0, 0x0, 0x0,
    0x8, 0xff, 0x60, 0x0, 0x0, 0x0, 0xff, 0xe0,
    0x0, 0x0, 0x0, 0x8, 0xff, 0x60, 0x0, 0x0,
    0x0, 0xff, 0xe2, 0x22, 0x22, 0x22, 0x29, 0xff,
    0x60, 0x0, 0x0, 0x0, 0xff, 0xff, 0xff, 0xff,
    0xff, 0xff, 0xff, 0x60, 0x0, 0x0, 0x0, 0xff,
    0xff, 0xff, 0xff, 0xff, 0xff, 0xff, 0x60, 0x0,
    0x0, 0x0, 0x44, 0x44, 0x44, 0x44, 0x44, 0x44,
    0x44, 0x10, 0x0, 0x0, 0x0, 0x0, 0x0, 0x0,
    0x0, 0x0, 0x0, 0x0, 0x0, 0x0, 0x0, 0x0,
    0x0, 0x0, 0x0, 0x0, 0x0, 0x0, 0x0, 0x0,
    0x0, 0x4f, 0xff, 0xff, 0xff, 0xff, 0xff, 0xff,
    0xff, 0xff, 0xff, 0xfb, 0x4f, 0xff, 0xff, 0xff,
    0xff, 0xff, 0xff, 0xff, 0xff, 0xff, 0xfb, 0x17,
    0x77, 0x77, 0x77, 0x79, 0xff, 0xd7, 0x77, 0x77,
    0x77, 0x75, 0x0, 0x0, 0x0, 0x0, 0x4, 0xff,
    0xb0, 0x0, 0x0, 0x0, 0x0, 0x0, 0x0, 0x0,
    0x0, 0x4, 0xff, 0xb0, 0x0, 0x0, 0x0, 0x0,
    0x0, 0x0, 0x0, 0x0, 0x4, 0xff, 0xb0, 0x0,
    0x0, 0x0, 0x0, 0x0, 0x0, 0x0, 0x0, 0x4,
    0xff, 0xb0, 0x0, 0x0, 0x0, 0x0, 0x0, 0x0,
    0x0, 0x0, 0x4, 0xff, 0xb0, 0x0, 0x0, 0x0,
    0x0, 0x0, 0x0, 0x0, 0x0, 0x4, 0xff, 0xb0,
    0x0, 0x0, 0x0, 0x0, 0x0, 0x0, 0x0, 0x0,
    0x4, 0xff, 0xb0, 0x0, 0x0, 0x0, 0x0, 0x0,
    0x0, 0x0, 0x0, 0x0, 0x33, 0x20, 0x0, 0x0,
    0x0, 0x0,

    /* U+BB38 "문" */
    0x0, 0x2, 0xff, 0xff, 0xff, 0xff, 0xff, 0xff,
    0xff, 0x50, 0x0, 0x0, 0x2, 0xff, 0xff, 0xff,
    0xff, 0xff, 0xff, 0xff, 0x50, 0x0, 0x0, 0x2,
    0xff, 0xd7, 0x77, 0x77, 0x77, 0x7c, 0xff, 0x50,
    0x0, 0x0, 0x2, 0xff, 0xc0, 0x0, 0x0, 0x0,
    0x9, 0xff, 0x50, 0x0, 0x0, 0x2, 0xff, 0xc0,
    0x0, 0x0, 0x0, 0x9, 0xff, 0x50, 0x0, 0x0,
    0x2, 0xff, 0xff, 0xff, 0xff, 0xff, 0xff, 0xff,
    0x50, 0x0, 0x0, 0x2, 0xff, 0xff, 0xff, 0xff,
    0xff, 0xff, 0xff, 0x50, 0x0, 0x0, 0x1, 0x77,
    0x77, 0x77, 0x77, 0x77, 0x77, 0x77, 0x20, 0x0,
    0x0, 0x0, 0x0, 0x0, 0x0, 0x0, 0x0, 0x0,
    0x0, 0x0, 0x0, 0x28, 0x88, 0x88, 0x88, 0x88,
    0x88, 0x88, 0x88, 0x88, 0x88, 0x85, 0x4f, 0xff,
    0xff, 0xff, 0xff, 0xff, 0xff, 0xff, 0xff, 0xff,
    0xfb, 0x4f, 0xff, 0xff, 0xff, 0xff, 0xff, 0xff,
    0xff, 0xff, 0xff, 0xfa, 0x0, 0x0, 0x0, 0x0,
    0x2, 0xff, 0xc0, 0x0, 0x0, 0x0, 0x0, 0x0,
    0x0, 0x0, 0x0, 0x2, 0xff, 0xc0, 0x0, 0x0,
    0x0, 0x0, 0x0, 0x2, 0xcc, 0x80, 0x2, 0xff,
    0xc0, 0x0, 0x0, 0x0, 0x0, 0x0, 0x3, 0xff,
    0xa0, 0x2, 0xff, 0xc0, 0x0, 0x0, 0x0, 0x0,
    0x0, 0x3, 0xff, 0xa0, 0x0, 0x66, 0x40, 0x0,
    0x0, 0x0, 0x0, 0x0, 0x3, 0xff, 0xa0, 0x0,
    0x0, 0x0, 0x0, 0x0, 0x0, 0x0, 0x0, 0x3,
    0xff, 0xd7, 0x77, 0x77, 0x77, 0x77, 0x77, 0x50,
    0x0, 0x0, 0x3, 0xff, 0xff, 0xff, 0xff, 0xff,
    0xff, 0xff, 0xb0, 0x0, 0x0, 0x3, 0xff, 0xff,
    0xff, 0xff, 0xff, 0xff, 0xff, 0xb0, 0x0,

    /* U+BB3C "물" */
    0x0, 0x2, 0xff, 0xff, 0xff, 0xff, 0xff, 0xff,
    0xff, 0x50, 0x0, 0x0, 0x2, 0xff, 0xff, 0xff,
    0xff, 0xff, 0xff, 0xff, 0x50, 0x0, 0x0, 0x2,
    0xff, 0xd6, 0x66, 0x66, 0x66, 0x6b, 0xff, 0x50,
    0x0, 0x0, 0x2, 0xff, 0xc0, 0x0, 0x0, 0x0,
    0x9, 0xff, 0x50, 0x0, 0x0, 0x2, 0xff, 0xd6,
    0x66, 0x66, 0x66, 0x6b, 0xff, 0x50, 0x0, 0x0,
    0x2, 0xff, 0xff, 0xff, 0xff, 0xff, 0xff, 0xff,
    0x50, 0x0, 0x0, 0x2, 0xff, 0xff, 0xff, 0xff,
    0xff, 0xff, 0xff, 0x50, 0x0, 0x0, 0x0, 0x0,
    0x0, 0x0, 0x0, 0x0, 0x0, 0x0, 0x0, 0x0,
    0x17, 0x77, 0x77, 0x77, 0x77, 0x77, 0x77, 0x77,
    0x77, 0x77, 0x74, 0x4f, 0xff, 0xff, 0xff, 0xff,
    0xff, 0xff, 0xff, 0xff, 0xff, 0xfb, 0x4f, 0xff,
    0xff, 0xff, 0xff, 0xff, 0xff, 0xff, 0xff, 0xff,
    0xfa, 0x0, 0x0, 0x0, 0x0, 0x6, 0xff, 0x80,
    0x0, 0x0, 0x0, 0x0, 0x0, 0x1, 0x77, 0x77,
    0x7a, 0xff, 0xb7, 0x77, 0x77, 0x20, 0x0, 0x0,
    0x3, 0xff, 0xff, 0xff, 0xff, 0xff, 0xff, 0xff,
    0x60, 0x0, 0x0, 0x3, 0xff, 0xff, 0xff, 0xff,
    0xff, 0xff, 0xff, 0x60, 0x0, 0x0, 0x0, 0x11,
    0x11, 0x11, 0x11, 0x11, 0x18, 0xff, 0x60, 0x0,
    0x0, 0x3, 0xff, 0xff, 0xff, 0xff, 0xff, 0xff,
    0xff, 0x60, 0x0, 0x0, 0x3, 0xff, 0xff, 0xff,
    0xff, 0xff, 0xff, 0xff, 0x60, 0x0, 0x0, 0x3,
    0xff, 0xb3, 0x33, 0x33, 0x33, 0x33, 0x33, 0x10,
    0x0, 0x0, 0x3, 0xff, 0xc6, 0x66, 0x66, 0x66,
    0x66, 0x66, 0x50, 0x0, 0x0, 0x3, 0xff, 0xff,
    0xff, 0xff, 0xff, 0xff, 0xff, 0xf0, 0x0, 0x0,
    0x3, 0xff, 0xff, 0xff, 0xff, 0xff, 0xff, 0xff,
    0xf0, 0x0,

    /* U+BBC0 "므" */
    0x0, 0x0, 0x77, 0x77, 0x77, 0x77, 0x77, 0x77,
    0x77, 0x30, 0x0, 0x0, 0x0, 0xff, 0xff, 0xff,
    0xff, 0xff, 0xff, 0xff, 0x60, 0x0, 0x0, 0x0,
    0xff, 0xff, 0xff, 0xff, 0xff, 0xff, 0xff, 0x60,
    0x0, 0x0, 0x0, 0xff, 0xf0, 0x0, 0x0, 0x0,
    0x8, 0xff, 0x60, 0x0, 0x0, 0x0, 0xff, 0xf0,
    0x0, 0x0, 0x0, 0x8, 0xff, 0x60, 0x0, 0x0,
    0x0, 0xff, 0xf0, 0x0, 0x0, 0x0, 0x8, 0xff,
    0x60, 0x0, 0x0, 0x0, 0xff, 0xf0, 0x0, 0x0,
    0x0, 0x8, 0xff, 0x60, 0x0, 0x0, 0x0, 0xff,
    0xf0, 0x0, 0x0, 0x0, 0x8, 0xff, 0x60, 0x0,
    0x0, 0x0, 0xff, 0xf6, 0x66, 0x66, 0x66, 0x6b,
    0xff, 0x60, 0x0, 0x0, 0x0, 0xff, 0xff, 0xff,
    0xff, 0xff, 0xff, 0xff, 0x60, 0x0, 0x0, 0x0,
    0xff, 0xff, 0xff, 0xff, 0xff, 0xff, 0xff, 0x60,
    0x0, 0x0, 0x0, 0x0, 0x0, 0x0, 0x0, 0x0,
    0x0, 0x0, 0x0, 0x0, 0x0, 0x0, 0x0, 0x0,
    0x0, 0x0, 0x0, 0x0, 0x0, 0x0, 0x0, 0x0,
    0x0, 0x0, 0x0, 0x0, 0x0, 0x0, 0x0, 0x0,
    0x0, 0x0, 0x0, 0x0, 0x0, 0x0, 0x0, 0x0,
    0x0, 0x0, 0x0, 0x0, 0x0, 0x27, 0x77, 0x77,
    0x77, 0x77, 0x77, 0x77, 0x77, 0x77, 0x77, 0x75,
    0x4f, 0xff, 0xff, 0xff, 0xff, 0xff, 0xff, 0xff,
    0xff, 0xff, 0xfb, 0x4f, 0xff, 0xff, 0xff, 0xff,
    0xff, 0xff, 0xff, 0xff, 0xff, 0xfa,

    /* U+BBF8 "미" */
    0x0, 0x0, 0x0, 0x0, 0x0, 0x0, 0x0, 0x2,
    0xff, 0xc0, 0x88, 0x88, 0x88, 0x88, 0x88, 0x70,
    0x0, 0x2f, 0xfc, 0x1f, 0xff, 0xff, 0xff, 0xff,
    0xfe, 0x0, 0x2, 0xff, 0xc1, 0xff, 0xff, 0xff,
    0xff, 0xff, 0xe0, 0x0, 0x2f, 0xfc, 0x1f, 0xfd,
    0x0, 0x0, 0x1f, 0xfe, 0x0, 0x2, 0xff, 0xc1,
    0xff, 0xd0, 0x0, 0x1, 0xff, 0xe0, 0x0, 0x2f,
    0xfc, 0x1f, 0xfd, 0x0, 0x0, 0x1f, 0xfe, 0x0,
    0x2, 0xff, 0xc1, 0xff, 0xd0, 0x0, 0x1, 0xff,
    0xe0, 0x0, 0x2f, 0xfc, 0x1f, 0xfd, 0x0, 0x0,
    0x1f, 0xfe, 0x0, 0x2, 0xff, 0xc1, 0xff, 0xd0,
    0x0, 0x1, 0xff, 0xe0, 0x0, 0x2f, 0xfc, 0x1f,
    0xfd, 0x0, 0x0, 0x1f, 0xfe, 0x0, 0x2, 0xff,
    0xc1, 0xff, 0xd0, 0x0, 0x1, 0xff, 0xe0, 0x0,
    0x2f, 0xfc, 0x1f, 0xfd, 0x0, 0x0, 0x1f, 0xfe,
    0x0, 0x2, 0xff, 0xc1, 0xff, 0xe8, 0x88, 0x88,
    0xff, 0xe0, 0x0, 0x2f, 0xfc, 0x1f, 0xff, 0xff,
    0xff, 0xff, 0xfe, 0x0, 0x2, 0xff, 0xc1, 0xff,
    0xff, 0xff, 0xff, 0xff, 0xd0, 0x0, 0x2f, 0xfc,
    0x0, 0x0, 0x0, 0x0, 0x0, 0x0, 0x0, 0x2,
    0xff, 0xc0, 0x0, 0x0, 0x0, 0x0, 0x0, 0x0,
    0x0, 0x2f, 0xfc, 0x0, 0x0, 0x0, 0x0, 0x0,
    0x0, 0x0, 0x2, 0xff, 0xc0, 0x0, 0x0, 0x0,
    0x0, 0x0, 0x0, 0x0, 0x2f, 0xfc, 0x0, 0x0,
    0x0, 0x0, 0x0, 0x0, 0x0, 0x2, 0xff, 0xc0,
    0x0, 0x0, 0x0, 0x0, 0x0, 0x0, 0x0, 0x2f,
    0xfc, 0x0, 0x0, 0x0, 0x0, 0x0, 0x0, 0x0,
    0x1, 0x99, 0x70,

    /* U+BC00 "밀" */
    0xf, 0xff, 0xff, 0xff, 0xff, 0xfd, 0x0, 0x1,
    0xff, 0xc0, 0xf, 0xff, 0xff, 0xff, 0xff, 0xfd,
    0x0, 0x1, 0xff, 0xc0, 0xf, 0xfe, 0x77, 0x77,
    0x8f, 0xfd, 0x0, 0x1, 0xff, 0xc0, 0xf, 0xfd,
    0x0, 0x0, 0x1f, 0xfd, 0x0, 0x1, 0xff, 0xc0,
    0xf, 0xfd, 0x0, 0x0, 0x1f, 0xfd, 0x0, 0x1,
    0xff, 0xc0, 0xf, 0xfd, 0x0, 0x0, 0x1f, 0xfd,
    0x0, 0x1, 0xff, 0xc0, 0xf, 0xfd, 0x0, 0x0,
    0x1f, 0xfd, 0x0, 0x1, 0xff, 0xc0, 0xf, 0xfe,
    0x88, 0x88, 0x8f, 0xfd, 0x0, 0x1, 0xff, 0xc0,
    0xf, 0xff, 0xff, 0xff, 0xff, 0xfd, 0x0, 0x1,
    0xff, 0xc0, 0xf, 0xff, 0xff, 0xff, 0xff, 0xfc,
    0x0, 0x1, 0xff, 0xc0, 0x0, 0x0, 0x0, 0x0,
    0x0, 0x0, 0x0, 0x1, 0xff, 0xc0, 0x0, 0x0,
    0x44, 0x44, 0x44, 0x44, 0x44, 0x44, 0xaa, 0x70,
    0x0, 0x0, 0xff, 0xff, 0xff, 0xff, 0xff, 0xff,
    0xff, 0xc0, 0x0, 0x0, 0xff, 0xff, 0xff, 0xff,
    0xff, 0xff, 0xff, 0xc0, 0x0, 0x0, 0x33, 0x33,
    0x33, 0x33, 0x33, 0x34, 0xff, 0xc0, 0x0, 0x0,
    0x55, 0x55, 0x55, 0x55, 0x55, 0x55, 0xff, 0xc0,
    0x0, 0x0, 0xff, 0xff, 0xff, 0xff, 0xff, 0xff,
    0xff, 0xc0, 0x0, 0x0, 0xff, 0xff, 0xff, 0xff,
    0xff, 0xff, 0xff, 0xc0, 0x0, 0x0, 0xff, 0xe0,
    0x0, 0x0, 0x0, 0x0, 0x0, 0x0, 0x0, 0x0,
    0xff, 0xf7, 0x77, 0x77, 0x77, 0x77, 0x77, 0x71,
    0x0, 0x0, 0xff, 0xff, 0xff, 0xff, 0xff, 0xff,
    0xff, 0xf3, 0x0, 0x0, 0xff, 0xff, 0xff, 0xff,
    0xff, 0xff, 0xff, 0xf3,

    /* U+BC0D "밍" */
    0x0, 0x0, 0x0, 0x0, 0x0, 0x0, 0x0, 0x1f,
    0xfd, 0xf, 0xff, 0xff, 0xff, 0xff, 0xfd, 0x0,
    0x1, 0xff, 0xd0, 0xff, 0xff, 0xff, 0xff, 0xff,
    0xd0, 0x0, 0x1f, 0xfd, 0xf, 0xff, 0x77, 0x77,
    0x7f, 0xfd, 0x0, 0x1, 0xff, 0xd0, 0xff, 0xe0,
    0x0, 0x0, 0xff, 0xd0, 0x0, 0x1f, 0xfd, 0xf,
    0xfe, 0x0, 0x0, 0xf, 0xfd, 0x0, 0x1, 0xff,
    0xd0, 0xff, 0xe0, 0x0, 0x0, 0xff, 0xd0, 0x0,
    0x1f, 0xfd, 0xf, 0xfe, 0x0, 0x0, 0xf, 0xfd,
    0x0, 0x1, 0xff, 0xd0, 0xff, 0xf7, 0x77, 0x77,
    0xff, 0xd0, 0x0, 0x1f, 0xfd, 0xf, 0xff, 0xff,
    0xff, 0xff, 0xfd, 0x0, 0x1, 0xff, 0xd0, 0xff,
    0xff, 0xff, 0xff, 0xff, 0xd0, 0x0, 0x1f, 0xfd,
    0x0, 0x0, 0x0, 0x0, 0x0, 0x0, 0x0, 0x1,
    0xff, 0xd0, 0x0, 0x0, 0x0, 0x0, 0x0, 0x0,
    0x0, 0x1f, 0xfd, 0x0, 0x0, 0x0, 0x17, 0xbd,
    0xef, 0xed, 0xa7, 0x54, 0x30, 0x0, 0x0, 0x7f,
    0xff, 0xff, 0xff, 0xff, 0xff, 0x60, 0x0, 0x0,
    0x8f, 0xff, 0xd9, 0x87, 0x8a, 0xdf, 0xff, 0x60,
    0x0, 0xf, 0xff, 0x50, 0x0, 0x0, 0x0, 0x6f,
    0xfe, 0x0, 0x2, 0xff, 0xe0, 0x0, 0x0, 0x0,
    0x0, 0xff, 0xf1, 0x0, 0xf, 0xff, 0x50, 0x0,
    0x0, 0x0, 0x6f, 0xfe, 0x0, 0x0, 0x8f, 0xff,
    0xc9, 0x77, 0x79, 0xdf, 0xff, 0x70, 0x0, 0x0,
    0x8f, 0xff, 0xff, 0xff, 0xff, 0xff, 0x70, 0x0,
    0x0, 0x0, 0x17, 0xbe, 0xff, 0xfd, 0xb7, 0x10,
    0x0,

    /* U+BC14 "바" */
    0x0, 0x0, 0x0, 0x0, 0x0, 0x0, 0x0, 0xf,
    0xff, 0x0, 0x0, 0x2b, 0xb7, 0x0, 0x0, 0xb,
    0xb9, 0x0, 0xf, 0xff, 0x0, 0x0, 0x3f, 0xfb,
    0x0, 0x0, 0x1f, 0xfd, 0x0, 0xf, 0xff, 0x0,
    0x0, 0x3f, 0xfb, 0x0, 0x0, 0x1f, 0xfd, 0x0,
    0xf, 0xff, 0x0, 0x0, 0x3f, 0xfb, 0x0, 0x0,
    0x1f, 0xfd, 0x0, 0xf, 0xff, 0x0, 0x0, 0x3f,
    0xfb, 0x0, 0x0, 0x1f, 0xfd, 0x0, 0xf, 0xff,
    0x0, 0x0, 0x3f, 0xfe, 0xbb, 0xbb, 0xbf, 0xfd,
    0x0, 0xf, 0xff, 0x0, 0x0, 0x3f, 0xff, 0xff,
    0xff, 0xff, 0xfd, 0x0, 0xf, 0xff, 0x0, 0x0,
    0x3f, 0xfe, 0xbb, 0xbb, 0xbf, 0xfd, 0x0, 0xf,
    0xff, 0xff, 0xf7, 0x3f, 0xfb, 0x0, 0x0, 0x1f,
    0xfd, 0x0, 0xf, 0xff, 0xff, 0xf7, 0x3f, 0xfb,
    0x0, 0x0, 0x1f, 0xfd, 0x0, 0xf, 0xff, 0x88,
    0x83, 0x3f, 0xfb, 0x0, 0x0, 0x1f, 0xfd, 0x0,
    0xf, 0xff, 0x0, 0x0, 0x3f, 0xfb, 0x0, 0x0,
    0x1f, 0xfd, 0x0, 0xf, 0xff, 0x0, 0x0, 0x3f,
    0xfd, 0x88, 0x88, 0x8f, 0xfd, 0x0, 0xf, 0xff,
    0x0, 0x0, 0x3f, 0xff, 0xff, 0xff, 0xff, 0xfd,
    0x0, 0xf, 0xff, 0x0, 0x0, 0x3f, 0xff, 0xff,
    0xff, 0xff, 0xfc, 0x0, 0xf, 0xff, 0x0, 0x0,
    0x0, 0x0, 0x0, 0x0, 0x0, 0x0, 0x0, 0xf,
    0xff, 0x0, 0x0, 0x0, 0x0, 0x0, 0x0, 0x0,
    0x0, 0x0, 0xf, 0xff, 0x0, 0x0, 0x0, 0x0,
    0x0, 0x0, 0x0, 0x0, 0x0, 0xf, 0xff, 0x0,
    0x0, 0x0, 0x0, 0x0, 0x0, 0x0, 0x0, 0x0,
    0xf, 0xff, 0x0, 0x0, 0x0, 0x0, 0x0, 0x0,
    0x0, 0x0, 0x0, 0xf, 0xff, 0x0, 0x0, 0x0,
    0x0, 0x0, 0x0, 0x0, 0x0, 0x0, 0xf, 0xff,
    0x0, 0x0, 0x0, 0x0, 0x0, 0x0, 0x0, 0x0,
    0x0, 0x9, 0x99, 0x0, 0x0,

    /* U+BC16 "밖" */
    0x0, 0x0, 0x0, 0x0, 0x0, 0x0, 0x0, 0x3f,
    0xfb, 0x0, 0x0, 0xbf, 0xf3, 0x0, 0x0, 0xef,
    0xf4, 0x0, 0x3f, 0xfb, 0x0, 0x0, 0xbf, 0xf3,
    0x0, 0x0, 0xef, 0xf4, 0x0, 0x3f, 0xfb, 0x0,
    0x0, 0xbf, 0xff, 0xff, 0xff, 0xff, 0xf4, 0x0,
    0x3f, 0xfb, 0x0, 0x0, 0xbf, 0xff, 0xff, 0xff,
    0xff, 0xf4, 0x0, 0x3f, 0xfb, 0x0, 0x0, 0xbf,
    0xf9, 0x88, 0x88, 0xff, 0xf4, 0x0, 0x3f, 0xff,
    0xff, 0xf2, 0xbf, 0xf3, 0x0, 0x0, 0xef, 0xf4,
    0x0, 0x3f, 0xff, 0xff, 0xf3, 0xbf, 0xf3, 0x0,
    0x0, 0xef, 0xf4, 0x0, 0x3f, 0xfd, 0x88, 0x81,
    0xbf, 0xff, 0xff, 0xff, 0xff, 0xf4, 0x0, 0x3f,
    0xfb, 0x0, 0x0, 0xbf, 0xff, 0xff, 0xff, 0xff,
    0xf4, 0x0, 0x3f, 0xfb, 0x0, 0x0, 0x58, 0x88,
    0x88, 0x88, 0x88, 0x82, 0x0, 0x3f, 0xfb, 0x0,
    0x0, 0x0, 0x0, 0x0, 0x0, 0x0, 0x0, 0x0,
    0x3f, 0xfb, 0x0, 0x0, 0x0, 0x0, 0x0, 0x0,
    0x0, 0x0, 0x0, 0x18, 0x86, 0x0, 0x0, 0xd,
    0xff, 0xff, 0xff, 0xf1, 0xdf, 0xff, 0xff, 0xfb,
    0x0, 0x0, 0xd, 0xff, 0xff, 0xff, 0xf1, 0xdf,
    0xff, 0xff, 0xfb, 0x0, 0x0, 0x5, 0x77, 0x77,
    0xef, 0xf1, 0x67, 0x77, 0x8f, 0xfb, 0x0, 0x0,
    0x0, 0x0, 0x0, 0xdf, 0xf1, 0x0, 0x0, 0x3f,
    0xfb, 0x0, 0x0, 0x0, 0x0, 0x0, 0xdf, 0xf1,
    0x0, 0x0, 0x3f, 0xfb, 0x0, 0x0, 0x0, 0x0,
    0x0, 0xdf, 0xf1, 0x0, 0x0, 0x3f, 0xfb, 0x0,
    0x0, 0x0, 0x0, 0x0, 0xdf, 0xf1, 0x0, 0x0,
    0x3f, 0xfb, 0x0, 0x0, 0x0, 0x0, 0x0, 0xdf,
    0xf1, 0x0, 0x0, 0x3f, 0xfb, 0x0, 0x0, 0x0,
    0x0, 0x0, 0xdf, 0xf1, 0x0, 0x0, 0x3f, 0xfb,
    0x0, 0x0, 0x0, 0x0, 0x0, 0x11, 0x10, 0x0,
    0x0, 0x1, 0x11, 0x0, 0x0,

    /* U+BC18 "반" */
    0x0, 0x0, 0x0, 0x0, 0x0, 0x0, 0x0, 0x3f,
    0xfb, 0x0, 0x0, 0xcf, 0xf2, 0x0, 0x0, 0xdf,
    0xf1, 0x0, 0x3f, 0xfb, 0x0, 0x0, 0xcf, 0xf2,
    0x0, 0x0, 0xdf, 0xf1, 0x0, 0x3f, 0xfb, 0x0,
    0x0, 0xcf, 0xf2, 0x0, 0x0, 0xdf, 0xf1, 0x0,
    0x3f, 0xfb, 0x0, 0x0, 0xcf, 0xff, 0xff, 0xff,
    0xff, 0xf1, 0x0, 0x3f, 0xfb, 0x0, 0x0, 0xcf,
    0xff, 0xff, 0xff, 0xff, 0xf1, 0x0, 0x3f, 0xfb,
    0x0, 0x0, 0xcf, 0xf9, 0x77, 0x77, 0xef, 0xf1,
    0x0, 0x3f, 0xfe, 0xcc, 0xc1, 0xcf, 0xf2, 0x0,
    0x0, 0xdf, 0xf1, 0x0, 0x3f, 0xff, 0xff, 0xf2,
    0xcf, 0xf2, 0x0, 0x0, 0xdf, 0xf1, 0x0, 0x3f,
    0xff, 0xdd, 0xd2, 0xcf, 0xf9, 0x88, 0x88, 0xef,
    0xf1, 0x0, 0x3f, 0xfb, 0x0, 0x0, 0xcf, 0xff,
    0xff, 0xff, 0xff, 0xf1, 0x0, 0x3f, 0xfb, 0x0,
    0x0, 0xbf, 0xff, 0xff, 0xff, 0xff, 0xf0, 0x0,
    0x3f, 0xfb, 0x0, 0x0, 0x0, 0x0, 0x0, 0x0,
    0x0, 0x0, 0x0, 0x3f, 0xfb, 0x0, 0x0, 0x0,
    0x0, 0x0, 0x0, 0x0, 0x0, 0x0, 0x3f, 0xfb,
    0x0, 0x0, 0x0, 0x7, 0xbb, 0x30, 0x0, 0x0,
    0x0, 0x3f, 0xfb, 0x0, 0x0, 0x0, 0xa, 0xff,
    0x40, 0x0, 0x0, 0x0, 0x3f, 0xfb, 0x0, 0x0,
    0x0, 0xa, 0xff, 0x40, 0x0, 0x0, 0x0, 0x4,
    0x43, 0x0, 0x0, 0x0, 0xa, 0xff, 0x40, 0x0,
    0x0, 0x0, 0x0, 0x0, 0x0, 0x0, 0x0, 0xa,
    0xff, 0x40, 0x0, 0x0, 0x0, 0x0, 0x0, 0x0,
    0x0, 0x0, 0xa, 0xff, 0xa7, 0x77, 0x77, 0x77,
    0x77, 0x77, 0x20, 0x0, 0x0, 0xa, 0xff, 0xff,
    0xff, 0xff, 0xff, 0xff, 0xff, 0x50, 0x0, 0x0,
    0xa, 0xff, 0xff, 0xff, 0xff, 0xff, 0xff, 0xff,
    0x50, 0x0,

    /* U+BC1B "받" */
    0x0, 0x0, 0x0, 0x0, 0x0, 0x0, 0x0, 0x3f,
    0xfb, 0x0, 0x0, 0xbf, 0xf3, 0x0, 0x0, 0xdf,
    0xf1, 0x0, 0x3f, 0xfb, 0x0, 0x0, 0xbf, 0xf3,
    0x0, 0x0, 0xdf, 0xf1, 0x0, 0x3f, 0xfb, 0x0,
    0x0, 0xbf, 0xff, 0xff, 0xff, 0xff, 0xf1, 0x0,
    0x3f, 0xfb, 0x0, 0x0, 0xbf, 0xff, 0xff, 0xff,
    0xff, 0xf1, 0x0, 0x3f, 0xfb, 0x0, 0x0, 0xbf,
    0xf9, 0x88, 0x88, 0xef, 0xf1, 0x0, 0x3f, 0xff,
    0xff, 0xf2, 0xbf, 0xf3, 0x0, 0x0, 0xdf, 0xf1,
    0x0, 0x3f, 0xff, 0xff, 0xf3, 0xbf, 0xf3, 0x0,
    0x0, 0xdf, 0xf1, 0x0, 0x3f, 0xfd, 0x88, 0x81,
    0xbf, 0xff, 0xff, 0xff, 0xff, 0xf1, 0x0, 0x3f,
    0xfb, 0x0, 0x0, 0xbf, 0xff, 0xff, 0xff, 0xff,
    0xf1, 0x0, 0x3f, 0xfb, 0x0, 0x0, 0x58, 0x88,
    0x88, 0x88, 0x88, 0x80, 0x0, 0x3f, 0xfb, 0x0,
    0x0, 0x0, 0x0, 0x0, 0x0, 0x0, 0x0, 0x0,
    0x3f, 0xfb, 0x0, 0x0, 0x0, 0x0, 0x0, 0x0,
    0x0, 0x0, 0x0, 0x2d, 0xd9, 0x0, 0x0, 0x0,
    0x5, 0x88, 0x88, 0x88, 0x88, 0x88, 0x88, 0x86,
    0x0, 0x0, 0x0, 0xa, 0xff, 0xff, 0xff, 0xff,
    0xff, 0xff, 0xfb, 0x0, 0x0, 0x0, 0xa, 0xff,
    0xff, 0xff, 0xff, 0xff, 0xff, 0xfa, 0x0, 0x0,
    0x0, 0xa, 0xff, 0x40, 0x0, 0x0, 0x0, 0x0,
    0x0, 0x0, 0x0, 0x0, 0xa, 0xff, 0x40, 0x0,
    0x0, 0x0, 0x0, 0x0, 0x0, 0x0, 0x0, 0xa,
    0xff, 0x40, 0x0, 0x0, 0x0, 0x0, 0x0, 0x0,
    0x0, 0x0, 0xa, 0xff, 0x97, 0x77, 0x77, 0x77,
    0x77, 0x77, 0x0, 0x0, 0x0, 0xa, 0xff, 0xff,
    0xff, 0xff, 0xff, 0xff, 0xff, 0x10, 0x0, 0x0,
    0xa, 0xff, 0xff, 0xff, 0xff, 0xff, 0xff, 0xff,
    0x10, 0x0,

    /* U+BC1C "발" */
    0xbf, 0xf3, 0x0, 0x0, 0xdf, 0xf1, 0x0, 0x3f,
    0xfb, 0x0, 0x0, 0xbf, 0xf3, 0x0, 0x0, 0xdf,
    0xf1, 0x0, 0x3f, 0xfb, 0x0, 0x0, 0xbf, 0xf7,
    0x55, 0x55, 0xef, 0xf1, 0x0, 0x3f, 0xfb, 0x0,
    0x0, 0xbf, 0xff, 0xff, 0xff, 0xff, 0xf1, 0x0,
    0x3f, 0xfb, 0x0, 0x0, 0xbf, 0xff, 0xff, 0xff,
    0xff, 0xf1, 0x0, 0x3f, 0xff, 0xff, 0xf2, 0xbf,
    0xf5, 0x22, 0x22, 0xdf, 0xf1, 0x0, 0x3f, 0xff,
    0xff, 0xf2, 0xbf, 0xf3, 0x0, 0x0, 0xdf, 0xf1,
    0x0, 0x3f, 0xfd, 0x66, 0x61, 0xbf, 0xff, 0xff,
    0xff, 0xff, 0xf1, 0x0, 0x3f, 0xfb, 0x0, 0x0,
    0xbf, 0xff, 0xff, 0xff, 0xff, 0xf1, 0x0, 0x3f,
    0xfb, 0x0, 0x0, 0x58, 0x88, 0x88, 0x88, 0x88,
    0x80, 0x0, 0x3f, 0xfb, 0x0, 0x0, 0x0, 0x0,
    0x0, 0x0, 0x0, 0x0, 0x0, 0x2e, 0xea, 0x0,
    0x0, 0x0, 0x5, 0x88, 0x88, 0x88, 0x88, 0x88,
    0x88, 0x85, 0x0, 0x0, 0x0, 0xa, 0xff, 0xff,
    0xff, 0xff, 0xff, 0xff, 0xfb, 0x0, 0x0, 0x0,
    0xa, 0xff, 0xff, 0xff, 0xff, 0xff, 0xff, 0xfb,
    0x0, 0x0, 0x0, 0x0, 0x0, 0x0, 0x0, 0x0,
    0x0, 0x3f, 0xfb, 0x0, 0x0, 0x0, 0xa, 0xff,
    0xff, 0xff, 0xff, 0xff, 0xff, 0xfb, 0x0, 0x0,
    0x0, 0xa, 0xff, 0xff, 0xff, 0xff, 0xff, 0xff,
    0xfb, 0x0, 0x0, 0x0, 0xa, 0xff, 0x86, 0x66,
    0x66, 0x66, 0x66, 0x64, 0x0, 0x0, 0x0, 0xa,
    0xff, 0x40, 0x0, 0x0, 0x0, 0x0, 0x0, 0x0,
    0x0, 0x0, 0xa, 0xff, 0x97, 0x77, 0x77, 0x77,
    0x77, 0x77, 0x20, 0x0, 0x0, 0xa, 0xff, 0xff,
    0xff, 0xff, 0xff, 0xff, 0xff, 0x50, 0x0, 0x0,
    0xa, 0xff, 0xff, 0xff, 0xff, 0xff, 0xff, 0xff,
    0x50, 0x0,

    /* U+BC29 "방" */
    0x0, 0x0, 0x0, 0x0, 0x0, 0x0, 0x0, 0x3f,
    0xfb, 0x0, 0x0, 0xbf, 0xf3, 0x0, 0x0, 0xdf,
    0xf1, 0x0, 0x3f, 0xfb, 0x0, 0x0, 0xbf, 0xf3,
    0x0, 0x0, 0xdf, 0xf1, 0x0, 0x3f, 0xfb, 0x0,
    0x0, 0xbf, 0xf6, 0x44, 0x44, 0xef, 0xf1, 0x0,
    0x3f, 0xfb, 0x0, 0x0, 0xbf, 0xff, 0xff, 0xff,
    0xff, 0xf1, 0x0, 0x3f, 0xfb, 0x0, 0x0, 0xbf,
    0xff, 0xff, 0xff, 0xff, 0xf1, 0x0, 0x3f, 0xff,
    0xff, 0xf2, 0xbf, 0xf3, 0x0, 0x0, 0xdf, 0xf1,
    0x0, 0x3f, 0xff, 0xff, 0xf2, 0xbf, 0xf3, 0x0,
    0x0, 0xdf, 0xf1, 0x0, 0x3f, 0xfd, 0x88, 0x81,
    0xbf, 0xf8, 0x66, 0x66, 0xef, 0xf1, 0x0, 0x3f,
    0xfb, 0x0, 0x0, 0xbf, 0xff, 0xff, 0xff, 0xff,
    0xf1, 0x0, 0x3f, 0xfb, 0x0, 0x0, 0xbf, 0xff,
    0xff, 0xff, 0xff, 0xf1, 0x0, 0x3f, 0xfb, 0x0,
    0x0, 0x1, 0x11, 0x11, 0x11, 0x11, 0x10, 0x0,
    0x3f, 0xfb, 0x0, 0x0, 0x0, 0x0, 0x0, 0x0,
    0x0, 0x0, 0x0, 0x3f, 0xfb, 0x0, 0x0, 0x0,
    0x0, 0x1, 0x7b, 0xde, 0xfe, 0xda, 0x74, 0x32,
    0x0, 0x0, 0x0, 0x0, 0x8f, 0xff, 0xff, 0xff,
    0xff, 0xff, 0x60, 0x0, 0x0, 0x0, 0x8, 0xff,
    0xfd, 0x98, 0x78, 0xad, 0xff, 0xf6, 0x0, 0x0,
    0x0, 0xf, 0xff, 0x50, 0x0, 0x0, 0x0, 0x6f,
    0xfe, 0x0, 0x0, 0x0, 0x2f, 0xfe, 0x0, 0x0,
    0x0, 0x0, 0xf, 0xff, 0x0, 0x0, 0x0, 0xf,
    0xff, 0x40, 0x0, 0x0, 0x0, 0x6f, 0xfe, 0x0,
    0x0, 0x0, 0x8, 0xff, 0xfc, 0x97, 0x77, 0x9d,
    0xff, 0xf6, 0x0, 0x0, 0x0, 0x0, 0x8f, 0xff,
    0xff, 0xff, 0xff, 0xff, 0x70, 0x0, 0x0, 0x0,
    0x0, 0x2, 0x7b, 0xef, 0xff, 0xdb, 0x71, 0x0,
    0x0, 0x0,

    /* U+BC30 "배" */
    0x0, 0x0, 0x0, 0x0, 0x0, 0xd, 0xff, 0x10,
    0xef, 0xf8, 0xbb, 0x0, 0x7, 0xbb, 0x10, 0xdf,
    0xf1, 0xe, 0xff, 0xdf, 0xf1, 0x0, 0xbf, 0xf2,
    0xd, 0xff, 0x10, 0xef, 0xfd, 0xff, 0x10, 0xb,
    0xff, 0x20, 0xdf, 0xf1, 0xe, 0xff, 0xdf, 0xf1,
    0x0, 0xbf, 0xf2, 0xd, 0xff, 0x10, 0xef, 0xfd,
    0xff, 0x10, 0xb, 0xff, 0x20, 0xdf, 0xf1, 0xe,
    0xff, 0xdf, 0xf7, 0x66, 0xdf, 0xf2, 0xd, 0xff,
    0x10, 0xef, 0xfd, 0xff, 0xff, 0xff, 0xff, 0x20,
    0xdf, 0xf1, 0xe, 0xff, 0xdf, 0xff, 0xff, 0xff,
    0xf2, 0xd, 0xff, 0x88, 0xff, 0xfd, 0xff, 0x21,
    0x1b, 0xff, 0x20, 0xdf, 0xff, 0xff, 0xff, 0xdf,
    0xf1, 0x0, 0xbf, 0xf2, 0xd, 0xff, 0xff, 0xff,
    0xfd, 0xff, 0x10, 0xb, 0xff, 0x20, 0xdf, 0xf1,
    0xe, 0xff, 0xdf, 0xf1, 0x0, 0xbf, 0xf2, 0xd,
    0xff, 0x10, 0xef, 0xfd, 0xff, 0x87, 0x7d, 0xff,
    0x20, 0xdf, 0xf1, 0xe, 0xff, 0xdf, 0xff, 0xff,
    0xff, 0xf2, 0xd, 0xff, 0x10, 0xef, 0xfc, 0xff,
    0xff, 0xff, 0xff, 0x20, 0xdf, 0xf1, 0xe, 0xff,
    0x0, 0x0, 0x0, 0x0, 0x0, 0xd, 0xff, 0x10,
    0xef, 0xf0, 0x0, 0x0, 0x0, 0x0, 0x0, 0xdf,
    0xf1, 0xe, 0xff, 0x0, 0x0, 0x0, 0x0, 0x0,
    0xd, 0xff, 0x10, 0xef, 0xf0, 0x0, 0x0, 0x0,
    0x0, 0x0, 0xdf, 0xf1, 0xe, 0xff, 0x0, 0x0,
    0x0, 0x0, 0x0, 0xd, 0xff, 0x10, 0xef, 0xf0,
    0x0, 0x0, 0x0, 0x0, 0x0, 0xdf, 0xf1, 0xe,
    0xff, 0x0, 0x0, 0x0, 0x0, 0x0, 0x0, 0x0,
    0x0, 0x89, 0x90,

    /* U+BC31 "백" */
    0x0, 0x0, 0x0, 0x0, 0x0, 0xc, 0xff, 0x10,
    0xff, 0xed, 0xff, 0x10, 0xc, 0xff, 0x10, 0xcf,
    0xf1, 0xf, 0xfe, 0xdf, 0xf1, 0x0, 0xcf, 0xf1,
    0xc, 0xff, 0x10, 0xff, 0xed, 0xff, 0x88, 0x8e,
    0xff, 0x10, 0xcf, 0xf1, 0xf, 0xfe, 0xdf, 0xff,
    0xff, 0xff, 0xf1, 0xc, 0xff, 0x10, 0xff, 0xed,
    0xff, 0xff, 0xff, 0xff, 0x10, 0xcf, 0xfb, 0xbf,
    0xfe, 0xdf, 0xf1, 0x0, 0xcf, 0xf1, 0xc, 0xff,
    0xff, 0xff, 0xed, 0xff, 0x10, 0xc, 0xff, 0x10,
    0xcf, 0xfc, 0xcf, 0xfe, 0xdf, 0xf8, 0x77, 0xef,
    0xf1, 0xc, 0xff, 0x10, 0xff, 0xed, 0xff, 0xff,
    0xff, 0xff, 0x10, 0xcf, 0xf1, 0xf, 0xfe, 0xcf,
    0xff, 0xff, 0xff, 0xf1, 0xc, 0xff, 0x10, 0xff,
    0xe0, 0x0, 0x0, 0x0, 0x0, 0x0, 0xcf, 0xf1,
    0xf, 0xfe, 0x0, 0x0, 0x0, 0x0, 0x0, 0x7,
    0x99, 0x0, 0xff, 0xe0, 0x0, 0x8, 0x88, 0x88,
    0x88, 0x88, 0x88, 0x88, 0x87, 0x0, 0x1, 0xff,
    0xff, 0xff, 0xff, 0xff, 0xff, 0xff, 0xe0, 0x0,
    0x1f, 0xff, 0xff, 0xff, 0xff, 0xff, 0xff, 0xfe,
    0x0, 0x0, 0x0, 0x0, 0x0, 0x0, 0x0, 0x0,
    0xff, 0xe0, 0x0, 0x0, 0x0, 0x0, 0x0, 0x0,
    0x0, 0xf, 0xfe, 0x0, 0x0, 0x0, 0x0, 0x0,
    0x0, 0x0, 0x0, 0xff, 0xe0, 0x0, 0x0, 0x0,
    0x0, 0x0, 0x0, 0x0, 0xf, 0xfe, 0x0, 0x0,
    0x0, 0x0, 0x0, 0x0, 0x0, 0x0, 0xff, 0xe0,
    0x0, 0x0, 0x0, 0x0, 0x0, 0x0, 0x0, 0xf,
    0xfe, 0x0, 0x0, 0x0, 0x0, 0x0, 0x0, 0x0,
    0x0, 0x11, 0x10,

    /* U+BC84 "버" */
    0x0, 0x0, 0x0, 0x0, 0x0, 0x0, 0x0, 0x1,
    0xff, 0xd9, 0xee, 0x20, 0x0, 0x1, 0xee, 0xb0,
    0x0, 0x1f, 0xfd, 0xaf, 0xf3, 0x0, 0x0, 0x2f,
    0xfd, 0x0, 0x1, 0xff, 0xda, 0xff, 0x30, 0x0,
    0x2, 0xff, 0xd0, 0x0, 0x1f, 0xfd, 0xaf, 0xf3,
    0x0, 0x0, 0x2f, 0xfd, 0x0, 0x1, 0xff, 0xda,
    0xff, 0x30, 0x0, 0x2, 0xff, 0xd0, 0x0, 0x1f,
    0xfd, 0xaf, 0xfc, 0xbb, 0xbb, 0xcf, 0xfd, 0x0,
    0x1, 0xff, 0xda, 0xff, 0xff, 0xff, 0xff, 0xff,
    0xe8, 0x88, 0x8f, 0xfd, 0xaf, 0xfc, 0xcc, 0xcc,
    0xcf, 0xff, 0xff, 0xff, 0xff, 0xda, 0xff, 0x30,
    0x0, 0x2, 0xff, 0xff, 0xff, 0xff, 0xfd, 0xaf,
    0xf3, 0x0, 0x0, 0x2f, 0xfd, 0x0, 0x1, 0xff,
    0xda, 0xff, 0x30, 0x0, 0x2, 0xff, 0xd0, 0x0,
    0x1f, 0xfd, 0xaf, 0xf3, 0x0, 0x0, 0x2f, 0xfd,
    0x0, 0x1, 0xff, 0xda, 0xff, 0x97, 0x77, 0x78,
    0xff, 0xd0, 0x0, 0x1f, 0xfd, 0xaf, 0xff, 0xff,
    0xff, 0xff, 0xfd, 0x0, 0x1, 0xff, 0xda, 0xff,
    0xff, 0xff, 0xff, 0xff, 0xc0, 0x0, 0x1f, 0xfd,
    0x0, 0x0, 0x0, 0x0, 0x0, 0x0, 0x0, 0x1,
    0xff, 0xd0, 0x0, 0x0, 0x0, 0x0, 0x0, 0x0,
    0x0, 0x1f, 0xfd, 0x0, 0x0, 0x0, 0x0, 0x0,
    0x0, 0x0, 0x1, 0xff, 0xd0, 0x0, 0x0, 0x0,
    0x0, 0x0, 0x0, 0x0, 0x1f, 0xfd, 0x0, 0x0,
    0x0, 0x0, 0x0, 0x0, 0x0, 0x1, 0xff, 0xd0,
    0x0, 0x0, 0x0, 0x0, 0x0, 0x0, 0x0, 0x1f,
    0xfd, 0x0, 0x0, 0x0, 0x0, 0x0, 0x0, 0x0,
    0x0, 0x99, 0x70,

    /* U+BC88 "번" */
    0x0, 0x0, 0x0, 0x0, 0x0, 0x0, 0x0, 0x0,
    0xcf, 0xf1, 0x1f, 0xfc, 0x0, 0x0, 0x1f, 0xfd,
    0x0, 0x0, 0xcf, 0xf1, 0x1f, 0xfc, 0x0, 0x0,
    0x1f, 0xfd, 0x0, 0x0, 0xcf, 0xf1, 0x1f, 0xfc,
    0x0, 0x0, 0x1f, 0xfd, 0x0, 0x0, 0xcf, 0xf1,
    0x1f, 0xff, 0xee, 0xee, 0xef, 0xfd, 0x0, 0x0,
    0xcf, 0xf1, 0x1f, 0xff, 0xff, 0xff, 0xff, 0xff,
    0xff, 0xff, 0xff, 0xf1, 0x1f, 0xfe, 0x88, 0x88,
    0x9f, 0xff, 0xff, 0xff, 0xff, 0xf1, 0x1f, 0xfc,
    0x0, 0x0, 0x1f, 0xfe, 0x77, 0x77, 0xef, 0xf1,
    0x1f, 0xfc, 0x0, 0x0, 0x1f, 0xfd, 0x0, 0x0,
    0xcf, 0xf1, 0x1f, 0xff, 0xff, 0xff, 0xff, 0xfd,
    0x0, 0x0, 0xcf, 0xf1, 0x1f, 0xff, 0xff, 0xff,
    0xff, 0xfd, 0x0, 0x0, 0xcf, 0xf1, 0x8, 0x88,
    0x88, 0x88, 0x88, 0x86, 0x0, 0x0, 0xcf, 0xf1,
    0x0, 0x0, 0x0, 0x0, 0x0, 0x0, 0x0, 0x0,
    0xcf, 0xf1, 0x0, 0x0, 0x0, 0x0, 0x0, 0x0,
    0x0, 0x0, 0xcf, 0xf1, 0x0, 0x0, 0x5b, 0xb5,
    0x0, 0x0, 0x0, 0x0, 0xcf, 0xf1, 0x0, 0x0,
    0x8f, 0xf7, 0x0, 0x0, 0x0, 0x0, 0xcf, 0xf1,
    0x0, 0x0, 0x8f, 0xf7, 0x0, 0x0, 0x0, 0x0,
    0x22, 0x20, 0x0, 0x0, 0x8f, 0xf7, 0x0, 0x0,
    0x0, 0x0, 0x0, 0x0, 0x0, 0x0, 0x8f, 0xf7,
    0x0, 0x0, 0x0, 0x0, 0x0, 0x0, 0x0, 0x0,
    0x8f, 0xfb, 0x77, 0x77, 0x77, 0x77, 0x77, 0x72,
    0x0, 0x0, 0x8f, 0xff, 0xff, 0xff, 0xff, 0xff,
    0xff, 0xf4, 0x0, 0x0, 0x8f, 0xff, 0xff, 0xff,
    0xff, 0xff, 0xff, 0xf4,

    /* U+BC94 "범" */
    0x1f, 0xfc, 0x0, 0x0, 0x1f, 0xfd, 0x0, 0x0,
    0xdf, 0xf1, 0x1f, 0xfc, 0x0, 0x0, 0x1f, 0xfd,
    0x0, 0x0, 0xdf, 0xf1, 0x1f, 0xfc, 0x0, 0x0,
    0x1f, 0xfd, 0x0, 0x0, 0xdf, 0xf1, 0x1f, 0xff,
    0xcc, 0xcc, 0xdf, 0xfd, 0x0, 0x0, 0xdf, 0xf1,
    0x1f, 0xff, 0xff, 0xff, 0xff, 0xfe, 0x88, 0x88,
    0xef, 0xf1, 0x1f, 0xff, 0xbb, 0xbb, 0xcf, 0xff,
    0xff, 0xff, 0xff, 0xf1, 0x1f, 0xfc, 0x0, 0x0,
    0x1f, 0xff, 0xff, 0xff, 0xff, 0xf1, 0x1f, 0xfc,
    0x0, 0x0, 0x1f, 0xfd, 0x0, 0x0, 0xdf, 0xf1,
    0x1f, 0xff, 0xff, 0xff, 0xff, 0xfd, 0x0, 0x0,
    0xdf, 0xf1, 0x1f, 0xff, 0xff, 0xff, 0xff, 0xfd,
    0x0, 0x0, 0xdf, 0xf1, 0x7, 0x77, 0x77, 0x77,
    0x77, 0x76, 0x0, 0x0, 0xdf, 0xf1, 0x0, 0x0,
    0x0, 0x0, 0x0, 0x0, 0x0, 0x0, 0xdf, 0xf1,
    0x0, 0x0, 0x0, 0x0, 0x0, 0x0, 0x0, 0x0,
    0xac, 0xc0, 0x0, 0x0, 0x8f, 0xff, 0xff, 0xff,
    0xff, 0xff, 0xff, 0xf0, 0x0, 0x0, 0x8f, 0xff,
    0xff, 0xff, 0xff, 0xff, 0xff, 0xf1, 0x0, 0x0,
    0x8f, 0xfb, 0x88, 0x88, 0x88, 0x88, 0xef, 0xf1,
    0x0, 0x0, 0x8f, 0xf6, 0x0, 0x0, 0x0, 0x0,
    0xcf, 0xf1, 0x0, 0x0, 0x8f, 0xf6, 0x0, 0x0,
    0x0, 0x0, 0xcf, 0xf1, 0x0, 0x0, 0x8f, 0xf6,
    0x0, 0x0, 0x0, 0x0, 0xcf, 0xf1, 0x0, 0x0,
    0x8f, 0xfa, 0x77, 0x77, 0x77, 0x77, 0xef, 0xf1,
    0x0, 0x0, 0x8f, 0xff, 0xff, 0xff, 0xff, 0xff,
    0xff, 0xf1, 0x0, 0x0, 0x8f, 0xff, 0xff, 0xff,
    0xff, 0xff, 0xff, 0xf1,

    /* U+BCA4 "벤" */
    0x0, 0x0, 0x0, 0x0, 0x0, 0xb, 0xff, 0x30,
    0xff, 0xe0, 0xdf, 0xf1, 0x0, 0xbf, 0xf1, 0xb,
    0xff, 0x30, 0xff, 0xe0, 0xdf, 0xf1, 0x0, 0xbf,
    0xf1, 0xb, 0xff, 0x30, 0xff, 0xe0, 0xdf, 0xf1,
    0x0, 0xbf, 0xf1, 0xb, 0xff, 0x30, 0xff, 0xe0,
    0xdf, 0xfa, 0xaa, 0xef, 0xf1, 0xb, 0xff, 0x30,
    0xff, 0xe0, 0xdf, 0xff, 0xff, 0xff, 0xf8, 0x8d,
    0xff, 0x30, 0xff, 0xe0, 0xdf, 0xfd, 0xcc, 0xff,
    0xff, 0xff, 0xff, 0x30, 0xff, 0xe0, 0xdf, 0xf1,
    0x0, 0xbf, 0xff, 0xff, 0xff, 0x30, 0xff, 0xe0,
    0xdf, 0xf1, 0x0, 0xbf, 0xf1, 0xb, 0xff, 0x30,
    0xff, 0xe0, 0xdf, 0xff, 0xff, 0xff, 0xf1, 0xb,
    0xff, 0x30, 0xff, 0xe0, 0xdf, 0xff, 0xff, 0xff,
    0xf1, 0xb, 0xff, 0x30, 0xff, 0xe0, 0x68, 0x88,
    0x88, 0x88, 0x80, 0xb, 0xff, 0x30, 0xff, 0xe0,
    0x0, 0x0, 0x0, 0x0, 0x0, 0xb, 0xff, 0x30,
    0xff, 0xe0, 0x0, 0x0, 0x0, 0x0, 0x0, 0xb,
    0xff, 0x30, 0xff, 0xe0, 0x0, 0x0, 0xab, 0xb0,
    0x0, 0xb, 0xff, 0x30, 0xff, 0xe0, 0x0, 0x0,
    0xef, 0xf1, 0x0, 0x0, 0x11, 0x0, 0xff, 0xe0,
    0x0, 0x0, 0xef, 0xf1, 0x0, 0x0, 0x0, 0x0,
    0x34, 0x30, 0x0, 0x0, 0xef, 0xf1, 0x0, 0x0,
    0x0, 0x0, 0x0, 0x0, 0x0, 0x0, 0xef, 0xf1,
    0x0, 0x0, 0x0, 0x0, 0x0, 0x0, 0x0, 0x0,
    0xef, 0xf8, 0x88, 0x88, 0x88, 0x88, 0x88, 0x81,
    0x0, 0x0, 0xef, 0xff, 0xff, 0xff, 0xff, 0xff,
    0xff, 0xf2, 0x0, 0x0, 0xef, 0xff, 0xff, 0xff,
    0xff, 0xff, 0xff, 0xf2,

    /* U+BCA8 "벨" */
    0x0, 0x0, 0x0, 0x0, 0x0, 0xb, 0xff, 0x30,
    0xff, 0xe0, 0xdf, 0xf1, 0x0, 0xef, 0xf0, 0xb,
    0xff, 0x30, 0xff, 0xe0, 0xdf, 0xf1, 0x0, 0xef,
    0xf0, 0xb, 0xff, 0x30, 0xff, 0xe0, 0xdf, 0xfc,
    0xcc, 0xff, 0xf0, 0xb, 0xff, 0x30, 0xff, 0xe0,
    0xdf, 0xff, 0xff, 0xff, 0xff, 0xff, 0xff, 0x30,
    0xff, 0xe0, 0xdf, 0xf8, 0x88, 0xff, 0xff, 0xff,
    0xff, 0x30, 0xff, 0xe0, 0xdf, 0xf1, 0x0, 0xef,
    0xf8, 0x8d, 0xff, 0x30, 0xff, 0xe0, 0xdf, 0xf5,
    0x44, 0xef, 0xf0, 0xb, 0xff, 0x30, 0xff, 0xe0,
    0xdf, 0xff, 0xff, 0xff, 0xf0, 0xb, 0xff, 0x30,
    0xff, 0xe0, 0xdf, 0xff, 0xff, 0xff, 0xf0, 0xb,
    0xff, 0x30, 0xff, 0xe0, 0x22, 0x22, 0x22, 0x22,
    0x20, 0xb, 0xff, 0x30, 0xff, 0xe0, 0x0, 0x0,
    0x0, 0x0, 0x0, 0x0, 0x11, 0x0, 0x88, 0x70,
    0x0, 0x0, 0xcf, 0xff, 0xff, 0xff, 0xff, 0xff,
    0xff, 0xe0, 0x0, 0x0, 0xcf, 0xff, 0xff, 0xff,
    0xff, 0xff, 0xff, 0xe0, 0x0, 0x0, 0x57, 0x77,
    0x77, 0x77, 0x77, 0x77, 0xff, 0xe0, 0x0, 0x0,
    0x34, 0x44, 0x44, 0x44, 0x44, 0x44, 0xff, 0xe0,
    0x0, 0x0, 0xcf, 0xff, 0xff, 0xff, 0xff, 0xff,
    0xff, 0xe0, 0x0, 0x0, 0xcf, 0xff, 0xff, 0xff,
    0xff, 0xff, 0xff, 0xe0, 0x0, 0x0, 0xcf, 0xf2,
    0x0, 0x0, 0x0, 0x0, 0x0, 0x0, 0x0, 0x0,
    0xcf, 0xf8, 0x77, 0x77, 0x77, 0x77, 0x77, 0x71,
    0x0, 0x0, 0xcf, 0xff, 0xff, 0xff, 0xff, 0xff,
    0xff, 0xf4, 0x0, 0x0, 0xcf, 0xff, 0xff, 0xff,
    0xff, 0xff, 0xff, 0xf4,

    /* U+BCC0 "변" */
    0x0, 0x0, 0x0, 0x0, 0x0, 0x0, 0x0, 0x0,
    0xcf, 0xf1, 0x1f, 0xfc, 0x0, 0x0, 0x1f, 0xfd,
    0x0, 0x0, 0xcf, 0xf1, 0x1f, 0xfc, 0x0, 0x0,
    0x1f, 0xfd, 0x22, 0x22, 0xdf, 0xf1, 0x1f, 0xfc,
    0x0, 0x0, 0x1f, 0xff, 0xff, 0xff, 0xff, 0xf1,
    0x1f, 0xff, 0xff, 0xff, 0xff, 0xff, 0xff, 0xff,
    0xff, 0xf1, 0x1f, 0xff, 0xff, 0xff, 0xff, 0xfd,
    0x11, 0x11, 0xcf, 0xf1, 0x1f, 0xfe, 0x88, 0x88,
    0x8f, 0xfd, 0x0, 0x0, 0xcf, 0xf1, 0x1f, 0xfc,
    0x0, 0x0, 0x1f, 0xfe, 0x66, 0x66, 0xdf, 0xf1,
    0x1f, 0xfc, 0x0, 0x0, 0x1f, 0xff, 0xff, 0xff,
    0xff, 0xf1, 0x1f, 0xfe, 0x88, 0x88, 0x8f, 0xff,
    0xff, 0xff, 0xff, 0xf1, 0x1f, 0xff, 0xff, 0xff,
    0xff, 0xfd, 0x0, 0x0, 0xcf, 0xf1, 0x1f, 0xff,
    0xff, 0xff, 0xff, 0xfc, 0x0, 0x0, 0xcf, 0xf1,
    0x0, 0x0, 0x0, 0x0, 0x0, 0x0, 0x0, 0x0,
    0xcf, 0xf1, 0x0, 0x0, 0x0, 0x0, 0x0, 0x0,
    0x0, 0x0, 0xcf, 0xf1, 0x0, 0x0, 0x5a, 0xa4,
    0x0, 0x0, 0x0, 0x0, 0xcf, 0xf1, 0x0, 0x0,
    0x8f, 0xf7, 0x0, 0x0, 0x0, 0x0, 0xcf, 0xf1,
    0x0, 0x0, 0x8f, 0xf7, 0x0, 0x0, 0x0, 0x0,
    0x22, 0x20, 0x0, 0x0, 0x8f, 0xf7, 0x0, 0x0,
    0x0, 0x0, 0x0, 0x0, 0x0, 0x0, 0x8f, 0xf7,
    0x0, 0x0, 0x0, 0x0, 0x0, 0x0, 0x0, 0x0,
    0x8f, 0xfb, 0x77, 0x77, 0x77, 0x77, 0x77, 0x72,
    0x0, 0x0, 0x8f, 0xff, 0xff, 0xff, 0xff, 0xff,
    0xff, 0xf4, 0x0, 0x0, 0x8f, 0xff, 0xff, 0xff,
    0xff, 0xff, 0xff, 0xf4,

    /* U+BCC4 "별" */
    0x1f, 0xfd, 0x0, 0x0, 0x1f, 0xfd, 0x0, 0x0,
    0xcf, 0xf1, 0x1f, 0xfd, 0x0, 0x0, 0x1f, 0xfd,
    0x0, 0x0, 0xcf, 0xf1, 0x1f, 0xfd, 0x0, 0x0,
    0x1f, 0xff, 0xcc, 0xcc, 0xff, 0xf1, 0x1f, 0xff,
    0xff, 0xff, 0xff, 0xff, 0xff, 0xff, 0xff, 0xf1,
    0x1f, 0xff, 0xff, 0xff, 0xff, 0xfe, 0x88, 0x88,
    0xef, 0xf1, 0x1f, 0xfe, 0x88, 0x88, 0x8f, 0xfd,
    0x0, 0x0, 0xcf, 0xf1, 0x1f, 0xfd, 0x0, 0x0,
    0x1f, 0xfe, 0x55, 0x55, 0xdf, 0xf1, 0x1f, 0xfd,
    0x0, 0x0, 0x1f, 0xff, 0xff, 0xff, 0xff, 0xf1,
    0x1f, 0xff, 0xff, 0xff, 0xff, 0xff, 0xee, 0xee,
    0xff, 0xf1, 0x1f, 0xff, 0xff, 0xff, 0xff, 0xfd,
    0x0, 0x0, 0xcf, 0xf1, 0x7, 0x77, 0x77, 0x77,
    0x77, 0x76, 0x0, 0x0, 0xcf, 0xf1, 0x0, 0x0,
    0x12, 0x22, 0x22, 0x22, 0x22, 0x22, 0x78, 0x80,
    0x0, 0x0, 0x8f, 0xff, 0xff, 0xff, 0xff, 0xff,
    0xff, 0xf1, 0x0, 0x0, 0x8f, 0xff, 0xff, 0xff,
    0xff, 0xff, 0xff, 0xf1, 0x0, 0x0, 0x23, 0x33,
    0x33, 0x33, 0x33, 0x33, 0xdf, 0xf1, 0x0, 0x0,
    0x25, 0x55, 0x55, 0x55, 0x55, 0x55, 0xdf, 0xf1,
    0x0, 0x0, 0x8f, 0xff, 0xff, 0xff, 0xff, 0xff,
    0xff, 0xf1, 0x0, 0x0, 0x8f, 0xff, 0xff, 0xff,
    0xff, 0xff, 0xff, 0xf1, 0x0, 0x0, 0x8f, 0xf6,
    0x0, 0x0, 0x0, 0x0, 0x0, 0x0, 0x0, 0x0,
    0x8f, 0xf9, 0x66, 0x66, 0x66, 0x66, 0x66, 0x62,
    0x0, 0x0, 0x8f, 0xff, 0xff, 0xff, 0xff, 0xff,
    0xff, 0xf7, 0x0, 0x0, 0x8f, 0xff, 0xff, 0xff,
    0xff, 0xff, 0xff, 0xf7,

    /* U+BCF4 "보" */
    0x0, 0x1, 0xcc, 0xa0, 0x0, 0x0, 0x0, 0x5,
    0xcc, 0x60, 0x0, 0x0, 0x1, 0xff, 0xd0, 0x0,
    0x0, 0x0, 0x6, 0xff, 0x80, 0x0, 0x0, 0x1,
    0xff, 0xd0, 0x0, 0x0, 0x0, 0x6, 0xff, 0x80,
    0x0, 0x0, 0x1, 0xff, 0xe6, 0x66, 0x66, 0x66,
    0x6a, 0xff, 0x80, 0x0, 0x0, 0x1, 0xff, 0xff,
    0xff, 0xff, 0xff, 0xff, 0xff, 0x80, 0x0, 0x0,
    0x1, 0xff, 0xff, 0xff, 0xff, 0xff, 0xff, 0xff,
    0x80, 0x0, 0x0, 0x1, 0xff, 0xd1, 0x11, 0x11,
    0x11, 0x17, 0xff, 0x80, 0x0, 0x0, 0x1, 0xff,
    0xd0, 0x0, 0x0, 0x0, 0x6, 0xff, 0x80, 0x0,
    0x0, 0x1, 0xff, 0xd0, 0x0, 0x0, 0x0, 0x6,
    0xff, 0x80, 0x0, 0x0, 0x1, 0xff, 0xff, 0xff,
    0xff, 0xff, 0xff, 0xff, 0x80, 0x0, 0x0, 0x1,
    0xff, 0xff, 0xff, 0xff, 0xff, 0xff, 0xff, 0x80,
    0x0, 0x0, 0x0, 0x77, 0x77, 0x79, 0xff, 0xd7,
    0x77, 0x77, 0x30, 0x0, 0x0, 0x0, 0x0, 0x0,
    0x4, 0xff, 0xb0, 0x0, 0x0, 0x0, 0x0, 0x0,
    0x0, 0x0, 0x0, 0x4, 0xff, 0xb0, 0x0, 0x0,
    0x0, 0x0, 0x0, 0x0, 0x0, 0x0, 0x4, 0xff,
    0xb0, 0x0, 0x0, 0x0, 0x0, 0x17, 0x77, 0x77,
    0x77, 0x79, 0xff, 0xd7, 0x77, 0x77, 0x77, 0x75,
    0x4f, 0xff, 0xff, 0xff, 0xff, 0xff, 0xff, 0xff,
    0xff, 0xff, 0xfb, 0x4f, 0xff, 0xff, 0xff, 0xff,
    0xff, 0xff, 0xff, 0xff, 0xff, 0xfb,

    /* U+BCF5 "복" */
    0x0, 0x5, 0xff, 0xa0, 0x0, 0x0, 0x0, 0x7,
    0xff, 0x80, 0x0, 0x0, 0x5, 0xff, 0xa1, 0x11,
    0x11, 0x11, 0x18, 0xff, 0x80, 0x0, 0x0, 0x5,
    0xff, 0xff, 0xff, 0xff, 0xff, 0xff, 0xff, 0x80,
    0x0, 0x0, 0x5, 0xff, 0xff, 0xff, 0xff, 0xff,
    0xff, 0xff, 0x80, 0x0, 0x0, 0x5, 0xff, 0xc5,
    0x55, 0x55, 0x55, 0x5a, 0xff, 0x80, 0x0, 0x0,
    0x5, 0xff, 0xa0, 0x0, 0x0, 0x0, 0x7, 0xff,
    0x80, 0x0, 0x0, 0x5, 0xff, 0xff, 0xff, 0xff,
    0xff, 0xff, 0xff, 0x80, 0x0, 0x0, 0x5, 0xff,
    0xff, 0xff, 0xff, 0xff, 0xff, 0xff, 0x80, 0x0,
    0x0, 0x2, 0x66, 0x66, 0x6a, 0xff, 0xb6, 0x66,
    0x66, 0x30, 0x0, 0x0, 0x0, 0x0, 0x0, 0x6,
    0xff, 0x90, 0x0, 0x0, 0x0, 0x0, 0x4f, 0xff,
    0xff, 0xff, 0xff, 0xff, 0xff, 0xff, 0xff, 0xff,
    0xfa, 0x4f, 0xff, 0xff, 0xff, 0xff, 0xff, 0xff,
    0xff, 0xff, 0xff, 0xfb, 0x28, 0x88, 0x88, 0x88,
    0x88, 0x88, 0x88, 0x88, 0x88, 0x88, 0x85, 0x0,
    0x0, 0x0, 0x0, 0x0, 0x0, 0x0, 0x0, 0x0,
    0x0, 0x0, 0x0, 0xa, 0xff, 0xff, 0xff, 0xff,
    0xff, 0xff, 0xff, 0x80, 0x0, 0x0, 0xb, 0xff,
    0xff, 0xff, 0xff, 0xff, 0xff, 0xff, 0x90, 0x0,
    0x0, 0x6, 0x88, 0x88, 0x88, 0x88, 0x88, 0x8b,
    0xff, 0x90, 0x0, 0x0, 0x0, 0x0, 0x0, 0x0,
    0x0, 0x0, 0x6, 0xff, 0x90, 0x0, 0x0, 0x0,
    0x0, 0x0, 0x0, 0x0, 0x0, 0x6, 0xff, 0x90,
    0x0, 0x0, 0x0, 0x0, 0x0, 0x0, 0x0, 0x0,
    0x6, 0xff, 0x90, 0x0, 0x0, 0x0, 0x0, 0x0,
    0x0, 0x0, 0x0, 0x6, 0xff, 0x90, 0x0, 0x0,
    0x0, 0x0, 0x0, 0x0, 0x0, 0x0, 0x6, 0xff,
    0x90, 0x0, 0x0, 0x0, 0x0, 0x0, 0x0, 0x0,
    0x0, 0x0, 0x0, 0x0, 0x0,

    /* U+BCF8 "본" */
    0x0, 0x2, 0xff, 0xc0, 0x0, 0x0, 0x0, 0x9,
    0xff, 0x50, 0x0, 0x0, 0x2, 0xff, 0xc0, 0x0,
    0x0, 0x0, 0x9, 0xff, 0x50, 0x0, 0x0, 0x2,
    0xff, 0xff, 0xff, 0xff, 0xff, 0xff, 0xff, 0x50,
    0x0, 0x0, 0x2, 0xff, 0xff, 0xff, 0xff, 0xff,
    0xff, 0xff, 0x50, 0x0, 0x0, 0x2, 0xff, 0xd7,
    0x77, 0x77, 0x77, 0x7c, 0xff, 0x50, 0x0, 0x0,
    0x2, 0xff, 0xc0, 0x0, 0x0, 0x0, 0x9, 0xff,
    0x50, 0x0, 0x0, 0x2, 0xff, 0xe8, 0x88, 0x88,
    0x88, 0x8c, 0xff, 0x50, 0x0, 0x0, 0x2, 0xff,
    0xff, 0xff, 0xff, 0xff, 0xff, 0xff, 0x50, 0x0,
    0x0, 0x2, 0xff, 0xff, 0xff, 0xff, 0xff, 0xff,
    0xff, 0x50, 0x0, 0x0, 0x0, 0x0, 0x0, 0x6,
    0xff, 0x80, 0x0, 0x0, 0x0, 0x0, 0x0, 0x0,
    0x0, 0x0, 0x6, 0xff, 0x80, 0x0, 0x0, 0x0,
    0x0, 0x4f, 0xff, 0xff, 0xff, 0xff, 0xff, 0xff,
    0xff, 0xff, 0xff, 0xfa, 0x4f, 0xff, 0xff, 0xff,
    0xff, 0xff, 0xff, 0xff, 0xff, 0xff, 0xfb, 0x28,
    0x88, 0x88, 0x88, 0x88, 0x88, 0x88, 0x88, 0x88,
    0x88, 0x85, 0x0, 0x0, 0x0, 0x0, 0x0, 0x0,
    0x0, 0x0, 0x0, 0x0, 0x0, 0x0, 0x2, 0xbb,
    0x70, 0x0, 0x0, 0x0, 0x0, 0x0, 0x0, 0x0,
    0x0, 0x3, 0xff, 0xb0, 0x0, 0x0, 0x0, 0x0,
    0x0, 0x0, 0x0, 0x0, 0x3, 0xff, 0xb0, 0x0,
    0x0, 0x0, 0x0, 0x0, 0x0, 0x0, 0x0, 0x3,
    0xff, 0xb0, 0x0, 0x0, 0x0, 0x0, 0x0, 0x0,
    0x0, 0x0, 0x3, 0xff, 0xd7, 0x77, 0x77, 0x77,
    0x77, 0x77, 0x50, 0x0, 0x0, 0x3, 0xff, 0xff,
    0xff, 0xff, 0xff, 0xff, 0xff, 0xb0, 0x0, 0x0,
    0x3, 0xff, 0xff, 0xff, 0xff, 0xff, 0xff, 0xff,
    0xb0, 0x0,

    /* U+BCFC "볼" */
    0x0, 0x2, 0xff, 0xb0, 0x0, 0x0, 0x0, 0x7,
    0xff, 0x60, 0x0, 0x0, 0x2, 0xff, 0xc4, 0x44,
    0x44, 0x44, 0x49, 0xff, 0x60, 0x0, 0x0, 0x2,
    0xff, 0xff, 0xff, 0xff, 0xff, 0xff, 0xff, 0x60,
    0x0, 0x0, 0x2, 0xff, 0xfe, 0xee, 0xee, 0xee,
    0xef, 0xff, 0x60, 0x0, 0x0, 0x2, 0xff, 0xb0,
    0x0, 0x0, 0x0, 0x7, 0xff, 0x60, 0x0, 0x0,
    0x2, 0xff, 0xff, 0xff, 0xff, 0xff, 0xff, 0xff,
    0x60, 0x0, 0x0, 0x2, 0xff, 0xff, 0xff, 0xff,
    0xff, 0xff, 0xff, 0x60, 0x0, 0x0, 0x0, 0x44,
    0x44, 0x48, 0xff, 0xa4, 0x44, 0x44, 0x10, 0x0,
    0x0, 0x0, 0x0, 0x0, 0x6, 0xff, 0x80, 0x0,
    0x0, 0x0, 0x0, 0x4f, 0xff, 0xff, 0xff, 0xff,
    0xff, 0xff, 0xff, 0xff, 0xff, 0xfa, 0x4f, 0xff,
    0xff, 0xff, 0xff, 0xff, 0xff, 0xff, 0xff, 0xff,
    0xfb, 0x14, 0x44, 0x44, 0x44, 0x44, 0x44, 0x44,
    0x44, 0x44, 0x44, 0x43, 0x0, 0x0, 0x44, 0x44,
    0x44, 0x44, 0x44, 0x44, 0x44, 0x10, 0x0, 0x0,
    0x2, 0xff, 0xff, 0xff, 0xff, 0xff, 0xff, 0xff,
    0x50, 0x0, 0x0, 0x2, 0xff, 0xff, 0xff, 0xff,
    0xff, 0xff, 0xff, 0x50, 0x0, 0x0, 0x0, 0x0,
    0x0, 0x0, 0x0, 0x0, 0x9, 0xff, 0x50, 0x0,
    0x0, 0x2, 0xff, 0xff, 0xff, 0xff, 0xff, 0xff,
    0xff, 0x50, 0x0, 0x0, 0x2, 0xff, 0xff, 0xff,
    0xff, 0xff, 0xff, 0xff, 0x50, 0x0, 0x0, 0x2,
    0xff, 0xc1, 0x11, 0x11, 0x11, 0x11, 0x11, 0x0,
    0x0, 0x0, 0x2, 0xff, 0xd4, 0x44, 0x44, 0x44,
    0x44, 0x44, 0x30, 0x0, 0x0, 0x2, 0xff, 0xff,
    0xff, 0xff, 0xff, 0xff, 0xff, 0xd0, 0x0, 0x0,
    0x2, 0xff, 0xff, 0xff, 0xff, 0xff, 0xff, 0xff,
    0xd0, 0x0,

    /* U+BD80 "부" */
    0x0, 0x1, 0xff, 0xd0, 0x0, 0x0, 0x0, 0x6,
    0xff, 0x80, 0x0, 0x0, 0x1, 0xff, 0xd0, 0x0,
    0x0, 0x0, 0x6, 0xff, 0x80, 0x0, 0x0, 0x1,
    0xff, 0xe4, 0x44, 0x44, 0x44, 0x48, 0xff, 0x80,
    0x0, 0x0, 0x1, 0xff, 0xff, 0xff, 0xff, 0xff,
    0xff, 0xff, 0x80, 0x0, 0x0, 0x1, 0xff, 0xff,
    0xff, 0xff, 0xff, 0xff, 0xff, 0x80, 0x0, 0x0,
    0x1, 0xff, 0xd3, 0x33, 0x33, 0x33, 0x38, 0xff,
    0x80, 0x0, 0x0, 0x1, 0xff, 0xd0, 0x0, 0x0,
    0x0, 0x6, 0xff, 0x80, 0x0, 0x0, 0x1, 0xff,
    0xe8, 0x88, 0x88, 0x88, 0x8b, 0xff, 0x80, 0x0,
    0x0, 0x1, 0xff, 0xff, 0xff, 0xff, 0xff, 0xff,
    0xff, 0x80, 0x0, 0x0, 0x1, 0xff, 0xff, 0xff,
    0xff, 0xff, 0xff, 0xff, 0x80, 0x0, 0x0, 0x0,
    0x0, 0x0, 0x0, 0x0, 0x0, 0x0, 0x0, 0x0,
    0x0, 0x0, 0x0, 0x0, 0x0, 0x0, 0x0, 0x0,
    0x0, 0x0, 0x0, 0x0, 0x4f, 0xff, 0xff, 0xff,
    0xff, 0xff, 0xff, 0xff, 0xff, 0xff, 0xfb, 0x4f,
    0xff, 0xff, 0xff, 0xff, 0xff, 0xff, 0xff, 0xff,
    0xff, 0xfb, 0x17, 0x77, 0x77, 0x77, 0x79, 0xff,
    0xc7, 0x77, 0x77, 0x77, 0x74, 0x0, 0x0, 0x0,
    0x0, 0x4, 0xff, 0xa0, 0x0, 0x0, 0x0, 0x0,
    0x0, 0x0, 0x0, 0x0, 0x4, 0xff, 0xa0, 0x0,
    0x0, 0x0, 0x0, 0x0, 0x0, 0x0, 0x0, 0x4,
    0xff, 0xa0, 0x0, 0x0, 0x0, 0x0, 0x0, 0x0,
    0x0, 0x0, 0x4, 0xff, 0xa0, 0x0, 0x0, 0x0,
    0x0, 0x0, 0x0, 0x0, 0x0, 0x4, 0xff, 0xa0,
    0x0, 0x0, 0x0, 0x0, 0x0, 0x0, 0x0, 0x0,
    0x4, 0xff, 0xa0, 0x0, 0x0, 0x0, 0x0, 0x0,
    0x0, 0x0, 0x0, 0x4, 0xff, 0xa0, 0x0, 0x0,
    0x0, 0x0, 0x0, 0x0, 0x0, 0x0, 0x0, 0x11,
    0x10, 0x0, 0x0, 0x0, 0x0,

    /* U+BD81 "북" */
    0x0, 0x5, 0xff, 0xa0, 0x0, 0x0, 0x0, 0x7,
    0xff, 0x80, 0x0, 0x0, 0x5, 0xff, 0xa1, 0x11,
    0x11, 0x11, 0x18, 0xff, 0x80, 0x0, 0x0, 0x5,
    0xff, 0xff, 0xff, 0xff, 0xff, 0xff, 0xff, 0x80,
    0x0, 0x0, 0x5, 0xff, 0xff, 0xff, 0xff, 0xff,
    0xff, 0xff, 0x80, 0x0, 0x0, 0x5, 0xff, 0xc5,
    0x55, 0x55, 0x55, 0x5a, 0xff, 0x80, 0x0, 0x0,
    0x5, 0xff, 0xa0, 0x0, 0x0, 0x0, 0x7, 0xff,
    0x80, 0x0, 0x0, 0x5, 0xff, 0xff, 0xff, 0xff,
    0xff, 0xff, 0xff, 0x80, 0x0, 0x0, 0x5, 0xff,
    0xff, 0xff, 0xff, 0xff, 0xff, 0xff, 0x80, 0x0,
    0x0, 0x2, 0x66, 0x66, 0x66, 0x66, 0x66, 0x66,
    0x66, 0x30, 0x0, 0x0, 0x0, 0x0, 0x0, 0x0,
    0x0, 0x0, 0x0, 0x0, 0x0, 0x0, 0x4f, 0xff,
    0xff, 0xff, 0xff, 0xff, 0xff, 0xff, 0xff, 0xff,
    0xfa, 0x4f, 0xff, 0xff, 0xff, 0xff, 0xff, 0xff,
    0xff, 0xff, 0xff, 0xfb, 0x28, 0x88, 0x88, 0x88,
    0x8b, 0xff, 0xc8, 0x88, 0x88, 0x88, 0x85, 0x0,
    0x0, 0x0, 0x0, 0x6, 0xff, 0x90, 0x0, 0x0,
    0x0, 0x0, 0x0, 0x6, 0x88, 0x88, 0x8b, 0xff,
    0xc8, 0x88, 0x88, 0x40, 0x0, 0x0, 0xb, 0xff,
    0xff, 0xff, 0xff, 0xff, 0xff, 0xff, 0x90, 0x0,
    0x0, 0xa, 0xff, 0xff, 0xff, 0xff, 0xff, 0xff,
    0xff, 0x90, 0x0, 0x0, 0x0, 0x0, 0x0, 0x0,
    0x0, 0x0, 0x6, 0xff, 0x90, 0x0, 0x0, 0x0,
    0x0, 0x0, 0x0, 0x0, 0x0, 0x6, 0xff, 0x90,
    0x0, 0x0, 0x0, 0x0, 0x0, 0x0, 0x0, 0x0,
    0x6, 0xff, 0x90, 0x0, 0x0, 0x0, 0x0, 0x0,
    0x0, 0x0, 0x0, 0x6, 0xff, 0x90, 0x0, 0x0,
    0x0, 0x0, 0x0, 0x0, 0x0, 0x0, 0x6, 0xff,
    0x90, 0x0, 0x0, 0x0, 0x0, 0x0, 0x0, 0x0,
    0x0, 0x1, 0x33, 0x10, 0x0,

    /* U+BD84 "분" */
    0x0, 0x2, 0xff, 0xc0, 0x0, 0x0, 0x0, 0x9,
    0xff, 0x50, 0x0, 0x0, 0x2, 0xff, 0xc0, 0x0,
    0x0, 0x0, 0x9, 0xff, 0x50, 0x0, 0x0, 0x2,
    0xff, 0xff, 0xff, 0xff, 0xff, 0xff, 0xff, 0x50,
    0x0, 0x0, 0x2, 0xff, 0xff, 0xff, 0xff, 0xff,
    0xff, 0xff, 0x50, 0x0, 0x0, 0x2, 0xff, 0xd7,
    0x77, 0x77, 0x77, 0x7c, 0xff, 0x50, 0x0, 0x0,
    0x2, 0xff, 0xc0, 0x0, 0x0, 0x0, 0x9, 0xff,
    0x50, 0x0, 0x0, 0x2, 0xff, 0xe8, 0x88, 0x88,
    0x88, 0x8c, 0xff, 0x50, 0x0, 0x0, 0x2, 0xff,
    0xff, 0xff, 0xff, 0xff, 0xff, 0xff, 0x50, 0x0,
    0x0, 0x2, 0xff, 0xff, 0xff, 0xff, 0xff, 0xff,
    0xff, 0x50, 0x0, 0x0, 0x0, 0x0, 0x0, 0x0,
    0x0, 0x0, 0x0, 0x0, 0x0, 0x0, 0x15, 0x55,
    0x55, 0x55, 0x55, 0x55, 0x55, 0x55, 0x55, 0x55,
    0x53, 0x4f, 0xff, 0xff, 0xff, 0xff, 0xff, 0xff,
    0xff, 0xff, 0xff, 0xfb, 0x4f, 0xff, 0xff, 0xff,
    0xff, 0xff, 0xff, 0xff, 0xff, 0xff, 0xfb, 0x2,
    0x22, 0x22, 0x22, 0x27, 0xff, 0x92, 0x22, 0x22,
    0x22, 0x21, 0x0, 0x0, 0x0, 0x0, 0x6, 0xff,
    0x80, 0x0, 0x0, 0x0, 0x0, 0x0, 0x2, 0xcc,
    0x80, 0x6, 0xff, 0x80, 0x0, 0x0, 0x0, 0x0,
    0x0, 0x3, 0xff, 0xb0, 0x6, 0xff, 0x80, 0x0,
    0x0, 0x0, 0x0, 0x0, 0x3, 0xff, 0xb0, 0x3,
    0x88, 0x40, 0x0, 0x0, 0x0, 0x0, 0x0, 0x3,
    0xff, 0xb0, 0x0, 0x0, 0x0, 0x0, 0x0, 0x0,
    0x0, 0x0, 0x3, 0xff, 0xd7, 0x77, 0x77, 0x77,
    0x77, 0x77, 0x50, 0x0, 0x0, 0x3, 0xff, 0xff,
    0xff, 0xff, 0xff, 0xff, 0xff, 0xb0, 0x0, 0x0,
    0x3, 0xff, 0xff, 0xff, 0xff, 0xff, 0xff, 0xff,
    0xb0, 0x0,

    /* U+BD88 "불" */
    0x0, 0x1, 0xff, 0xc0, 0x0, 0x0, 0x0, 0x9,
    0xff, 0x50, 0x0, 0x0, 0x1, 0xff, 0xd4, 0x44,
    0x44, 0x44, 0x4a, 0xff, 0x50, 0x0, 0x0, 0x1,
    0xff, 0xff, 0xff, 0xff, 0xff, 0xff, 0xff, 0x50,
    0x0, 0x0, 0x1, 0xff, 0xfe, 0xee, 0xee, 0xee,
    0xef, 0xff, 0x50, 0x0, 0x0, 0x1, 0xff, 0xc0,
    0x0, 0x0, 0x0, 0x9, 0xff, 0x50, 0x0, 0x0,
    0x1, 0xff, 0xff, 0xff, 0xff, 0xff, 0xff, 0xff,
    0x50, 0x0, 0x0, 0x1, 0xff, 0xff, 0xff, 0xff,
    0xff, 0xff, 0xff, 0x50, 0x0, 0x0, 0x0, 0x55,
    0x55, 0x55, 0x55, 0x55, 0x55, 0x55, 0x10, 0x0,
    0x14, 0x44, 0x44, 0x44, 0x44, 0x44, 0x44, 0x44,
    0x44, 0x44, 0x42, 0x4f, 0xff, 0xff, 0xff, 0xff,
    0xff, 0xff, 0xff, 0xff, 0xff, 0xfb, 0x4f, 0xff,
    0xff, 0xff, 0xff, 0xff, 0xff, 0xff, 0xff, 0xff,
    0xfb, 0x0, 0x0, 0x0, 0x0, 0x6, 0xff, 0x80,
    0x0, 0x0, 0x0, 0x0, 0x0, 0x0, 0x55, 0x55,
    0x59, 0xff, 0xb5, 0x55, 0x55, 0x10, 0x0, 0x0,
    0x1, 0xff, 0xff, 0xff, 0xff, 0xff, 0xff, 0xff,
    0x40, 0x0, 0x0, 0x1, 0xff, 0xff, 0xff, 0xff,
    0xff, 0xff, 0xff, 0x40, 0x0, 0x0, 0x0, 0x0,
    0x0, 0x0, 0x0, 0x0, 0xa, 0xff, 0x40, 0x0,
    0x0, 0x1, 0xff, 0xff, 0xff, 0xff, 0xff, 0xff,
    0xff, 0x40, 0x0, 0x0, 0x1, 0xff, 0xff, 0xff,
    0xff, 0xff, 0xff, 0xff, 0x40, 0x0, 0x0, 0x1,
    0xff, 0xd1, 0x11, 0x11, 0x11, 0x11, 0x11, 0x0,
    0x0, 0x0, 0x1, 0xff, 0xd4, 0x44, 0x44, 0x44,
    0x44, 0x44, 0x30, 0x0, 0x0, 0x1, 0xff, 0xff,
    0xff, 0xff, 0xff, 0xff, 0xff, 0xd0, 0x0, 0x0,
    0x1, 0xff, 0xff, 0xff, 0xff, 0xff, 0xff, 0xff,
    0xd0, 0x0,

    /* U+BD99 "붙" */
    0x0, 0x2, 0xff, 0xc0, 0x0, 0x0, 0x0, 0x9,
    0xff, 0x50, 0x0, 0x0, 0x2, 0xff, 0xd6, 0x66,
    0x66, 0x66, 0x6b, 0xff, 0x50, 0x0, 0x0, 0x2,
    0xff, 0xff, 0xff, 0xff, 0xff, 0xff, 0xff, 0x50,
    0x0, 0x0, 0x2, 0xff, 0xff, 0xff, 0xff, 0xff,
    0xff, 0xff, 0x50, 0x0, 0x0, 0x2, 0xff, 0xc0,
    0x0, 0x0, 0x0, 0x9, 0xff, 0x50, 0x0, 0x0,
    0x2, 0xff, 0xff, 0xff, 0xff, 0xff, 0xff, 0xff,
    0x50, 0x0, 0x0, 0x2, 0xff, 0xff, 0xff, 0xff,
    0xff, 0xff, 0xff, 0x50, 0x0, 0x0, 0x0, 0x66,
    0x66, 0x66, 0x66, 0x66, 0x66, 0x66, 0x20, 0x0,
    0x3, 0x33, 0x33, 0x33, 0x33, 0x33, 0x33, 0x33,
    0x33, 0x33, 0x32, 0x4f, 0xff, 0xff, 0xff, 0xff,
    0xff, 0xff, 0xff, 0xff, 0xff, 0xfb, 0x4f, 0xff,
    0xff, 0xff, 0xff, 0xff, 0xff, 0xff, 0xff, 0xff,
    0xfb, 0x3, 0x33, 0x33, 0x33, 0x37, 0xff, 0x93,
    0x33, 0x33, 0x33, 0x32, 0x0, 0x1, 0x44, 0x44,
    0x48, 0xff, 0xa4, 0x44, 0x44, 0x20, 0x0, 0x0,
    0x4, 0xff, 0xff, 0xff, 0xff, 0xff, 0xff, 0xff,
    0x80, 0x0, 0x0, 0x4, 0xff, 0xff, 0xff, 0xff,
    0xff, 0xff, 0xff, 0x80, 0x0, 0x0, 0x4, 0xff,
    0xa0, 0x0, 0x0, 0x0, 0x0, 0x0, 0x0, 0x0,
    0x0, 0x4, 0xff, 0xff, 0xff, 0xff, 0xff, 0xff,
    0xff, 0x20, 0x0, 0x0, 0x4, 0xff, 0xff, 0xff,
    0xff, 0xff, 0xff, 0xff, 0x20, 0x0, 0x0, 0x4,
    0xff, 0xb3, 0x33, 0x33, 0x33, 0x33, 0x33, 0x0,
    0x0, 0x0, 0x4, 0xff, 0xc5, 0x55, 0x55, 0x55,
    0x55, 0x55, 0x30, 0x0, 0x0, 0x4, 0xff, 0xff,
    0xff, 0xff, 0xff, 0xff, 0xff, 0xa0, 0x0, 0x0,
    0x4, 0xff, 0xff, 0xff, 0xff, 0xff, 0xff, 0xff,
    0xa0, 0x0,

    /* U+BE14 "블" */
    0x0, 0x1, 0xff, 0xc0, 0x0, 0x0, 0x0, 0x9,
    0xff, 0x50, 0x0, 0x0, 0x1, 0xff, 0xd4, 0x44,
    0x44, 0x44, 0x4a, 0xff, 0x50, 0x0, 0x0, 0x1,
    0xff, 0xff, 0xff, 0xff, 0xff, 0xff, 0xff, 0x50,
    0x0, 0x0, 0x1, 0xff, 0xff, 0xff, 0xff, 0xff,
    0xff, 0xff, 0x50, 0x0, 0x0, 0x1, 0xff, 0xc0,
    0x0, 0x0, 0x0, 0x9, 0xff, 0x50, 0x0, 0x0,
    0x1, 0xff, 0xff, 0xff, 0xff, 0xff, 0xff, 0xff,
    0x50, 0x0, 0x0, 0x1, 0xff, 0xff, 0xff, 0xff,
    0xff, 0xff, 0xff, 0x50, 0x0, 0x0, 0x0, 0x55,
    0x55, 0x55, 0x55, 0x55, 0x55, 0x55, 0x10, 0x0,
    0x0, 0x0, 0x0, 0x0, 0x0, 0x0, 0x0, 0x0,
    0x0, 0x0, 0x0, 0x4f, 0xff, 0xff, 0xff, 0xff,
    0xff, 0xff, 0xff, 0xff, 0xff, 0xfb, 0x4f, 0xff,
    0xff, 0xff, 0xff, 0xff, 0xff, 0xff, 0xff, 0xff,
    0xfb, 0x3, 0x33, 0x33, 0x33, 0x33, 0x33, 0x33,
    0x33, 0x33, 0x33, 0x32, 0x0, 0x0, 0x55, 0x55,
    0x55, 0x55, 0x55, 0x55, 0x55, 0x10, 0x0, 0x0,
    0x1, 0xff, 0xff, 0xff, 0xff, 0xff, 0xff, 0xff,
    0x40, 0x0, 0x0, 0x1, 0xff, 0xff, 0xff, 0xff,
    0xff, 0xff, 0xff, 0x40, 0x0, 0x0, 0x0, 0x0,
    0x0, 0x0, 0x0, 0x0, 0xa, 0xff, 0x40, 0x0,
    0x0, 0x1, 0xff, 0xff, 0xff, 0xff, 0xff, 0xff,
    0xff, 0x40, 0x0, 0x0, 0x1, 0xff, 0xff, 0xff,
    0xff, 0xff, 0xff, 0xff, 0x40, 0x0, 0x0, 0x1,
    0xff, 0xd1, 0x11, 0x11, 0x11, 0x11, 0x11, 0x0,
    0x0, 0x0, 0x1, 0xff, 0xd4, 0x44, 0x44, 0x44,
    0x44, 0x44, 0x30, 0x0, 0x0, 0x1, 0xff, 0xff,
    0xff, 0xff, 0xff, 0xff, 0xff, 0xd0, 0x0, 0x0,
    0x1, 0xff, 0xff, 0xff, 0xff, 0xff, 0xff, 0xff,
    0xd0, 0x0,

    /* U+BE44 "비" */
    0x0, 0x0, 0x0, 0x0, 0x0, 0x0, 0x0, 0x1,
    0xff, 0xc1, 0xee, 0xa0, 0x0, 0x0, 0xee, 0xd0,
    0x0, 0x1f, 0xfc, 0x1f, 0xfc, 0x0, 0x0, 0xf,
    0xff, 0x0, 0x1, 0xff, 0xc1, 0xff, 0xc0, 0x0,
    0x0, 0xff, 0xf0, 0x0, 0x1f, 0xfc, 0x1f, 0xfc,
    0x0, 0x0, 0xf, 0xff, 0x0, 0x1, 0xff, 0xc1,
    0xff, 0xc0, 0x0, 0x0, 0xff, 0xf0, 0x0, 0x1f,
    0xfc, 0x1f, 0xff, 0xff, 0xff, 0xff, 0xff, 0x0,
    0x1, 0xff, 0xc1, 0xff, 0xff, 0xff, 0xff, 0xff,
    0xf0, 0x0, 0x1f, 0xfc, 0x1f, 0xfe, 0x88, 0x88,
    0x8f, 0xff, 0x0, 0x1, 0xff, 0xc1, 0xff, 0xc0,
    0x0, 0x0, 0xff, 0xf0, 0x0, 0x1f, 0xfc, 0x1f,
    0xfc, 0x0, 0x0, 0xf, 0xff, 0x0, 0x1, 0xff,
    0xc1, 0xff, 0xc0, 0x0, 0x0, 0xff, 0xf0, 0x0,
    0x1f, 0xfc, 0x1f, 0xfc, 0x0, 0x0, 0xf, 0xff,
    0x0, 0x1, 0xff, 0xc1, 0xff, 0xe7, 0x77, 0x77,
    0xff, 0xf0, 0x0, 0x1f, 0xfc, 0x1f, 0xff, 0xff,
    0xff, 0xff, 0xff, 0x0, 0x1, 0xff, 0xc1, 0xff,
    0xff, 0xff, 0xff, 0xff, 0xe0, 0x0, 0x1f, 0xfc,
    0x0, 0x0, 0x0, 0x0, 0x0, 0x0, 0x0, 0x1,
    0xff, 0xc0, 0x0, 0x0, 0x0, 0x0, 0x0, 0x0,
    0x0, 0x1f, 0xfc, 0x0, 0x0, 0x0, 0x0, 0x0,
    0x0, 0x0, 0x1, 0xff, 0xc0, 0x0, 0x0, 0x0,
    0x0, 0x0, 0x0, 0x0, 0x1f, 0xfc, 0x0, 0x0,
    0x0, 0x0, 0x0, 0x0, 0x0, 0x1, 0xff, 0xc0,
    0x0, 0x0, 0x0, 0x0, 0x0, 0x0, 0x0, 0x1f,
    0xfc, 0x0, 0x0, 0x0, 0x0, 0x0, 0x0, 0x0,
    0x0, 0x99, 0x70,

    /* U+BE4C "빌" */
    0x1f, 0xfd, 0x0, 0x0, 0x1f, 0xfd, 0x0, 0x1,
    0xff, 0xc0, 0x1f, 0xfd, 0x0, 0x0, 0x1f, 0xfd,
    0x0, 0x1, 0xff, 0xc0, 0x1f, 0xfd, 0x11, 0x11,
    0x2f, 0xfd, 0x0, 0x1, 0xff, 0xc0, 0x1f, 0xff,
    0xff, 0xff, 0xff, 0xfd, 0x0, 0x1, 0xff, 0xc0,
    0x1f, 0xff, 0xff, 0xff, 0xff, 0xfd, 0x0, 0x1,
    0xff, 0xc0, 0x1f, 0xfe, 0x66, 0x66, 0x7f, 0xfd,
    0x0, 0x1, 0xff, 0xc0, 0x1f, 0xfd, 0x0, 0x0,
    0x1f, 0xfd, 0x0, 0x1, 0xff, 0xc0, 0x1f, 0xfe,
    0x55, 0x55, 0x6f, 0xfd, 0x0, 0x1, 0xff, 0xc0,
    0x1f, 0xff, 0xff, 0xff, 0xff, 0xfd, 0x0, 0x1,
    0xff, 0xc0, 0x1f, 0xff, 0xff, 0xff, 0xff, 0xfd,
    0x0, 0x1, 0xff, 0xc0, 0x1, 0x11, 0x11, 0x11,
    0x11, 0x11, 0x0, 0x1, 0xff, 0xc0, 0x0, 0x0,
    0x34, 0x44, 0x44, 0x44, 0x44, 0x44, 0x88, 0x60,
    0x0, 0x0, 0xdf, 0xff, 0xff, 0xff, 0xff, 0xff,
    0xff, 0xc0, 0x0, 0x0, 0xdf, 0xff, 0xff, 0xff,
    0xff, 0xff, 0xff, 0xc0, 0x0, 0x0, 0x23, 0x33,
    0x33, 0x33, 0x33, 0x34, 0xff, 0xc0, 0x0, 0x0,
    0x45, 0x55, 0x55, 0x55, 0x55, 0x55, 0xff, 0xc0,
    0x0, 0x0, 0xdf, 0xff, 0xff, 0xff, 0xff, 0xff,
    0xff, 0xc0, 0x0, 0x0, 0xdf, 0xff, 0xff, 0xff,
    0xff, 0xff, 0xff, 0xc0, 0x0, 0x0, 0xdf, 0xf1,
    0x0, 0x0, 0x0, 0x0, 0x0, 0x0, 0x0, 0x0,
    0xdf, 0xf8, 0x77, 0x77, 0x77, 0x77, 0x77, 0x71,
    0x0, 0x0, 0xdf, 0xff, 0xff, 0xff, 0xff, 0xff,
    0xff, 0xf2, 0x0, 0x0, 0xdf, 0xff, 0xff, 0xff,
    0xff, 0xff, 0xff, 0xf2,

    /* U+BE60 "빠" */
    0x0, 0x0, 0x0, 0x0, 0x0, 0x0, 0x0, 0x0,
    0x1f, 0xfe, 0x0, 0x7, 0xff, 0x17, 0xff, 0x18,
    0xfd, 0x7, 0xff, 0x11, 0xff, 0xe0, 0x0, 0x8f,
    0xf1, 0x7f, 0xf1, 0x9f, 0xe0, 0x8f, 0xf1, 0x1f,
    0xfe, 0x0, 0x8, 0xff, 0x17, 0xff, 0x19, 0xfe,
    0x8, 0xff, 0x11, 0xff, 0xe0, 0x0, 0x8f, 0xf1,
    0x7f, 0xf1, 0x9f, 0xe0, 0x8f, 0xf1, 0x1f, 0xfe,
    0x0, 0x8, 0xff, 0x17, 0xff, 0x19, 0xfe, 0x8,
    0xff, 0x11, 0xff, 0xe0, 0x0, 0x8f, 0xf6, 0xaf,
    0xf1, 0x9f, 0xf5, 0xaf, 0xf1, 0x1f, 0xfe, 0x0,
    0x8, 0xff, 0xff, 0xff, 0x19, 0xff, 0xff, 0xff,
    0x11, 0xff, 0xe0, 0x0, 0x8f, 0xff, 0xff, 0xf1,
    0x9f, 0xff, 0xff, 0xf1, 0x1f, 0xff, 0xff, 0x98,
    0xff, 0x17, 0xff, 0x19, 0xfe, 0x8, 0xff, 0x11,
    0xff, 0xff, 0xf9, 0x8f, 0xf1, 0x7f, 0xf1, 0x9f,
    0xe0, 0x8f, 0xf1, 0x1f, 0xff, 0x88, 0x58, 0xff,
    0x17, 0xff, 0x19, 0xfe, 0x8, 0xff, 0x11, 0xff,
    0xe0, 0x0, 0x8f, 0xf1, 0x7f, 0xf1, 0x9f, 0xe0,
    0x8f, 0xf1, 0x1f, 0xfe, 0x0, 0x8, 0xff, 0x49,
    0xff, 0x19, 0xff, 0x39, 0xff, 0x11, 0xff, 0xe0,
    0x0, 0x8f, 0xff, 0xff, 0xf1, 0x9f, 0xff, 0xff,
    0xf1, 0x1f, 0xfe, 0x0, 0x8, 0xff, 0xff, 0xff,
    0x19, 0xff, 0xff, 0xff, 0x11, 0xff, 0xe0, 0x0,
    0x13, 0x33, 0x33, 0x30, 0x13, 0x33, 0x33, 0x30,
    0x1f, 0xfe, 0x0, 0x0, 0x0, 0x0, 0x0, 0x0,
    0x0, 0x0, 0x0, 0x1, 0xff, 0xe0, 0x0, 0x0,
    0x0, 0x0, 0x0, 0x0, 0x0, 0x0, 0x0, 0x1f,
    0xfe, 0x0, 0x0, 0x0, 0x0, 0x0, 0x0, 0x0,
    0x0, 0x0, 0x1, 0xff, 0xe0, 0x0, 0x0, 0x0,
    0x0, 0x0, 0x0, 0x0, 0x0, 0x0, 0x1f, 0xfe,
    0x0, 0x0, 0x0, 0x0, 0x0, 0x0, 0x0, 0x0,
    0x0, 0x1, 0xff, 0xe0, 0x0, 0x0, 0x0, 0x0,
    0x0, 0x0, 0x0, 0x0, 0x0, 0x9, 0x98, 0x0,
    0x0,

    /* U+C0AC "사" */
    0x0, 0x0, 0x0, 0x0, 0x0, 0x0, 0x0, 0x0,
    0x1f, 0xfd, 0x0, 0x0, 0x0, 0x0, 0x0, 0x1f,
    0xfd, 0x0, 0x0, 0x0, 0x1f, 0xfd, 0x0, 0x0,
    0x0, 0x0, 0x0, 0x1f, 0xfd, 0x0, 0x0, 0x0,
    0x1f, 0xfd, 0x0, 0x0, 0x0, 0x0, 0x0, 0x1f,
    0xfd, 0x0, 0x0, 0x0, 0x1f, 0xfd, 0x0, 0x0,
    0x0, 0x0, 0x0, 0x1f, 0xfd, 0x0, 0x0, 0x0,
    0x1f, 0xfd, 0x0, 0x0, 0x0, 0x0, 0x0, 0x1f,
    0xfd, 0x0, 0x0, 0x0, 0x1f, 0xfd, 0x0, 0x0,
    0x0, 0x0, 0x0, 0x2f, 0xff, 0x0, 0x0, 0x0,
    0x1f, 0xfd, 0x0, 0x0, 0x0, 0x0, 0x0, 0x5f,
    0xff, 0x20, 0x0, 0x0, 0x1f, 0xfd, 0x0, 0x0,
    0x0, 0x0, 0x0, 0x9f, 0xff, 0x60, 0x0, 0x0,
    0x1f, 0xff, 0xff, 0xf5, 0x0, 0x0, 0x0, 0xff,
    0xff, 0xd0, 0x0, 0x0, 0x1f, 0xff, 0xff, 0xf6,
    0x0, 0x0, 0x8, 0xff, 0xff, 0xf6, 0x0, 0x0,
    0x1f, 0xfe, 0x88, 0x83, 0x0, 0x0, 0x3f, 0xfe,
    0x4f, 0xff, 0x20, 0x0, 0x1f, 0xfd, 0x0, 0x0,
    0x0, 0x1, 0xdf, 0xf6, 0x9, 0xff, 0xe2, 0x0,
    0x1f, 0xfd, 0x0, 0x0, 0x0, 0x1d, 0xff, 0xb0,
    0x0, 0xcf, 0xfe, 0x50, 0x1f, 0xfd, 0x0, 0x0,
    0x5, 0xef, 0xfd, 0x10, 0x0, 0x1c, 0xff, 0xf6,
    0x1f, 0xfd, 0x0, 0x0, 0x9, 0xff, 0xe1, 0x0,
    0x0, 0x0, 0xbf, 0x90, 0x1f, 0xfd, 0x0, 0x0,
    0x0, 0x7c, 0x10, 0x0, 0x0, 0x0, 0x5, 0x0,
    0x1f, 0xfd, 0x0, 0x0, 0x0, 0x0, 0x0, 0x0,
    0x0, 0x0, 0x0, 0x0, 0x1f, 0xfd, 0x0, 0x0,
    0x0, 0x0, 0x0, 0x0, 0x0, 0x0, 0x0, 0x0,
    0x1f, 0xfd, 0x0, 0x0, 0x0, 0x0, 0x0, 0x0,
    0x0, 0x0, 0x0, 0x0, 0x1f, 0xfd, 0x0, 0x0,
    0x0, 0x0, 0x0, 0x0, 0x0, 0x0, 0x0, 0x0,
    0x1f, 0xfd, 0x0, 0x0, 0x0, 0x0, 0x0, 0x0,
    0x0, 0x0, 0x0, 0x0, 0x1f, 0xfd, 0x0, 0x0,
    0x0, 0x0, 0x0, 0x0, 0x0, 0x0, 0x0, 0x0,
    0x9, 0x98, 0x0, 0x0,

    /* U+C0AD "삭" */
    0x0, 0x0, 0x1, 0xff, 0xd0, 0x0, 0x0, 0x0,
    0xff, 0xe0, 0x0, 0x0, 0x0, 0x0, 0x1f, 0xfd,
    0x0, 0x0, 0x0, 0xf, 0xfe, 0x0, 0x0, 0x0,
    0x0, 0x1, 0xff, 0xd0, 0x0, 0x0, 0x0, 0xff,
    0xe0, 0x0, 0x0, 0x0, 0x0, 0x1f, 0xfe, 0x0,
    0x0, 0x0, 0xf, 0xfe, 0x0, 0x0, 0x0, 0x0,
    0x4, 0xff, 0xf1, 0x0, 0x0, 0x0, 0xff, 0xe0,
    0x0, 0x0, 0x0, 0x0, 0x9f, 0xff, 0x70, 0x0,
    0x0, 0xf, 0xff, 0x88, 0x82, 0x0, 0x0, 0x1f,
    0xff, 0xfe, 0x10, 0x0, 0x0, 0xff, 0xff, 0xff,
    0x50, 0x0, 0xb, 0xff, 0xff, 0xfc, 0x0, 0x0,
    0xf, 0xff, 0xff, 0xf5, 0x0, 0xa, 0xff, 0xe2,
    0xef, 0xfd, 0x20, 0x0, 0xff, 0xe0, 0x0, 0x0,
    0x1b, 0xff, 0xf4, 0x2, 0xef, 0xff, 0x92, 0xf,
    0xfe, 0x0, 0x0, 0x5f, 0xff, 0xf5, 0x0, 0x2,
    0xdf, 0xfd, 0x0, 0xff, 0xe0, 0x0, 0x1, 0xdf,
    0xf5, 0x0, 0x0, 0x0, 0x7e, 0x20, 0xf, 0xfe,
    0x0, 0x0, 0x2, 0xb3, 0x0, 0x0, 0x0, 0x0,
    0x0, 0x0, 0xff, 0xe0, 0x0, 0x0, 0x0, 0x4,
    0x55, 0x55, 0x55, 0x55, 0x55, 0x58, 0x87, 0x0,
    0x0, 0x0, 0x0, 0xff, 0xff, 0xff, 0xff, 0xff,
    0xff, 0xff, 0xe0, 0x0, 0x0, 0x0, 0xf, 0xff,
    0xff, 0xff, 0xff, 0xff, 0xff, 0xfe, 0x0, 0x0,
    0x0, 0x0, 0x22, 0x22, 0x22, 0x22, 0x22, 0x22,
    0xff, 0xe0, 0x0, 0x0, 0x0, 0x0, 0x0, 0x0,
    0x0, 0x0, 0x0, 0xf, 0xfe, 0x0, 0x0, 0x0,
    0x0, 0x0, 0x0, 0x0, 0x0, 0x0, 0x0, 0xff,
    0xe0, 0x0, 0x0, 0x0, 0x0, 0x0, 0x0, 0x0,
    0x0, 0x0, 0xf, 0xfe, 0x0, 0x0, 0x0, 0x0,
    0x0, 0x0, 0x0, 0x0, 0x0, 0x0, 0xff, 0xe0,
    0x0, 0x0, 0x0, 0x0, 0x0, 0x0, 0x0, 0x0,
    0x0, 0xf, 0xfe, 0x0, 0x0, 0x0, 0x0, 0x0,
    0x0, 0x0, 0x0, 0x0, 0x0, 0x11, 0x10, 0x0,
    0x0,

    /* U+C0B0 "산" */
    0x0, 0x0, 0x0, 0x0, 0x0, 0x0, 0x0, 0x0,
    0xff, 0xe0, 0x0, 0x0, 0x0, 0x0, 0xf, 0xff,
    0x0, 0x0, 0x0, 0xf, 0xfe, 0x0, 0x0, 0x0,
    0x0, 0x0, 0xff, 0xf0, 0x0, 0x0, 0x0, 0xff,
    0xe0, 0x0, 0x0, 0x0, 0x0, 0xf, 0xff, 0x0,
    0x0, 0x0, 0xf, 0xfe, 0x0, 0x0, 0x0, 0x0,
    0x1, 0xff, 0xf0, 0x0, 0x0, 0x0, 0xff, 0xe0,
    0x0, 0x0, 0x0, 0x0, 0x3f, 0xff, 0x30, 0x0,
    0x0, 0xf, 0xfe, 0x0, 0x0, 0x0, 0x0, 0x9,
    0xff, 0xfa, 0x0, 0x0, 0x0, 0xff, 0xf8, 0x88,
    0x30, 0x0, 0x2, 0xff, 0xff, 0xf4, 0x0, 0x0,
    0xf, 0xff, 0xff, 0xf6, 0x0, 0x0, 0xcf, 0xf7,
    0xff, 0xf4, 0x0, 0x0, 0xff, 0xff, 0xff, 0x50,
    0x0, 0xbf, 0xfa, 0x7, 0xff, 0xf8, 0x0, 0xf,
    0xfe, 0x0, 0x0, 0x3, 0xdf, 0xfd, 0x0, 0x8,
    0xff, 0xff, 0x30, 0xff, 0xe0, 0x0, 0x5, 0xff,
    0xfe, 0x20, 0x0, 0x5, 0xff, 0xa0, 0xf, 0xfe,
    0x0, 0x0, 0x9, 0xfe, 0x20, 0x0, 0x0, 0x1,
    0x80, 0x0, 0xff, 0xe0, 0x0, 0x0, 0x7, 0x10,
    0x0, 0x0, 0x0, 0x0, 0x0, 0xf, 0xfe, 0x0,
    0x0, 0x0, 0x0, 0x17, 0x75, 0x0, 0x0, 0x0,
    0x0, 0xff, 0xe0, 0x0, 0x0, 0x0, 0x3, 0xff,
    0xb0, 0x0, 0x0, 0x0, 0xf, 0xfe, 0x0, 0x0,
    0x0, 0x0, 0x3f, 0xfb, 0x0, 0x0, 0x0, 0x0,
    0x44, 0x40, 0x0, 0x0, 0x0, 0x3, 0xff, 0xb0,
    0x0, 0x0, 0x0, 0x0, 0x0, 0x0, 0x0, 0x0,
    0x0, 0x3f, 0xfb, 0x0, 0x0, 0x0, 0x0, 0x0,
    0x0, 0x0, 0x0, 0x0, 0x3, 0xff, 0xd7, 0x77,
    0x77, 0x77, 0x77, 0x77, 0x40, 0x0, 0x0, 0x0,
    0x3f, 0xff, 0xff, 0xff, 0xff, 0xff, 0xff, 0xf8,
    0x0, 0x0, 0x0, 0x3, 0xff, 0xff, 0xff, 0xff,
    0xff, 0xff, 0xff, 0x80, 0x0,

    /* U+C0B4 "살" */
    0x0, 0x0, 0x0, 0xff, 0xd0, 0x0, 0x0, 0x0,
    0xff, 0xf0, 0x0, 0x0, 0x0, 0x0, 0xf, 0xfd,
    0x0, 0x0, 0x0, 0xf, 0xff, 0x0, 0x0, 0x0,
    0x0, 0x0, 0xff, 0xe0, 0x0, 0x0, 0x0, 0xff,
    0xf0, 0x0, 0x0, 0x0, 0x0, 0x3f, 0xff, 0x10,
    0x0, 0x0, 0xf, 0xff, 0x0, 0x0, 0x0, 0x0,
    0x8, 0xff, 0xf8, 0x0, 0x0, 0x0, 0xff, 0xff,
    0xff, 0x50, 0x0, 0x1, 0xff, 0xff, 0xf3, 0x0,
    0x0, 0xf, 0xff, 0xff, 0xf6, 0x0, 0x0, 0xcf,
    0xf9, 0xff, 0xe3, 0x0, 0x0, 0xff, 0xf8, 0x88,
    0x30, 0x1, 0xcf, 0xfb, 0x7, 0xff, 0xf8, 0x10,
    0xf, 0xff, 0x0, 0x0, 0x6, 0xef, 0xfc, 0x0,
    0x7, 0xff, 0xff, 0x10, 0xff, 0xf0, 0x0, 0x4,
    0xff, 0xfb, 0x10, 0x0, 0x4, 0xef, 0x60, 0xf,
    0xff, 0x0, 0x0, 0x5, 0xf8, 0x0, 0x0, 0x0,
    0x0, 0x50, 0x0, 0xde, 0xd0, 0x0, 0x0, 0x1,
    0x1, 0x88, 0x88, 0x88, 0x88, 0x88, 0x88, 0x87,
    0x0, 0x0, 0x0, 0x0, 0x3f, 0xff, 0xff, 0xff,
    0xff, 0xff, 0xff, 0xf0, 0x0, 0x0, 0x0, 0x3,
    0xff, 0xff, 0xff, 0xff, 0xff, 0xff, 0xff, 0x0,
    0x0, 0x0, 0x0, 0x0, 0x0, 0x0, 0x0, 0x0,
    0x0, 0xff, 0xf0, 0x0, 0x0, 0x0, 0x3, 0xff,
    0xff, 0xff, 0xff, 0xff, 0xff, 0xff, 0x0, 0x0,
    0x0, 0x0, 0x3f, 0xff, 0xff, 0xff, 0xff, 0xff,
    0xff, 0xf0, 0x0, 0x0, 0x0, 0x3, 0xff, 0xc6,
    0x66, 0x66, 0x66, 0x66, 0x65, 0x0, 0x0, 0x0,
    0x0, 0x3f, 0xfb, 0x0, 0x0, 0x0, 0x0, 0x0,
    0x0, 0x0, 0x0, 0x0, 0x3, 0xff, 0xd7, 0x77,
    0x77, 0x77, 0x77, 0x77, 0x40, 0x0, 0x0, 0x0,
    0x3f, 0xff, 0xff, 0xff, 0xff, 0xff, 0xff, 0xf8,
    0x0, 0x0, 0x0, 0x3, 0xff, 0xff, 0xff, 0xff,
    0xff, 0xff, 0xff, 0x80, 0x0,

    /* U+C0BC "삼" */
    0x0, 0x0, 0x0, 0x7f, 0xf8, 0x0, 0x0, 0x0,
    0x3f, 0xfb, 0x0, 0x0, 0x0, 0x0, 0x0, 0x7f,
    0xf8, 0x0, 0x0, 0x0, 0x3f, 0xfb, 0x0, 0x0,
    0x0, 0x0, 0x0, 0x7f, 0xf8, 0x0, 0x0, 0x0,
    0x3f, 0xfb, 0x0, 0x0, 0x0, 0x0, 0x0, 0x8f,
    0xf9, 0x0, 0x0, 0x0, 0x3f, 0xfb, 0x0, 0x0,
    0x0, 0x0, 0x0, 0xaf, 0xfc, 0x0, 0x0, 0x0,
    0x3f, 0xfb, 0x0, 0x0, 0x0, 0x0, 0x0, 0xff,
    0xff, 0x30, 0x0, 0x0, 0x3f, 0xff, 0xff, 0xf2,
    0x0, 0x0, 0x8, 0xff, 0xff, 0xc0, 0x0, 0x0,
    0x3f, 0xff, 0xff, 0xf2, 0x0, 0x0, 0x3f, 0xff,
    0xdf, 0xfa, 0x0, 0x0, 0x3f, 0xfd, 0x88, 0x81,
    0x0, 0x3, 0xff, 0xf6, 0x2f, 0xff, 0xc3, 0x0,
    0x3f, 0xfb, 0x0, 0x0, 0x0, 0x6f, 0xff, 0xa0,
    0x3, 0xff, 0xff, 0xb1, 0x3f, 0xfb, 0x0, 0x0,
    0xb, 0xff, 0xfc, 0x0, 0x0, 0x2d, 0xff, 0x80,
    0x3f, 0xfb, 0x0, 0x0, 0x4, 0xff, 0xb0, 0x0,
    0x0, 0x0, 0x6a, 0x0, 0x3f, 0xfb, 0x0, 0x0,
    0x0, 0x47, 0x0, 0x0, 0x0, 0x0, 0x0, 0x0,
    0x2c, 0xc9, 0x0, 0x0, 0x0, 0x0, 0xa, 0xff,
    0xff, 0xff, 0xff, 0xff, 0xff, 0xfb, 0x0, 0x0,
    0x0, 0x0, 0xb, 0xff, 0xff, 0xff, 0xff, 0xff,
    0xff, 0xfb, 0x0, 0x0, 0x0, 0x0, 0xb, 0xff,
    0x98, 0x88, 0x88, 0x88, 0x9f, 0xfb, 0x0, 0x0,
    0x0, 0x0, 0xb, 0xff, 0x30, 0x0, 0x0, 0x0,
    0x3f, 0xfb, 0x0, 0x0, 0x0, 0x0, 0xb, 0xff,
    0x30, 0x0, 0x0, 0x0, 0x3f, 0xfb, 0x0, 0x0,
    0x0, 0x0, 0xb, 0xff, 0x30, 0x0, 0x0, 0x0,
    0x3f, 0xfb, 0x0, 0x0, 0x0, 0x0, 0xb, 0xff,
    0x97, 0x77, 0x77, 0x77, 0x8f, 0xfb, 0x0, 0x0,
    0x0, 0x0, 0xb, 0xff, 0xff, 0xff, 0xff, 0xff,
    0xff, 0xfb, 0x0, 0x0, 0x0, 0x0, 0xb, 0xff,
    0xff, 0xff, 0xff, 0xff, 0xff, 0xfb, 0x0, 0x0,

    /* U+C0BD "삽" */
    0x0, 0x0, 0x0, 0xff, 0xf0, 0x0, 0x0, 0x0,
    0xff, 0xf0, 0x0, 0x0, 0x0, 0x0, 0xf, 0xff,
    0x0, 0x0, 0x0, 0xf, 0xff, 0x0, 0x0, 0x0,
    0x0, 0x0, 0xff, 0xf0, 0x0, 0x0, 0x0, 0xff,
    0xf0, 0x0, 0x0, 0x0, 0x0, 0x1f, 0xff, 0x0,
    0x0, 0x0, 0xf, 0xff, 0x0, 0x0, 0x0, 0x0,
    0x3, 0xff, 0xf2, 0x0, 0x0, 0x0, 0xff, 0xf0,
    0x0, 0x0, 0x0, 0x0, 0x8f, 0xff, 0x90, 0x0,
    0x0, 0xf, 0xff, 0xff, 0xf6, 0x0, 0x0, 0x1f,
    0xff, 0xff, 0x30, 0x0, 0x0, 0xff, 0xff, 0xff,
    0x60, 0x0, 0xb, 0xff, 0xcf, 0xfe, 0x20, 0x0,
    0xf, 0xff, 0x77, 0x72, 0x0, 0xa, 0xff, 0xd0,
    0xbf, 0xfe, 0x40, 0x0, 0xff, 0xf0, 0x0, 0x0,
    0x1b, 0xff, 0xf2, 0x0, 0xcf, 0xff, 0xc3, 0xf,
    0xff, 0x0, 0x0, 0x4f, 0xff, 0xf4, 0x0, 0x0,
    0xaf, 0xfd, 0x0, 0xff, 0xf0, 0x0, 0x0, 0xcf,
    0xf3, 0x0, 0x0, 0x0, 0x4c, 0x20, 0xf, 0xff,
    0x0, 0x0, 0x0, 0x92, 0x1, 0x11, 0x0, 0x0,
    0x0, 0x0, 0x23, 0x20, 0x0, 0x0, 0x0, 0x3,
    0xff, 0xb0, 0x0, 0x0, 0x0, 0xf, 0xff, 0x0,
    0x0, 0x0, 0x0, 0x3f, 0xfc, 0x22, 0x22, 0x22,
    0x22, 0xff, 0xf0, 0x0, 0x0, 0x0, 0x3, 0xff,
    0xff, 0xff, 0xff, 0xff, 0xff, 0xff, 0x0, 0x0,
    0x0, 0x0, 0x3f, 0xff, 0xff, 0xff, 0xff, 0xff,
    0xff, 0xf0, 0x0, 0x0, 0x0, 0x3, 0xff, 0xc5,
    0x55, 0x55, 0x55, 0x5f, 0xff, 0x0, 0x0, 0x0,
    0x0, 0x3f, 0xfb, 0x0, 0x0, 0x0, 0x0, 0xff,
    0xf0, 0x0, 0x0, 0x0, 0x3, 0xff, 0xd7, 0x77,
    0x77, 0x77, 0x7f, 0xff, 0x0, 0x0, 0x0, 0x0,
    0x3f, 0xff, 0xff, 0xff, 0xff, 0xff, 0xff, 0xf0,
    0x0, 0x0, 0x0, 0x3, 0xff, 0xff, 0xff, 0xff,
    0xff, 0xff, 0xff, 0x0, 0x0,

    /* U+C0C1 "상" */
    0x0, 0x0, 0x3, 0xff, 0xb0, 0x0, 0x0, 0x1,
    0xff, 0xd0, 0x0, 0x0, 0x0, 0x0, 0x3f, 0xfb,
    0x0, 0x0, 0x0, 0x1f, 0xfd, 0x0, 0x0, 0x0,
    0x0, 0x3, 0xff, 0xb0, 0x0, 0x0, 0x1, 0xff,
    0xd0, 0x0, 0x0, 0x0, 0x0, 0x4f, 0xfc, 0x0,
    0x0, 0x0, 0x1f, 0xfd, 0x0, 0x0, 0x0, 0x0,
    0x7, 0xff, 0xf0, 0x0, 0x0, 0x1, 0xff, 0xd0,
    0x0, 0x0, 0x0, 0x0, 0xcf, 0xff, 0x60, 0x0,
    0x0, 0x1f, 0xff, 0xff, 0xf4, 0x0, 0x0, 0x4f,
    0xff, 0xfe, 0x10, 0x0, 0x1, 0xff, 0xff, 0xff,
    0x40, 0x0, 0x1e, 0xff, 0xcf, 0xfd, 0x10, 0x0,
    0x1f, 0xfe, 0x88, 0x82, 0x0, 0x1d, 0xff, 0xa0,
    0xdf, 0xfe, 0x40, 0x1, 0xff, 0xd0, 0x0, 0x0,
    0x4d, 0xff, 0xd1, 0x1, 0xdf, 0xff, 0xc2, 0x1f,
    0xfd, 0x0, 0x0, 0x8f, 0xff, 0xe2, 0x0, 0x1,
    0xbf, 0xfa, 0x1, 0xff, 0xd0, 0x0, 0x1, 0xef,
    0xe2, 0x0, 0x0, 0x0, 0x5a, 0x0, 0x1f, 0xfd,
    0x0, 0x0, 0x2, 0xa1, 0x0, 0x0, 0x0, 0x0,
    0x0, 0x1, 0xff, 0xd0, 0x0, 0x0, 0x0, 0x0,
    0x0, 0x6a, 0xde, 0xfe, 0xdb, 0x75, 0x32, 0x0,
    0x0, 0x0, 0x0, 0x5, 0xef, 0xff, 0xff, 0xff,
    0xff, 0xf8, 0x0, 0x0, 0x0, 0x0, 0x5, 0xff,
    0xfe, 0xa8, 0x78, 0x9d, 0xff, 0xf8, 0x0, 0x0,
    0x0, 0x0, 0xcf, 0xf8, 0x0, 0x0, 0x0, 0x4,
    0xff, 0xf1, 0x0, 0x0, 0x0, 0xf, 0xff, 0x10,
    0x0, 0x0, 0x0, 0xd, 0xff, 0x20, 0x0, 0x0,
    0x0, 0xdf, 0xf8, 0x0, 0x0, 0x0, 0x4, 0xff,
    0xf1, 0x0, 0x0, 0x0, 0x5, 0xff, 0xfd, 0x97,
    0x77, 0x9c, 0xff, 0xf8, 0x0, 0x0, 0x0, 0x0,
    0x6, 0xff, 0xff, 0xff, 0xff, 0xff, 0xf8, 0x0,
    0x0, 0x0, 0x0, 0x0, 0x1, 0x6b, 0xdf, 0xff,
    0xeb, 0x72, 0x0, 0x0, 0x0,

    /* U+C0C8 "새" */
    0x0, 0x0, 0x0, 0x0, 0x0, 0x0, 0x3f, 0xfb,
    0xd, 0xff, 0x10, 0x0, 0x1, 0xff, 0xc0, 0x0,
    0x3, 0xff, 0xb0, 0xdf, 0xf1, 0x0, 0x0, 0x1f,
    0xfc, 0x0, 0x0, 0x3f, 0xfb, 0xd, 0xff, 0x10,
    0x0, 0x1, 0xff, 0xc0, 0x0, 0x3, 0xff, 0xb0,
    0xdf, 0xf1, 0x0, 0x0, 0x1f, 0xfc, 0x0, 0x0,
    0x3f, 0xfb, 0xd, 0xff, 0x10, 0x0, 0x1, 0xff,
    0xc0, 0x0, 0x3, 0xff, 0xb0, 0xdf, 0xf1, 0x0,
    0x0, 0x1f, 0xfc, 0x0, 0x0, 0x3f, 0xfb, 0xd,
    0xff, 0x10, 0x0, 0x2, 0xff, 0xd0, 0x0, 0x3,
    0xff, 0xb0, 0xdf, 0xf1, 0x0, 0x0, 0x4f, 0xff,
    0x0, 0x0, 0x3f, 0xfd, 0x8e, 0xff, 0x10, 0x0,
    0x8, 0xff, 0xf4, 0x0, 0x3, 0xff, 0xff, 0xff,
    0xf1, 0x0, 0x0, 0xdf, 0xff, 0x90, 0x0, 0x3f,
    0xff, 0xff, 0xff, 0x10, 0x0, 0x4f, 0xff, 0xff,
    0x20, 0x3, 0xff, 0xb0, 0xdf, 0xf1, 0x0, 0xc,
    0xff, 0x9f, 0xfc, 0x0, 0x3f, 0xfb, 0xd, 0xff,
    0x10, 0x8, 0xff, 0x90, 0xdf, 0xf9, 0x3, 0xff,
    0xb0, 0xdf, 0xf1, 0x6, 0xff, 0xe1, 0x3, 0xff,
    0xfb, 0x3f, 0xfb, 0xd, 0xff, 0x18, 0xff, 0xf4,
    0x0, 0x5, 0xff, 0xa3, 0xff, 0xb0, 0xdf, 0xf1,
    0x2e, 0xf6, 0x0, 0x0, 0x6, 0xa0, 0x3f, 0xfb,
    0xd, 0xff, 0x10, 0x25, 0x0, 0x0, 0x0, 0x0,
    0x3, 0xff, 0xb0, 0xdf, 0xf1, 0x0, 0x0, 0x0,
    0x0, 0x0, 0x0, 0x3f, 0xfb, 0xd, 0xff, 0x10,
    0x0, 0x0, 0x0, 0x0, 0x0, 0x3, 0xff, 0xb0,
    0xdf, 0xf1, 0x0, 0x0, 0x0, 0x0, 0x0, 0x0,
    0x3f, 0xfb, 0xd, 0xff, 0x10, 0x0, 0x0, 0x0,
    0x0, 0x0, 0x3, 0xff, 0xb0, 0xdf, 0xf1, 0x0,
    0x0, 0x0, 0x0, 0x0, 0x0, 0x0, 0x0, 0x8,
    0x99, 0x0,

    /* U+C0C9 "색" */
    0x0, 0x0, 0x0, 0x0, 0x0, 0x0, 0x3f, 0xfa,
    0xd, 0xff, 0x10, 0x0, 0x0, 0xff, 0xc0, 0x0,
    0x3, 0xff, 0xa0, 0xdf, 0xf1, 0x0, 0x0, 0xf,
    0xfc, 0x0, 0x0, 0x3f, 0xfa, 0xd, 0xff, 0x10,
    0x0, 0x0, 0xff, 0xc0, 0x0, 0x3, 0xff, 0xa0,
    0xdf, 0xf1, 0x0, 0x0, 0x1f, 0xfd, 0x0, 0x0,
    0x3f, 0xfa, 0xd, 0xff, 0x10, 0x0, 0x4, 0xff,
    0xf1, 0x0, 0x3, 0xff, 0xd8, 0xef, 0xf1, 0x0,
    0x0, 0x9f, 0xff, 0x70, 0x0, 0x3f, 0xff, 0xff,
    0xff, 0x10, 0x0, 0x2f, 0xff, 0xff, 0x20, 0x3,
    0xff, 0xff, 0xff, 0xf1, 0x0, 0x1d, 0xff, 0x9f,
    0xfd, 0x20, 0x3f, 0xfa, 0xd, 0xff, 0x10, 0x1c,
    0xff, 0xb0, 0x8f, 0xfe, 0x63, 0xff, 0xa0, 0xdf,
    0xf1, 0x5e, 0xff, 0xe1, 0x0, 0xaf, 0xff, 0x7f,
    0xfa, 0xd, 0xff, 0x13, 0xff, 0xe2, 0x0, 0x0,
    0x8f, 0x63, 0xff, 0xa0, 0xdf, 0xf1, 0x3, 0xc2,
    0x0, 0x0, 0x0, 0x20, 0x29, 0x96, 0xd, 0xff,
    0x10, 0x0, 0x0, 0x78, 0x88, 0x88, 0x88, 0x88,
    0x88, 0x88, 0x80, 0x0, 0x0, 0xe, 0xff, 0xff,
    0xff, 0xff, 0xff, 0xff, 0xff, 0x10, 0x0, 0x0,
    0xdf, 0xff, 0xff, 0xff, 0xff, 0xff, 0xff, 0xf1,
    0x0, 0x0, 0x0, 0x0, 0x0, 0x0, 0x0, 0x0,
    0xd, 0xff, 0x10, 0x0, 0x0, 0x0, 0x0, 0x0,
    0x0, 0x0, 0x0, 0xdf, 0xf1, 0x0, 0x0, 0x0,
    0x0, 0x0, 0x0, 0x0, 0x0, 0xd, 0xff, 0x10,
    0x0, 0x0, 0x0, 0x0, 0x0, 0x0, 0x0, 0x0,
    0xdf, 0xf1, 0x0, 0x0, 0x0, 0x0, 0x0, 0x0,
    0x0, 0x0, 0xd, 0xff, 0x10, 0x0, 0x0, 0x0,
    0x0, 0x0, 0x0, 0x0, 0x0, 0xdf, 0xf1, 0x0,
    0x0, 0x0, 0x0, 0x0, 0x0, 0x0, 0x0, 0x1,
    0x11, 0x0,

    /* U+C0D8 "샘" */
    0x0, 0x0, 0x0, 0x0, 0x0, 0x0, 0x3f, 0xfa,
    0xd, 0xff, 0x10, 0x0, 0x0, 0xff, 0xc0, 0x0,
    0x3, 0xff, 0xa0, 0xdf, 0xf1, 0x0, 0x0, 0xf,
    0xfc, 0x0, 0x0, 0x3f, 0xfa, 0xd, 0xff, 0x10,
    0x0, 0x0, 0xff, 0xc0, 0x0, 0x3, 0xff, 0xa0,
    0xdf, 0xf1, 0x0, 0x0, 0x1f, 0xfe, 0x0, 0x0,
    0x3f, 0xfa, 0xd, 0xff, 0x10, 0x0, 0x5, 0xff,
    0xf3, 0x0, 0x3, 0xff, 0xd8, 0xef, 0xf1, 0x0,
    0x0, 0xbf, 0xff, 0xa0, 0x0, 0x3f, 0xff, 0xff,
    0xff, 0x10, 0x0, 0x5f, 0xff, 0xff, 0x60, 0x3,
    0xff, 0xff, 0xff, 0xf1, 0x0, 0x3f, 0xff, 0x3e,
    0xff, 0x60, 0x3f, 0xfa, 0xd, 0xff, 0x10, 0x5e,
    0xff, 0x70, 0x3f, 0xff, 0xb6, 0xff, 0xa0, 0xdf,
    0xf1, 0x7f, 0xff, 0xb0, 0x0, 0x4f, 0xfd, 0x4f,
    0xfa, 0xd, 0xff, 0x11, 0xdf, 0xc0, 0x0, 0x0,
    0x2b, 0x23, 0xff, 0xa0, 0xdf, 0xf1, 0x1, 0x80,
    0x0, 0x0, 0x0, 0x0, 0x15, 0x53, 0xa, 0xcc,
    0x0, 0x0, 0x0, 0x4f, 0xff, 0xff, 0xff, 0xff,
    0xff, 0xff, 0xf1, 0x0, 0x0, 0x4, 0xff, 0xff,
    0xff, 0xff, 0xff, 0xff, 0xff, 0x10, 0x0, 0x0,
    0x4f, 0xfd, 0x88, 0x88, 0x88, 0x88, 0xef, 0xf1,
    0x0, 0x0, 0x4, 0xff, 0xa0, 0x0, 0x0, 0x0,
    0xd, 0xff, 0x10, 0x0, 0x0, 0x4f, 0xfa, 0x0,
    0x0, 0x0, 0x0, 0xdf, 0xf1, 0x0, 0x0, 0x4,
    0xff, 0xa0, 0x0, 0x0, 0x0, 0xd, 0xff, 0x10,
    0x0, 0x0, 0x4f, 0xfc, 0x77, 0x77, 0x77, 0x77,
    0xef, 0xf1, 0x0, 0x0, 0x4, 0xff, 0xff, 0xff,
    0xff, 0xff, 0xff, 0xff, 0x10, 0x0, 0x0, 0x4f,
    0xff, 0xff, 0xff, 0xff, 0xff, 0xff, 0xf1,

    /* U+C0DD "생" */
    0x0, 0x0, 0x0, 0x0, 0x0, 0x0, 0x3f, 0xfa,
    0xd, 0xff, 0x10, 0x0, 0x0, 0xff, 0xc0, 0x0,
    0x3, 0xff, 0xa0, 0xdf, 0xf1, 0x0, 0x0, 0xf,
    0xfc, 0x0, 0x0, 0x3f, 0xfa, 0xd, 0xff, 0x10,
    0x0, 0x0, 0xff, 0xc0, 0x0, 0x3, 0xff, 0xa0,
    0xdf, 0xf1, 0x0, 0x0, 0x1f, 0xfe, 0x0, 0x0,
    0x3f, 0xfa, 0xd, 0xff, 0x10, 0x0, 0x5, 0xff,
    0xf2, 0x0, 0x3, 0xff, 0xd8, 0xef, 0xf1, 0x0,
    0x0, 0xbf, 0xff, 0xa0, 0x0, 0x3f, 0xff, 0xff,
    0xff, 0x10, 0x0, 0x5f, 0xff, 0xff, 0x50, 0x3,
    0xff, 0xff, 0xff, 0xf1, 0x0, 0x3f, 0xff, 0x6f,
    0xff, 0x60, 0x3f, 0xfa, 0xd, 0xff, 0x10, 0x5f,
    0xff, 0x80, 0x4f, 0xff, 0xb6, 0xff, 0xa0, 0xdf,
    0xf1, 0x7f, 0xff, 0xa0, 0x0, 0x5f, 0xfe, 0x4f,
    0xfa, 0xd, 0xff, 0x10, 0xbf, 0x90, 0x0, 0x0,
    0x2c, 0x23, 0xff, 0xa0, 0xdf, 0xf1, 0x0, 0x40,
    0x0, 0x0, 0x0, 0x0, 0x15, 0x53, 0xd, 0xff,
    0x10, 0x0, 0x0, 0x0, 0x5, 0x9c, 0xde, 0xec,
    0xa5, 0x78, 0x80, 0x0, 0x0, 0x0, 0x5e, 0xff,
    0xff, 0xff, 0xff, 0xfe, 0x60, 0x0, 0x0, 0x0,
    0x5f, 0xff, 0xea, 0x88, 0x8a, 0xef, 0xff, 0x70,
    0x0, 0x0, 0xe, 0xff, 0x70, 0x0, 0x0, 0x0,
    0x6f, 0xff, 0x0, 0x0, 0x0, 0xff, 0xf0, 0x0,
    0x0, 0x0, 0x0, 0xdf, 0xf2, 0x0, 0x0, 0xe,
    0xff, 0x60, 0x0, 0x0, 0x0, 0x4f, 0xff, 0x0,
    0x0, 0x0, 0x7f, 0xff, 0xd9, 0x76, 0x78, 0xcf,
    0xff, 0x80, 0x0, 0x0, 0x0, 0x7f, 0xff, 0xff,
    0xff, 0xff, 0xff, 0x80, 0x0, 0x0, 0x0, 0x0,
    0x17, 0xbd, 0xff, 0xfe, 0xb7, 0x10, 0x0,

    /* U+C11C "서" */
    0x0, 0x0, 0x0, 0x0, 0x0, 0x0, 0x0, 0x0,
    0x0, 0xff, 0xf0, 0x0, 0x0, 0x1, 0xff, 0xd0,
    0x0, 0x0, 0x0, 0xf, 0xff, 0x0, 0x0, 0x0,
    0x1f, 0xfd, 0x0, 0x0, 0x0, 0x0, 0xff, 0xf0,
    0x0, 0x0, 0x1, 0xff, 0xd0, 0x0, 0x0, 0x0,
    0xf, 0xff, 0x0, 0x0, 0x0, 0x1f, 0xfd, 0x0,
    0x0, 0x0, 0x0, 0xff, 0xf0, 0x0, 0x0, 0x1,
    0xff, 0xd0, 0x0, 0x0, 0x0, 0xf, 0xff, 0x0,
    0x0, 0x0, 0x2f, 0xff, 0x0, 0x7, 0x88, 0x88,
    0xff, 0xf0, 0x0, 0x0, 0x5, 0xff, 0xf1, 0x0,
    0xef, 0xff, 0xff, 0xff, 0x0, 0x0, 0x0, 0x9f,
    0xff, 0x60, 0xd, 0xff, 0xff, 0xff, 0xf0, 0x0,
    0x0, 0xe, 0xff, 0xfc, 0x0, 0x0, 0x0, 0xf,
    0xff, 0x0, 0x0, 0x7, 0xff, 0xff, 0xf5, 0x0,
    0x0, 0x0, 0xff, 0xf0, 0x0, 0x2, 0xff, 0xf7,
    0xff, 0xe1, 0x0, 0x0, 0xf, 0xff, 0x0, 0x0,
    0xcf, 0xf8, 0xb, 0xff, 0xc0, 0x0, 0x0, 0xff,
    0xf0, 0x0, 0xbf, 0xfd, 0x0, 0x1e, 0xff, 0xd2,
    0x0, 0xf, 0xff, 0x3, 0xdf, 0xff, 0x20, 0x0,
    0x2e, 0xff, 0xf5, 0x0, 0xff, 0xf0, 0xbf, 0xff,
    0x30, 0x0, 0x0, 0x2e, 0xfb, 0x0, 0xf, 0xff,
    0x0, 0x9e, 0x30, 0x0, 0x0, 0x0, 0x19, 0x0,
    0x0, 0xff, 0xf0, 0x0, 0x0, 0x0, 0x0, 0x0,
    0x0, 0x0, 0x0, 0xf, 0xff, 0x0, 0x0, 0x0,
    0x0, 0x0, 0x0, 0x0, 0x0, 0x0, 0xff, 0xf0,
    0x0, 0x0, 0x0, 0x0, 0x0, 0x0, 0x0, 0x0,
    0xf, 0xff, 0x0, 0x0, 0x0, 0x0, 0x0, 0x0,
    0x0, 0x0, 0x0, 0xff, 0xf0, 0x0, 0x0, 0x0,
    0x0, 0x0, 0x0, 0x0, 0x0, 0xf, 0xff, 0x0,
    0x0, 0x0, 0x0, 0x0, 0x0, 0x0, 0x0, 0x0,
    0x99, 0x90,

    /* U+C11D "석" */
    0x0, 0x0, 0x1, 0xff, 0xd0, 0x0, 0x0, 0x0,
    0xe, 0xff, 0x0, 0x0, 0x1, 0xff, 0xd0, 0x0,
    0x0, 0x0, 0xe, 0xff, 0x0, 0x0, 0x1, 0xff,
    0xd0, 0x0, 0x0, 0x0, 0xe, 0xff, 0x0, 0x0,
    0x1, 0xff, 0xd0, 0x0, 0x24, 0x44, 0x4e, 0xff,
    0x0, 0x0, 0x3, 0xff, 0xf0, 0x0, 0xbf, 0xff,
    0xff, 0xff, 0x0, 0x0, 0x8, 0xff, 0xf5, 0x0,
    0xbf, 0xff, 0xff, 0xff, 0x0, 0x0, 0xe, 0xff,
    0xfd, 0x0, 0x23, 0x33, 0x3e, 0xff, 0x0, 0x0,
    0x9f, 0xfe, 0xff, 0xa0, 0x0, 0x0, 0xe, 0xff,
    0x0, 0x7, 0xff, 0xe1, 0xef, 0xfa, 0x0, 0x0,
    0xe, 0xff, 0x0, 0x7f, 0xff, 0x40, 0x3e, 0xff,
    0xe6, 0x0, 0xe, 0xff, 0x3c, 0xff, 0xf6, 0x0,
    0x3, 0xef, 0xfe, 0x20, 0xe, 0xff, 0x4f, 0xff,
    0x70, 0x0, 0x0, 0x19, 0xf3, 0x0, 0xe, 0xff,
    0x4, 0xe5, 0x0, 0x0, 0x0, 0x0, 0x10, 0x0,
    0xe, 0xff, 0x0, 0x0, 0x6, 0x66, 0x66, 0x66,
    0x66, 0x66, 0x68, 0x88, 0x0, 0x0, 0x1f, 0xff,
    0xff, 0xff, 0xff, 0xff, 0xff, 0xff, 0x0, 0x0,
    0x1f, 0xff, 0xff, 0xff, 0xff, 0xff, 0xff, 0xff,
    0x0, 0x0, 0x1, 0x11, 0x11, 0x11, 0x11, 0x11,
    0x1e, 0xff, 0x0, 0x0, 0x0, 0x0, 0x0, 0x0,
    0x0, 0x0, 0xe, 0xff, 0x0, 0x0, 0x0, 0x0,
    0x0, 0x0, 0x0, 0x0, 0xe, 0xff, 0x0, 0x0,
    0x0, 0x0, 0x0, 0x0, 0x0, 0x0, 0xe, 0xff,
    0x0, 0x0, 0x0, 0x0, 0x0, 0x0, 0x0, 0x0,
    0xe, 0xff, 0x0, 0x0, 0x0, 0x0, 0x0, 0x0,
    0x0, 0x0, 0xe, 0xff, 0x0, 0x0, 0x0, 0x0,
    0x0, 0x0, 0x0, 0x0, 0x1, 0x11,

    /* U+C11E "섞" */
    0x0, 0x0, 0x1, 0xff, 0xd0, 0x0, 0x0, 0x0,
    0xe, 0xff, 0x0, 0x0, 0x1, 0xff, 0xd0, 0x0,
    0x0, 0x0, 0xe, 0xff, 0x0, 0x0, 0x1, 0xff,
    0xd0, 0x0, 0x0, 0x0, 0xe, 0xff, 0x0, 0x0,
    0x1, 0xff, 0xd0, 0x0, 0x35, 0x55, 0x5e, 0xff,
    0x0, 0x0, 0x4, 0xff, 0xf0, 0x0, 0xbf, 0xff,
    0xff, 0xff, 0x0, 0x0, 0x9, 0xff, 0xf6, 0x0,
    0xbf, 0xff, 0xff, 0xff, 0x0, 0x0, 0x1f, 0xff,
    0xfe, 0x10, 0x12, 0x22, 0x2e, 0xff, 0x0, 0x0,
    0xbf, 0xfe, 0xff, 0xb0, 0x0, 0x0, 0xe, 0xff,
    0x0, 0xa, 0xff, 0xd1, 0xdf, 0xfc, 0x10, 0x0,
    0xe, 0xff, 0x1, 0xaf, 0xfe, 0x20, 0x2e, 0xff,
    0xf8, 0x10, 0xe, 0xff, 0x5e, 0xff, 0xe2, 0x0,
    0x2, 0xdf, 0xfd, 0x10, 0xe, 0xff, 0x3e, 0xfd,
    0x20, 0x0, 0x0, 0x8, 0xe2, 0x0, 0xe, 0xff,
    0x2, 0x71, 0x11, 0x11, 0x11, 0x10, 0x11, 0x11,
    0x16, 0x66, 0x0, 0x9, 0xff, 0xff, 0xff, 0xf5,
    0xcf, 0xff, 0xff, 0xff, 0x0, 0x9, 0xff, 0xff,
    0xff, 0xf5, 0xcf, 0xff, 0xff, 0xff, 0x0, 0x3,
    0x66, 0x66, 0xbf, 0xf5, 0x46, 0x66, 0x6e, 0xff,
    0x0, 0x0, 0x0, 0x0, 0x8f, 0xf5, 0x0, 0x0,
    0xe, 0xff, 0x0, 0x0, 0x0, 0x0, 0x8f, 0xf5,
    0x0, 0x0, 0xe, 0xff, 0x0, 0x0, 0x0, 0x0,
    0x8f, 0xf5, 0x0, 0x0, 0xe, 0xff, 0x0, 0x0,
    0x0, 0x0, 0x8f, 0xf5, 0x0, 0x0, 0xe, 0xff,
    0x0, 0x0, 0x0, 0x0, 0x8f, 0xf5, 0x0, 0x0,
    0xe, 0xff, 0x0, 0x0, 0x0, 0x0, 0x8f, 0xf5,
    0x0, 0x0, 0xe, 0xff, 0x0, 0x0, 0x0, 0x0,
    0x12, 0x20, 0x0, 0x0, 0x1, 0x22,

    /* U+C120 "선" */
    0x0, 0x0, 0x0, 0x0, 0x0, 0x0, 0x0, 0x0,
    0x1, 0xff, 0xc0, 0x0, 0x0, 0x0, 0x6f, 0xf9,
    0x0, 0x0, 0x0, 0x1, 0xff, 0xc0, 0x0, 0x0,
    0x0, 0x6f, 0xf9, 0x0, 0x0, 0x0, 0x1, 0xff,
    0xc0, 0x0, 0x0, 0x0, 0x6f, 0xf9, 0x0, 0x0,
    0x0, 0x1, 0xff, 0xc0, 0x0, 0x0, 0x0, 0x6f,
    0xf9, 0x0, 0x7, 0x88, 0x89, 0xff, 0xc0, 0x0,
    0x0, 0x0, 0x8f, 0xfc, 0x0, 0xd, 0xff, 0xff,
    0xff, 0xc0, 0x0, 0x0, 0x0, 0xdf, 0xff, 0x20,
    0xc, 0xff, 0xff, 0xff, 0xc0, 0x0, 0x0, 0x5,
    0xff, 0xff, 0xb0, 0x0, 0x0, 0x1, 0xff, 0xc0,
    0x0, 0x0, 0x1e, 0xfe, 0xaf, 0xf8, 0x0, 0x0,
    0x1, 0xff, 0xc0, 0x0, 0x0, 0xcf, 0xf6, 0xd,
    0xff, 0xa0, 0x0, 0x1, 0xff, 0xc0, 0x0, 0x2c,
    0xff, 0xa0, 0x2, 0xef, 0xfe, 0x80, 0x1, 0xff,
    0xc0, 0x7, 0xff, 0xfc, 0x0, 0x0, 0x2d, 0xff,
    0xa0, 0x1, 0xff, 0xc0, 0x5, 0xff, 0xd1, 0x0,
    0x0, 0x0, 0x8c, 0x0, 0x1, 0xff, 0xc0, 0x0,
    0x5b, 0x10, 0x0, 0x0, 0x0, 0x0, 0x0, 0x1,
    0xff, 0xc0, 0x0, 0x0, 0x0, 0xab, 0xb0, 0x0,
    0x0, 0x0, 0x1, 0xff, 0xc0, 0x0, 0x0, 0x0,
    0xef, 0xf1, 0x0, 0x0, 0x0, 0x1, 0xff, 0xc0,
    0x0, 0x0, 0x0, 0xef, 0xf1, 0x0, 0x0, 0x0,
    0x0, 0x22, 0x20, 0x0, 0x0, 0x0, 0xef, 0xf1,
    0x0, 0x0, 0x0, 0x0, 0x0, 0x0, 0x0, 0x0,
    0x0, 0xef, 0xf1, 0x0, 0x0, 0x0, 0x0, 0x0,
    0x0, 0x0, 0x0, 0x0, 0xef, 0xf8, 0x77, 0x77,
    0x77, 0x77, 0x77, 0x71, 0x0, 0x0, 0x0, 0xef,
    0xff, 0xff, 0xff, 0xff, 0xff, 0xff, 0xf2, 0x0,
    0x0, 0x0, 0xef, 0xff, 0xff, 0xff, 0xff, 0xff,
    0xff, 0xf2,

    /* U+C124 "설" */
    0x0, 0x0, 0x4, 0xff, 0x90, 0x0, 0x0, 0x0,
    0x1f, 0xfc, 0x0, 0x0, 0x0, 0x4f, 0xf9, 0x0,
    0x0, 0x0, 0x1, 0xff, 0xc0, 0x0, 0x0, 0x4,
    0xff, 0x90, 0x0, 0x0, 0x0, 0x1f, 0xfc, 0x0,
    0x0, 0x0, 0x6f, 0xfb, 0x0, 0xe, 0xff, 0xff,
    0xff, 0xc0, 0x0, 0x0, 0xb, 0xff, 0xf1, 0x0,
    0xef, 0xff, 0xff, 0xfc, 0x0, 0x0, 0x2, 0xff,
    0xff, 0xa0, 0x5, 0x66, 0x67, 0xff, 0xc0, 0x0,
    0x0, 0xcf, 0xfd, 0xff, 0x80, 0x0, 0x0, 0x1f,
    0xfc, 0x0, 0x0, 0xbf, 0xf9, 0x1e, 0xff, 0xa1,
    0x0, 0x1, 0xff, 0xc0, 0x3, 0xdf, 0xfc, 0x0,
    0x2e, 0xff, 0xf8, 0x0, 0x1f, 0xfc, 0x8, 0xff,
    0xfc, 0x10, 0x0, 0x1c, 0xff, 0x60, 0x1, 0xff,
    0xc0, 0x1d, 0xf9, 0x0, 0x0, 0x0, 0x6, 0x80,
    0x0, 0x1f, 0xfc, 0x0, 0x14, 0x0, 0x34, 0x44,
    0x44, 0x44, 0x44, 0x44, 0xaa, 0x70, 0x0, 0x0,
    0xd, 0xff, 0xff, 0xff, 0xff, 0xff, 0xff, 0xfc,
    0x0, 0x0, 0x0, 0xdf, 0xff, 0xff, 0xff, 0xff,
    0xff, 0xff, 0xc0, 0x0, 0x0, 0x2, 0x33, 0x33,
    0x33, 0x33, 0x33, 0x4f, 0xfc, 0x0, 0x0, 0x0,
    0x45, 0x55, 0x55, 0x55, 0x55, 0x55, 0xff, 0xc0,
    0x0, 0x0, 0xd, 0xff, 0xff, 0xff, 0xff, 0xff,
    0xff, 0xfc, 0x0, 0x0, 0x0, 0xdf, 0xff, 0xff,
    0xff, 0xff, 0xff, 0xff, 0xc0, 0x0, 0x0, 0xd,
    0xff, 0x10, 0x0, 0x0, 0x0, 0x0, 0x0, 0x0,
    0x0, 0x0, 0xdf, 0xf8, 0x77, 0x77, 0x77, 0x77,
    0x77, 0x72, 0x0, 0x0, 0xd, 0xff, 0xff, 0xff,
    0xff, 0xff, 0xff, 0xff, 0x60, 0x0, 0x0, 0xdf,
    0xff, 0xff, 0xff, 0xff, 0xff, 0xff, 0xf6,

    /* U+C131 "성" */
    0x0, 0x0, 0x4, 0xff, 0xa0, 0x0, 0x0, 0x0,
    0x1f, 0xfd, 0x0, 0x0, 0x0, 0x4f, 0xfa, 0x0,
    0x0, 0x0, 0x1, 0xff, 0xd0, 0x0, 0x0, 0x4,
    0xff, 0xa0, 0x0, 0x0, 0x0, 0x1f, 0xfd, 0x0,
    0x0, 0x0, 0x4f, 0xfb, 0x0, 0x7, 0x88, 0x88,
    0xff, 0xd0, 0x0, 0x0, 0x7, 0xff, 0xe0, 0x0,
    0xef, 0xff, 0xff, 0xfd, 0x0, 0x0, 0x0, 0xcf,
    0xff, 0x40, 0xe, 0xff, 0xff, 0xff, 0xd0, 0x0,
    0x0, 0x4f, 0xff, 0xfd, 0x0, 0x0, 0x0, 0x1f,
    0xfd, 0x0, 0x0, 0x1e, 0xff, 0xcf, 0xfa, 0x0,
    0x0, 0x1, 0xff, 0xd0, 0x0, 0x1d, 0xff, 0xa1,
    0xef, 0xfc, 0x10, 0x0, 0x1f, 0xfd, 0x0, 0x3d,
    0xff, 0xd0, 0x2, 0xef, 0xff, 0x91, 0x1, 0xff,
    0xd0, 0x7f, 0xff, 0xe2, 0x0, 0x2, 0xcf, 0xfa,
    0x0, 0x1f, 0xfd, 0x3, 0xef, 0xe2, 0x0, 0x0,
    0x0, 0x7b, 0x0, 0x1, 0xff, 0xd0, 0x3, 0xa1,
    0x0, 0x0, 0x0, 0x35, 0x65, 0x41, 0x1f, 0xfc,
    0x0, 0x0, 0x0, 0x0, 0x3b, 0xff, 0xff, 0xff,
    0xfd, 0x60, 0x0, 0x0, 0x0, 0x0, 0x7f, 0xff,
    0xff, 0xff, 0xff, 0xff, 0xc1, 0x0, 0x0, 0x0,
    0x3f, 0xff, 0x94, 0x10, 0x12, 0x7e, 0xff, 0xa0,
    0x0, 0x0, 0x9, 0xff, 0x70, 0x0, 0x0, 0x0,
    0x1f, 0xff, 0x0, 0x0, 0x0, 0xbf, 0xf4, 0x0,
    0x0, 0x0, 0x0, 0xdf, 0xf1, 0x0, 0x0, 0x8,
    0xff, 0xc1, 0x0, 0x0, 0x0, 0x6f, 0xfe, 0x0,
    0x0, 0x0, 0x1e, 0xff, 0xfa, 0x76, 0x79, 0xdf,
    0xff, 0x60, 0x0, 0x0, 0x0, 0x2d, 0xff, 0xff,
    0xff, 0xff, 0xff, 0x60, 0x0, 0x0, 0x0, 0x0,
    0x5, 0xad, 0xff, 0xfe, 0xb7, 0x10, 0x0,

    /* U+C138 "세" */
    0x0, 0x0, 0x0, 0x0, 0x0, 0x0, 0x1f, 0xfd,
    0xd, 0xff, 0x10, 0x0, 0x1, 0xff, 0xb0, 0x0,
    0x1, 0xff, 0xd0, 0xdf, 0xf1, 0x0, 0x0, 0x1f,
    0xfb, 0x0, 0x0, 0x1f, 0xfd, 0xd, 0xff, 0x10,
    0x0, 0x1, 0xff, 0xb0, 0x0, 0x1, 0xff, 0xd0,
    0xdf, 0xf1, 0x0, 0x0, 0x1f, 0xfb, 0x0, 0x0,
    0x1f, 0xfd, 0xd, 0xff, 0x10, 0x0, 0x1, 0xff,
    0xb0, 0x0, 0x1, 0xff, 0xd0, 0xdf, 0xf1, 0x0,
    0x0, 0x1f, 0xfb, 0x2, 0x66, 0x7f, 0xfd, 0xd,
    0xff, 0x10, 0x0, 0x2, 0xff, 0xc0, 0x5f, 0xff,
    0xff, 0xd0, 0xdf, 0xf1, 0x0, 0x0, 0x4f, 0xfe,
    0x5, 0xff, 0xff, 0xfd, 0xd, 0xff, 0x10, 0x0,
    0x7, 0xff, 0xf2, 0x1, 0x12, 0xff, 0xd0, 0xdf,
    0xf1, 0x0, 0x0, 0xbf, 0xff, 0x70, 0x0, 0x1f,
    0xfd, 0xd, 0xff, 0x10, 0x0, 0x2f, 0xff, 0xfe,
    0x0, 0x1, 0xff, 0xd0, 0xdf, 0xf1, 0x0, 0xb,
    0xff, 0xbf, 0xf9, 0x0, 0x1f, 0xfd, 0xd, 0xff,
    0x10, 0x6, 0xff, 0xb1, 0xef, 0xf7, 0x1, 0xff,
    0xd0, 0xdf, 0xf1, 0x6, 0xff, 0xe1, 0x5, 0xff,
    0xf9, 0x1f, 0xfd, 0xd, 0xff, 0x18, 0xff, 0xf4,
    0x0, 0x7, 0xff, 0x81, 0xff, 0xd0, 0xdf, 0xf1,
    0x2e, 0xf6, 0x0, 0x0, 0x7, 0x80, 0x1f, 0xfd,
    0xd, 0xff, 0x10, 0x15, 0x0, 0x0, 0x0, 0x0,
    0x1, 0xff, 0xd0, 0xdf, 0xf1, 0x0, 0x0, 0x0,
    0x0, 0x0, 0x0, 0x1f, 0xfd, 0xd, 0xff, 0x10,
    0x0, 0x0, 0x0, 0x0, 0x0, 0x1, 0xff, 0xd0,
    0xdf, 0xf1, 0x0, 0x0, 0x0, 0x0, 0x0, 0x0,
    0x1f, 0xfd, 0xd, 0xff, 0x10, 0x0, 0x0, 0x0,
    0x0, 0x0, 0x1, 0xff, 0xd0, 0xdf, 0xf1, 0x0,
    0x0, 0x0, 0x0, 0x0, 0x0, 0x0, 0x0, 0x8,
    0x99, 0x0,

    /* U+C13C "센" */
    0x0, 0x0, 0x0, 0x0, 0x0, 0x0, 0x1f, 0xfd,
    0xd, 0xff, 0x10, 0x0, 0x0, 0xff, 0xc0, 0x0,
    0x1, 0xff, 0xd0, 0xdf, 0xf1, 0x0, 0x0, 0xf,
    0xfc, 0x0, 0x0, 0x1f, 0xfd, 0xd, 0xff, 0x10,
    0x0, 0x0, 0xff, 0xc0, 0x0, 0x1, 0xff, 0xd0,
    0xdf, 0xf1, 0x0, 0x0, 0xf, 0xfd, 0x0, 0x77,
    0x7f, 0xfd, 0xd, 0xff, 0x10, 0x0, 0x2, 0xff,
    0xf0, 0x2f, 0xff, 0xff, 0xd0, 0xdf, 0xf1, 0x0,
    0x0, 0x6f, 0xff, 0x41, 0xff, 0xff, 0xfd, 0xd,
    0xff, 0x10, 0x0, 0xc, 0xff, 0xfb, 0x0, 0x1,
    0xff, 0xd0, 0xdf, 0xf1, 0x0, 0x6, 0xff, 0xff,
    0xf6, 0x0, 0x1f, 0xfd, 0xd, 0xff, 0x10, 0x3,
    0xff, 0xf4, 0xff, 0xf4, 0x1, 0xff, 0xd0, 0xdf,
    0xf1, 0x4, 0xef, 0xf8, 0x5, 0xff, 0xf9, 0x2f,
    0xfd, 0xd, 0xff, 0x17, 0xff, 0xfc, 0x0, 0x6,
    0xff, 0xd1, 0xff, 0xd0, 0xdf, 0xf1, 0x1d, 0xfd,
    0x0, 0x0, 0x5, 0xd1, 0x1f, 0xfd, 0xd, 0xff,
    0x10, 0x29, 0x0, 0x0, 0x0, 0x0, 0x1, 0xff,
    0xd0, 0xdf, 0xf1, 0x0, 0x0, 0x7, 0xbb, 0x40,
    0x0, 0x1f, 0xfd, 0xd, 0xff, 0x10, 0x0, 0x0,
    0x9f, 0xf5, 0x0, 0x0, 0x11, 0x10, 0xdf, 0xf1,
    0x0, 0x0, 0x9, 0xff, 0x50, 0x0, 0x0, 0x0,
    0x3, 0x44, 0x0, 0x0, 0x0, 0x9f, 0xf5, 0x0,
    0x0, 0x0, 0x0, 0x0, 0x0, 0x0, 0x0, 0x9,
    0xff, 0x50, 0x0, 0x0, 0x0, 0x0, 0x0, 0x0,
    0x0, 0x0, 0x9f, 0xfa, 0x88, 0x88, 0x88, 0x88,
    0x88, 0x83, 0x0, 0x0, 0x9, 0xff, 0xff, 0xff,
    0xff, 0xff, 0xff, 0xff, 0x60, 0x0, 0x0, 0x9f,
    0xff, 0xff, 0xff, 0xff, 0xff, 0xff, 0xf6,

    /* U+C14B "셋" */
    0x0, 0x0, 0x0, 0x0, 0x0, 0x0, 0x2f, 0xfb,
    0xd, 0xff, 0x10, 0x0, 0x0, 0xff, 0xc0, 0x0,
    0x2, 0xff, 0xb0, 0xdf, 0xf1, 0x0, 0x0, 0xf,
    0xfc, 0x0, 0x0, 0x2f, 0xfb, 0xd, 0xff, 0x10,
    0x0, 0x0, 0xff, 0xc0, 0x0, 0x2, 0xff, 0xb0,
    0xdf, 0xf1, 0x0, 0x0, 0x1f, 0xfe, 0x2, 0xff,
    0xff, 0xfb, 0xd, 0xff, 0x10, 0x0, 0x5, 0xff,
    0xf2, 0x2f, 0xff, 0xff, 0xb0, 0xdf, 0xf1, 0x0,
    0x0, 0xbf, 0xff, 0x90, 0x66, 0x7f, 0xfb, 0xd,
    0xff, 0x10, 0x0, 0x5f, 0xff, 0xff, 0x50, 0x2,
    0xff, 0xb0, 0xdf, 0xf1, 0x0, 0x3f, 0xff, 0x6f,
    0xff, 0x50, 0x2f, 0xfb, 0xd, 0xff, 0x10, 0x5e,
    0xff, 0x80, 0x6f, 0xff, 0xb3, 0xff, 0xb0, 0xdf,
    0xf1, 0x7f, 0xff, 0xb0, 0x0, 0x6f, 0xfb, 0x2f,
    0xfb, 0xd, 0xff, 0x10, 0xcf, 0xb0, 0x0, 0x0,
    0x4b, 0x2, 0xff, 0xb0, 0xdf, 0xf1, 0x1, 0x70,
    0x0, 0x0, 0x0, 0x0, 0x1, 0x11, 0xd, 0xff,
    0x10, 0x0, 0x0, 0x0, 0x0, 0x9, 0xcc, 0x10,
    0x0, 0xdf, 0xf1, 0x0, 0x0, 0x0, 0x0, 0x0,
    0xdf, 0xf2, 0x0, 0x6, 0x77, 0x0, 0x0, 0x0,
    0x0, 0x0, 0x1f, 0xff, 0x60, 0x0, 0x0, 0x0,
    0x0, 0x0, 0x0, 0x0, 0x9, 0xff, 0xfe, 0x10,
    0x0, 0x0, 0x0, 0x0, 0x0, 0x0, 0x7, 0xff,
    0xff, 0xfc, 0x0, 0x0, 0x0, 0x0, 0x0, 0x0,
    0xa, 0xff, 0xf5, 0xdf, 0xfd, 0x30, 0x0, 0x0,
    0x0, 0x2, 0x8e, 0xff, 0xf5, 0x1, 0xdf, 0xff,
    0xa4, 0x0, 0x0, 0x4e, 0xff, 0xff, 0xc2, 0x0,
    0x0, 0x9f, 0xff, 0xff, 0x80, 0x0, 0xaf, 0xfd,
    0x50, 0x0, 0x0, 0x0, 0x3b, 0xff, 0xf2, 0x0,
    0x0, 0x83, 0x0, 0x0, 0x0, 0x0, 0x0, 0x2,
    0x75, 0x0,

    /* U+C158 "션" */
    0x0, 0x0, 0x0, 0x0, 0x0, 0x0, 0x0, 0x0,
    0x1, 0xff, 0xc0, 0x0, 0x0, 0x0, 0x6f, 0xf9,
    0x0, 0x0, 0x0, 0x1, 0xff, 0xc0, 0x0, 0x0,
    0x0, 0x6f, 0xf9, 0x0, 0x8, 0xff, 0xff, 0xff,
    0xc0, 0x0, 0x0, 0x0, 0x6f, 0xf9, 0x0, 0x8,
    0xff, 0xff, 0xff, 0xc0, 0x0, 0x0, 0x0, 0x6f,
    0xfa, 0x0, 0x3, 0x66, 0x67, 0xff, 0xc0, 0x0,
    0x0, 0x0, 0x8f, 0xfd, 0x0, 0x0, 0x0, 0x1,
    0xff, 0xc0, 0x0, 0x0, 0x0, 0xdf, 0xff, 0x30,
    0x8, 0xff, 0xff, 0xff, 0xc0, 0x0, 0x0, 0x6,
    0xff, 0xff, 0xd0, 0x8, 0xff, 0xff, 0xff, 0xc0,
    0x0, 0x0, 0x2e, 0xfd, 0x7f, 0xfb, 0x3, 0x66,
    0x67, 0xff, 0xc0, 0x0, 0x2, 0xdf, 0xf4, 0xb,
    0xff, 0xd4, 0x0, 0x1, 0xff, 0xc0, 0x0, 0x4e,
    0xff, 0x90, 0x0, 0xcf, 0xff, 0xc1, 0x1, 0xff,
    0xc0, 0xa, 0xff, 0xfc, 0x0, 0x0, 0xa, 0xff,
    0x60, 0x1, 0xff, 0xc0, 0x3, 0xff, 0xc1, 0x0,
    0x0, 0x0, 0x48, 0x0, 0x1, 0xff, 0xc0, 0x0,
    0x4b, 0x0, 0x0, 0x0, 0x0, 0x0, 0x0, 0x1,
    0xff, 0xc0, 0x0, 0x0, 0x0, 0xab, 0xb0, 0x0,
    0x0, 0x0, 0x1, 0xff, 0xc0, 0x0, 0x0, 0x0,
    0xef, 0xf1, 0x0, 0x0, 0x0, 0x1, 0xff, 0xc0,
    0x0, 0x0, 0x0, 0xef, 0xf1, 0x0, 0x0, 0x0,
    0x0, 0x22, 0x20, 0x0, 0x0, 0x0, 0xef, 0xf1,
    0x0, 0x0, 0x0, 0x0, 0x0, 0x0, 0x0, 0x0,
    0x0, 0xef, 0xf1, 0x0, 0x0, 0x0, 0x0, 0x0,
    0x0, 0x0, 0x0, 0x0, 0xef, 0xf8, 0x77, 0x77,
    0x77, 0x77, 0x77, 0x71, 0x0, 0x0, 0x0, 0xef,
    0xff, 0xff, 0xff, 0xff, 0xff, 0xff, 0xf2, 0x0,
    0x0, 0x0, 0xef, 0xff, 0xff, 0xff, 0xff, 0xff,
    0xff, 0xf2,

    /* U+C18C "소" */
    0x0, 0x0, 0x0, 0x0, 0x4, 0xff, 0xb0, 0x0,
    0x0, 0x0, 0x0, 0x0, 0x0, 0x0, 0x0, 0x4,
    0xff, 0xb0, 0x0, 0x0, 0x0, 0x0, 0x0, 0x0,
    0x0, 0x0, 0x6, 0xff, 0xd0, 0x0, 0x0, 0x0,
    0x0, 0x0, 0x0, 0x0, 0x0, 0xc, 0xff, 0xf3,
    0x0, 0x0, 0x0, 0x0, 0x0, 0x0, 0x0, 0x0,
    0x6f, 0xff, 0xfd, 0x0, 0x0, 0x0, 0x0, 0x0,
    0x0, 0x0, 0x5, 0xff, 0xfd, 0xff, 0xb0, 0x0,
    0x0, 0x0, 0x0, 0x0, 0x0, 0x8f, 0xff, 0x61,
    0xdf, 0xfd, 0x20, 0x0, 0x0, 0x0, 0x0, 0x6e,
    0xff, 0xf6, 0x0, 0x1c, 0xff, 0xf9, 0x20, 0x0,
    0x3, 0xbf, 0xff, 0xfd, 0x30, 0x0, 0x0, 0x8f,
    0xff, 0xfd, 0x70, 0x1, 0xdf, 0xfe, 0x70, 0x0,
    0x0, 0x0, 0x2, 0xaf, 0xff, 0x50, 0x0, 0x3b,
    0x50, 0x0, 0x2, 0x99, 0x60, 0x0, 0x2, 0x88,
    0x0, 0x0, 0x0, 0x0, 0x0, 0x4, 0xff, 0xb0,
    0x0, 0x0, 0x0, 0x0, 0x0, 0x0, 0x0, 0x0,
    0x4, 0xff, 0xb0, 0x0, 0x0, 0x0, 0x0, 0x0,
    0x0, 0x0, 0x0, 0x4, 0xff, 0xb0, 0x0, 0x0,
    0x0, 0x0, 0x0, 0x0, 0x0, 0x0, 0x4, 0xff,
    0xb0, 0x0, 0x0, 0x0, 0x0, 0x17, 0x77, 0x77,
    0x77, 0x79, 0xff, 0xd7, 0x77, 0x77, 0x77, 0x74,
    0x4f, 0xff, 0xff, 0xff, 0xff, 0xff, 0xff, 0xff,
    0xff, 0xff, 0xfb, 0x4f, 0xff, 0xff, 0xff, 0xff,
    0xff, 0xff, 0xff, 0xff, 0xff, 0xfb,

    /* U+C18D "속" */
    0x0, 0x0, 0x0, 0x0, 0x6, 0xff, 0x80, 0x0,
    0x0, 0x0, 0x0, 0x0, 0x0, 0x0, 0x0, 0x7,
    0xff, 0xa0, 0x0, 0x0, 0x0, 0x0, 0x0, 0x0,
    0x0, 0x0, 0x1e, 0xff, 0xf3, 0x0, 0x0, 0x0,
    0x0, 0x0, 0x0, 0x0, 0x2, 0xdf, 0xff, 0xfe,
    0x50, 0x0, 0x0, 0x0, 0x0, 0x0, 0x2, 0x9f,
    0xff, 0x96, 0xff, 0xfb, 0x40, 0x0, 0x0, 0x2,
    0x7a, 0xdf, 0xff, 0xe6, 0x0, 0x4d, 0xff, 0xfe,
    0xa7, 0x40, 0x1, 0xef, 0xff, 0xd7, 0x0, 0x0,
    0x0, 0x7d, 0xff, 0xff, 0x50, 0x0, 0x4b, 0x73,
    0x0, 0x5, 0xee, 0x80, 0x0, 0x38, 0xba, 0x0,
    0x0, 0x0, 0x0, 0x0, 0x6, 0xff, 0x90, 0x0,
    0x0, 0x0, 0x0, 0x2, 0x22, 0x22, 0x22, 0x28,
    0xff, 0xa2, 0x22, 0x22, 0x22, 0x21, 0x4f, 0xff,
    0xff, 0xff, 0xff, 0xff, 0xff, 0xff, 0xff, 0xff,
    0xfb, 0x4f, 0xff, 0xff, 0xff, 0xff, 0xff, 0xff,
    0xff, 0xff, 0xff, 0xfb, 0x14, 0x44, 0x44, 0x44,
    0x44, 0x44, 0x44, 0x44, 0x44, 0x44, 0x43, 0x0,
    0x0, 0x0, 0x0, 0x0, 0x0, 0x0, 0x0, 0x0,
    0x0, 0x0, 0x0, 0xa, 0xff, 0xff, 0xff, 0xff,
    0xff, 0xff, 0xff, 0x90, 0x0, 0x0, 0xb, 0xff,
    0xff, 0xff, 0xff, 0xff, 0xff, 0xff, 0x90, 0x0,
    0x0, 0x5, 0x88, 0x88, 0x88, 0x88, 0x88, 0x8b,
    0xff, 0x90, 0x0, 0x0, 0x0, 0x0, 0x0, 0x0,
    0x0, 0x0, 0x6, 0xff, 0x90, 0x0, 0x0, 0x0,
    0x0, 0x0, 0x0, 0x0, 0x0, 0x6, 0xff, 0x90,
    0x0, 0x0, 0x0, 0x0, 0x0, 0x0, 0x0, 0x0,
    0x6, 0xff, 0x90, 0x0, 0x0, 0x0, 0x0, 0x0,
    0x0, 0x0, 0x0, 0x6, 0xff, 0x90, 0x0, 0x0,
    0x0, 0x0, 0x0, 0x0, 0x0, 0x0, 0x6, 0xff,
    0x90, 0x0, 0x0, 0x0, 0x0, 0x0, 0x0, 0x0,
    0x0, 0x0, 0x11, 0x0, 0x0,

    /* U+C190 "손" */
    0x0, 0x0, 0x0, 0x0, 0x5, 0xff, 0x80, 0x0,
    0x0, 0x0, 0x0, 0x0, 0x0, 0x0, 0x0, 0x6,
    0xff, 0x90, 0x0, 0x0, 0x0, 0x0, 0x0, 0x0,
    0x0, 0x0, 0xc, 0xff, 0xe1, 0x0, 0x0, 0x0,
    0x0, 0x0, 0x0, 0x0, 0x0, 0x9f, 0xff, 0xfc,
    0x10, 0x0, 0x0, 0x0, 0x0, 0x0, 0x0, 0x2b,
    0xff, 0xda, 0xff, 0xe5, 0x0, 0x0, 0x0, 0x0,
    0x1, 0x5a, 0xff, 0xfc, 0x10, 0x8f, 0xff, 0xd7,
    0x30, 0x0, 0x2, 0xff, 0xff, 0xfe, 0x70, 0x0,
    0x3, 0xcf, 0xff, 0xff, 0x70, 0x0, 0x8f, 0xfc,
    0x60, 0x2, 0x55, 0x30, 0x4, 0xaf, 0xfe, 0x10,
    0x0, 0x4, 0x0, 0x0, 0x5, 0xff, 0x80, 0x0,
    0x0, 0x33, 0x0, 0x0, 0x0, 0x0, 0x0, 0x5,
    0xff, 0x80, 0x0, 0x0, 0x0, 0x0, 0x15, 0x55,
    0x55, 0x55, 0x58, 0xff, 0xb5, 0x55, 0x55, 0x55,
    0x53, 0x4f, 0xff, 0xff, 0xff, 0xff, 0xff, 0xff,
    0xff, 0xff, 0xff, 0xfb, 0x4f, 0xff, 0xff, 0xff,
    0xff, 0xff, 0xff, 0xff, 0xff, 0xff, 0xfb, 0x2,
    0x22, 0x22, 0x22, 0x22, 0x22, 0x22, 0x22, 0x22,
    0x22, 0x21, 0x0, 0x0, 0x0, 0x0, 0x0, 0x0,
    0x0, 0x0, 0x0, 0x0, 0x0, 0x0, 0x2, 0xaa,
    0x70, 0x0, 0x0, 0x0, 0x0, 0x0, 0x0, 0x0,
    0x0, 0x3, 0xff, 0xb0, 0x0, 0x0, 0x0, 0x0,
    0x0, 0x0, 0x0, 0x0, 0x3, 0xff, 0xb0, 0x0,
    0x0, 0x0, 0x0, 0x0, 0x0, 0x0, 0x0, 0x3,
    0xff, 0xb0, 0x0, 0x0, 0x0, 0x0, 0x0, 0x0,
    0x0, 0x0, 0x3, 0xff, 0xd7, 0x77, 0x77, 0x77,
    0x77, 0x77, 0x50, 0x0, 0x0, 0x3, 0xff, 0xff,
    0xff, 0xff, 0xff, 0xff, 0xff, 0xb0, 0x0, 0x0,
    0x3, 0xff, 0xff, 0xff, 0xff, 0xff, 0xff, 0xff,
    0xb0, 0x0,

    /* U+C1A1 "송" */
    0x0, 0x0, 0x0, 0x0, 0x4, 0xff, 0xa0, 0x0,
    0x0, 0x0, 0x0, 0x0, 0x0, 0x0, 0x0, 0x5,
    0xff, 0xc0, 0x0, 0x0, 0x0, 0x0, 0x0, 0x0,
    0x0, 0x0, 0x1d, 0xff, 0xf6, 0x0, 0x0, 0x0,
    0x0, 0x0, 0x0, 0x0, 0x3, 0xdf, 0xff, 0xff,
    0x80, 0x0, 0x0, 0x0, 0x0, 0x0, 0x4, 0xbf,
    0xff, 0x93, 0xef, 0xfe, 0x61, 0x0, 0x0, 0x2,
    0x9c, 0xff, 0xff, 0xe5, 0x0, 0x1a, 0xff, 0xff,
    0xc9, 0x50, 0x0, 0xcf, 0xff, 0xd7, 0x0, 0x33,
    0x20, 0x3a, 0xff, 0xff, 0x40, 0x0, 0x19, 0x62,
    0x0, 0x4, 0xff, 0xb0, 0x0, 0x15, 0x98, 0x0,
    0x0, 0x0, 0x0, 0x0, 0x4, 0xff, 0xb0, 0x0,
    0x0, 0x0, 0x0, 0x14, 0x44, 0x44, 0x44, 0x47,
    0xff, 0xc4, 0x44, 0x44, 0x44, 0x43, 0x4f, 0xff,
    0xff, 0xff, 0xff, 0xff, 0xff, 0xff, 0xff, 0xff,
    0xfb, 0x4f, 0xff, 0xff, 0xff, 0xff, 0xff, 0xff,
    0xff, 0xff, 0xff, 0xfb, 0x2, 0x22, 0x22, 0x22,
    0x22, 0x22, 0x22, 0x22, 0x22, 0x22, 0x21, 0x0,
    0x0, 0x0, 0x2, 0x57, 0x88, 0x86, 0x30, 0x0,
    0x0, 0x0, 0x0, 0x0, 0x5, 0xcf, 0xff, 0xff,
    0xff, 0xff, 0x80, 0x0, 0x0, 0x0, 0x0, 0x8f,
    0xff, 0xff, 0xed, 0xef, 0xff, 0xfd, 0x10, 0x0,
    0x0, 0x2, 0xff, 0xf7, 0x10, 0x0, 0x0, 0x4c,
    0xff, 0x90, 0x0, 0x0, 0x6, 0xff, 0x90, 0x0,
    0x0, 0x0, 0x2, 0xff, 0xd0, 0x0, 0x0, 0x5,
    0xff, 0xd0, 0x0, 0x0, 0x0, 0x6, 0xff, 0xc0,
    0x0, 0x0, 0x0, 0xef, 0xfe, 0x96, 0x54, 0x57,
    0xcf, 0xff, 0x50, 0x0, 0x0, 0x0, 0x2d, 0xff,
    0xff, 0xff, 0xff, 0xff, 0xf7, 0x0, 0x0, 0x0,
    0x0, 0x0, 0x5a, 0xef, 0xff, 0xff, 0xc8, 0x20,
    0x0, 0x0, 0x0, 0x0, 0x0, 0x0, 0x0, 0x11,
    0x0, 0x0, 0x0, 0x0, 0x0,

    /* U+C218 "수" */
    0x0, 0x0, 0x0, 0x0, 0x4, 0xff, 0xa0, 0x0,
    0x0, 0x0, 0x0, 0x0, 0x0, 0x0, 0x0, 0x5,
    0xff, 0xb0, 0x0, 0x0, 0x0, 0x0, 0x0, 0x0,
    0x0, 0x0, 0xa, 0xff, 0xf1, 0x0, 0x0, 0x0,
    0x0, 0x0, 0x0, 0x0, 0x0, 0x5f, 0xff, 0xfa,
    0x0, 0x0, 0x0, 0x0, 0x0, 0x0, 0x0, 0x6,
    0xff, 0xfd, 0xff, 0xa0, 0x0, 0x0, 0x0, 0x0,
    0x0, 0x4, 0xbf, 0xff, 0x51, 0xdf, 0xfd, 0x50,
    0x0, 0x0, 0x1, 0x69, 0xef, 0xff, 0xd3, 0x0,
    0x9, 0xff, 0xfe, 0xa6, 0x30, 0x0, 0xdf, 0xff,
    0xe7, 0x0, 0x0, 0x0, 0x3a, 0xff, 0xff, 0x50,
    0x0, 0x2d, 0x95, 0x0, 0x0, 0x0, 0x0, 0x0,
    0x27, 0xca, 0x0, 0x0, 0x0, 0x0, 0x0, 0x0,
    0x0, 0x0, 0x0, 0x0, 0x0, 0x0, 0x0, 0x0,
    0x0, 0x0, 0x0, 0x0, 0x0, 0x0, 0x0, 0x0,
    0x0, 0x4f, 0xff, 0xff, 0xff, 0xff, 0xff, 0xff,
    0xff, 0xff, 0xff, 0xfa, 0x4f, 0xff, 0xff, 0xff,
    0xff, 0xff, 0xff, 0xff, 0xff, 0xff, 0xfb, 0x28,
    0x88, 0x88, 0x88, 0x8a, 0xff, 0xd8, 0x88, 0x88,
    0x88, 0x85, 0x0, 0x0, 0x0, 0x0, 0x4, 0xff,
    0xa0, 0x0, 0x0, 0x0, 0x0, 0x0, 0x0, 0x0,
    0x0, 0x4, 0xff, 0xa0, 0x0, 0x0, 0x0, 0x0,
    0x0, 0x0, 0x0, 0x0, 0x4, 0xff, 0xa0, 0x0,
    0x0, 0x0, 0x0, 0x0, 0x0, 0x0, 0x0, 0x4,
    0xff, 0xa0, 0x0, 0x0, 0x0, 0x0, 0x0, 0x0,
    0x0, 0x0, 0x4, 0xff, 0xa0, 0x0, 0x0, 0x0,
    0x0, 0x0, 0x0, 0x0, 0x0, 0x4, 0xff, 0xa0,
    0x0, 0x0, 0x0, 0x0, 0x0, 0x0, 0x0, 0x0,
    0x4, 0xff, 0xa0, 0x0, 0x0, 0x0, 0x0, 0x0,
    0x0, 0x0, 0x0, 0x3, 0xee, 0x90, 0x0, 0x0,
    0x0, 0x0,

    /* U+C21C "순" */
    0x0, 0x0, 0x0, 0x0, 0x5, 0xff, 0x80, 0x0,
    0x0, 0x0, 0x0, 0x0, 0x0, 0x0, 0x0, 0x6,
    0xff, 0x80, 0x0, 0x0, 0x0, 0x0, 0x0, 0x0,
    0x0, 0x0, 0xb, 0xff, 0xe0, 0x0, 0x0, 0x0,
    0x0, 0x0, 0x0, 0x0, 0x0, 0x7f, 0xff, 0xfb,
    0x0, 0x0, 0x0, 0x0, 0x0, 0x0, 0x0, 0x19,
    0xff, 0xec, 0xff, 0xc3, 0x0, 0x0, 0x0, 0x0,
    0x0, 0x28, 0xef, 0xfe, 0x20, 0xbf, 0xff, 0xa4,
    0x0, 0x0, 0x2, 0xce, 0xff, 0xff, 0xa1, 0x0,
    0x6, 0xef, 0xff, 0xfc, 0x60, 0x0, 0xaf, 0xff,
    0x92, 0x0, 0x0, 0x0, 0x17, 0xdf, 0xff, 0x20,
    0x0, 0x17, 0x40, 0x0, 0x0, 0x0, 0x0, 0x0,
    0x3, 0x65, 0x0, 0x0, 0x0, 0x0, 0x0, 0x0,
    0x0, 0x0, 0x0, 0x0, 0x0, 0x0, 0x28, 0x88,
    0x88, 0x88, 0x88, 0x88, 0x88, 0x88, 0x88, 0x88,
    0x85, 0x4f, 0xff, 0xff, 0xff, 0xff, 0xff, 0xff,
    0xff, 0xff, 0xff, 0xfb, 0x4f, 0xff, 0xff, 0xff,
    0xff, 0xff, 0xff, 0xff, 0xff, 0xff, 0xfa, 0x0,
    0x0, 0x0, 0x0, 0x2, 0xff, 0xc0, 0x0, 0x0,
    0x0, 0x0, 0x0, 0x0, 0x0, 0x0, 0x2, 0xff,
    0xc0, 0x0, 0x0, 0x0, 0x0, 0x0, 0x2, 0xaa,
    0x70, 0x2, 0xff, 0xc0, 0x0, 0x0, 0x0, 0x0,
    0x0, 0x3, 0xff, 0xb0, 0x2, 0xff, 0xc0, 0x0,
    0x0, 0x0, 0x0, 0x0, 0x3, 0xff, 0xb0, 0x0,
    0x33, 0x20, 0x0, 0x0, 0x0, 0x0, 0x0, 0x3,
    0xff, 0xb0, 0x0, 0x0, 0x0, 0x0, 0x0, 0x0,
    0x0, 0x0, 0x3, 0xff, 0xd7, 0x77, 0x77, 0x77,
    0x77, 0x77, 0x50, 0x0, 0x0, 0x3, 0xff, 0xff,
    0xff, 0xff, 0xff, 0xff, 0xff, 0xb0, 0x0, 0x0,
    0x3, 0xff, 0xff, 0xff, 0xff, 0xff, 0xff, 0xff,
    0xb0, 0x0,

    /* U+C228 "숨" */
    0x0, 0x0, 0x0, 0x0, 0x4, 0xff, 0xa0, 0x0,
    0x0, 0x0, 0x0, 0x0, 0x0, 0x0, 0x0, 0x5,
    0xff, 0xc0, 0x0, 0x0, 0x0, 0x0, 0x0, 0x0,
    0x0, 0x0, 0xd, 0xff, 0xf5, 0x0, 0x0, 0x0,
    0x0, 0x0, 0x0, 0x0, 0x2, 0xcf, 0xff, 0xff,
    0x70, 0x0, 0x0, 0x0, 0x0, 0x0, 0x3, 0x9f,
    0xff, 0xa4, 0xff, 0xfd, 0x50, 0x0, 0x0, 0x2,
    0x8b, 0xef, 0xff, 0xf7, 0x0, 0x2b, 0xff, 0xff,
    0xb8, 0x50, 0x0, 0xcf, 0xff, 0xe9, 0x10, 0x0,
    0x0, 0x4b, 0xff, 0xff, 0x40, 0x0, 0x2b, 0x84,
    0x0, 0x0, 0x0, 0x0, 0x0, 0x16, 0xa9, 0x0,
    0x0, 0x0, 0x0, 0x0, 0x0, 0x0, 0x0, 0x0,
    0x0, 0x0, 0x0, 0x28, 0x88, 0x88, 0x88, 0x88,
    0x88, 0x88, 0x88, 0x88, 0x88, 0x85, 0x4f, 0xff,
    0xff, 0xff, 0xff, 0xff, 0xff, 0xff, 0xff, 0xff,
    0xfb, 0x4f, 0xff, 0xff, 0xff, 0xff, 0xff, 0xff,
    0xff, 0xff, 0xff, 0xfa, 0x0, 0x0, 0x0, 0x0,
    0x4, 0xff, 0xb0, 0x0, 0x0, 0x0, 0x0, 0x0,
    0x0, 0x33, 0x33, 0x36, 0xff, 0xc3, 0x33, 0x33,
    0x20, 0x0, 0x0, 0x2, 0xff, 0xff, 0xff, 0xff,
    0xff, 0xff, 0xff, 0x90, 0x0, 0x0, 0x2, 0xff,
    0xff, 0xff, 0xff, 0xff, 0xff, 0xff, 0x90, 0x0,
    0x0, 0x2, 0xff, 0xd4, 0x44, 0x44, 0x44, 0x47,
    0xff, 0x90, 0x0, 0x0, 0x2, 0xff, 0xc0, 0x0,
    0x0, 0x0, 0x5, 0xff, 0x90, 0x0, 0x0, 0x2,
    0xff, 0xc0, 0x0, 0x0, 0x0, 0x5, 0xff, 0x90,
    0x0, 0x0, 0x2, 0xff, 0xd7, 0x77, 0x77, 0x77,
    0x79, 0xff, 0x90, 0x0, 0x0, 0x2, 0xff, 0xff,
    0xff, 0xff, 0xff, 0xff, 0xff, 0x90, 0x0, 0x0,
    0x2, 0xff, 0xff, 0xff, 0xff, 0xff, 0xff, 0xff,
    0x90, 0x0,

    /* U+C2A4 "스" */
    0x0, 0x0, 0x0, 0x0, 0x4, 0xff, 0xb0, 0x0,
    0x0, 0x0, 0x0, 0x0, 0x0, 0x0, 0x0, 0x4,
    0xff, 0xb0, 0x0, 0x0, 0x0, 0x0, 0x0, 0x0,
    0x0, 0x0, 0x6, 0xff, 0xd0, 0x0, 0x0, 0x0,
    0x0, 0x0, 0x0, 0x0, 0x0, 0xc, 0xff, 0xf3,
    0x0, 0x0, 0x0, 0x0, 0x0, 0x0, 0x0, 0x0,
    0x5f, 0xff, 0xfc, 0x0, 0x0, 0x0, 0x0, 0x0,
    0x0, 0x0, 0x4, 0xff, 0xfd, 0xff, 0xa0, 0x0,
    0x0, 0x0, 0x0, 0x0, 0x0, 0x6f, 0xff, 0x72,
    0xef, 0xfb, 0x10, 0x0, 0x0, 0x0, 0x0, 0x4c,
    0xff, 0xf7, 0x0, 0x2d, 0xff, 0xf7, 0x10, 0x0,
    0x3, 0x9e, 0xff, 0xfe, 0x40, 0x0, 0x0, 0xaf,
    0xff, 0xfb, 0x60, 0x1, 0xef, 0xff, 0x91, 0x0,
    0x0, 0x0, 0x3, 0xcf, 0xff, 0x60, 0x0, 0x4d,
    0x82, 0x0, 0x0, 0x0, 0x0, 0x0, 0x4, 0xaa,
    0x0, 0x0, 0x0, 0x0, 0x0, 0x0, 0x0, 0x0,
    0x0, 0x0, 0x0, 0x0, 0x0, 0x0, 0x0, 0x0,
    0x0, 0x0, 0x0, 0x0, 0x0, 0x0, 0x0, 0x0,
    0x0, 0x0, 0x0, 0x0, 0x0, 0x0, 0x0, 0x0,
    0x0, 0x0, 0x0, 0x0, 0x0, 0x0, 0x0, 0x0,
    0x0, 0x0, 0x0, 0x0, 0x0, 0x17, 0x77, 0x77,
    0x77, 0x77, 0x77, 0x77, 0x77, 0x77, 0x77, 0x75,
    0x4f, 0xff, 0xff, 0xff, 0xff, 0xff, 0xff, 0xff,
    0xff, 0xff, 0xfb, 0x4f, 0xff, 0xff, 0xff, 0xff,
    0xff, 0xff, 0xff, 0xff, 0xff, 0xfa,

    /* U+C2B5 "습" */
    0x0, 0x0, 0x0, 0x0, 0x4, 0xff, 0xa0, 0x0,
    0x0, 0x0, 0x0, 0x0, 0x0, 0x0, 0x0, 0x5,
    0xff, 0xc0, 0x0, 0x0, 0x0, 0x0, 0x0, 0x0,
    0x0, 0x0, 0xd, 0xff, 0xf5, 0x0, 0x0, 0x0,
    0x0, 0x0, 0x0, 0x0, 0x1, 0xcf, 0xff, 0xff,
    0x60, 0x0, 0x0, 0x0, 0x0, 0x0, 0x1, 0x7f,
    0xff, 0xa4, 0xff, 0xfb, 0x30, 0x0, 0x0, 0x1,
    0x68, 0xbf, 0xff, 0xf8, 0x0, 0x2c, 0xff, 0xfd,
    0x96, 0x30, 0x0, 0xef, 0xff, 0xfb, 0x20, 0x0,
    0x0, 0x5d, 0xff, 0xff, 0x60, 0x0, 0x4e, 0xb7,
    0x10, 0x0, 0x0, 0x0, 0x0, 0x39, 0xcc, 0x0,
    0x0, 0x0, 0x0, 0x0, 0x0, 0x0, 0x0, 0x0,
    0x0, 0x0, 0x0, 0x28, 0x88, 0x88, 0x88, 0x88,
    0x88, 0x88, 0x88, 0x88, 0x88, 0x85, 0x4f, 0xff,
    0xff, 0xff, 0xff, 0xff, 0xff, 0xff, 0xff, 0xff,
    0xfb, 0x4f, 0xff, 0xff, 0xff, 0xff, 0xff, 0xff,
    0xff, 0xff, 0xff, 0xfa, 0x0, 0x0, 0x0, 0x0,
    0x0, 0x0, 0x0, 0x0, 0x0, 0x0, 0x0, 0x0,
    0x1, 0x66, 0x40, 0x0, 0x0, 0x0, 0x2, 0x66,
    0x40, 0x0, 0x0, 0x3, 0xff, 0xb0, 0x0, 0x0,
    0x0, 0x4, 0xff, 0xa0, 0x0, 0x0, 0x3, 0xff,
    0xff, 0xff, 0xff, 0xff, 0xff, 0xff, 0xa0, 0x0,
    0x0, 0x3, 0xff, 0xff, 0xff, 0xff, 0xff, 0xff,
    0xff, 0xa0, 0x0, 0x0, 0x3, 0xff, 0xd8, 0x88,
    0x88, 0x88, 0x8a, 0xff, 0xa0, 0x0, 0x0, 0x3,
    0xff, 0xb0, 0x0, 0x0, 0x0, 0x4, 0xff, 0xa0,
    0x0, 0x0, 0x3, 0xff, 0xd7, 0x77, 0x77, 0x77,
    0x79, 0xff, 0xa0, 0x0, 0x0, 0x3, 0xff, 0xff,
    0xff, 0xff, 0xff, 0xff, 0xff, 0xa0, 0x0, 0x0,
    0x3, 0xff, 0xff, 0xff, 0xff, 0xff, 0xff, 0xff,
    0xa0, 0x0,

    /* U+C2DC "시" */
    0x0, 0x0, 0x0, 0x0, 0x0, 0x0, 0x0, 0x0,
    0xcf, 0xf3, 0x0, 0x0, 0x0, 0xef, 0xf1, 0x0,
    0x0, 0x0, 0xcf, 0xf3, 0x0, 0x0, 0x0, 0xef,
    0xf1, 0x0, 0x0, 0x0, 0xcf, 0xf3, 0x0, 0x0,
    0x0, 0xef, 0xf1, 0x0, 0x0, 0x0, 0xcf, 0xf3,
    0x0, 0x0, 0x0, 0xef, 0xf1, 0x0, 0x0, 0x0,
    0xcf, 0xf3, 0x0, 0x0, 0x0, 0xef, 0xf1, 0x0,
    0x0, 0x0, 0xcf, 0xf3, 0x0, 0x0, 0x0, 0xff,
    0xf2, 0x0, 0x0, 0x0, 0xcf, 0xf3, 0x0, 0x0,
    0x1, 0xff, 0xf5, 0x0, 0x0, 0x0, 0xcf, 0xf3,
    0x0, 0x0, 0x6, 0xff, 0xf9, 0x0, 0x0, 0x0,
    0xcf, 0xf3, 0x0, 0x0, 0xc, 0xff, 0xff, 0x0,
    0x0, 0x0, 0xcf, 0xf3, 0x0, 0x0, 0x4f, 0xff,
    0xff, 0x80, 0x0, 0x0, 0xcf, 0xf3, 0x0, 0x0,
    0xdf, 0xf8, 0xff, 0xf3, 0x0, 0x0, 0xcf, 0xf3,
    0x0, 0xa, 0xff, 0xc0, 0x8f, 0xfe, 0x10, 0x0,
    0xcf, 0xf3, 0x0, 0x9f, 0xff, 0x20, 0xc, 0xff,
    0xe3, 0x0, 0xcf, 0xf3, 0x2b, 0xff, 0xf5, 0x0,
    0x1, 0xdf, 0xff, 0x50, 0xcf, 0xf3, 0x7f, 0xff,
    0x60, 0x0, 0x0, 0x1d, 0xfc, 0x0, 0xcf, 0xf3,
    0x6, 0xf5, 0x0, 0x0, 0x0, 0x0, 0x91, 0x0,
    0xcf, 0xf3, 0x0, 0x10, 0x0, 0x0, 0x0, 0x0,
    0x0, 0x0, 0xcf, 0xf3, 0x0, 0x0, 0x0, 0x0,
    0x0, 0x0, 0x0, 0x0, 0xcf, 0xf3, 0x0, 0x0,
    0x0, 0x0, 0x0, 0x0, 0x0, 0x0, 0xcf, 0xf3,
    0x0, 0x0, 0x0, 0x0, 0x0, 0x0, 0x0, 0x0,
    0xcf, 0xf3, 0x0, 0x0, 0x0, 0x0, 0x0, 0x0,
    0x0, 0x0, 0xcf, 0xf3, 0x0, 0x0, 0x0, 0x0,
    0x0, 0x0, 0x0, 0x0, 0x79, 0x91,

    /* U+C2DD "식" */
    0x0, 0x0, 0x0, 0xef, 0xf1, 0x0, 0x0, 0x0,
    0xbf, 0xf2, 0x0, 0x0, 0x0, 0xef, 0xf1, 0x0,
    0x0, 0x0, 0xbf, 0xf2, 0x0, 0x0, 0x0, 0xef,
    0xf1, 0x0, 0x0, 0x0, 0xbf, 0xf2, 0x0, 0x0,
    0x0, 0xef, 0xf1, 0x0, 0x0, 0x0, 0xbf, 0xf2,
    0x0, 0x0, 0x0, 0xff, 0xf4, 0x0, 0x0, 0x0,
    0xbf, 0xf2, 0x0, 0x0, 0x5, 0xff, 0xf9, 0x0,
    0x0, 0x0, 0xbf, 0xf2, 0x0, 0x0, 0xc, 0xff,
    0xff, 0x20, 0x0, 0x0, 0xbf, 0xf2, 0x0, 0x0,
    0x7f, 0xff, 0xff, 0xc0, 0x0, 0x0, 0xbf, 0xf2,
    0x0, 0x6, 0xff, 0xf5, 0xdf, 0xfc, 0x10, 0x0,
    0xbf, 0xf2, 0x0, 0x7f, 0xff, 0x90, 0x2e, 0xff,
    0xe7, 0x10, 0xbf, 0xf2, 0x3d, 0xff, 0xfa, 0x0,
    0x2, 0xdf, 0xff, 0x20, 0xbf, 0xf2, 0x3f, 0xff,
    0x90, 0x0, 0x0, 0x9, 0xf4, 0x0, 0xbf, 0xf2,
    0x3, 0xe6, 0x0, 0x0, 0x0, 0x0, 0x10, 0x0,
    0xbf, 0xf2, 0x0, 0x0, 0x56, 0x66, 0x66, 0x66,
    0x66, 0x66, 0x78, 0x81, 0x0, 0x0, 0xef, 0xff,
    0xff, 0xff, 0xff, 0xff, 0xff, 0xf2, 0x0, 0x0,
    0xef, 0xff, 0xff, 0xff, 0xff, 0xff, 0xff, 0xf2,
    0x0, 0x0, 0x1, 0x11, 0x11, 0x11, 0x11, 0x11,
    0xcf, 0xf2, 0x0, 0x0, 0x0, 0x0, 0x0, 0x0,
    0x0, 0x0, 0xcf, 0xf2, 0x0, 0x0, 0x0, 0x0,
    0x0, 0x0, 0x0, 0x0, 0xcf, 0xf2, 0x0, 0x0,
    0x0, 0x0, 0x0, 0x0, 0x0, 0x0, 0xcf, 0xf2,
    0x0, 0x0, 0x0, 0x0, 0x0, 0x0, 0x0, 0x0,
    0xcf, 0xf2, 0x0, 0x0, 0x0, 0x0, 0x0, 0x0,
    0x0, 0x0, 0xcf, 0xf2, 0x0, 0x0, 0x0, 0x0,
    0x0, 0x0, 0x0, 0x0, 0x11, 0x10,

    /* U+C2E0 "신" */
    0x0, 0x0, 0x0, 0x0, 0x0, 0x0, 0x0, 0x0,
    0x2f, 0xfb, 0x0, 0x0, 0x0, 0xdf, 0xf1, 0x0,
    0x0, 0x0, 0x2f, 0xfb, 0x0, 0x0, 0x0, 0xdf,
    0xf1, 0x0, 0x0, 0x0, 0x2f, 0xfb, 0x0, 0x0,
    0x0, 0xdf, 0xf1, 0x0, 0x0, 0x0, 0x2f, 0xfb,
    0x0, 0x0, 0x0, 0xef, 0xf2, 0x0, 0x0, 0x0,
    0x2f, 0xfb, 0x0, 0x0, 0x0, 0xff, 0xf4, 0x0,
    0x0, 0x0, 0x2f, 0xfb, 0x0, 0x0, 0x4, 0xff,
    0xf9, 0x0, 0x0, 0x0, 0x2f, 0xfb, 0x0, 0x0,
    0xb, 0xff, 0xff, 0x20, 0x0, 0x0, 0x2f, 0xfb,
    0x0, 0x0, 0x5f, 0xff, 0xff, 0xd1, 0x0, 0x0,
    0x2f, 0xfb, 0x0, 0x3, 0xff, 0xf4, 0xcf, 0xfd,
    0x20, 0x0, 0x2f, 0xfb, 0x0, 0x5f, 0xff, 0x80,
    0x1d, 0xff, 0xf8, 0x20, 0x2f, 0xfb, 0x1a, 0xff,
    0xf9, 0x0, 0x1, 0xcf, 0xff, 0x60, 0x2f, 0xfb,
    0x1d, 0xff, 0x90, 0x0, 0x0, 0x8, 0xf9, 0x0,
    0x2f, 0xfb, 0x1, 0xc6, 0x0, 0x0, 0x0, 0x0,
    0x10, 0x0, 0x2f, 0xfb, 0x0, 0x0, 0xb, 0xba,
    0x0, 0x0, 0x0, 0x0, 0x2f, 0xfb, 0x0, 0x0,
    0x1f, 0xfe, 0x0, 0x0, 0x0, 0x0, 0x2f, 0xfb,
    0x0, 0x0, 0x1f, 0xfe, 0x0, 0x0, 0x0, 0x0,
    0x2, 0x22, 0x0, 0x0, 0x1f, 0xfe, 0x0, 0x0,
    0x0, 0x0, 0x0, 0x0, 0x0, 0x0, 0x1f, 0xfe,
    0x0, 0x0, 0x0, 0x0, 0x0, 0x0, 0x0, 0x0,
    0x1f, 0xff, 0x77, 0x77, 0x77, 0x77, 0x77, 0x77,
    0x0, 0x0, 0x1f, 0xff, 0xff, 0xff, 0xff, 0xff,
    0xff, 0xff, 0x0, 0x0, 0x1f, 0xff, 0xff, 0xff,
    0xff, 0xff, 0xff, 0xff,

    /* U+C2E4 "실" */
    0x0, 0x0, 0x0, 0xff, 0xf0, 0x0, 0x0, 0x0,
    0x2f, 0xfc, 0x0, 0x0, 0x0, 0xf, 0xff, 0x0,
    0x0, 0x0, 0x2, 0xff, 0xc0, 0x0, 0x0, 0x0,
    0xff, 0xf0, 0x0, 0x0, 0x0, 0x2f, 0xfc, 0x0,
    0x0, 0x0, 0x1f, 0xff, 0x10, 0x0, 0x0, 0x2,
    0xff, 0xc0, 0x0, 0x0, 0x6, 0xff, 0xf7, 0x0,
    0x0, 0x0, 0x2f, 0xfc, 0x0, 0x0, 0x0, 0xdf,
    0xff, 0xe1, 0x0, 0x0, 0x2, 0xff, 0xc0, 0x0,
    0x0, 0x8f, 0xff, 0xff, 0xc1, 0x0, 0x0, 0x2f,
    0xfc, 0x0, 0x0, 0x7f, 0xff, 0x2d, 0xff, 0xd3,
    0x0, 0x2, 0xff, 0xc0, 0x1, 0xaf, 0xff, 0x40,
    0x1c, 0xff, 0xfb, 0x20, 0x2f, 0xfc, 0x3, 0xef,
    0xff, 0x50, 0x0, 0xa, 0xff, 0xd1, 0x2, 0xff,
    0xc0, 0x9, 0xfd, 0x30, 0x0, 0x0, 0x4, 0xc2,
    0x0, 0x2f, 0xfc, 0x0, 0x5, 0x0, 0x44, 0x44,
    0x44, 0x44, 0x44, 0x44, 0xaa, 0x70, 0x0, 0x0,
    0x1f, 0xff, 0xff, 0xff, 0xff, 0xff, 0xff, 0xfc,
    0x0, 0x0, 0x1, 0xff, 0xff, 0xff, 0xff, 0xff,
    0xff, 0xff, 0xc0, 0x0, 0x0, 0x3, 0x33, 0x33,
    0x33, 0x33, 0x33, 0x4f, 0xfc, 0x0, 0x0, 0x0,
    0x55, 0x55, 0x55, 0x55, 0x55, 0x56, 0xff, 0xc0,
    0x0, 0x0, 0x1f, 0xff, 0xff, 0xff, 0xff, 0xff,
    0xff, 0xfc, 0x0, 0x0, 0x1, 0xff, 0xff, 0xff,
    0xff, 0xff, 0xff, 0xff, 0xb0, 0x0, 0x0, 0x1f,
    0xfd, 0x0, 0x0, 0x0, 0x0, 0x0, 0x0, 0x0,
    0x0, 0x1, 0xff, 0xe7, 0x77, 0x77, 0x77, 0x77,
    0x77, 0x70, 0x0, 0x0, 0x1f, 0xff, 0xff, 0xff,
    0xff, 0xff, 0xff, 0xff, 0x10, 0x0, 0x1, 0xff,
    0xff, 0xff, 0xff, 0xff, 0xff, 0xff, 0xf1,

    /* U+C2EC "심" */
    0x0, 0x0, 0x0, 0xff, 0xf0, 0x0, 0x0, 0x0,
    0x2f, 0xfb, 0x0, 0x0, 0x0, 0xff, 0xf0, 0x0,
    0x0, 0x0, 0x2f, 0xfb, 0x0, 0x0, 0x0, 0xff,
    0xf0, 0x0, 0x0, 0x0, 0x2f, 0xfb, 0x0, 0x0,
    0x0, 0xff, 0xf0, 0x0, 0x0, 0x0, 0x2f, 0xfb,
    0x0, 0x0, 0x3, 0xff, 0xf3, 0x0, 0x0, 0x0,
    0x2f, 0xfb, 0x0, 0x0, 0x8, 0xff, 0xf9, 0x0,
    0x0, 0x0, 0x2f, 0xfb, 0x0, 0x0, 0x1e, 0xff,
    0xff, 0x30, 0x0, 0x0, 0x2f, 0xfb, 0x0, 0x0,
    0xbf, 0xfe, 0xff, 0xe2, 0x0, 0x0, 0x2f, 0xfb,
    0x0, 0xa, 0xff, 0xe2, 0xcf, 0xfe, 0x50, 0x0,
    0x2f, 0xfb, 0x1, 0xaf, 0xff, 0x40, 0x1d, 0xff,
    0xfc, 0x40, 0x2f, 0xfb, 0x4f, 0xff, 0xf5, 0x0,
    0x0, 0xaf, 0xfe, 0x20, 0x2f, 0xfb, 0xc, 0xff,
    0x40, 0x0, 0x0, 0x5, 0xd4, 0x0, 0x2f, 0xfb,
    0x0, 0x92, 0x0, 0x0, 0x0, 0x0, 0x0, 0x0,
    0x1c, 0xc9, 0x0, 0x0, 0xf, 0xff, 0xff, 0xff,
    0xff, 0xff, 0xff, 0xfb, 0x0, 0x0, 0x1f, 0xff,
    0xff, 0xff, 0xff, 0xff, 0xff, 0xfb, 0x0, 0x0,
    0x1f, 0xfe, 0x88, 0x88, 0x88, 0x88, 0x9f, 0xfb,
    0x0, 0x0, 0x1f, 0xfd, 0x0, 0x0, 0x0, 0x0,
    0x2f, 0xfb, 0x0, 0x0, 0x1f, 0xfd, 0x0, 0x0,
    0x0, 0x0, 0x2f, 0xfb, 0x0, 0x0, 0x1f, 0xfd,
    0x0, 0x0, 0x0, 0x0, 0x2f, 0xfb, 0x0, 0x0,
    0x1f, 0xfe, 0x77, 0x77, 0x77, 0x77, 0x8f, 0xfb,
    0x0, 0x0, 0x1f, 0xff, 0xff, 0xff, 0xff, 0xff,
    0xff, 0xfb, 0x0, 0x0, 0x1f, 0xff, 0xff, 0xff,
    0xff, 0xff, 0xff, 0xfb,

    /* U+C313 "쌓" */
    0x0, 0x0, 0xef, 0xe0, 0x0, 0xaf, 0xf2, 0x0,
    0x3f, 0xfc, 0x0, 0x0, 0x0, 0xf, 0xfe, 0x0,
    0xa, 0xff, 0x30, 0x3, 0xff, 0xc0, 0x0, 0x0,
    0x1, 0xff, 0xf0, 0x0, 0xcf, 0xf4, 0x0, 0x3f,
    0xfc, 0x0, 0x0, 0x0, 0x4f, 0xff, 0x50, 0xe,
    0xff, 0x70, 0x3, 0xff, 0xc0, 0x0, 0x0, 0xb,
    0xff, 0xfe, 0x13, 0xff, 0xfd, 0x0, 0x3f, 0xfe,
    0x88, 0x80, 0x4, 0xff, 0xef, 0xfd, 0xbf, 0xff,
    0xf7, 0x3, 0xff, 0xff, 0xff, 0x3, 0xef, 0xf1,
    0xaf, 0xff, 0xfc, 0xef, 0xf7, 0x3f, 0xff, 0xff,
    0xe3, 0xff, 0xf7, 0x0, 0xaf, 0xff, 0x34, 0xff,
    0xfd, 0xff, 0xc0, 0x0, 0x7, 0xf8, 0x0, 0x4e,
    0xff, 0x90, 0x4, 0xff, 0x8f, 0xfc, 0x0, 0x0,
    0x1, 0x0, 0x3, 0xff, 0xd0, 0x22, 0x22, 0x53,
    0xff, 0xc0, 0x0, 0x0, 0x0, 0x0, 0x3, 0xd1,
    0xf, 0xfe, 0x0, 0x3f, 0xfc, 0x0, 0x0, 0x0,
    0x0, 0x0, 0x0, 0x0, 0xff, 0xe0, 0x0, 0x55,
    0x40, 0x0, 0x0, 0x0, 0x8f, 0xff, 0xff, 0xff,
    0xff, 0xff, 0xff, 0xff, 0x60, 0x0, 0x0, 0x8,
    0xff, 0xff, 0xff, 0xff, 0xff, 0xff, 0xff, 0xf6,
    0x0, 0x0, 0x0, 0x37, 0x77, 0x77, 0x77, 0x77,
    0x77, 0x77, 0x77, 0x20, 0x0, 0x0, 0x0, 0x0,
    0x0, 0x24, 0x55, 0x54, 0x10, 0x0, 0x0, 0x0,
    0x0, 0x0, 0x0, 0x19, 0xef, 0xff, 0xff, 0xff,
    0xe8, 0x0, 0x0, 0x0, 0x0, 0x0, 0xd, 0xff,
    0xfe, 0xdd, 0xde, 0xff, 0xfb, 0x0, 0x0, 0x0,
    0x0, 0x4, 0xff, 0xd1, 0x0, 0x0, 0x2, 0xff,
    0xf1, 0x0, 0x0, 0x0, 0x0, 0x3f, 0xfe, 0x52,
    0x11, 0x22, 0x6f, 0xff, 0x10, 0x0, 0x0, 0x0,
    0x0, 0xaf, 0xff, 0xff, 0xff, 0xff, 0xff, 0x80,
    0x0, 0x0, 0x0, 0x0, 0x0, 0x5a, 0xef, 0xff,
    0xff, 0xda, 0x40, 0x0, 0x0, 0x0, 0x0, 0x0,
    0x0, 0x0, 0x1, 0x11, 0x0, 0x0, 0x0, 0x0,
    0x0,

    /* U+C4F0 "쓰" */
    0x0, 0x0, 0x4, 0x99, 0x20, 0x0, 0x0, 0x8a,
    0x90, 0x0, 0x0, 0x0, 0x0, 0x7, 0xff, 0x50,
    0x0, 0x0, 0xdf, 0xf0, 0x0, 0x0, 0x0, 0x0,
    0x7, 0xff, 0x50, 0x0, 0x0, 0xdf, 0xf0, 0x0,
    0x0, 0x0, 0x0, 0x8, 0xff, 0x70, 0x0, 0x0,
    0xef, 0xf0, 0x0, 0x0, 0x0, 0x0, 0xc, 0xff,
    0xb0, 0x0, 0x2, 0xff, 0xf4, 0x0, 0x0, 0x0,
    0x0, 0x3f, 0xff, 0xf4, 0x0, 0x7, 0xff, 0xfc,
    0x0, 0x0, 0x0, 0x0, 0xcf, 0xff, 0xff, 0x40,
    0x1e, 0xff, 0xff, 0x70, 0x0, 0x0, 0xb, 0xff,
    0x85, 0xff, 0xf2, 0xbf, 0xf6, 0xef, 0xf6, 0x0,
    0x3, 0xcf, 0xfc, 0x0, 0x5e, 0x3a, 0xff, 0xb0,
    0x4f, 0xff, 0xa1, 0x8, 0xff, 0xc1, 0x0, 0x0,
    0x8f, 0xfd, 0x10, 0x4, 0xff, 0xd1, 0x0, 0x6a,
    0x0, 0x0, 0x0, 0x7, 0xd1, 0x0, 0x0, 0x2b,
    0x10, 0x0, 0x0, 0x0, 0x0, 0x0, 0x0, 0x0,
    0x0, 0x0, 0x0, 0x0, 0x0, 0x0, 0x0, 0x0,
    0x0, 0x0, 0x0, 0x0, 0x0, 0x0, 0x0, 0x0,
    0x0, 0x0, 0x0, 0x0, 0x0, 0x0, 0x0, 0x0,
    0x0, 0x0, 0x0, 0x0, 0x0, 0x0, 0x0, 0x0,
    0x0, 0x0, 0x0, 0x0, 0x0, 0x17, 0x77, 0x77,
    0x77, 0x77, 0x77, 0x77, 0x77, 0x77, 0x77, 0x75,
    0x4f, 0xff, 0xff, 0xff, 0xff, 0xff, 0xff, 0xff,
    0xff, 0xff, 0xfb, 0x4f, 0xff, 0xff, 0xff, 0xff,
    0xff, 0xff, 0xff, 0xff, 0xff, 0xfa,

    /* U+C500 "씀" */
    0x0, 0x0, 0x9, 0xff, 0x20, 0x0, 0x0, 0xbf,
    0xf0, 0x0, 0x0, 0x0, 0x0, 0x9, 0xff, 0x30,
    0x0, 0x0, 0xcf, 0xf0, 0x0, 0x0, 0x0, 0x0,
    0xd, 0xff, 0x80, 0x0, 0x0, 0xef, 0xf3, 0x0,
    0x0, 0x0, 0x0, 0x6f, 0xff, 0xf3, 0x0, 0x5,
    0xff, 0xfb, 0x0, 0x0, 0x0, 0x6, 0xff, 0xdf,
    0xff, 0x70, 0x3f, 0xff, 0xff, 0xa0, 0x0, 0x4,
    0xbf, 0xfe, 0x24, 0xff, 0x66, 0xff, 0xf3, 0xbf,
    0xfe, 0x70, 0x3, 0xff, 0xd2, 0x0, 0x25, 0x4f,
    0xff, 0x40, 0x9, 0xff, 0x50, 0x0, 0x37, 0x0,
    0x0, 0x0, 0x4, 0xc2, 0x0, 0x0, 0x46, 0x0,
    0x0, 0x0, 0x0, 0x0, 0x0, 0x0, 0x0, 0x0,
    0x0, 0x0, 0x0, 0x4f, 0xff, 0xff, 0xff, 0xff,
    0xff, 0xff, 0xff, 0xff, 0xff, 0xfa, 0x4f, 0xff,
    0xff, 0xff, 0xff, 0xff, 0xff, 0xff, 0xff, 0xff,
    0xfb, 0x28, 0x88, 0x88, 0x88, 0x88, 0x88, 0x88,
    0x88, 0x88, 0x88, 0x85, 0x0, 0x0, 0x0, 0x0,
    0x0, 0x0, 0x0, 0x0, 0x0, 0x0, 0x0, 0x0,
    0x0, 0x44, 0x44, 0x44, 0x44, 0x44, 0x44, 0x44,
    0x20, 0x0, 0x0, 0x2, 0xff, 0xff, 0xff, 0xff,
    0xff, 0xff, 0xff, 0x90, 0x0, 0x0, 0x2, 0xff,
    0xff, 0xff, 0xff, 0xff, 0xff, 0xff, 0x90, 0x0,
    0x0, 0x2, 0xff, 0xc2, 0x22, 0x22, 0x22, 0x26,
    0xff, 0x90, 0x0, 0x0, 0x2, 0xff, 0xc0, 0x0,
    0x0, 0x0, 0x5, 0xff, 0x90, 0x0, 0x0, 0x2,
    0xff, 0xc0, 0x0, 0x0, 0x0, 0x5, 0xff, 0x90,
    0x0, 0x0, 0x2, 0xff, 0xd7, 0x77, 0x77, 0x77,
    0x79, 0xff, 0x90, 0x0, 0x0, 0x2, 0xff, 0xff,
    0xff, 0xff, 0xff, 0xff, 0xff, 0x90, 0x0, 0x0,
    0x2, 0xff, 0xff, 0xff, 0xff, 0xff, 0xff, 0xff,
    0x90, 0x0,

    /* U+C544 "아" */
    0x0, 0x0, 0x0, 0x0, 0x0, 0x0, 0x0, 0x1f,
    0xfd, 0x0, 0x0, 0x0, 0x5, 0xcf, 0xfd, 0x70,
    0x0, 0x0, 0x1f, 0xfd, 0x0, 0x0, 0x0, 0xaf,
    0xff, 0xff, 0xfc, 0x10, 0x0, 0x1f, 0xfd, 0x0,
    0x0, 0x8, 0xff, 0xf9, 0x9e, 0xff, 0xb0, 0x0,
    0x1f, 0xfd, 0x0, 0x0, 0x1f, 0xff, 0x30, 0x1,
    0xef, 0xf4, 0x0, 0x1f, 0xfd, 0x0, 0x0, 0x7f,
    0xf9, 0x0, 0x0, 0x6f, 0xfa, 0x0, 0x1f, 0xfd,
    0x0, 0x0, 0xbf, 0xf4, 0x0, 0x0, 0x1f, 0xfe,
    0x0, 0x1f, 0xfd, 0x0, 0x0, 0xdf, 0xf1, 0x0,
    0x0, 0xe, 0xff, 0x0, 0x1f, 0xfd, 0x0, 0x0,
    0xef, 0xf0, 0x0, 0x0, 0xd, 0xff, 0x10, 0x1f,
    0xff, 0xff, 0xf5, 0xdf, 0xf1, 0x0, 0x0, 0xd,
    0xff, 0x10, 0x1f, 0xff, 0xff, 0xf6, 0xcf, 0xf2,
    0x0, 0x0, 0xf, 0xff, 0x0, 0x1f, 0xfe, 0x88,
    0x83, 0x9f, 0xf6, 0x0, 0x0, 0x3f, 0xfc, 0x0,
    0x1f, 0xfd, 0x0, 0x0, 0x5f, 0xfd, 0x0, 0x0,
    0xaf, 0xf8, 0x0, 0x1f, 0xfd, 0x0, 0x0, 0xd,
    0xff, 0x90, 0x6, 0xff, 0xf2, 0x0, 0x1f, 0xfd,
    0x0, 0x0, 0x4, 0xff, 0xff, 0xef, 0xff, 0x70,
    0x0, 0x1f, 0xfd, 0x0, 0x0, 0x0, 0x4e, 0xff,
    0xff, 0xf7, 0x0, 0x0, 0x1f, 0xfd, 0x0, 0x0,
    0x0, 0x0, 0x58, 0x96, 0x10, 0x0, 0x0, 0x1f,
    0xfd, 0x0, 0x0, 0x0, 0x0, 0x0, 0x0, 0x0,
    0x0, 0x0, 0x1f, 0xfd, 0x0, 0x0, 0x0, 0x0,
    0x0, 0x0, 0x0, 0x0, 0x0, 0x1f, 0xfd, 0x0,
    0x0, 0x0, 0x0, 0x0, 0x0, 0x0, 0x0, 0x0,
    0x1f, 0xfd, 0x0, 0x0, 0x0, 0x0, 0x0, 0x0,
    0x0, 0x0, 0x0, 0x1f, 0xfd, 0x0, 0x0, 0x0,
    0x0, 0x0, 0x0, 0x0, 0x0, 0x0, 0x1f, 0xfd,
    0x0, 0x0, 0x0, 0x0, 0x0, 0x0, 0x0, 0x0,
    0x0, 0x9, 0x98, 0x0, 0x0,

    /* U+C548 "안" */
    0x0, 0x0, 0x0, 0x0, 0x0, 0x0, 0x0, 0x1,
    0xff, 0xd0, 0x0, 0x0, 0x0, 0x18, 0xdf, 0xfd,
    0x81, 0x0, 0x0, 0x1f, 0xfd, 0x0, 0x0, 0x0,
    0x5f, 0xff, 0xff, 0xff, 0xf5, 0x0, 0x1, 0xff,
    0xd0, 0x0, 0x0, 0x3f, 0xff, 0xc7, 0x7b, 0xff,
    0xf3, 0x0, 0x1f, 0xfd, 0x0, 0x0, 0xb, 0xff,
    0x80, 0x0, 0x8, 0xff, 0xb0, 0x1, 0xff, 0xd0,
    0x0, 0x0, 0xff, 0xf0, 0x0, 0x0, 0xe, 0xff,
    0x0, 0x1f, 0xfd, 0x0, 0x0, 0x1f, 0xfc, 0x0,
    0x0, 0x0, 0xcf, 0xf1, 0x1, 0xff, 0xff, 0xff,
    0x40, 0xff, 0xe0, 0x0, 0x0, 0xe, 0xff, 0x0,
    0x1f, 0xff, 0xff, 0xf4, 0xc, 0xff, 0x50, 0x0,
    0x5, 0xff, 0xc0, 0x1, 0xff, 0xe8, 0x88, 0x20,
    0x5f, 0xff, 0x84, 0x48, 0xff, 0xf5, 0x0, 0x1f,
    0xfd, 0x0, 0x0, 0x0, 0x7f, 0xff, 0xff, 0xff,
    0xf7, 0x0, 0x1, 0xff, 0xd0, 0x0, 0x0, 0x0,
    0x4b, 0xff, 0xff, 0xb4, 0x0, 0x0, 0x1f, 0xfd,
    0x0, 0x0, 0x0, 0x0, 0x0, 0x22, 0x0, 0x0,
    0x0, 0x1, 0xff, 0xd0, 0x0, 0x0, 0x0, 0x0,
    0x0, 0x0, 0x0, 0x0, 0x0, 0x1f, 0xfd, 0x0,
    0x0, 0x0, 0x0, 0x4b, 0xb6, 0x0, 0x0, 0x0,
    0x1, 0xff, 0xd0, 0x0, 0x0, 0x0, 0x6, 0xff,
    0x80, 0x0, 0x0, 0x0, 0x1f, 0xfd, 0x0, 0x0,
    0x0, 0x0, 0x6f, 0xf8, 0x0, 0x0, 0x0, 0x0,
    0x44, 0x30, 0x0, 0x0, 0x0, 0x6, 0xff, 0x80,
    0x0, 0x0, 0x0, 0x0, 0x0, 0x0, 0x0, 0x0,
    0x0, 0x6f, 0xf8, 0x0, 0x0, 0x0, 0x0, 0x0,
    0x0, 0x0, 0x0, 0x0, 0x6, 0xff, 0xc7, 0x77,
    0x77, 0x77, 0x77, 0x77, 0x20, 0x0, 0x0, 0x0,
    0x6f, 0xff, 0xff, 0xff, 0xff, 0xff, 0xff, 0xf5,
    0x0, 0x0, 0x0, 0x6, 0xff, 0xff, 0xff, 0xff,
    0xff, 0xff, 0xff, 0x50, 0x0,

    /* U+C54A "않" */
    0x0, 0x2, 0x9d, 0xff, 0xd9, 0x10, 0x0, 0x0,
    0xff, 0xf0, 0x0, 0x0, 0x5, 0xff, 0xff, 0xff,
    0xff, 0x50, 0x0, 0xf, 0xff, 0x0, 0x0, 0x3,
    0xff, 0xfc, 0x87, 0xcf, 0xff, 0x30, 0x0, 0xff,
    0xf0, 0x0, 0x0, 0xcf, 0xf8, 0x0, 0x0, 0x8f,
    0xfb, 0x0, 0xf, 0xff, 0x0, 0x0, 0xf, 0xff,
    0x0, 0x0, 0x0, 0xff, 0xf0, 0x0, 0xff, 0xf8,
    0x88, 0x21, 0xff, 0xd0, 0x0, 0x0, 0xd, 0xff,
    0x10, 0xf, 0xff, 0xff, 0xf5, 0xf, 0xff, 0x0,
    0x0, 0x0, 0xff, 0xf0, 0x0, 0xff, 0xff, 0xff,
    0x50, 0xbf, 0xf9, 0x0, 0x0, 0xaf, 0xfa, 0x0,
    0xf, 0xff, 0x0, 0x0, 0x2, 0xff, 0xfd, 0x99,
    0xdf, 0xff, 0x20, 0x0, 0xff, 0xf0, 0x0, 0x0,
    0x4, 0xef, 0xff, 0xff, 0xfe, 0x30, 0x0, 0xf,
    0xff, 0x0, 0x0, 0x0, 0x0, 0x7b, 0xdd, 0xb7,
    0x0, 0x5, 0x77, 0xcb, 0xa0, 0x0, 0x0, 0x0,
    0x0, 0x0, 0x0, 0x0, 0x0, 0xcf, 0xf2, 0x0,
    0x0, 0x0, 0x0, 0x8a, 0xa0, 0x0, 0x6, 0x66,
    0x6d, 0xff, 0x76, 0x66, 0x30, 0x0, 0xe, 0xff,
    0x0, 0x1, 0xff, 0xff, 0xff, 0xff, 0xff, 0xf8,
    0x0, 0x0, 0xef, 0xf0, 0x0, 0x1f, 0xff, 0xff,
    0xff, 0xff, 0xff, 0x80, 0x0, 0xe, 0xff, 0x0,
    0x0, 0x0, 0x0, 0x12, 0x20, 0x0, 0x0, 0x0,
    0x0, 0xef, 0xf0, 0x0, 0x0, 0x8, 0xef, 0xff,
    0xfb, 0x30, 0x0, 0x0, 0xe, 0xff, 0x0, 0x0,
    0xb, 0xff, 0xff, 0xff, 0xff, 0x30, 0x0, 0x0,
    0xef, 0xf0, 0x0, 0x2, 0xff, 0xd2, 0x0, 0x8f,
    0xf9, 0x0, 0x0, 0xe, 0xff, 0x78, 0xac, 0x4f,
    0xfd, 0x20, 0x19, 0xff, 0x80, 0x0, 0x0, 0xef,
    0xff, 0xff, 0xf4, 0xbf, 0xff, 0xff, 0xff, 0xf2,
    0x0, 0x0, 0xd, 0xff, 0xee, 0xdc, 0x30, 0x8d,
    0xff, 0xff, 0xa2, 0x0, 0x0, 0x0, 0x0, 0x0,
    0x0, 0x0, 0x0, 0x0, 0x10, 0x0, 0x0, 0x0,
    0x0,

    /* U+C54C "알" */
    0x0, 0x3, 0x9d, 0xff, 0xd9, 0x20, 0x0, 0x1,
    0xff, 0xd0, 0x0, 0x0, 0x7, 0xff, 0xff, 0xff,
    0xff, 0x50, 0x0, 0x1f, 0xfd, 0x0, 0x0, 0x5,
    0xff, 0xfa, 0x66, 0xbf, 0xff, 0x20, 0x1, 0xff,
    0xd0, 0x0, 0x0, 0xdf, 0xf6, 0x0, 0x0, 0x9f,
    0xfa, 0x0, 0x1f, 0xfd, 0x0, 0x0, 0xf, 0xff,
    0x0, 0x0, 0x1, 0xff, 0xd0, 0x1, 0xff, 0xff,
    0xff, 0x40, 0xff, 0xe0, 0x0, 0x0, 0x1f, 0xfe,
    0x0, 0x1f, 0xff, 0xff, 0xf4, 0xe, 0xff, 0x30,
    0x0, 0x5, 0xff, 0xb0, 0x1, 0xff, 0xe8, 0x88,
    0x20, 0x8f, 0xfe, 0x51, 0x16, 0xff, 0xf5, 0x0,
    0x1f, 0xfd, 0x0, 0x0, 0x0, 0xcf, 0xff, 0xff,
    0xff, 0xfa, 0x0, 0x1, 0xff, 0xd0, 0x0, 0x0,
    0x0, 0x8e, 0xff, 0xff, 0xe6, 0x0, 0x0, 0x1f,
    0xfd, 0x0, 0x0, 0x0, 0x0, 0x3, 0x44, 0x20,
    0x0, 0x0, 0x1, 0xff, 0xd0, 0x0, 0x0, 0x0,
    0x3, 0x77, 0x77, 0x77, 0x77, 0x77, 0x78, 0x86,
    0x0, 0x0, 0x0, 0x0, 0x7f, 0xff, 0xff, 0xff,
    0xff, 0xff, 0xff, 0xd0, 0x0, 0x0, 0x0, 0x7,
    0xff, 0xff, 0xff, 0xff, 0xff, 0xff, 0xfd, 0x0,
    0x0, 0x0, 0x0, 0x0, 0x0, 0x0, 0x0, 0x0,
    0x1, 0xff, 0xd0, 0x0, 0x0, 0x0, 0x2, 0x66,
    0x66, 0x66, 0x66, 0x66, 0x7f, 0xfd, 0x0, 0x0,
    0x0, 0x0, 0x7f, 0xff, 0xff, 0xff, 0xff, 0xff,
    0xff, 0xd0, 0x0, 0x0, 0x0, 0x7, 0xff, 0xff,
    0xff, 0xff, 0xff, 0xff, 0xfc, 0x0, 0x0, 0x0,
    0x0, 0x7f, 0xf7, 0x0, 0x0, 0x0, 0x0, 0x0,
    0x0, 0x0, 0x0, 0x0, 0x7, 0xff, 0xb7, 0x77,
    0x77, 0x77, 0x77, 0x77, 0x20, 0x0, 0x0, 0x0,
    0x7f, 0xff, 0xff, 0xff, 0xff, 0xff, 0xff, 0xf5,
    0x0, 0x0, 0x0, 0x7, 0xff, 0xff, 0xff, 0xff,
    0xff, 0xff, 0xff, 0x50, 0x0,

    /* U+C555 "압" */
    0x0, 0x2, 0x9d, 0xff, 0xd8, 0x10, 0x0, 0x1,
    0xff, 0xd0, 0x0, 0x0, 0x5, 0xff, 0xff, 0xff,
    0xfe, 0x30, 0x0, 0x1f, 0xfd, 0x0, 0x0, 0x3,
    0xff, 0xfb, 0x78, 0xdf, 0xfe, 0x10, 0x1, 0xff,
    0xd0, 0x0, 0x0, 0xcf, 0xf7, 0x0, 0x0, 0xbf,
    0xf8, 0x0, 0x1f, 0xfd, 0x0, 0x0, 0xf, 0xff,
    0x0, 0x0, 0x3, 0xff, 0xc0, 0x1, 0xff, 0xd0,
    0x0, 0x1, 0xff, 0xd0, 0x0, 0x0, 0x1f, 0xfe,
    0x0, 0x1f, 0xff, 0xff, 0xf4, 0xf, 0xff, 0x0,
    0x0, 0x3, 0xff, 0xc0, 0x1, 0xff, 0xff, 0xff,
    0x40, 0xbf, 0xf9, 0x0, 0x0, 0xcf, 0xf7, 0x0,
    0x1f, 0xfe, 0x77, 0x71, 0x2, 0xff, 0xfd, 0x9a,
    0xef, 0xfd, 0x0, 0x1, 0xff, 0xd0, 0x0, 0x0,
    0x4, 0xef, 0xff, 0xff, 0xfd, 0x20, 0x0, 0x1f,
    0xfd, 0x0, 0x0, 0x0, 0x1, 0x7b, 0xdd, 0xb6,
    0x0, 0x0, 0x1, 0xff, 0xd0, 0x0, 0x0, 0x0,
    0x0, 0x0, 0x0, 0x0, 0x0, 0x0, 0x1f, 0xfd,
    0x0, 0x0, 0x0, 0x0, 0x1, 0x10, 0x0, 0x0,
    0x0, 0x0, 0x33, 0x20, 0x0, 0x0, 0x0, 0x6,
    0xff, 0x80, 0x0, 0x0, 0x0, 0x1f, 0xfd, 0x0,
    0x0, 0x0, 0x0, 0x6f, 0xf9, 0x22, 0x22, 0x22,
    0x23, 0xff, 0xd0, 0x0, 0x0, 0x0, 0x6, 0xff,
    0xff, 0xff, 0xff, 0xff, 0xff, 0xfd, 0x0, 0x0,
    0x0, 0x0, 0x6f, 0xff, 0xff, 0xff, 0xff, 0xff,
    0xff, 0xd0, 0x0, 0x0, 0x0, 0x6, 0xff, 0xa5,
    0x55, 0x55, 0x55, 0x5f, 0xfd, 0x0, 0x0, 0x0,
    0x0, 0x6f, 0xf8, 0x0, 0x0, 0x0, 0x1, 0xff,
    0xd0, 0x0, 0x0, 0x0, 0x6, 0xff, 0xb7, 0x77,
    0x77, 0x77, 0x7f, 0xfd, 0x0, 0x0, 0x0, 0x0,
    0x6f, 0xff, 0xff, 0xff, 0xff, 0xff, 0xff, 0xd0,
    0x0, 0x0, 0x0, 0x6, 0xff, 0xff, 0xff, 0xff,
    0xff, 0xff, 0xfd, 0x0, 0x0,

    /* U+C558 "았" */
    0x0, 0x6, 0xce, 0xfd, 0x92, 0x0, 0x0, 0x1f,
    0xfd, 0x0, 0x0, 0x1, 0xcf, 0xff, 0xff, 0xff,
    0x60, 0x0, 0x1f, 0xfd, 0x0, 0x0, 0xc, 0xff,
    0xe8, 0x7b, 0xff, 0xf4, 0x0, 0x1f, 0xfd, 0x0,
    0x0, 0x4f, 0xfe, 0x10, 0x0, 0x8f, 0xfc, 0x0,
    0x1f, 0xfd, 0x0, 0x0, 0x9f, 0xf6, 0x0, 0x0,
    0xe, 0xff, 0x10, 0x1f, 0xfd, 0x0, 0x0, 0xbf,
    0xf4, 0x0, 0x0, 0xc, 0xff, 0x30, 0x1f, 0xff,
    0xff, 0xf4, 0xaf, 0xf5, 0x0, 0x0, 0xd, 0xff,
    0x20, 0x1f, 0xff, 0xff, 0xf4, 0x7f, 0xfa, 0x0,
    0x0, 0x2f, 0xff, 0x0, 0x1f, 0xfe, 0x88, 0x82,
    0x1f, 0xff, 0x81, 0x3, 0xdf, 0xf8, 0x0, 0x1f,
    0xfd, 0x0, 0x0, 0x5, 0xff, 0xff, 0xff, 0xff,
    0xc0, 0x0, 0x1f, 0xfd, 0x0, 0x0, 0x0, 0x4d,
    0xff, 0xff, 0xfa, 0x0, 0x0, 0x1f, 0xfd, 0x0,
    0x0, 0x0, 0x0, 0x36, 0x75, 0x10, 0x0, 0x0,
    0x1f, 0xfd, 0x0, 0x0, 0x0, 0x0, 0x0, 0x0,
    0x0, 0x0, 0x0, 0x8, 0x86, 0x0, 0x0, 0x0,
    0x0, 0x18, 0x86, 0x0, 0x0, 0x7, 0x88, 0x10,
    0x0, 0x0, 0x0, 0x0, 0x2f, 0xfb, 0x0, 0x0,
    0xd, 0xff, 0x30, 0x0, 0x0, 0x0, 0x0, 0x3f,
    0xfe, 0x0, 0x0, 0xe, 0xff, 0x40, 0x0, 0x0,
    0x0, 0x0, 0x7f, 0xff, 0x50, 0x0, 0x1f, 0xff,
    0x80, 0x0, 0x0, 0x0, 0x0, 0xdf, 0xff, 0xe3,
    0x0, 0x8f, 0xff, 0xe1, 0x0, 0x0, 0x0, 0xa,
    0xff, 0xdf, 0xff, 0x34, 0xff, 0xff, 0xfc, 0x0,
    0x0, 0x0, 0x9f, 0xfd, 0xb, 0xf5, 0x5f, 0xff,
    0x7d, 0xff, 0xc2, 0x0, 0x3d, 0xff, 0xe1, 0x0,
    0x3b, 0xff, 0xf8, 0x2, 0xef, 0xff, 0x60, 0xb,
    0xfd, 0x10, 0x0, 0xa, 0xff, 0x70, 0x0, 0x1c,
    0xfa, 0x0, 0x0, 0x60, 0x0, 0x0, 0x0, 0x73,
    0x0, 0x0, 0x0, 0x50, 0x0,

    /* U+C559 "앙" */
    0x0, 0x2, 0x9d, 0xff, 0xc7, 0x0, 0x0, 0x1,
    0xff, 0xd0, 0x0, 0x0, 0x4, 0xff, 0xff, 0xff,
    0xfd, 0x20, 0x0, 0x1f, 0xfd, 0x0, 0x0, 0x2,
    0xff, 0xfc, 0x78, 0xdf, 0xfd, 0x0, 0x1, 0xff,
    0xd0, 0x0, 0x0, 0xbf, 0xf9, 0x0, 0x0, 0xcf,
    0xf7, 0x0, 0x1f, 0xfd, 0x0, 0x0, 0xf, 0xff,
    0x0, 0x0, 0x4, 0xff, 0xc0, 0x1, 0xff, 0xd0,
    0x0, 0x1, 0xff, 0xd0, 0x0, 0x0, 0x1f, 0xfe,
    0x0, 0x1f, 0xff, 0xff, 0xf4, 0x1f, 0xfe, 0x0,
    0x0, 0x2, 0xff, 0xd0, 0x1, 0xff, 0xff, 0xff,
    0x40, 0xdf, 0xf4, 0x0, 0x0, 0x8f, 0xfa, 0x0,
    0x1f, 0xfe, 0x88, 0x82, 0x7, 0xff, 0xe4, 0x1,
    0x7f, 0xff, 0x30, 0x1, 0xff, 0xd0, 0x0, 0x0,
    0xb, 0xff, 0xff, 0xff, 0xff, 0x70, 0x0, 0x1f,
    0xfd, 0x0, 0x0, 0x0, 0x8, 0xff, 0xff, 0xfe,
    0x60, 0x0, 0x1, 0xff, 0xd0, 0x0, 0x0, 0x0,
    0x1, 0x57, 0x64, 0x0, 0x0, 0x0, 0x1f, 0xfd,
    0x0, 0x0, 0x0, 0x0, 0x0, 0x0, 0x0, 0x0,
    0x0, 0x1, 0xff, 0xd0, 0x0, 0x0, 0x0, 0x0,
    0x0, 0x6a, 0xde, 0xfe, 0xdb, 0x75, 0x32, 0x0,
    0x0, 0x0, 0x0, 0x5, 0xef, 0xff, 0xff, 0xff,
    0xff, 0xf8, 0x0, 0x0, 0x0, 0x0, 0x5, 0xff,
    0xfe, 0xa8, 0x78, 0x9d, 0xff, 0xf8, 0x0, 0x0,
    0x0, 0x0, 0xcf, 0xf8, 0x0, 0x0, 0x0, 0x4,
    0xff, 0xf1, 0x0, 0x0, 0x0, 0xf, 0xff, 0x10,
    0x0, 0x0, 0x0, 0xd, 0xff, 0x20, 0x0, 0x0,
    0x0, 0xdf, 0xf8, 0x0, 0x0, 0x0, 0x4, 0xff,
    0xf1, 0x0, 0x0, 0x0, 0x5, 0xff, 0xfd, 0x97,
    0x77, 0x9c, 0xff, 0xf8, 0x0, 0x0, 0x0, 0x0,
    0x6, 0xff, 0xff, 0xff, 0xff, 0xff, 0xf8, 0x0,
    0x0, 0x0, 0x0, 0x0, 0x1, 0x6b, 0xdf, 0xff,
    0xeb, 0x72, 0x0, 0x0, 0x0,

    /* U+C55E "앞" */
    0x0, 0x1, 0x8d, 0xff, 0xd8, 0x10, 0x0, 0x0,
    0xff, 0xd0, 0x0, 0x0, 0x4, 0xff, 0xff, 0xff,
    0xfe, 0x40, 0x0, 0xf, 0xfd, 0x0, 0x0, 0x3,
    0xff, 0xfc, 0x88, 0xef, 0xff, 0x20, 0x0, 0xff,
    0xd0, 0x0, 0x0, 0xbf, 0xf9, 0x0, 0x0, 0xdf,
    0xfa, 0x0, 0xf, 0xfd, 0x0, 0x0, 0xf, 0xff,
    0x0, 0x0, 0x4, 0xff, 0xf0, 0x0, 0xff, 0xd0,
    0x0, 0x1, 0xff, 0xd0, 0x0, 0x0, 0x2f, 0xff,
    0x0, 0xf, 0xff, 0xff, 0xf2, 0xf, 0xff, 0x0,
    0x0, 0x3, 0xff, 0xf0, 0x0, 0xff, 0xff, 0xff,
    0x20, 0xcf, 0xf5, 0x0, 0x0, 0xaf, 0xfb, 0x0,
    0xf, 0xfe, 0x88, 0x81, 0x5, 0xff, 0xf7, 0x34,
    0xaf, 0xff, 0x40, 0x0, 0xff, 0xd0, 0x0, 0x0,
    0x8, 0xff, 0xff, 0xff, 0xff, 0x70, 0x0, 0xf,
    0xfd, 0x0, 0x0, 0x0, 0x5, 0xcf, 0xff, 0xfc,
    0x40, 0x0, 0x0, 0xff, 0xd0, 0x0, 0x0, 0x0,
    0x0, 0x13, 0x31, 0x0, 0x0, 0x0, 0xf, 0xfd,
    0x0, 0x0, 0x0, 0x1, 0x55, 0x55, 0x55, 0x55,
    0x55, 0x55, 0x88, 0x70, 0x0, 0x0, 0x0, 0x4f,
    0xff, 0xff, 0xff, 0xff, 0xff, 0xff, 0xff, 0x20,
    0x0, 0x0, 0x4, 0xff, 0xff, 0xff, 0xff, 0xff,
    0xff, 0xff, 0xf2, 0x0, 0x0, 0x0, 0x2, 0x2d,
    0xff, 0x32, 0x22, 0x5f, 0xfb, 0x22, 0x0, 0x0,
    0x0, 0x0, 0x0, 0xdf, 0xf1, 0x0, 0x3, 0xff,
    0xa0, 0x0, 0x0, 0x0, 0x0, 0x0, 0xd, 0xff,
    0x10, 0x0, 0x3f, 0xfa, 0x0, 0x0, 0x0, 0x0,
    0x0, 0x0, 0xdf, 0xf1, 0x0, 0x3, 0xff, 0xa0,
    0x0, 0x0, 0x0, 0x0, 0x47, 0x7e, 0xff, 0x77,
    0x77, 0x9f, 0xfd, 0x77, 0x30, 0x0, 0x0, 0xa,
    0xff, 0xff, 0xff, 0xff, 0xff, 0xff, 0xff, 0xf8,
    0x0, 0x0, 0x0, 0xaf, 0xff, 0xff, 0xff, 0xff,
    0xff, 0xff, 0xff, 0x80, 0x0,

    /* U+C57C "야" */
    0x0, 0x0, 0x0, 0x0, 0x0, 0x0, 0x0, 0x1f,
    0xfd, 0x0, 0x0, 0x0, 0x5, 0xbe, 0xfd, 0x80,
    0x0, 0x0, 0x1f, 0xfd, 0x0, 0x0, 0x0, 0xaf,
    0xff, 0xff, 0xfd, 0x10, 0x0, 0x1f, 0xfd, 0x0,
    0x0, 0x7, 0xff, 0xfa, 0x8e, 0xff, 0xc0, 0x0,
    0x1f, 0xfd, 0x0, 0x0, 0x1f, 0xff, 0x40, 0x1,
    0xdf, 0xf5, 0x0, 0x1f, 0xfe, 0x88, 0x84, 0x6f,
    0xfa, 0x0, 0x0, 0x6f, 0xfb, 0x0, 0x1f, 0xff,
    0xff, 0xf8, 0xaf, 0xf5, 0x0, 0x0, 0xf, 0xff,
    0x0, 0x1f, 0xff, 0xff, 0xf7, 0xcf, 0xf2, 0x0,
    0x0, 0xd, 0xff, 0x10, 0x1f, 0xfd, 0x0, 0x0,
    0xdf, 0xf1, 0x0, 0x0, 0xc, 0xff, 0x20, 0x1f,
    0xfd, 0x0, 0x0, 0xcf, 0xf2, 0x0, 0x0, 0xc,
    0xff, 0x20, 0x1f, 0xfd, 0x0, 0x0, 0xbf, 0xf4,
    0x0, 0x0, 0xe, 0xff, 0x10, 0x1f, 0xfd, 0x0,
    0x0, 0x8f, 0xf8, 0x0, 0x0, 0x2f, 0xfe, 0x0,
    0x1f, 0xfe, 0x55, 0x52, 0x4f, 0xfe, 0x0, 0x0,
    0x8f, 0xf9, 0x0, 0x1f, 0xff, 0xff, 0xf8, 0xd,
    0xff, 0xa0, 0x5, 0xff, 0xf2, 0x0, 0x1f, 0xff,
    0xff, 0xf8, 0x3, 0xff, 0xff, 0xef, 0xff, 0x80,
    0x0, 0x1f, 0xfe, 0x22, 0x21, 0x0, 0x4e, 0xff,
    0xff, 0xf8, 0x0, 0x0, 0x1f, 0xfd, 0x0, 0x0,
    0x0, 0x0, 0x58, 0x97, 0x20, 0x0, 0x0, 0x1f,
    0xfd, 0x0, 0x0, 0x0, 0x0, 0x0, 0x0, 0x0,
    0x0, 0x0, 0x1f, 0xfd, 0x0, 0x0, 0x0, 0x0,
    0x0, 0x0, 0x0, 0x0, 0x0, 0x1f, 0xfd, 0x0,
    0x0, 0x0, 0x0, 0x0, 0x0, 0x0, 0x0, 0x0,
    0x1f, 0xfd, 0x0, 0x0, 0x0, 0x0, 0x0, 0x0,
    0x0, 0x0, 0x0, 0x1f, 0xfd, 0x0, 0x0, 0x0,
    0x0, 0x0, 0x0, 0x0, 0x0, 0x0, 0x1f, 0xfd,
    0x0, 0x0, 0x0, 0x0, 0x0, 0x0, 0x0, 0x0,
    0x0, 0x9, 0x98, 0x0, 0x0,

    /* U+C57D "약" */
    0x0, 0x1, 0x9d, 0xff, 0xc7, 0x0, 0x0, 0x1,
    0xff, 0xd0, 0x0, 0x0, 0x4, 0xff, 0xff, 0xff,
    0xfd, 0x20, 0x0, 0x1f, 0xfd, 0x0, 0x0, 0x2,
    0xff, 0xfc, 0x78, 0xdf, 0xfd, 0x0, 0x1, 0xff,
    0xe5, 0x55, 0x10, 0xbf, 0xf9, 0x0, 0x0, 0xcf,
    0xf7, 0x0, 0x1f, 0xff, 0xff, 0xf4, 0xf, 0xff,
    0x0, 0x0, 0x4, 0xff, 0xc0, 0x1, 0xff, 0xff,
    0xff, 0x41, 0xff, 0xd0, 0x0, 0x0, 0x1f, 0xfe,
    0x0, 0x1f, 0xfd, 0x11, 0x10, 0x1f, 0xfe, 0x0,
    0x0, 0x2, 0xff, 0xd0, 0x1, 0xff, 0xd0, 0x0,
    0x0, 0xdf, 0xf4, 0x0, 0x0, 0x7f, 0xfa, 0x0,
    0x1f, 0xfe, 0x88, 0x82, 0x7, 0xff, 0xe4, 0x0,
    0x6f, 0xff, 0x30, 0x1, 0xff, 0xff, 0xff, 0x40,
    0xb, 0xff, 0xff, 0xff, 0xff, 0x80, 0x0, 0x1f,
    0xff, 0xff, 0xf4, 0x0, 0x9, 0xff, 0xff, 0xfe,
    0x60, 0x0, 0x1, 0xff, 0xd0, 0x0, 0x0, 0x0,
    0x1, 0x57, 0x74, 0x0, 0x0, 0x0, 0x1f, 0xfd,
    0x0, 0x0, 0x0, 0x0, 0x0, 0x0, 0x0, 0x0,
    0x0, 0x1, 0xff, 0xd0, 0x0, 0x0, 0x0, 0x6,
    0x66, 0x66, 0x66, 0x66, 0x66, 0x67, 0x76, 0x0,
    0x0, 0x0, 0x1, 0xff, 0xff, 0xff, 0xff, 0xff,
    0xff, 0xff, 0xd0, 0x0, 0x0, 0x0, 0x1f, 0xff,
    0xff, 0xff, 0xff, 0xff, 0xff, 0xfd, 0x0, 0x0,
    0x0, 0x0, 0x11, 0x11, 0x11, 0x11, 0x11, 0x11,
    0xff, 0xd0, 0x0, 0x0, 0x0, 0x0, 0x0, 0x0,
    0x0, 0x0, 0x0, 0xf, 0xfd, 0x0, 0x0, 0x0,
    0x0, 0x0, 0x0, 0x0, 0x0, 0x0, 0x0, 0xff,
    0xd0, 0x0, 0x0, 0x0, 0x0, 0x0, 0x0, 0x0,
    0x0, 0x0, 0xf, 0xfd, 0x0, 0x0, 0x0, 0x0,
    0x0, 0x0, 0x0, 0x0, 0x0, 0x0, 0xff, 0xd0,
    0x0, 0x0, 0x0, 0x0, 0x0, 0x0, 0x0, 0x0,
    0x0, 0xf, 0xfd, 0x0, 0x0, 0x0, 0x0, 0x0,
    0x0, 0x0, 0x0, 0x0, 0x0, 0x11, 0x10, 0x0,
    0x0,

    /* U+C591 "양" */
    0x0, 0x2, 0x9d, 0xff, 0xc7, 0x0, 0x0, 0x1,
    0xff, 0xd0, 0x0, 0x0, 0x4, 0xff, 0xff, 0xff,
    0xfd, 0x20, 0x0, 0x1f, 0xfd, 0x0, 0x0, 0x2,
    0xff, 0xfc, 0x78, 0xdf, 0xfd, 0x0, 0x1, 0xff,
    0xff, 0xff, 0x40, 0xbf, 0xf9, 0x0, 0x0, 0xcf,
    0xf7, 0x0, 0x1f, 0xff, 0xff, 0xf4, 0xf, 0xff,
    0x0, 0x0, 0x4, 0xff, 0xc0, 0x1, 0xff, 0xe8,
    0x88, 0x21, 0xff, 0xd0, 0x0, 0x0, 0x1f, 0xfe,
    0x0, 0x1f, 0xfd, 0x0, 0x0, 0x1f, 0xfe, 0x0,
    0x0, 0x2, 0xff, 0xd0, 0x1, 0xff, 0xd0, 0x0,
    0x0, 0xdf, 0xf4, 0x0, 0x0, 0x8f, 0xfa, 0x0,
    0x1f, 0xfe, 0x88, 0x82, 0x7, 0xff, 0xe4, 0x1,
    0x7f, 0xff, 0x30, 0x1, 0xff, 0xff, 0xff, 0x40,
    0xb, 0xff, 0xff, 0xff, 0xff, 0x70, 0x0, 0x1f,
    0xff, 0xff, 0xf4, 0x0, 0x8, 0xff, 0xff, 0xfe,
    0x60, 0x0, 0x1, 0xff, 0xd0, 0x0, 0x0, 0x0,
    0x1, 0x57, 0x64, 0x0, 0x0, 0x0, 0x1f, 0xfd,
    0x0, 0x0, 0x0, 0x0, 0x0, 0x0, 0x0, 0x0,
    0x0, 0x1, 0xff, 0xd0, 0x0, 0x0, 0x0, 0x0,
    0x0, 0x6a, 0xde, 0xfe, 0xdb, 0x75, 0x32, 0x0,
    0x0, 0x0, 0x0, 0x5, 0xef, 0xff, 0xff, 0xff,
    0xff, 0xf8, 0x0, 0x0, 0x0, 0x0, 0x5, 0xff,
    0xfe, 0xa8, 0x78, 0x9d, 0xff, 0xf8, 0x0, 0x0,
    0x0, 0x0, 0xcf, 0xf8, 0x0, 0x0, 0x0, 0x4,
    0xff, 0xf1, 0x0, 0x0, 0x0, 0xf, 0xff, 0x10,
    0x0, 0x0, 0x0, 0xd, 0xff, 0x20, 0x0, 0x0,
    0x0, 0xdf, 0xf8, 0x0, 0x0, 0x0, 0x4, 0xff,
    0xf1, 0x0, 0x0, 0x0, 0x5, 0xff, 0xfd, 0x97,
    0x77, 0x9c, 0xff, 0xf8, 0x0, 0x0, 0x0, 0x0,
    0x6, 0xff, 0xff, 0xff, 0xff, 0xff, 0xf8, 0x0,
    0x0, 0x0, 0x0, 0x0, 0x1, 0x6b, 0xdf, 0xff,
    0xeb, 0x72, 0x0, 0x0, 0x0,

    /* U+C5B4 "어" */
    0x0, 0x0, 0x0, 0x0, 0x0, 0x0, 0x0, 0x0,
    0xff, 0xe0, 0x0, 0x5b, 0xef, 0xd7, 0x0, 0x0,
    0x0, 0xf, 0xfe, 0x0, 0x9f, 0xff, 0xff, 0xfd,
    0x10, 0x0, 0x0, 0xff, 0xe0, 0x6f, 0xff, 0xa8,
    0xef, 0xfc, 0x0, 0x0, 0xf, 0xfe, 0xe, 0xff,
    0x50, 0x1, 0xdf, 0xf4, 0x0, 0x0, 0xff, 0xe5,
    0xff, 0xb0, 0x0, 0x5, 0xff, 0xa0, 0x0, 0xf,
    0xfe, 0x8f, 0xf5, 0x0, 0x0, 0xf, 0xfe, 0x0,
    0x0, 0xff, 0xeb, 0xff, 0x30, 0x0, 0x0, 0xdf,
    0xf8, 0x88, 0x8f, 0xfe, 0xbf, 0xf2, 0x0, 0x0,
    0xc, 0xff, 0xff, 0xff, 0xff, 0xeb, 0xff, 0x20,
    0x0, 0x0, 0xcf, 0xff, 0xff, 0xff, 0xfe, 0xaf,
    0xf4, 0x0, 0x0, 0xe, 0xff, 0x0, 0x0, 0xff,
    0xe7, 0xff, 0x80, 0x0, 0x2, 0xff, 0xc0, 0x0,
    0xf, 0xfe, 0x2f, 0xfe, 0x0, 0x0, 0x8f, 0xf8,
    0x0, 0x0, 0xff, 0xe0, 0xbf, 0xfa, 0x0, 0x5f,
    0xff, 0x10, 0x0, 0xf, 0xfe, 0x2, 0xff, 0xff,
    0xef, 0xff, 0x70, 0x0, 0x0, 0xff, 0xe0, 0x3,
    0xdf, 0xff, 0xff, 0x70, 0x0, 0x0, 0xf, 0xfe,
    0x0, 0x0, 0x58, 0x97, 0x10, 0x0, 0x0, 0x0,
    0xff, 0xe0, 0x0, 0x0, 0x0, 0x0, 0x0, 0x0,
    0x0, 0xf, 0xfe, 0x0, 0x0, 0x0, 0x0, 0x0,
    0x0, 0x0, 0x0, 0xff, 0xe0, 0x0, 0x0, 0x0,
    0x0, 0x0, 0x0, 0x0, 0xf, 0xfe, 0x0, 0x0,
    0x0, 0x0, 0x0, 0x0, 0x0, 0x0, 0xff, 0xe0,
    0x0, 0x0, 0x0, 0x0, 0x0, 0x0, 0x0, 0xf,
    0xfe, 0x0, 0x0, 0x0, 0x0, 0x0, 0x0, 0x0,
    0x0, 0x99, 0x80,

    /* U+C5C5 "업" */
    0x0, 0x7, 0xcf, 0xfd, 0x92, 0x0, 0x0, 0x0,
    0xff, 0xd0, 0x1d, 0xff, 0xff, 0xff, 0xf6, 0x0,
    0x0, 0xf, 0xfd, 0xd, 0xff, 0xe9, 0x8c, 0xff,
    0xf4, 0x0, 0x0, 0xff, 0xd6, 0xff, 0xc0, 0x0,
    0x9, 0xff, 0xc0, 0x0, 0xf, 0xfd, 0xaf, 0xf4,
    0x0, 0x0, 0xf, 0xff, 0xff, 0xff, 0xff, 0xdc,
    0xff, 0x20, 0x0, 0x0, 0xdf, 0xff, 0xff, 0xff,
    0xfd, 0xbf, 0xf4, 0x0, 0x0, 0xf, 0xff, 0x88,
    0x89, 0xff, 0xd7, 0xff, 0xb0, 0x0, 0x7, 0xff,
    0xa0, 0x0, 0xf, 0xfd, 0xe, 0xff, 0xc6, 0x6a,
    0xff, 0xf2, 0x0, 0x0, 0xff, 0xd0, 0x2e, 0xff,
    0xff, 0xff, 0xf5, 0x0, 0x0, 0xf, 0xfd, 0x0,
    0x18, 0xef, 0xfe, 0xa2, 0x0, 0x0, 0x0, 0xff,
    0xd0, 0x0, 0x0, 0x1, 0x0, 0x0, 0x0, 0x0,
    0xf, 0xfd, 0x0, 0x0, 0x0, 0x0, 0x0, 0x0,
    0x0, 0x0, 0x22, 0x20, 0x0, 0xd, 0xff, 0x10,
    0x0, 0x0, 0x0, 0xf, 0xfd, 0x0, 0x0, 0xdf,
    0xf2, 0x11, 0x11, 0x11, 0x12, 0xff, 0xd0, 0x0,
    0xd, 0xff, 0xff, 0xff, 0xff, 0xff, 0xff, 0xfd,
    0x0, 0x0, 0xdf, 0xff, 0xff, 0xff, 0xff, 0xff,
    0xff, 0xd0, 0x0, 0xd, 0xff, 0x65, 0x55, 0x55,
    0x55, 0x6f, 0xfd, 0x0, 0x0, 0xdf, 0xf1, 0x0,
    0x0, 0x0, 0x0, 0xff, 0xd0, 0x0, 0xd, 0xff,
    0x76, 0x66, 0x66, 0x66, 0x6f, 0xfd, 0x0, 0x0,
    0xdf, 0xff, 0xff, 0xff, 0xff, 0xff, 0xff, 0xd0,
    0x0, 0xd, 0xff, 0xff, 0xff, 0xff, 0xff, 0xff,
    0xfd,

    /* U+C5C6 "없" */
    0x0, 0x7, 0xcf, 0xfd, 0x92, 0x0, 0x0, 0x3,
    0xff, 0xb0, 0x0, 0x2d, 0xff, 0xff, 0xff, 0xf5,
    0x0, 0x0, 0x3f, 0xfb, 0x0, 0xd, 0xff, 0xe9,
    0x8c, 0xff, 0xf3, 0x0, 0x3, 0xff, 0xb0, 0x6,
    0xff, 0xc0, 0x0, 0x8, 0xff, 0xb0, 0x0, 0x3f,
    0xfb, 0x0, 0xbf, 0xf4, 0x0, 0x0, 0xe, 0xff,
    0xff, 0xff, 0xff, 0xb0, 0xc, 0xff, 0x20, 0x0,
    0x0, 0xcf, 0xff, 0xff, 0xff, 0xfb, 0x0, 0xbf,
    0xf4, 0x0, 0x0, 0xe, 0xfe, 0x88, 0x8a, 0xff,
    0xb0, 0x7, 0xff, 0xb0, 0x0, 0x6, 0xff, 0x90,
    0x0, 0x3f, 0xfb, 0x0, 0xe, 0xff, 0xc6, 0x59,
    0xff, 0xf2, 0x0, 0x3, 0xff, 0xb0, 0x0, 0x3e,
    0xff, 0xff, 0xff, 0xf4, 0x0, 0x0, 0x3f, 0xfb,
    0x0, 0x0, 0x18, 0xef, 0xfe, 0x92, 0x0, 0x0,
    0x3, 0xff, 0xb0, 0x0, 0x0, 0x0, 0x1, 0x0,
    0x0, 0x0, 0x0, 0x3d, 0xd8, 0x0, 0x3, 0x77,
    0x0, 0x3, 0x77, 0x0, 0x0, 0x47, 0x70, 0x0,
    0x0, 0x7f, 0xf1, 0x0, 0x8f, 0xf1, 0x0, 0xa,
    0xff, 0x10, 0x0, 0x7, 0xff, 0x31, 0x19, 0xff,
    0x10, 0x0, 0xaf, 0xf1, 0x0, 0x0, 0x7f, 0xff,
    0xff, 0xff, 0xf1, 0x0, 0xb, 0xff, 0x20, 0x0,
    0x7, 0xff, 0xff, 0xff, 0xff, 0x10, 0x0, 0xff,
    0xf6, 0x0, 0x0, 0x7f, 0xf2, 0x11, 0x9f, 0xf1,
    0x0, 0x6f, 0xff, 0xd0, 0x0, 0x7, 0xff, 0x10,
    0x8, 0xff, 0x10, 0x3f, 0xff, 0xff, 0x80, 0x0,
    0x7f, 0xf3, 0x22, 0x9f, 0xf1, 0x4e, 0xff, 0x3c,
    0xff, 0x80, 0x7, 0xff, 0xff, 0xff, 0xff, 0x9f,
    0xff, 0x60, 0x2e, 0xff, 0xa0, 0x7f, 0xff, 0xff,
    0xff, 0xf2, 0xbf, 0x60, 0x0, 0x2e, 0xd1, 0x0,
    0x0, 0x0, 0x0, 0x0, 0x0, 0x20, 0x0, 0x0,
    0x11, 0x0,

    /* U+C5D0 "에" */
    0x0, 0x0, 0x0, 0x0, 0x0, 0x0, 0xc, 0xff,
    0xa, 0xff, 0x20, 0x0, 0x5c, 0xff, 0xb3, 0x0,
    0x0, 0xcf, 0xf0, 0xaf, 0xf2, 0x0, 0x7f, 0xff,
    0xff, 0xf4, 0x0, 0xc, 0xff, 0xa, 0xff, 0x20,
    0x2f, 0xff, 0x9a, 0xff, 0xe0, 0x0, 0xcf, 0xf0,
    0xaf, 0xf2, 0x9, 0xff, 0x60, 0x9, 0xff, 0x60,
    0xc, 0xff, 0xa, 0xff, 0x20, 0xef, 0xf0, 0x0,
    0x2f, 0xfa, 0x0, 0xcf, 0xf0, 0xaf, 0xf2, 0x1f,
    0xfc, 0x0, 0x0, 0xff, 0xd0, 0xc, 0xff, 0xa,
    0xff, 0x22, 0xff, 0xa0, 0x0, 0xd, 0xff, 0x88,
    0xef, 0xf0, 0xaf, 0xf2, 0x3f, 0xf9, 0x0, 0x0,
    0xcf, 0xff, 0xff, 0xff, 0xa, 0xff, 0x23, 0xff,
    0xa0, 0x0, 0xc, 0xff, 0xff, 0xff, 0xf0, 0xaf,
    0xf2, 0x2f, 0xfb, 0x0, 0x0, 0xdf, 0xf0, 0xc,
    0xff, 0xa, 0xff, 0x20, 0xff, 0xd0, 0x0, 0xf,
    0xfd, 0x0, 0xcf, 0xf0, 0xaf, 0xf2, 0xc, 0xff,
    0x10, 0x4, 0xff, 0x90, 0xc, 0xff, 0xa, 0xff,
    0x20, 0x7f, 0xfa, 0x1, 0xdf, 0xf4, 0x0, 0xcf,
    0xf0, 0xaf, 0xf2, 0x0, 0xef, 0xff, 0xff, 0xfc,
    0x0, 0xc, 0xff, 0xa, 0xff, 0x20, 0x3, 0xef,
    0xff, 0xfc, 0x10, 0x0, 0xcf, 0xf0, 0xaf, 0xf2,
    0x0, 0x0, 0x69, 0x85, 0x0, 0x0, 0xc, 0xff,
    0xa, 0xff, 0x20, 0x0, 0x0, 0x0, 0x0, 0x0,
    0x0, 0xcf, 0xf0, 0xaf, 0xf2, 0x0, 0x0, 0x0,
    0x0, 0x0, 0x0, 0xc, 0xff, 0xa, 0xff, 0x20,
    0x0, 0x0, 0x0, 0x0, 0x0, 0x0, 0xcf, 0xf0,
    0xaf, 0xf2, 0x0, 0x0, 0x0, 0x0, 0x0, 0x0,
    0xc, 0xff, 0xa, 0xff, 0x20, 0x0, 0x0, 0x0,
    0x0, 0x0, 0x0, 0xcf, 0xf0, 0xaf, 0xf2, 0x0,
    0x0, 0x0, 0x0, 0x0, 0x0, 0x0, 0x0, 0x6,
    0x99, 0x10,

    /* U+C5EC "여" */
    0x0, 0x0, 0x0, 0x0, 0x0, 0x0, 0x0, 0x0,
    0xff, 0xe0, 0x0, 0x4b, 0xef, 0xd8, 0x10, 0x0,
    0x0, 0xf, 0xfe, 0x0, 0x8f, 0xff, 0xff, 0xfd,
    0x20, 0x0, 0x0, 0xff, 0xe0, 0x5f, 0xff, 0xa8,
    0xef, 0xfc, 0x11, 0x11, 0x1f, 0xfe, 0xe, 0xff,
    0x50, 0x1, 0xdf, 0xff, 0xff, 0xff, 0xff, 0xe4,
    0xff, 0xb0, 0x0, 0x5, 0xff, 0xff, 0xff, 0xff,
    0xfe, 0x8f, 0xf6, 0x0, 0x0, 0xf, 0xff, 0x66,
    0x66, 0xff, 0xea, 0xff, 0x30, 0x0, 0x0, 0xdf,
    0xf0, 0x0, 0xf, 0xfe, 0xbf, 0xf2, 0x0, 0x0,
    0xb, 0xff, 0x20, 0x0, 0xff, 0xea, 0xff, 0x30,
    0x0, 0x0, 0xcf, 0xf1, 0x0, 0xf, 0xfe, 0x9f,
    0xf4, 0x0, 0x0, 0xd, 0xff, 0x0, 0x0, 0xff,
    0xe6, 0xff, 0x80, 0x0, 0x1, 0xff, 0xfd, 0xdd,
    0xdf, 0xfe, 0x2f, 0xfe, 0x0, 0x0, 0x8f, 0xff,
    0xff, 0xff, 0xff, 0xe0, 0xbf, 0xfa, 0x0, 0x5f,
    0xff, 0xaa, 0xaa, 0xaf, 0xfe, 0x2, 0xef, 0xff,
    0xef, 0xff, 0x70, 0x0, 0x0, 0xff, 0xe0, 0x3,
    0xdf, 0xff, 0xff, 0x80, 0x0, 0x0, 0xf, 0xfe,
    0x0, 0x0, 0x58, 0x97, 0x10, 0x0, 0x0, 0x0,
    0xff, 0xe0, 0x0, 0x0, 0x0, 0x0, 0x0, 0x0,
    0x0, 0xf, 0xfe, 0x0, 0x0, 0x0, 0x0, 0x0,
    0x0, 0x0, 0x0, 0xff, 0xe0, 0x0, 0x0, 0x0,
    0x0, 0x0, 0x0, 0x0, 0xf, 0xfe, 0x0, 0x0,
    0x0, 0x0, 0x0, 0x0, 0x0, 0x0, 0xff, 0xe0,
    0x0, 0x0, 0x0, 0x0, 0x0, 0x0, 0x0, 0xf,
    0xfe, 0x0, 0x0, 0x0, 0x0, 0x0, 0x0, 0x0,
    0x0, 0x99, 0x80,

    /* U+C5F0 "연" */
    0x0, 0x0, 0x0, 0x0, 0x0, 0x0, 0x0, 0x1,
    0xff, 0xd0, 0x0, 0x6, 0xbe, 0xfe, 0xc7, 0x10,
    0x0, 0x1, 0xff, 0xd0, 0x1, 0xcf, 0xff, 0xff,
    0xff, 0xe6, 0x55, 0x56, 0xff, 0xd0, 0xd, 0xff,
    0xe9, 0x7a, 0xff, 0xff, 0xff, 0xff, 0xff, 0xd0,
    0x6f, 0xfd, 0x10, 0x0, 0x2f, 0xff, 0xff, 0xff,
    0xff, 0xd0, 0xbf, 0xf4, 0x0, 0x0, 0x7, 0xff,
    0x80, 0x1, 0xff, 0xd0, 0xdf, 0xf1, 0x0, 0x0,
    0x4, 0xff, 0x90, 0x1, 0xff, 0xd0, 0xcf, 0xf2,
    0x0, 0x0, 0x5, 0xff, 0x80, 0x1, 0xff, 0xd0,
    0x9f, 0xf8, 0x0, 0x0, 0xa, 0xff, 0xee, 0xee,
    0xff, 0xd0, 0x3f, 0xff, 0x60, 0x0, 0x8f, 0xff,
    0xff, 0xff, 0xff, 0xd0, 0x8, 0xff, 0xff, 0xef,
    0xff, 0xf7, 0x66, 0x67, 0xff, 0xd0, 0x0, 0x6e,
    0xff, 0xff, 0xfd, 0x30, 0x0, 0x1, 0xff, 0xd0,
    0x0, 0x0, 0x58, 0x97, 0x40, 0x0, 0x0, 0x1,
    0xff, 0xd0, 0x0, 0x0, 0x0, 0x0, 0x0, 0x0,
    0x0, 0x1, 0xff, 0xd0, 0x0, 0x0, 0x67, 0x70,
    0x0, 0x0, 0x0, 0x1, 0xff, 0xd0, 0x0, 0x0,
    0xef, 0xf1, 0x0, 0x0, 0x0, 0x1, 0xff, 0xd0,
    0x0, 0x0, 0xef, 0xf1, 0x0, 0x0, 0x0, 0x0,
    0x55, 0x40, 0x0, 0x0, 0xef, 0xf1, 0x0, 0x0,
    0x0, 0x0, 0x0, 0x0, 0x0, 0x0, 0xef, 0xf1,
    0x0, 0x0, 0x0, 0x0, 0x0, 0x0, 0x0, 0x0,
    0xef, 0xf8, 0x77, 0x77, 0x77, 0x77, 0x77, 0x71,
    0x0, 0x0, 0xef, 0xff, 0xff, 0xff, 0xff, 0xff,
    0xff, 0xf2, 0x0, 0x0, 0xef, 0xff, 0xff, 0xff,
    0xff, 0xff, 0xff, 0xf2,

    /* U+C5F4 "열" */
    0x0, 0x6, 0xcf, 0xfd, 0x92, 0x0, 0x0, 0x1,
    0xff, 0xd0, 0x1, 0xcf, 0xff, 0xff, 0xff, 0x70,
    0x0, 0x1, 0xff, 0xd0, 0xc, 0xff, 0xe8, 0x7b,
    0xff, 0xff, 0xff, 0xff, 0xff, 0xd0, 0x5f, 0xfc,
    0x0, 0x0, 0x8f, 0xff, 0xff, 0xff, 0xff, 0xd0,
    0xaf, 0xf4, 0x0, 0x0, 0xe, 0xff, 0x54, 0x44,
    0xff, 0xd0, 0xcf, 0xf2, 0x0, 0x0, 0xc, 0xff,
    0x20, 0x1, 0xff, 0xd0, 0xbf, 0xf3, 0x0, 0x0,
    0xe, 0xff, 0x54, 0x45, 0xff, 0xd0, 0x8f, 0xfa,
    0x0, 0x0, 0x5f, 0xff, 0xff, 0xff, 0xff, 0xd0,
    0x2f, 0xff, 0xa4, 0x37, 0xff, 0xff, 0xff, 0xff,
    0xff, 0xd0, 0x7, 0xff, 0xff, 0xff, 0xff, 0x90,
    0x0, 0x1, 0xff, 0xd0, 0x0, 0x6f, 0xff, 0xff,
    0xf8, 0x0, 0x0, 0x1, 0xff, 0xd0, 0x0, 0x0,
    0x68, 0x97, 0x20, 0x0, 0x0, 0x1, 0x88, 0x70,
    0x0, 0x0, 0xdf, 0xff, 0xff, 0xff, 0xff, 0xff,
    0xff, 0xd0, 0x0, 0x0, 0xdf, 0xff, 0xff, 0xff,
    0xff, 0xff, 0xff, 0xd0, 0x0, 0x0, 0x57, 0x77,
    0x77, 0x77, 0x77, 0x77, 0xff, 0xd0, 0x0, 0x0,
    0x34, 0x44, 0x44, 0x44, 0x44, 0x44, 0xff, 0xd0,
    0x0, 0x0, 0xdf, 0xff, 0xff, 0xff, 0xff, 0xff,
    0xff, 0xd0, 0x0, 0x0, 0xdf, 0xff, 0xff, 0xff,
    0xff, 0xff, 0xff, 0xd0, 0x0, 0x0, 0xdf, 0xf1,
    0x0, 0x0, 0x0, 0x0, 0x0, 0x0, 0x0, 0x0,
    0xdf, 0xf8, 0x77, 0x77, 0x77, 0x77, 0x77, 0x72,
    0x0, 0x0, 0xdf, 0xff, 0xff, 0xff, 0xff, 0xff,
    0xff, 0xf6, 0x0, 0x0, 0xdf, 0xff, 0xff, 0xff,
    0xff, 0xff, 0xff, 0xf6,

    /* U+C601 "영" */
    0x0, 0x6, 0xcf, 0xfd, 0x92, 0x0, 0x0, 0x1,
    0xff, 0xd0, 0x1, 0xcf, 0xff, 0xff, 0xff, 0x50,
    0x0, 0x1, 0xff, 0xd0, 0xb, 0xff, 0xe9, 0x8c,
    0xff, 0xff, 0xff, 0xff, 0xff, 0xd0, 0x4f, 0xfd,
    0x10, 0x0, 0x8f, 0xff, 0xff, 0xff, 0xff, 0xd0,
    0x9f, 0xf5, 0x0, 0x0, 0xe, 0xff, 0x87, 0x77,
    0xff, 0xd0, 0xcf, 0xf2, 0x0, 0x0, 0xb, 0xff,
    0x30, 0x1, 0xff, 0xd0, 0xcf, 0xf3, 0x0, 0x0,
    0xc, 0xff, 0x20, 0x1, 0xff, 0xd0, 0xaf, 0xf7,
    0x0, 0x0, 0x1f, 0xff, 0x76, 0x67, 0xff, 0xd0,
    0x5f, 0xff, 0x40, 0x1, 0xbf, 0xff, 0xff, 0xff,
    0xff, 0xd0, 0xc, 0xff, 0xfd, 0xcf, 0xff, 0xff,
    0xff, 0xff, 0xff, 0xd0, 0x1, 0xdf, 0xff, 0xff,
    0xfe, 0x20, 0x0, 0x1, 0xff, 0xd0, 0x0, 0x7,
    0xdf, 0xfe, 0x81, 0x0, 0x0, 0x1, 0xff, 0xd0,
    0x0, 0x0, 0x0, 0x0, 0x3, 0x55, 0x54, 0x11,
    0xff, 0xd0, 0x0, 0x0, 0x0, 0x3b, 0xff, 0xff,
    0xff, 0xfd, 0x81, 0x0, 0x0, 0x0, 0x7, 0xff,
    0xff, 0xff, 0xff, 0xff, 0xfc, 0x10, 0x0, 0x0,
    0x3f, 0xff, 0x94, 0x10, 0x12, 0x6e, 0xff, 0xb0,
    0x0, 0x0, 0x9f, 0xf7, 0x0, 0x0, 0x0, 0x1,
    0xef, 0xf1, 0x0, 0x0, 0xbf, 0xf4, 0x0, 0x0,
    0x0, 0x0, 0xcf, 0xf2, 0x0, 0x0, 0x8f, 0xfc,
    0x10, 0x0, 0x0, 0x5, 0xff, 0xf0, 0x0, 0x0,
    0x1e, 0xff, 0xfa, 0x76, 0x78, 0xcf, 0xff, 0x70,
    0x0, 0x0, 0x2, 0xdf, 0xff, 0xff, 0xff, 0xff,
    0xf7, 0x0, 0x0, 0x0, 0x0, 0x5, 0xad, 0xff,
    0xfe, 0xb7, 0x10, 0x0,

    /* U+C606 "옆" */
    0x0, 0x6, 0xcf, 0xfd, 0x92, 0x0, 0x0, 0x0,
    0xff, 0xf0, 0x1, 0xcf, 0xff, 0xff, 0xff, 0x62,
    0x22, 0x22, 0xff, 0xf0, 0xc, 0xff, 0xe8, 0x8c,
    0xff, 0xff, 0xff, 0xff, 0xff, 0xf0, 0x5f, 0xfd,
    0x10, 0x0, 0xbf, 0xff, 0xff, 0xff, 0xff, 0xf0,
    0xaf, 0xf5, 0x0, 0x0, 0x2f, 0xff, 0x53, 0x33,
    0xff, 0xf0, 0xcf, 0xf2, 0x0, 0x0, 0xf, 0xff,
    0x40, 0x0, 0xff, 0xf0, 0xbf, 0xf3, 0x0, 0x0,
    0xf, 0xff, 0x30, 0x0, 0xff, 0xf0, 0x8f, 0xf8,
    0x0, 0x0, 0x5f, 0xff, 0xcc, 0xcc, 0xff, 0xf0,
    0x1f, 0xff, 0x60, 0x5, 0xef, 0xff, 0xff, 0xff,
    0xff, 0xf0, 0x5, 0xff, 0xff, 0xff, 0xff, 0xca,
    0xaa, 0xaa, 0xff, 0xf0, 0x0, 0x4e, 0xff, 0xff,
    0xf8, 0x0, 0x0, 0x0, 0xff, 0xf0, 0x0, 0x0,
    0x47, 0x75, 0x10, 0x0, 0x0, 0x0, 0xff, 0xf0,
    0x0, 0x0, 0x0, 0x0, 0x0, 0x0, 0x0, 0x0,
    0x89, 0x90, 0x0, 0x3, 0xff, 0xff, 0xff, 0xff,
    0xff, 0xff, 0xff, 0xf6, 0x0, 0x4, 0xff, 0xff,
    0xff, 0xff, 0xff, 0xff, 0xff, 0xf6, 0x0, 0x1,
    0x77, 0xdf, 0xf8, 0x77, 0x78, 0xff, 0xe7, 0x73,
    0x0, 0x0, 0x0, 0xcf, 0xf2, 0x0, 0x1, 0xff,
    0xc0, 0x0, 0x0, 0x0, 0x0, 0xcf, 0xf2, 0x0,
    0x1, 0xff, 0xc0, 0x0, 0x0, 0x0, 0x0, 0xcf,
    0xf2, 0x0, 0x1, 0xff, 0xc0, 0x0, 0x0, 0x3,
    0x77, 0xdf, 0xf8, 0x77, 0x78, 0xff, 0xd7, 0x74,
    0x0, 0x7, 0xff, 0xff, 0xff, 0xff, 0xff, 0xff,
    0xff, 0xfa, 0x0, 0x7, 0xff, 0xff, 0xff, 0xff,
    0xff, 0xff, 0xff, 0xfa,

    /* U+C608 "예" */
    0x0, 0x0, 0x0, 0x0, 0x0, 0x0, 0xe, 0xff,
    0xd, 0xff, 0x10, 0x0, 0x4b, 0xfe, 0xc4, 0x0,
    0x0, 0xef, 0xf0, 0xdf, 0xf1, 0x0, 0x5f, 0xff,
    0xff, 0xf7, 0x0, 0xe, 0xff, 0xd, 0xff, 0x10,
    0x1f, 0xff, 0x99, 0xff, 0xf3, 0x22, 0xef, 0xf0,
    0xdf, 0xf1, 0x7, 0xff, 0x70, 0x7, 0xff, 0xff,
    0xff, 0xff, 0xd, 0xff, 0x10, 0xcf, 0xf1, 0x0,
    0x1f, 0xff, 0xff, 0xff, 0xf0, 0xdf, 0xf1, 0xf,
    0xfd, 0x0, 0x0, 0xdf, 0xf5, 0x5e, 0xff, 0xd,
    0xff, 0x11, 0xff, 0xb0, 0x0, 0xb, 0xff, 0x20,
    0xef, 0xf0, 0xdf, 0xf1, 0x2f, 0xfa, 0x0, 0x0,
    0xbf, 0xf2, 0xe, 0xff, 0xd, 0xff, 0x12, 0xff,
    0xa0, 0x0, 0xb, 0xff, 0x20, 0xef, 0xf0, 0xdf,
    0xf1, 0x1f, 0xfb, 0x0, 0x0, 0xcf, 0xf1, 0xe,
    0xff, 0xd, 0xff, 0x10, 0xff, 0xe0, 0x0, 0xe,
    0xff, 0xbb, 0xff, 0xf0, 0xdf, 0xf1, 0xc, 0xff,
    0x20, 0x2, 0xff, 0xff, 0xff, 0xff, 0xd, 0xff,
    0x10, 0x7f, 0xf9, 0x0, 0x9f, 0xfd, 0xcc, 0xff,
    0xf0, 0xdf, 0xf1, 0x0, 0xef, 0xfc, 0xcf, 0xfe,
    0x0, 0xe, 0xff, 0xd, 0xff, 0x10, 0x4, 0xff,
    0xff, 0xff, 0x40, 0x0, 0xef, 0xf0, 0xdf, 0xf1,
    0x0, 0x2, 0x9c, 0xc9, 0x20, 0x0, 0xe, 0xff,
    0xd, 0xff, 0x10, 0x0, 0x0, 0x0, 0x0, 0x0,
    0x0, 0xef, 0xf0, 0xdf, 0xf1, 0x0, 0x0, 0x0,
    0x0, 0x0, 0x0, 0xe, 0xff, 0xd, 0xff, 0x10,
    0x0, 0x0, 0x0, 0x0, 0x0, 0x0, 0xef, 0xf0,
    0xdf, 0xf1, 0x0, 0x0, 0x0, 0x0, 0x0, 0x0,
    0xe, 0xff, 0xd, 0xff, 0x10, 0x0, 0x0, 0x0,
    0x0, 0x0, 0x0, 0xef, 0xf0, 0xdf, 0xf1, 0x0,
    0x0, 0x0, 0x0, 0x0, 0x0, 0x0, 0x0, 0x7,
    0x99, 0x0,

    /* U+C624 "오" */
    0x0, 0x0, 0x0, 0x5, 0xad, 0xff, 0xec, 0x82,
    0x0, 0x0, 0x0, 0x0, 0x0, 0x4, 0xef, 0xff,
    0xff, 0xff, 0xff, 0x90, 0x0, 0x0, 0x0, 0x0,
    0x5f, 0xff, 0xfa, 0x87, 0x9c, 0xff, 0xfb, 0x0,
    0x0, 0x0, 0x1, 0xff, 0xf9, 0x0, 0x0, 0x0,
    0x4e, 0xff, 0x70, 0x0, 0x0, 0x6, 0xff, 0xb0,
    0x0, 0x0, 0x0, 0x5, 0xff, 0xd0, 0x0, 0x0,
    0x8, 0xff, 0x70, 0x0, 0x0, 0x0, 0x0, 0xff,
    0xf0, 0x0, 0x0, 0x8, 0xff, 0x80, 0x0, 0x0,
    0x0, 0x1, 0xff, 0xe0, 0x0, 0x0, 0x4, 0xff,
    0xd0, 0x0, 0x0, 0x0, 0x8, 0xff, 0xb0, 0x0,
    0x0, 0x0, 0xdf, 0xfc, 0x40, 0x0, 0x2, 0x9f,
    0xff, 0x40, 0x0, 0x0, 0x0, 0x2e, 0xff, 0xff,
    0xdc, 0xef, 0xff, 0xf7, 0x0, 0x0, 0x0, 0x0,
    0x1, 0x9f, 0xff, 0xff, 0xff, 0xfd, 0x40, 0x0,
    0x0, 0x0, 0x0, 0x0, 0x1, 0x5a, 0xff, 0xd6,
    0x30, 0x0, 0x0, 0x0, 0x0, 0x0, 0x0, 0x0,
    0x4, 0xff, 0xb0, 0x0, 0x0, 0x0, 0x0, 0x0,
    0x0, 0x0, 0x0, 0x4, 0xff, 0xb0, 0x0, 0x0,
    0x0, 0x0, 0x0, 0x0, 0x0, 0x0, 0x4, 0xff,
    0xb0, 0x0, 0x0, 0x0, 0x0, 0x17, 0x77, 0x77,
    0x77, 0x79, 0xff, 0xd7, 0x77, 0x77, 0x77, 0x74,
    0x4f, 0xff, 0xff, 0xff, 0xff, 0xff, 0xff, 0xff,
    0xff, 0xff, 0xfb, 0x4f, 0xff, 0xff, 0xff, 0xff,
    0xff, 0xff, 0xff, 0xff, 0xff, 0xfb,

    /* U+C628 "온" */
    0x0, 0x0, 0x0, 0x27, 0xbe, 0xff, 0xed, 0x94,
    0x0, 0x0, 0x0, 0x0, 0x0, 0x8, 0xff, 0xff,
    0xff, 0xff, 0xff, 0xd2, 0x0, 0x0, 0x0, 0x0,
    0xaf, 0xff, 0xc8, 0x66, 0x7a, 0xef, 0xfe, 0x20,
    0x0, 0x0, 0x2, 0xff, 0xf3, 0x0, 0x0, 0x0,
    0xb, 0xff, 0x90, 0x0, 0x0, 0x5, 0xff, 0xa0,
    0x0, 0x0, 0x0, 0x3, 0xff, 0xc0, 0x0, 0x0,
    0x4, 0xff, 0xd0, 0x0, 0x0, 0x0, 0x6, 0xff,
    0xb0, 0x0, 0x0, 0x0, 0xef, 0xfd, 0x62, 0x11,
    0x24, 0x9f, 0xff, 0x50, 0x0, 0x0, 0x0, 0x3e,
    0xff, 0xff, 0xff, 0xff, 0xff, 0xf8, 0x0, 0x0,
    0x0, 0x0, 0x1, 0x8d, 0xff, 0xff, 0xff, 0xfa,
    0x30, 0x0, 0x0, 0x0, 0x0, 0x0, 0x0, 0x16,
    0xff, 0xc2, 0x0, 0x0, 0x0, 0x0, 0x0, 0x0,
    0x0, 0x0, 0x4, 0xff, 0xb0, 0x0, 0x0, 0x0,
    0x0, 0x4f, 0xff, 0xff, 0xff, 0xff, 0xff, 0xff,
    0xff, 0xff, 0xff, 0xfa, 0x4f, 0xff, 0xff, 0xff,
    0xff, 0xff, 0xff, 0xff, 0xff, 0xff, 0xfb, 0x28,
    0x88, 0x88, 0x88, 0x88, 0x88, 0x88, 0x88, 0x88,
    0x88, 0x85, 0x0, 0x0, 0x0, 0x0, 0x0, 0x0,
    0x0, 0x0, 0x0, 0x0, 0x0, 0x0, 0x1, 0x55,
    0x40, 0x0, 0x0, 0x0, 0x0, 0x0, 0x0, 0x0,
    0x0, 0x3, 0xff, 0xc0, 0x0, 0x0, 0x0, 0x0,
    0x0, 0x0, 0x0, 0x0, 0x3, 0xff, 0xc0, 0x0,
    0x0, 0x0, 0x0, 0x0, 0x0, 0x0, 0x0, 0x3,
    0xff, 0xc0, 0x0, 0x0, 0x0, 0x0, 0x0, 0x0,
    0x0, 0x0, 0x3, 0xff, 0xd7, 0x77, 0x77, 0x77,
    0x77, 0x77, 0x70, 0x0, 0x0, 0x3, 0xff, 0xff,
    0xff, 0xff, 0xff, 0xff, 0xff, 0xe0, 0x0, 0x0,
    0x3, 0xff, 0xff, 0xff, 0xff, 0xff, 0xff, 0xff,
    0xe0, 0x0,

    /* U+C62C "올" */
    0x0, 0x0, 0x0, 0x5a, 0xde, 0xff, 0xfd, 0xa6,
    0x10, 0x0, 0x0, 0x0, 0x0, 0x4e, 0xff, 0xff,
    0xff, 0xff, 0xff, 0xf6, 0x0, 0x0, 0x0, 0x1,
    0xff, 0xfc, 0x75, 0x44, 0x46, 0xbf, 0xff, 0x40,
    0x0, 0x0, 0x6, 0xff, 0xa0, 0x0, 0x0, 0x0,
    0x7, 0xff, 0x90, 0x0, 0x0, 0x4, 0xff, 0xd3,
    0x0, 0x0, 0x0, 0x2c, 0xff, 0x70, 0x0, 0x0,
    0x0, 0xaf, 0xff, 0xec, 0xbb, 0xce, 0xff, 0xfd,
    0x10, 0x0, 0x0, 0x0, 0x6, 0xdf, 0xff, 0xff,
    0xff, 0xfe, 0x80, 0x0, 0x0, 0x0, 0x0, 0x0,
    0x1, 0x49, 0xff, 0xb5, 0x20, 0x0, 0x0, 0x0,
    0x16, 0x66, 0x66, 0x66, 0x69, 0xff, 0xb6, 0x66,
    0x66, 0x66, 0x64, 0x4f, 0xff, 0xff, 0xff, 0xff,
    0xff, 0xff, 0xff, 0xff, 0xff, 0xfb, 0x3f, 0xff,
    0xff, 0xff, 0xff, 0xff, 0xff, 0xff, 0xff, 0xff,
    0xfa, 0x0, 0x0, 0x0, 0x0, 0x0, 0x0, 0x0,
    0x0, 0x0, 0x0, 0x0, 0x0, 0x3, 0xff, 0xff,
    0xff, 0xff, 0xff, 0xff, 0xff, 0x60, 0x0, 0x0,
    0x3, 0xff, 0xff, 0xff, 0xff, 0xff, 0xff, 0xff,
    0x60, 0x0, 0x0, 0x1, 0x77, 0x77, 0x77, 0x77,
    0x77, 0x7b, 0xff, 0x60, 0x0, 0x0, 0x0, 0x22,
    0x22, 0x22, 0x22, 0x22, 0x28, 0xff, 0x60, 0x0,
    0x0, 0x3, 0xff, 0xff, 0xff, 0xff, 0xff, 0xff,
    0xff, 0x60, 0x0, 0x0, 0x3, 0xff, 0xff, 0xff,
    0xff, 0xff, 0xff, 0xff, 0x60, 0x0, 0x0, 0x3,
    0xff, 0xb1, 0x11, 0x11, 0x11, 0x11, 0x11, 0x0,
    0x0, 0x0, 0x3, 0xff, 0xc6, 0x66, 0x66, 0x66,
    0x66, 0x66, 0x50, 0x0, 0x0, 0x3, 0xff, 0xff,
    0xff, 0xff, 0xff, 0xff, 0xff, 0xf0, 0x0, 0x0,
    0x3, 0xff, 0xff, 0xff, 0xff, 0xff, 0xff, 0xff,
    0xf0, 0x0,

    /* U+C635 "옵" */
    0x0, 0x0, 0x0, 0x49, 0xce, 0xff, 0xfd, 0xb6,
    0x10, 0x0, 0x0, 0x0, 0x0, 0x2c, 0xff, 0xff,
    0xff, 0xff, 0xff, 0xf6, 0x0, 0x0, 0x0, 0x0,
    0xdf, 0xfe, 0x85, 0x44, 0x47, 0xbf, 0xff, 0x50,
    0x0, 0x0, 0x4, 0xff, 0xd0, 0x0, 0x0, 0x0,
    0x7, 0xff, 0xb0, 0x0, 0x0, 0x5, 0xff, 0xa0,
    0x0, 0x0, 0x0, 0x3, 0xff, 0xc0, 0x0, 0x0,
    0x2, 0xff, 0xf8, 0x10, 0x0, 0x0, 0x4d, 0xff,
    0x90, 0x0, 0x0, 0x0, 0x7f, 0xff, 0xfe, 0xdd,
    0xdf, 0xff, 0xfd, 0x10, 0x0, 0x0, 0x0, 0x4,
    0xcf, 0xff, 0xff, 0xff, 0xfe, 0x80, 0x0, 0x0,
    0x0, 0x0, 0x0, 0x1, 0x48, 0xff, 0xd5, 0x20,
    0x0, 0x0, 0x0, 0x2, 0x22, 0x22, 0x22, 0x26,
    0xff, 0xb2, 0x22, 0x22, 0x22, 0x21, 0x4f, 0xff,
    0xff, 0xff, 0xff, 0xff, 0xff, 0xff, 0xff, 0xff,
    0xfb, 0x4f, 0xff, 0xff, 0xff, 0xff, 0xff, 0xff,
    0xff, 0xff, 0xff, 0xfb, 0x14, 0x44, 0x44, 0x44,
    0x44, 0x44, 0x44, 0x44, 0x44, 0x44, 0x43, 0x0,
    0x1, 0x66, 0x40, 0x0, 0x0, 0x0, 0x2, 0x66,
    0x40, 0x0, 0x0, 0x3, 0xff, 0xb0, 0x0, 0x0,
    0x0, 0x4, 0xff, 0xa0, 0x0, 0x0, 0x3, 0xff,
    0xff, 0xff, 0xff, 0xff, 0xff, 0xff, 0xa0, 0x0,
    0x0, 0x3, 0xff, 0xff, 0xff, 0xff, 0xff, 0xff,
    0xff, 0xa0, 0x0, 0x0, 0x3, 0xff, 0xd8, 0x88,
    0x88, 0x88, 0x8a, 0xff, 0xa0, 0x0, 0x0, 0x3,
    0xff, 0xb0, 0x0, 0x0, 0x0, 0x4, 0xff, 0xa0,
    0x0, 0x0, 0x3, 0xff, 0xd7, 0x77, 0x77, 0x77,
    0x79, 0xff, 0xa0, 0x0, 0x0, 0x3, 0xff, 0xff,
    0xff, 0xff, 0xff, 0xff, 0xff, 0xa0, 0x0, 0x0,
    0x3, 0xff, 0xff, 0xff, 0xff, 0xff, 0xff, 0xff,
    0xa0, 0x0,

    /* U+C640 "와" */
    0x0, 0x0, 0x0, 0x0, 0x0, 0x0, 0x0, 0x0,
    0xe, 0xff, 0x10, 0x0, 0x0, 0x0, 0x5, 0xbe,
    0xfe, 0xb5, 0x0, 0x0, 0xe, 0xff, 0x10, 0x0,
    0x0, 0x1, 0xcf, 0xff, 0xff, 0xff, 0xc1, 0x0,
    0xe, 0xff, 0x10, 0x0, 0x0, 0xd, 0xff, 0xfa,
    0x8a, 0xff, 0xfc, 0x0, 0xe, 0xff, 0x10, 0x0,
    0x0, 0x6f, 0xfe, 0x20, 0x0, 0x3f, 0xff, 0x50,
    0xe, 0xff, 0x10, 0x0, 0x0, 0xbf, 0xf6, 0x0,
    0x0, 0x7, 0xff, 0xa0, 0xe, 0xff, 0x10, 0x0,
    0x0, 0xdf, 0xf3, 0x0, 0x0, 0x4, 0xff, 0xb0,
    0xe, 0xff, 0x10, 0x0, 0x0, 0xcf, 0xf4, 0x0,
    0x0, 0x6, 0xff, 0xa0, 0xe, 0xff, 0x10, 0x0,
    0x0, 0x8f, 0xfc, 0x0, 0x0, 0xd, 0xff, 0x70,
    0xe, 0xff, 0x88, 0x84, 0x0, 0x1f, 0xff, 0xd6,
    0x46, 0xdf, 0xfe, 0x0, 0xe, 0xff, 0xff, 0xf9,
    0x0, 0x4, 0xff, 0xff, 0xff, 0xff, 0xe3, 0x0,
    0xe, 0xff, 0xff, 0xf8, 0x0, 0x0, 0x2a, 0xff,
    0xff, 0xfa, 0x10, 0x0, 0xe, 0xff, 0x10, 0x0,
    0x0, 0x0, 0x0, 0x1f, 0xfe, 0x0, 0x0, 0x0,
    0xe, 0xff, 0x10, 0x0, 0x0, 0x0, 0x0, 0xf,
    0xfe, 0x0, 0x0, 0x0, 0xe, 0xff, 0x10, 0x0,
    0x0, 0x0, 0x0, 0xf, 0xfe, 0x0, 0x0, 0x0,
    0xe, 0xff, 0x10, 0x0, 0x0, 0x0, 0x0, 0xf,
    0xfe, 0x11, 0x22, 0x34, 0xe, 0xff, 0x10, 0x0,
    0x4e, 0xef, 0xff, 0xff, 0xff, 0xff, 0xff, 0xff,
    0x3e, 0xff, 0x10, 0x0, 0x2f, 0xff, 0xff, 0xff,
    0xff, 0xff, 0xff, 0xff, 0x4e, 0xff, 0x10, 0x0,
    0x8, 0x88, 0x87, 0x77, 0x76, 0x65, 0x44, 0x32,
    0xe, 0xff, 0x10, 0x0, 0x0, 0x0, 0x0, 0x0,
    0x0, 0x0, 0x0, 0x0, 0xe, 0xff, 0x10, 0x0,
    0x0, 0x0, 0x0, 0x0, 0x0, 0x0, 0x0, 0x0,
    0xe, 0xff, 0x10, 0x0, 0x0, 0x0, 0x0, 0x0,
    0x0, 0x0, 0x0, 0x0, 0xe, 0xff, 0x10, 0x0,
    0x0, 0x0, 0x0, 0x0, 0x0, 0x0, 0x0, 0x0,
    0x8, 0x99, 0x0, 0x0,

    /* U+C644 "완" */
    0x0, 0x0, 0x4a, 0xef, 0xfd, 0x81, 0x0, 0x0,
    0xff, 0xf0, 0x0, 0x0, 0x0, 0xaf, 0xff, 0xff,
    0xff, 0xf4, 0x0, 0xf, 0xff, 0x0, 0x0, 0x0,
    0x8f, 0xff, 0xa7, 0x8c, 0xff, 0xf2, 0x0, 0xff,
    0xf0, 0x0, 0x0, 0xf, 0xff, 0x40, 0x0, 0x9,
    0xff, 0x90, 0xf, 0xff, 0x0, 0x0, 0x2, 0xff,
    0xc0, 0x0, 0x0, 0x2f, 0xfc, 0x0, 0xff, 0xf0,
    0x0, 0x0, 0x2f, 0xfc, 0x0, 0x0, 0x3, 0xff,
    0xc0, 0xf, 0xff, 0x0, 0x0, 0x0, 0xef, 0xf4,
    0x0, 0x0, 0xaf, 0xf7, 0x0, 0xff, 0xf7, 0x77,
    0x20, 0x6, 0xff, 0xfa, 0x88, 0xdf, 0xfd, 0x10,
    0xf, 0xff, 0xff, 0xf4, 0x0, 0x6, 0xff, 0xff,
    0xff, 0xfb, 0x10, 0x0, 0xff, 0xff, 0xff, 0x40,
    0x0, 0x1, 0x6f, 0xff, 0x82, 0x0, 0x0, 0xf,
    0xff, 0x0, 0x0, 0x0, 0x0, 0x0, 0xef, 0xf1,
    0x0, 0x0, 0x0, 0xff, 0xf0, 0x0, 0x4, 0x44,
    0x45, 0x5e, 0xff, 0x77, 0x88, 0x9a, 0x2f, 0xff,
    0x0, 0x0, 0xdf, 0xff, 0xff, 0xff, 0xff, 0xff,
    0xff, 0xf4, 0xff, 0xf0, 0x0, 0xb, 0xff, 0xff,
    0xff, 0xff, 0xff, 0xee, 0xdc, 0x4f, 0xff, 0x0,
    0x0, 0x12, 0x22, 0x21, 0x11, 0x0, 0x0, 0x0,
    0x0, 0xff, 0xf0, 0x0, 0x0, 0x0, 0x6, 0x77,
    0x0, 0x0, 0x0, 0x0, 0xf, 0xff, 0x0, 0x0,
    0x0, 0x0, 0xef, 0xf0, 0x0, 0x0, 0x0, 0x0,
    0x44, 0x40, 0x0, 0x0, 0x0, 0xe, 0xff, 0x0,
    0x0, 0x0, 0x0, 0x0, 0x0, 0x0, 0x0, 0x0,
    0x0, 0xef, 0xf0, 0x0, 0x0, 0x0, 0x0, 0x0,
    0x0, 0x0, 0x0, 0x0, 0xe, 0xff, 0x77, 0x77,
    0x77, 0x77, 0x77, 0x77, 0x20, 0x0, 0x0, 0x0,
    0xef, 0xff, 0xff, 0xff, 0xff, 0xff, 0xff, 0xf4,
    0x0, 0x0, 0x0, 0xe, 0xff, 0xff, 0xff, 0xff,
    0xff, 0xff, 0xff, 0x40, 0x0,

    /* U+C654 "왔" */
    0x0, 0x0, 0x5b, 0xef, 0xfd, 0x81, 0x0, 0x0,
    0xff, 0xf0, 0x0, 0x0, 0x0, 0xbf, 0xff, 0xff,
    0xff, 0xf5, 0x0, 0xf, 0xff, 0x0, 0x0, 0x0,
    0xaf, 0xfe, 0x86, 0x7b, 0xff, 0xf2, 0x0, 0xff,
    0xf0, 0x0, 0x0, 0x1f, 0xfe, 0x10, 0x0, 0x8,
    0xff, 0x80, 0xf, 0xff, 0x0, 0x0, 0x2, 0xff,
    0xc0, 0x0, 0x0, 0x5f, 0xfa, 0x0, 0xff, 0xf0,
    0x0, 0x0, 0xf, 0xff, 0x60, 0x0, 0x2c, 0xff,
    0x70, 0xf, 0xff, 0x0, 0x0, 0x0, 0x8f, 0xff,
    0xec, 0xdf, 0xff, 0xe1, 0x0, 0xff, 0xff, 0xff,
    0x40, 0x0, 0x8f, 0xff, 0xff, 0xff, 0xd2, 0x0,
    0xf, 0xff, 0xff, 0xf4, 0x0, 0x0, 0x27, 0xef,
    0xfa, 0x40, 0x0, 0x0, 0xff, 0xf7, 0x77, 0x20,
    0x0, 0x0, 0xc, 0xff, 0x31, 0x12, 0x33, 0xf,
    0xff, 0x0, 0x0, 0xde, 0xee, 0xff, 0xff, 0xff,
    0xff, 0xff, 0xf2, 0xff, 0xf0, 0x0, 0xc, 0xff,
    0xff, 0xff, 0xff, 0xff, 0xff, 0xff, 0x4f, 0xff,
    0x0, 0x0, 0x68, 0x88, 0x88, 0x77, 0x66, 0x54,
    0x43, 0x20, 0xff, 0xf0, 0x0, 0x0, 0x0, 0x0,
    0x0, 0x0, 0x0, 0x0, 0x0, 0x9, 0xa9, 0x0,
    0x0, 0x0, 0x0, 0x1, 0xbb, 0x80, 0x0, 0x0,
    0x9c, 0xc0, 0x0, 0x0, 0x0, 0x0, 0x0, 0x2f,
    0xfd, 0x0, 0x0, 0xd, 0xff, 0x20, 0x0, 0x0,
    0x0, 0x0, 0x6, 0xff, 0xf4, 0x0, 0x0, 0xff,
    0xf5, 0x0, 0x0, 0x0, 0x0, 0x0, 0xcf, 0xff,
    0xe3, 0x0, 0x7f, 0xff, 0xc0, 0x0, 0x0, 0x0,
    0x0, 0x8f, 0xfe, 0xff, 0xf5, 0x3f, 0xff, 0xff,
    0xa0, 0x0, 0x0, 0x0, 0x9f, 0xfe, 0x1a, 0xf6,
    0x4e, 0xff, 0x9f, 0xff, 0xc3, 0x0, 0x4, 0xdf,
    0xfe, 0x20, 0x3, 0xbf, 0xff, 0x90, 0x4f, 0xff,
    0xf5, 0x0, 0xb, 0xfd, 0x20, 0x0, 0x8, 0xff,
    0x80, 0x0, 0x2d, 0xf8, 0x0, 0x0, 0x6, 0x0,
    0x0, 0x0, 0x6, 0x40, 0x0, 0x0, 0x4, 0x0,
    0x0,

    /* U+C678 "외" */
    0x0, 0x0, 0x0, 0x0, 0x0, 0x0, 0x0, 0x0,
    0xd, 0xff, 0x10, 0x0, 0x1, 0x8d, 0xff, 0xd9,
    0x20, 0x0, 0x0, 0xdf, 0xf1, 0x0, 0x5, 0xff,
    0xff, 0xff, 0xff, 0x50, 0x0, 0xd, 0xff, 0x10,
    0x3, 0xff, 0xfd, 0x88, 0xdf, 0xff, 0x40, 0x0,
    0xdf, 0xf1, 0x0, 0xcf, 0xfa, 0x0, 0x0, 0xaf,
    0xfc, 0x0, 0xd, 0xff, 0x10, 0x1f, 0xff, 0x0,
    0x0, 0x0, 0xff, 0xf1, 0x0, 0xdf, 0xf1, 0x3,
    0xff, 0xd0, 0x0, 0x0, 0xd, 0xff, 0x30, 0xd,
    0xff, 0x10, 0x2f, 0xfe, 0x0, 0x0, 0x0, 0xef,
    0xf2, 0x0, 0xdf, 0xf1, 0x0, 0xef, 0xf5, 0x0,
    0x0, 0x5f, 0xfe, 0x0, 0xd, 0xff, 0x10, 0x7,
    0xff, 0xf8, 0x33, 0x7f, 0xff, 0x80, 0x0, 0xdf,
    0xf1, 0x0, 0x9, 0xff, 0xff, 0xff, 0xff, 0xc0,
    0x0, 0xd, 0xff, 0x10, 0x0, 0x5, 0xdf, 0xff,
    0xff, 0x80, 0x0, 0x0, 0xdf, 0xf1, 0x0, 0x0,
    0x0, 0x4f, 0xfc, 0x0, 0x0, 0x0, 0xd, 0xff,
    0x10, 0x0, 0x0, 0x3, 0xff, 0xc0, 0x0, 0x0,
    0x0, 0xdf, 0xf1, 0x0, 0x0, 0x0, 0x3f, 0xfc,
    0x0, 0x0, 0x0, 0xd, 0xff, 0x10, 0x0, 0x0,
    0x3, 0xff, 0xc0, 0x1, 0x12, 0x31, 0xdf, 0xf1,
    0xde, 0xee, 0xff, 0xff, 0xff, 0xff, 0xff, 0xff,
    0x5d, 0xff, 0x1c, 0xff, 0xff, 0xff, 0xff, 0xff,
    0xff, 0xff, 0xf6, 0xdf, 0xf1, 0x58, 0x88, 0x88,
    0x77, 0x76, 0x66, 0x54, 0x43, 0x1d, 0xff, 0x10,
    0x0, 0x0, 0x0, 0x0, 0x0, 0x0, 0x0, 0x0,
    0xdf, 0xf1, 0x0, 0x0, 0x0, 0x0, 0x0, 0x0,
    0x0, 0x0, 0xd, 0xff, 0x10, 0x0, 0x0, 0x0,
    0x0, 0x0, 0x0, 0x0, 0x0, 0xdf, 0xf1, 0x0,
    0x0, 0x0, 0x0, 0x0, 0x0, 0x0, 0x0, 0x8,
    0x99, 0x0,

    /* U+C694 "요" */
    0x0, 0x0, 0x0, 0x6, 0xad, 0xff, 0xec, 0x82,
    0x0, 0x0, 0x0, 0x0, 0x0, 0x5, 0xef, 0xff,
    0xff, 0xff, 0xff, 0x90, 0x0, 0x0, 0x0, 0x0,
    0x6f, 0xff, 0xfa, 0x87, 0x9c, 0xff, 0xfc, 0x0,
    0x0, 0x0, 0x1, 0xff, 0xf8, 0x0, 0x0, 0x0,
    0x4e, 0xff, 0x70, 0x0, 0x0, 0x6, 0xff, 0xb0,
    0x0, 0x0, 0x0, 0x5, 0xff, 0xd0, 0x0, 0x0,
    0x8, 0xff, 0x70, 0x0, 0x0, 0x0, 0x0, 0xff,
    0xf0, 0x0, 0x0, 0x7, 0xff, 0x80, 0x0, 0x0,
    0x0, 0x1, 0xff, 0xe0, 0x0, 0x0, 0x4, 0xff,
    0xe1, 0x0, 0x0, 0x0, 0x9, 0xff, 0xa0, 0x0,
    0x0, 0x0, 0xcf, 0xfd, 0x60, 0x0, 0x3, 0xbf,
    0xff, 0x30, 0x0, 0x0, 0x0, 0x1d, 0xff, 0xff,
    0xfe, 0xff, 0xff, 0xf5, 0x0, 0x0, 0x0, 0x0,
    0x0, 0xff, 0xff, 0xff, 0xff, 0xff, 0x70, 0x0,
    0x0, 0x0, 0x0, 0x0, 0xff, 0xe6, 0x88, 0x7a,
    0xff, 0x70, 0x0, 0x0, 0x0, 0x0, 0x0, 0xff,
    0xe0, 0x0, 0x7, 0xff, 0x70, 0x0, 0x0, 0x0,
    0x0, 0x0, 0xff, 0xe0, 0x0, 0x7, 0xff, 0x70,
    0x0, 0x0, 0x0, 0x0, 0x0, 0xff, 0xe0, 0x0,
    0x7, 0xff, 0x70, 0x0, 0x0, 0x17, 0x77, 0x77,
    0xff, 0xf7, 0x77, 0x7b, 0xff, 0xa7, 0x77, 0x74,
    0x4f, 0xff, 0xff, 0xff, 0xff, 0xff, 0xff, 0xff,
    0xff, 0xff, 0xfb, 0x4f, 0xff, 0xff, 0xff, 0xff,
    0xff, 0xff, 0xff, 0xff, 0xff, 0xfb,

    /* U+C6A9 "용" */
    0x0, 0x0, 0x0, 0x49, 0xce, 0xff, 0xfd, 0xb7,
    0x10, 0x0, 0x0, 0x0, 0x0, 0x2d, 0xff, 0xff,
    0xff, 0xff, 0xff, 0xf6, 0x0, 0x0, 0x0, 0x0,
    0xef, 0xfe, 0x85, 0x44, 0x47, 0xbf, 0xff, 0x50,
    0x0, 0x0, 0x4, 0xff, 0xd0, 0x0, 0x0, 0x0,
    0x7, 0xff, 0xb0, 0x0, 0x0, 0x5, 0xff, 0xa0,
    0x0, 0x0, 0x0, 0x3, 0xff, 0xc0, 0x0, 0x0,
    0x1, 0xff, 0xf8, 0x20, 0x0, 0x0, 0x4d, 0xff,
    0x80, 0x0, 0x0, 0x0, 0x6f, 0xff, 0xff, 0xed,
    0xef, 0xff, 0xfc, 0x10, 0x0, 0x0, 0x0, 0x3,
    0xff, 0xff, 0xff, 0xff, 0xff, 0x90, 0x0, 0x0,
    0x0, 0x0, 0x0, 0xff, 0xe5, 0x66, 0x5a, 0xff,
    0x60, 0x0, 0x0, 0x0, 0x0, 0x0, 0xff, 0xe0,
    0x0, 0x8, 0xff, 0x60, 0x0, 0x0, 0x3d, 0xdd,
    0xdd, 0xff, 0xfd, 0xdd, 0xde, 0xff, 0xed, 0xdd,
    0xd9, 0x4f, 0xff, 0xff, 0xff, 0xff, 0xff, 0xff,
    0xff, 0xff, 0xff, 0xfb, 0x2a, 0xaa, 0xaa, 0xaa,
    0xaa, 0xaa, 0xaa, 0xaa, 0xaa, 0xaa, 0xa7, 0x0,
    0x0, 0x0, 0x2, 0x57, 0x88, 0x86, 0x40, 0x0,
    0x0, 0x0, 0x0, 0x0, 0x5, 0xdf, 0xff, 0xff,
    0xff, 0xff, 0x91, 0x0, 0x0, 0x0, 0x0, 0x9f,
    0xff, 0xff, 0xed, 0xef, 0xff, 0xfe, 0x10, 0x0,
    0x0, 0x3, 0xff, 0xf7, 0x10, 0x0, 0x0, 0x4c,
    0xff, 0xa0, 0x0, 0x0, 0x6, 0xff, 0x90, 0x0,
    0x0, 0x0, 0x2, 0xff, 0xd0, 0x0, 0x0, 0x5,
    0xff, 0xd0, 0x0, 0x0, 0x0, 0x6, 0xff, 0xc0,
    0x0, 0x0, 0x0, 0xef, 0xfe, 0x96, 0x54, 0x57,
    0xcf, 0xff, 0x60, 0x0, 0x0, 0x0, 0x3e, 0xff,
    0xff, 0xff, 0xff, 0xff, 0xf8, 0x0, 0x0, 0x0,
    0x0, 0x0, 0x6b, 0xef, 0xff, 0xff, 0xc8, 0x20,
    0x0, 0x0, 0x0, 0x0, 0x0, 0x0, 0x0, 0x11,
    0x0, 0x0, 0x0, 0x0, 0x0,

    /* U+C6B0 "우" */
    0x0, 0x0, 0x0, 0x17, 0xbe, 0xff, 0xec, 0x93,
    0x0, 0x0, 0x0, 0x0, 0x0, 0x6, 0xff, 0xff,
    0xff, 0xff, 0xff, 0xb1, 0x0, 0x0, 0x0, 0x0,
    0x7f, 0xff, 0xc7, 0x55, 0x7a, 0xff, 0xfd, 0x0,
    0x0, 0x0, 0x0, 0xff, 0xf5, 0x0, 0x0, 0x0,
    0x2e, 0xff, 0x60, 0x0, 0x0, 0x4, 0xff, 0xc0,
    0x0, 0x0, 0x0, 0x6, 0xff, 0xa0, 0x0, 0x0,
    0x4, 0xff, 0xc0, 0x0, 0x0, 0x0, 0x6, 0xff,
    0xa0, 0x0, 0x0, 0x1, 0xff, 0xf5, 0x0, 0x0,
    0x0, 0x1d, 0xff, 0x60, 0x0, 0x0, 0x0, 0x8f,
    0xff, 0xb7, 0x55, 0x69, 0xff, 0xfe, 0x0, 0x0,
    0x0, 0x0, 0x9, 0xff, 0xff, 0xff, 0xff, 0xff,
    0xd2, 0x0, 0x0, 0x0, 0x0, 0x0, 0x39, 0xef,
    0xff, 0xff, 0xc6, 0x0, 0x0, 0x0, 0x0, 0x0,
    0x0, 0x0, 0x1, 0x22, 0x10, 0x0, 0x0, 0x0,
    0x0, 0x0, 0x0, 0x0, 0x0, 0x0, 0x0, 0x0,
    0x0, 0x0, 0x0, 0x0, 0x4f, 0xff, 0xff, 0xff,
    0xff, 0xff, 0xff, 0xff, 0xff, 0xff, 0xfb, 0x4f,
    0xff, 0xff, 0xff, 0xff, 0xff, 0xff, 0xff, 0xff,
    0xff, 0xfb, 0x17, 0x77, 0x77, 0x77, 0x79, 0xff,
    0xd7, 0x77, 0x77, 0x77, 0x75, 0x0, 0x0, 0x0,
    0x0, 0x4, 0xff, 0xb0, 0x0, 0x0, 0x0, 0x0,
    0x0, 0x0, 0x0, 0x0, 0x4, 0xff, 0xb0, 0x0,
    0x0, 0x0, 0x0, 0x0, 0x0, 0x0, 0x0, 0x4,
    0xff, 0xb0, 0x0, 0x0, 0x0, 0x0, 0x0, 0x0,
    0x0, 0x0, 0x4, 0xff, 0xb0, 0x0, 0x0, 0x0,
    0x0, 0x0, 0x0, 0x0, 0x0, 0x4, 0xff, 0xb0,
    0x0, 0x0, 0x0, 0x0, 0x0, 0x0, 0x0, 0x0,
    0x4, 0xff, 0xb0, 0x0, 0x0, 0x0, 0x0, 0x0,
    0x0, 0x0, 0x0, 0x4, 0xff, 0xb0, 0x0, 0x0,
    0x0, 0x0, 0x0, 0x0, 0x0, 0x0, 0x0, 0x11,
    0x10, 0x0, 0x0, 0x0, 0x0,

    /* U+C6B4 "운" */
    0x0, 0x0, 0x0, 0x27, 0xbe, 0xff, 0xed, 0x94,
    0x0, 0x0, 0x0, 0x0, 0x0, 0x8, 0xff, 0xff,
    0xff, 0xff, 0xff, 0xd2, 0x0, 0x0, 0x0, 0x0,
    0xaf, 0xff, 0xc8, 0x66, 0x7a, 0xef, 0xfe, 0x20,
    0x0, 0x0, 0x2, 0xff, 0xf3, 0x0, 0x0, 0x0,
    0xb, 0xff, 0x90, 0x0, 0x0, 0x5, 0xff, 0xa0,
    0x0, 0x0, 0x0, 0x3, 0xff, 0xc0, 0x0, 0x0,
    0x4, 0xff, 0xd0, 0x0, 0x0, 0x0, 0x6, 0xff,
    0xb0, 0x0, 0x0, 0x0, 0xef, 0xfd, 0x62, 0x11,
    0x24, 0x9f, 0xff, 0x50, 0x0, 0x0, 0x0, 0x3e,
    0xff, 0xff, 0xff, 0xff, 0xff, 0xf8, 0x0, 0x0,
    0x0, 0x0, 0x1, 0x8d, 0xff, 0xff, 0xff, 0xfa,
    0x30, 0x0, 0x0, 0x0, 0x0, 0x0, 0x0, 0x14,
    0x55, 0x42, 0x0, 0x0, 0x0, 0x0, 0x1, 0x11,
    0x11, 0x11, 0x11, 0x11, 0x11, 0x11, 0x11, 0x11,
    0x10, 0x4f, 0xff, 0xff, 0xff, 0xff, 0xff, 0xff,
    0xff, 0xff, 0xff, 0xfb, 0x4f, 0xff, 0xff, 0xff,
    0xff, 0xff, 0xff, 0xff, 0xff, 0xff, 0xfb, 0x16,
    0x66, 0x66, 0x66, 0x69, 0xff, 0xd6, 0x66, 0x66,
    0x66, 0x64, 0x0, 0x0, 0x0, 0x0, 0x4, 0xff,
    0xb0, 0x0, 0x0, 0x0, 0x0, 0x0, 0x1, 0x55,
    0x40, 0x4, 0xff, 0xb0, 0x0, 0x0, 0x0, 0x0,
    0x0, 0x3, 0xff, 0xc0, 0x4, 0xff, 0xb0, 0x0,
    0x0, 0x0, 0x0, 0x0, 0x3, 0xff, 0xc0, 0x0,
    0x11, 0x10, 0x0, 0x0, 0x0, 0x0, 0x0, 0x3,
    0xff, 0xc0, 0x0, 0x0, 0x0, 0x0, 0x0, 0x0,
    0x0, 0x0, 0x3, 0xff, 0xd7, 0x77, 0x77, 0x77,
    0x77, 0x77, 0x70, 0x0, 0x0, 0x3, 0xff, 0xff,
    0xff, 0xff, 0xff, 0xff, 0xff, 0xe0, 0x0, 0x0,
    0x3, 0xff, 0xff, 0xff, 0xff, 0xff, 0xff, 0xff,
    0xe0, 0x0,

    /* U+C6C0 "움" */
    0x0, 0x0, 0x0, 0x49, 0xce, 0xff, 0xfd, 0xb7,
    0x10, 0x0, 0x0, 0x0, 0x0, 0x2d, 0xff, 0xff,
    0xff, 0xff, 0xff, 0xf6, 0x0, 0x0, 0x0, 0x0,
    0xdf, 0xfe, 0x85, 0x44, 0x47, 0xbf, 0xff, 0x50,
    0x0, 0x0, 0x4, 0xff, 0xd0, 0x0, 0x0, 0x0,
    0x7, 0xff, 0xb0, 0x0, 0x0, 0x5, 0xff, 0xa0,
    0x0, 0x0, 0x0, 0x3, 0xff, 0xc0, 0x0, 0x0,
    0x2, 0xff, 0xf8, 0x20, 0x0, 0x0, 0x4d, 0xff,
    0x80, 0x0, 0x0, 0x0, 0x6f, 0xff, 0xff, 0xed,
    0xef, 0xff, 0xfc, 0x0, 0x0, 0x0, 0x0, 0x3,
    0xbf, 0xff, 0xff, 0xff, 0xfd, 0x70, 0x0, 0x0,
    0x0, 0x0, 0x0, 0x0, 0x35, 0x66, 0x64, 0x20,
    0x0, 0x0, 0x0, 0x15, 0x55, 0x55, 0x55, 0x55,
    0x55, 0x55, 0x55, 0x55, 0x55, 0x53, 0x4f, 0xff,
    0xff, 0xff, 0xff, 0xff, 0xff, 0xff, 0xff, 0xff,
    0xfb, 0x4f, 0xff, 0xff, 0xff, 0xff, 0xff, 0xff,
    0xff, 0xff, 0xff, 0xfb, 0x2, 0x22, 0x22, 0x22,
    0x25, 0xff, 0xb2, 0x22, 0x22, 0x22, 0x21, 0x0,
    0x0, 0x44, 0x44, 0x47, 0xff, 0xc4, 0x44, 0x44,
    0x20, 0x0, 0x0, 0x2, 0xff, 0xff, 0xff, 0xff,
    0xff, 0xff, 0xff, 0x90, 0x0, 0x0, 0x2, 0xff,
    0xff, 0xff, 0xff, 0xff, 0xff, 0xff, 0x90, 0x0,
    0x0, 0x2, 0xff, 0xc2, 0x22, 0x22, 0x22, 0x26,
    0xff, 0x90, 0x0, 0x0, 0x2, 0xff, 0xc0, 0x0,
    0x0, 0x0, 0x5, 0xff, 0x90, 0x0, 0x0, 0x2,
    0xff, 0xc0, 0x0, 0x0, 0x0, 0x5, 0xff, 0x90,
    0x0, 0x0, 0x2, 0xff, 0xd7, 0x77, 0x77, 0x77,
    0x79, 0xff, 0x90, 0x0, 0x0, 0x2, 0xff, 0xff,
    0xff, 0xff, 0xff, 0xff, 0xff, 0x90, 0x0, 0x0,
    0x2, 0xff, 0xff, 0xff, 0xff, 0xff, 0xff, 0xff,
    0x90, 0x0,

    /* U+C6CC "워" */
    0x0, 0x0, 0x3a, 0xdf, 0xfd, 0x81, 0x0, 0x0,
    0xf, 0xfe, 0x0, 0x6, 0xff, 0xff, 0xff, 0xfe,
    0x30, 0x0, 0xf, 0xfe, 0x0, 0x3f, 0xff, 0xa6,
    0x7c, 0xff, 0xe1, 0x0, 0xf, 0xfe, 0x0, 0xaf,
    0xf6, 0x0, 0x0, 0xaf, 0xf6, 0x0, 0xf, 0xfe,
    0x0, 0xdf, 0xf0, 0x0, 0x0, 0x4f, 0xf9, 0x0,
    0xf, 0xfe, 0x0, 0xcf, 0xf2, 0x0, 0x0, 0x6f,
    0xf8, 0x0, 0xf, 0xfe, 0x0, 0x8f, 0xfc, 0x20,
    0x4, 0xef, 0xf3, 0x0, 0xf, 0xfe, 0x0, 0xd,
    0xff, 0xfe, 0xff, 0xff, 0x90, 0x0, 0xf, 0xfe,
    0x0, 0x1, 0xaf, 0xff, 0xff, 0xf7, 0x0, 0x0,
    0xf, 0xfe, 0x0, 0x0, 0x2, 0x57, 0x74, 0x0,
    0x0, 0x0, 0xf, 0xfe, 0x0, 0x0, 0x0, 0x0,
    0x0, 0x0, 0x12, 0x21, 0xf, 0xfe, 0xce, 0xee,
    0xee, 0xef, 0xff, 0xff, 0xff, 0xf9, 0xf, 0xfe,
    0xcf, 0xff, 0xff, 0xff, 0xff, 0xff, 0xff, 0xfa,
    0xf, 0xfe, 0x7a, 0xaa, 0x99, 0xef, 0xf8, 0x76,
    0x65, 0x43, 0xf, 0xfe, 0x0, 0x0, 0x0, 0xdf,
    0xf1, 0x0, 0x34, 0x44, 0x5f, 0xfe, 0x0, 0x0,
    0x0, 0xdf, 0xf1, 0x0, 0xef, 0xff, 0xff, 0xfe,
    0x0, 0x0, 0x0, 0xdf, 0xf1, 0x0, 0xef, 0xff,
    0xff, 0xfe, 0x0, 0x0, 0x0, 0xdf, 0xf1, 0x0,
    0x23, 0x33, 0x3f, 0xfe, 0x0, 0x0, 0x0, 0xdf,
    0xf1, 0x0, 0x0, 0x0, 0xf, 0xfe, 0x0, 0x0,
    0x0, 0xdf, 0xf1, 0x0, 0x0, 0x0, 0xf, 0xfe,
    0x0, 0x0, 0x0, 0xdf, 0xf1, 0x0, 0x0, 0x0,
    0xf, 0xfe, 0x0, 0x0, 0x0, 0xdf, 0xf1, 0x0,
    0x0, 0x0, 0xf, 0xfe, 0x0, 0x0, 0x0, 0x0,
    0x0, 0x0, 0x0, 0x0, 0x9, 0x98,

    /* U+C6D0 "원" */
    0x0, 0x0, 0x3a, 0xdf, 0xfe, 0xb6, 0x0, 0x0,
    0x3f, 0xfb, 0x0, 0x0, 0x9f, 0xff, 0xff, 0xff,
    0xfc, 0x10, 0x3, 0xff, 0xb0, 0x0, 0x6f, 0xff,
    0x85, 0x58, 0xef, 0xfa, 0x0, 0x3f, 0xfb, 0x0,
    0xc, 0xff, 0x40, 0x0, 0x4, 0xff, 0xf0, 0x3,
    0xff, 0xb0, 0x0, 0xcf, 0xf3, 0x0, 0x0, 0x3f,
    0xff, 0x0, 0x3f, 0xfb, 0x0, 0x7, 0xff, 0xd5,
    0x22, 0x5d, 0xff, 0xb0, 0x3, 0xff, 0xb0, 0x0,
    0xb, 0xff, 0xff, 0xff, 0xff, 0xd2, 0x0, 0x3f,
    0xfb, 0x0, 0x0, 0x6, 0xcf, 0xff, 0xfd, 0x80,
    0x0, 0x3, 0xff, 0xb0, 0x0, 0x0, 0x0, 0x1,
    0x10, 0x0, 0x1, 0x21, 0x3f, 0xfb, 0x4, 0xcc,
    0xcc, 0xcd, 0xdd, 0xee, 0xff, 0xff, 0x73, 0xff,
    0xb0, 0x3f, 0xff, 0xff, 0xff, 0xff, 0xff, 0xff,
    0xf9, 0x3f, 0xfb, 0x0, 0xcc, 0xcb, 0xba, 0xef,
    0xf8, 0x76, 0x54, 0x23, 0xff, 0xb0, 0x0, 0x0,
    0x0, 0xc, 0xff, 0x10, 0x23, 0x33, 0x6f, 0xfb,
    0x0, 0x0, 0x0, 0x0, 0xcf, 0xf1, 0x9, 0xff,
    0xff, 0xff, 0xb0, 0x0, 0x0, 0x0, 0xc, 0xff,
    0x10, 0x9f, 0xff, 0xff, 0xfb, 0x0, 0x0, 0x1f,
    0xfb, 0xcf, 0xf1, 0x0, 0x0, 0x4, 0xff, 0xb0,
    0x0, 0x1, 0xff, 0xb2, 0x33, 0x0, 0x0, 0x0,
    0x3f, 0xfb, 0x0, 0x0, 0x1f, 0xfb, 0x0, 0x0,
    0x0, 0x0, 0x0, 0x33, 0x20, 0x0, 0x1, 0xff,
    0xb0, 0x0, 0x0, 0x0, 0x0, 0x0, 0x0, 0x0,
    0x0, 0x1f, 0xfd, 0x77, 0x77, 0x77, 0x77, 0x77,
    0x77, 0x70, 0x0, 0x1, 0xff, 0xff, 0xff, 0xff,
    0xff, 0xff, 0xff, 0xff, 0x0, 0x0, 0x1f, 0xff,
    0xff, 0xff, 0xff, 0xff, 0xff, 0xff, 0xf0,

    /* U+C6E8 "웨" */
    0x0, 0x0, 0x0, 0x0, 0x0, 0x0, 0x1, 0xff,
    0xd0, 0xff, 0xf0, 0x0, 0x7, 0xcf, 0xfd, 0x81,
    0x0, 0x1f, 0xfd, 0xf, 0xff, 0x0, 0x1d, 0xff,
    0xff, 0xff, 0xe3, 0x1, 0xff, 0xd0, 0xff, 0xf0,
    0x9, 0xff, 0xd6, 0x5b, 0xff, 0xd0, 0x1f, 0xfd,
    0xf, 0xff, 0x0, 0xef, 0xe1, 0x0, 0xb, 0xff,
    0x31, 0xff, 0xd0, 0xff, 0xf0, 0xf, 0xfc, 0x0,
    0x0, 0x8f, 0xf3, 0x1f, 0xfd, 0xf, 0xff, 0x0,
    0xcf, 0xf6, 0x0, 0x3e, 0xff, 0x11, 0xff, 0xd0,
    0xff, 0xf0, 0x3, 0xff, 0xff, 0xef, 0xff, 0x70,
    0x1f, 0xfd, 0xf, 0xff, 0x0, 0x4, 0xdf, 0xff,
    0xff, 0x60, 0x1, 0xff, 0xd0, 0xff, 0xf0, 0x0,
    0x0, 0x36, 0x64, 0x0, 0x0, 0x1f, 0xfd, 0xf,
    0xff, 0x2, 0x23, 0x33, 0x44, 0x55, 0x67, 0x81,
    0xff, 0xd0, 0xff, 0xf0, 0xff, 0xff, 0xff, 0xff,
    0xff, 0xff, 0x2f, 0xfd, 0xf, 0xff, 0xd, 0xff,
    0xff, 0xff, 0xff, 0xff, 0xe3, 0xff, 0xd0, 0xff,
    0xf0, 0x34, 0x43, 0x4f, 0xfd, 0x10, 0x0, 0x1f,
    0xfd, 0xf, 0xff, 0x0, 0x0, 0x1, 0xff, 0xc0,
    0x36, 0x67, 0xff, 0xd0, 0xff, 0xf0, 0x0, 0x0,
    0x1f, 0xfc, 0x7, 0xff, 0xff, 0xfd, 0xf, 0xff,
    0x0, 0x0, 0x1, 0xff, 0xc0, 0x7f, 0xff, 0xff,
    0xd0, 0xff, 0xf0, 0x0, 0x0, 0x1f, 0xfc, 0x0,
    0x0, 0x1f, 0xfd, 0xf, 0xff, 0x0, 0x0, 0x1,
    0xff, 0xc0, 0x0, 0x1, 0xff, 0xd0, 0xff, 0xf0,
    0x0, 0x0, 0x1f, 0xfc, 0x0, 0x0, 0x1f, 0xfd,
    0xf, 0xff, 0x0, 0x0, 0x1, 0xdd, 0xa0, 0x0,
    0x1, 0xff, 0xd0, 0xff, 0xf0, 0x0, 0x0, 0x0,
    0x0, 0x0, 0x0, 0x1f, 0xfd, 0xf, 0xff, 0x0,
    0x0, 0x0, 0x0, 0x0, 0x0, 0x0, 0x0, 0x0,
    0x99, 0x90,

    /* U+C704 "위" */
    0x0, 0x0, 0x3a, 0xdf, 0xfd, 0x92, 0x0, 0x0,
    0x1f, 0xfd, 0x0, 0x8, 0xff, 0xff, 0xff, 0xff,
    0x70, 0x0, 0x1f, 0xfd, 0x0, 0x6f, 0xff, 0x96,
    0x6a, 0xff, 0xf5, 0x0, 0x1f, 0xfd, 0x0, 0xdf,
    0xf3, 0x0, 0x0, 0x4f, 0xfd, 0x0, 0x1f, 0xfd,
    0x0, 0xff, 0xc0, 0x0, 0x0, 0xe, 0xff, 0x0,
    0x1f, 0xfd, 0x0, 0xff, 0xe0, 0x0, 0x0, 0xf,
    0xff, 0x0, 0x1f, 0xfd, 0x0, 0xaf, 0xfb, 0x20,
    0x2, 0xbf, 0xfa, 0x0, 0x1f, 0xfd, 0x0, 0x2e,
    0xff, 0xfe, 0xef, 0xff, 0xd1, 0x0, 0x1f, 0xfd,
    0x0, 0x2, 0xbf, 0xff, 0xff, 0xfa, 0x10, 0x0,
    0x1f, 0xfd, 0x0, 0x0, 0x1, 0x57, 0x65, 0x10,
    0x0, 0x0, 0x1f, 0xfd, 0x0, 0x0, 0x0, 0x0,
    0x0, 0x0, 0x0, 0x0, 0x1f, 0xfd, 0x68, 0x88,
    0x88, 0x99, 0x9a, 0xab, 0xbc, 0xda, 0x1f, 0xfd,
    0xaf, 0xff, 0xff, 0xff, 0xff, 0xff, 0xff, 0xfd,
    0x1f, 0xfd, 0x8f, 0xff, 0xff, 0xef, 0xff, 0xcc,
    0xbb, 0xa9, 0x1f, 0xfd, 0x0, 0x0, 0x0, 0x3f,
    0xfb, 0x0, 0x0, 0x0, 0x1f, 0xfd, 0x0, 0x0,
    0x0, 0x3f, 0xfb, 0x0, 0x0, 0x0, 0x1f, 0xfd,
    0x0, 0x0, 0x0, 0x3f, 0xfb, 0x0, 0x0, 0x0,
    0x1f, 0xfd, 0x0, 0x0, 0x0, 0x3f, 0xfb, 0x0,
    0x0, 0x0, 0x1f, 0xfd, 0x0, 0x0, 0x0, 0x3f,
    0xfb, 0x0, 0x0, 0x0, 0x1f, 0xfd, 0x0, 0x0,
    0x0, 0x3f, 0xfb, 0x0, 0x0, 0x0, 0x1f, 0xfd,
    0x0, 0x0, 0x0, 0x3f, 0xfb, 0x0, 0x0, 0x0,
    0x1f, 0xfd, 0x0, 0x0, 0x0, 0x3f, 0xfb, 0x0,
    0x0, 0x0, 0x1f, 0xfd, 0x0, 0x0, 0x0, 0x0,
    0x0, 0x0, 0x0, 0x0, 0x9, 0x98,

    /* U+C720 "유" */
    0x0, 0x0, 0x0, 0x16, 0xbe, 0xff, 0xec, 0x83,
    0x0, 0x0, 0x0, 0x0, 0x0, 0x6, 0xff, 0xff,
    0xff, 0xff, 0xff, 0xa0, 0x0, 0x0, 0x0, 0x0,
    0x6f, 0xff, 0xd9, 0x76, 0x8c, 0xff, 0xfc, 0x0,
    0x0, 0x0, 0x0, 0xff, 0xf6, 0x0, 0x0, 0x0,
    0x3e, 0xff, 0x60, 0x0, 0x0, 0x4, 0xff, 0xc0,
    0x0, 0x0, 0x0, 0x7, 0xff, 0xa0, 0x0, 0x0,
    0x4, 0xff, 0xc0, 0x0, 0x0, 0x0, 0x7, 0xff,
    0xa0, 0x0, 0x0, 0x0, 0xff, 0xf7, 0x0, 0x0,
    0x0, 0x3e, 0xff, 0x60, 0x0, 0x0, 0x0, 0x7f,
    0xff, 0xd9, 0x76, 0x8c, 0xff, 0xfc, 0x0, 0x0,
    0x0, 0x0, 0x7, 0xff, 0xff, 0xff, 0xff, 0xff,
    0xb1, 0x0, 0x0, 0x0, 0x0, 0x0, 0x28, 0xdf,
    0xff, 0xfe, 0xa4, 0x0, 0x0, 0x0, 0x0, 0x0,
    0x0, 0x0, 0x0, 0x11, 0x10, 0x0, 0x0, 0x0,
    0x0, 0x0, 0x0, 0x0, 0x0, 0x0, 0x0, 0x0,
    0x0, 0x0, 0x0, 0x0, 0x4f, 0xff, 0xff, 0xff,
    0xff, 0xff, 0xff, 0xff, 0xff, 0xff, 0xfa, 0x4f,
    0xff, 0xff, 0xff, 0xff, 0xff, 0xff, 0xff, 0xff,
    0xff, 0xfb, 0x28, 0x88, 0x88, 0xff, 0xf8, 0x88,
    0x8c, 0xff, 0xb8, 0x88, 0x85, 0x0, 0x0, 0x0,
    0xff, 0xf0, 0x0, 0x8, 0xff, 0x60, 0x0, 0x0,
    0x0, 0x0, 0x0, 0xff, 0xf0, 0x0, 0x8, 0xff,
    0x60, 0x0, 0x0, 0x0, 0x0, 0x0, 0xff, 0xf0,
    0x0, 0x8, 0xff, 0x60, 0x0, 0x0, 0x0, 0x0,
    0x0, 0xff, 0xf0, 0x0, 0x8, 0xff, 0x60, 0x0,
    0x0, 0x0, 0x0, 0x0, 0xff, 0xf0, 0x0, 0x8,
    0xff, 0x60, 0x0, 0x0, 0x0, 0x0, 0x0, 0xff,
    0xf0, 0x0, 0x8, 0xff, 0x60, 0x0, 0x0, 0x0,
    0x0, 0x0, 0xff, 0xf0, 0x0, 0x8, 0xff, 0x60,
    0x0, 0x0,

    /* U+C73C "으" */
    0x0, 0x0, 0x0, 0x6, 0xad, 0xff, 0xec, 0x82,
    0x0, 0x0, 0x0, 0x0, 0x0, 0x5, 0xef, 0xff,
    0xff, 0xff, 0xff, 0x90, 0x0, 0x0, 0x0, 0x0,
    0x6f, 0xff, 0xfa, 0x87, 0x9c, 0xff, 0xfc, 0x0,
    0x0, 0x0, 0x1, 0xff, 0xf8, 0x0, 0x0, 0x0,
    0x4e, 0xff, 0x70, 0x0, 0x0, 0x6, 0xff, 0xb0,
    0x0, 0x0, 0x0, 0x5, 0xff, 0xd0, 0x0, 0x0,
    0x8, 0xff, 0x70, 0x0, 0x0, 0x0, 0x0, 0xff,
    0xf0, 0x0, 0x0, 0x8, 0xff, 0x80, 0x0, 0x0,
    0x0, 0x1, 0xff, 0xe0, 0x0, 0x0, 0x4, 0xff,
    0xe1, 0x0, 0x0, 0x0, 0x9, 0xff, 0xb0, 0x0,
    0x0, 0x0, 0xcf, 0xfd, 0x60, 0x0, 0x3, 0xbf,
    0xff, 0x30, 0x0, 0x0, 0x0, 0x1d, 0xff, 0xff,
    0xfe, 0xff, 0xff, 0xf6, 0x0, 0x0, 0x0, 0x0,
    0x0, 0x8e, 0xff, 0xff, 0xff, 0xfb, 0x30, 0x0,
    0x0, 0x0, 0x0, 0x0, 0x0, 0x36, 0x88, 0x75,
    0x10, 0x0, 0x0, 0x0, 0x0, 0x0, 0x0, 0x0,
    0x0, 0x0, 0x0, 0x0, 0x0, 0x0, 0x0, 0x0,
    0x0, 0x0, 0x0, 0x0, 0x0, 0x0, 0x0, 0x0,
    0x0, 0x0, 0x0, 0x0, 0x0, 0x0, 0x0, 0x0,
    0x0, 0x0, 0x0, 0x0, 0x0, 0x17, 0x77, 0x77,
    0x77, 0x77, 0x77, 0x77, 0x77, 0x77, 0x77, 0x75,
    0x4f, 0xff, 0xff, 0xff, 0xff, 0xff, 0xff, 0xff,
    0xff, 0xff, 0xfb, 0x4f, 0xff, 0xff, 0xff, 0xff,
    0xff, 0xff, 0xff, 0xff, 0xff, 0xfa,

    /* U+C740 "은" */
    0x0, 0x0, 0x0, 0x27, 0xbe, 0xff, 0xed, 0x94,
    0x0, 0x0, 0x0, 0x0, 0x0, 0x8, 0xff, 0xff,
    0xff, 0xff, 0xff, 0xd2, 0x0, 0x0, 0x0, 0x0,
    0xaf, 0xff, 0xc8, 0x76, 0x7a, 0xff, 0xfe, 0x20,
    0x0, 0x0, 0x2, 0xff, 0xf4, 0x0, 0x0, 0x0,
    0xb, 0xff, 0x90, 0x0, 0x0, 0x5, 0xff, 0xa0,
    0x0, 0x0, 0x0, 0x3, 0xff, 0xc0, 0x0, 0x0,
    0x4, 0xff, 0xc0, 0x0, 0x0, 0x0, 0x6, 0xff,
    0xb0, 0x0, 0x0, 0x0, 0xef, 0xfc, 0x52, 0x0,
    0x13, 0x8f, 0xff, 0x50, 0x0, 0x0, 0x0, 0x3e,
    0xff, 0xff, 0xff, 0xff, 0xff, 0xf9, 0x0, 0x0,
    0x0, 0x0, 0x1, 0x9e, 0xff, 0xff, 0xff, 0xfb,
    0x40, 0x0, 0x0, 0x0, 0x0, 0x0, 0x0, 0x24,
    0x56, 0x53, 0x0, 0x0, 0x0, 0x0, 0x0, 0x0,
    0x0, 0x0, 0x0, 0x0, 0x0, 0x0, 0x0, 0x0,
    0x0, 0x4f, 0xff, 0xff, 0xff, 0xff, 0xff, 0xff,
    0xff, 0xff, 0xff, 0xfa, 0x4f, 0xff, 0xff, 0xff,
    0xff, 0xff, 0xff, 0xff, 0xff, 0xff, 0xfb, 0x28,
    0x88, 0x88, 0x88, 0x88, 0x88, 0x88, 0x88, 0x88,
    0x88, 0x85, 0x0, 0x0, 0x0, 0x0, 0x0, 0x0,
    0x0, 0x0, 0x0, 0x0, 0x0, 0x0, 0x1, 0x55,
    0x40, 0x0, 0x0, 0x0, 0x0, 0x0, 0x0, 0x0,
    0x0, 0x3, 0xff, 0xc0, 0x0, 0x0, 0x0, 0x0,
    0x0, 0x0, 0x0, 0x0, 0x3, 0xff, 0xc0, 0x0,
    0x0, 0x0, 0x0, 0x0, 0x0, 0x0, 0x0, 0x3,
    0xff, 0xc0, 0x0, 0x0, 0x0, 0x0, 0x0, 0x0,
    0x0, 0x0, 0x3, 0xff, 0xd7, 0x77, 0x77, 0x77,
    0x77, 0x77, 0x70, 0x0, 0x0, 0x3, 0xff, 0xff,
    0xff, 0xff, 0xff, 0xff, 0xff, 0xe0, 0x0, 0x0,
    0x3, 0xff, 0xff, 0xff, 0xff, 0xff, 0xff, 0xff,
    0xe0, 0x0,

    /* U+C744 "을" */
    0x0, 0x0, 0x0, 0x5a, 0xde, 0xff, 0xfd, 0xb7,
    0x10, 0x0, 0x0, 0x0, 0x0, 0x4e, 0xff, 0xff,
    0xff, 0xff, 0xff, 0xf7, 0x0, 0x0, 0x0, 0x2,
    0xff, 0xfb, 0x74, 0x43, 0x46, 0xaf, 0xff, 0x50,
    0x0, 0x0, 0x6, 0xff, 0xa0, 0x0, 0x0, 0x0,
    0x7, 0xff, 0x90, 0x0, 0x0, 0x4, 0xff, 0xe5,
    0x0, 0x0, 0x0, 0x4c, 0xff, 0x70, 0x0, 0x0,
    0x0, 0x9f, 0xff, 0xfe, 0xdd, 0xef, 0xff, 0xfc,
    0x0, 0x0, 0x0, 0x0, 0x5, 0xbf, 0xff, 0xff,
    0xff, 0xfd, 0x60, 0x0, 0x0, 0x0, 0x0, 0x0,
    0x0, 0x34, 0x55, 0x53, 0x10, 0x0, 0x0, 0x0,
    0x14, 0x44, 0x44, 0x44, 0x44, 0x44, 0x44, 0x44,
    0x44, 0x44, 0x42, 0x4f, 0xff, 0xff, 0xff, 0xff,
    0xff, 0xff, 0xff, 0xff, 0xff, 0xfb, 0x4f, 0xff,
    0xff, 0xff, 0xff, 0xff, 0xff, 0xff, 0xff, 0xff,
    0xfb, 0x0, 0x0, 0x0, 0x0, 0x0, 0x0, 0x0,
    0x0, 0x0, 0x0, 0x0, 0x0, 0x1, 0x55, 0x55,
    0x55, 0x55, 0x55, 0x55, 0x55, 0x20, 0x0, 0x0,
    0x3, 0xff, 0xff, 0xff, 0xff, 0xff, 0xff, 0xff,
    0x60, 0x0, 0x0, 0x3, 0xff, 0xff, 0xff, 0xff,
    0xff, 0xff, 0xff, 0x60, 0x0, 0x0, 0x0, 0x0,
    0x0, 0x0, 0x0, 0x0, 0x7, 0xff, 0x60, 0x0,
    0x0, 0x3, 0xff, 0xff, 0xff, 0xff, 0xff, 0xff,
    0xff, 0x60, 0x0, 0x0, 0x3, 0xff, 0xff, 0xff,
    0xff, 0xff, 0xff, 0xff, 0x60, 0x0, 0x0, 0x3,
    0xff, 0xb1, 0x11, 0x11, 0x11, 0x11, 0x11, 0x0,
    0x0, 0x0, 0x3, 0xff, 0xc4, 0x44, 0x44, 0x44,
    0x44, 0x44, 0x40, 0x0, 0x0, 0x3, 0xff, 0xff,
    0xff, 0xff, 0xff, 0xff, 0xff, 0xf0, 0x0, 0x0,
    0x3, 0xff, 0xff, 0xff, 0xff, 0xff, 0xff, 0xff,
    0xf0, 0x0,

    /* U+C74C "음" */
    0x0, 0x0, 0x0, 0x49, 0xce, 0xff, 0xfd, 0xb7,
    0x10, 0x0, 0x0, 0x0, 0x0, 0x2d, 0xff, 0xff,
    0xff, 0xff, 0xff, 0xf6, 0x0, 0x0, 0x0, 0x0,
    0xdf, 0xfe, 0x85, 0x44, 0x47, 0xbf, 0xff, 0x50,
    0x0, 0x0, 0x4, 0xff, 0xd0, 0x0, 0x0, 0x0,
    0x7, 0xff, 0xb0, 0x0, 0x0, 0x5, 0xff, 0xa0,
    0x0, 0x0, 0x0, 0x3, 0xff, 0xc0, 0x0, 0x0,
    0x2, 0xff, 0xf8, 0x20, 0x0, 0x0, 0x4d, 0xff,
    0x80, 0x0, 0x0, 0x0, 0x6f, 0xff, 0xff, 0xed,
    0xef, 0xff, 0xfc, 0x0, 0x0, 0x0, 0x0, 0x3,
    0xbf, 0xff, 0xff, 0xff, 0xfd, 0x70, 0x0, 0x0,
    0x0, 0x0, 0x0, 0x0, 0x35, 0x66, 0x64, 0x20,
    0x0, 0x0, 0x0, 0x3, 0x33, 0x33, 0x33, 0x33,
    0x33, 0x33, 0x33, 0x33, 0x33, 0x32, 0x4f, 0xff,
    0xff, 0xff, 0xff, 0xff, 0xff, 0xff, 0xff, 0xff,
    0xfb, 0x4f, 0xff, 0xff, 0xff, 0xff, 0xff, 0xff,
    0xff, 0xff, 0xff, 0xfb, 0x14, 0x44, 0x44, 0x44,
    0x44, 0x44, 0x44, 0x44, 0x44, 0x44, 0x43, 0x0,
    0x0, 0x44, 0x44, 0x44, 0x44, 0x44, 0x44, 0x44,
    0x20, 0x0, 0x0, 0x2, 0xff, 0xff, 0xff, 0xff,
    0xff, 0xff, 0xff, 0x90, 0x0, 0x0, 0x2, 0xff,
    0xff, 0xff, 0xff, 0xff, 0xff, 0xff, 0x90, 0x0,
    0x0, 0x2, 0xff, 0xc2, 0x22, 0x22, 0x22, 0x26,
    0xff, 0x90, 0x0, 0x0, 0x2, 0xff, 0xc0, 0x0,
    0x0, 0x0, 0x5, 0xff, 0x90, 0x0, 0x0, 0x2,
    0xff, 0xc0, 0x0, 0x0, 0x0, 0x5, 0xff, 0x90,
    0x0, 0x0, 0x2, 0xff, 0xd7, 0x77, 0x77, 0x77,
    0x79, 0xff, 0x90, 0x0, 0x0, 0x2, 0xff, 0xff,
    0xff, 0xff, 0xff, 0xff, 0xff, 0x90, 0x0, 0x0,
    0x2, 0xff, 0xff, 0xff, 0xff, 0xff, 0xff, 0xff,
    0x90, 0x0,

    /* U+C751 "응" */
    0x0, 0x0, 0x0, 0x49, 0xce, 0xff, 0xfd, 0xb7,
    0x10, 0x0, 0x0, 0x0, 0x0, 0x2d, 0xff, 0xff,
    0xff, 0xff, 0xff, 0xf6, 0x0, 0x0, 0x0, 0x0,
    0xdf, 0xfe, 0x85, 0x44, 0x47, 0xbf, 0xff, 0x50,
    0x0, 0x0, 0x4, 0xff, 0xd0, 0x0, 0x0, 0x0,
    0x7, 0xff, 0xb0, 0x0, 0x0, 0x5, 0xff, 0xa0,
    0x0, 0x0, 0x0, 0x3, 0xff, 0xc0, 0x0, 0x0,
    0x2, 0xff, 0xf8, 0x20, 0x0, 0x0, 0x4d, 0xff,
    0x80, 0x0, 0x0, 0x0, 0x6f, 0xff, 0xff, 0xed,
    0xef, 0xff, 0xfc, 0x0, 0x0, 0x0, 0x0, 0x3,
    0xbf, 0xff, 0xff, 0xff, 0xfd, 0x70, 0x0, 0x0,
    0x0, 0x0, 0x0, 0x0, 0x35, 0x66, 0x64, 0x20,
    0x0, 0x0, 0x0, 0x3, 0x33, 0x33, 0x33, 0x33,
    0x33, 0x33, 0x33, 0x33, 0x33, 0x32, 0x4f, 0xff,
    0xff, 0xff, 0xff, 0xff, 0xff, 0xff, 0xff, 0xff,
    0xfb, 0x4f, 0xff, 0xff, 0xff, 0xff, 0xff, 0xff,
    0xff, 0xff, 0xff, 0xfb, 0x3, 0x33, 0x33, 0x33,
    0x33, 0x33, 0x33, 0x33, 0x33, 0x33, 0x32, 0x0,
    0x0, 0x0, 0x2, 0x57, 0x88, 0x86, 0x40, 0x0,
    0x0, 0x0, 0x0, 0x0, 0x5, 0xdf, 0xff, 0xff,
    0xff, 0xff, 0x91, 0x0, 0x0, 0x0, 0x0, 0x9f,
    0xff, 0xff, 0xed, 0xef, 0xff, 0xfe, 0x10, 0x0,
    0x0, 0x3, 0xff, 0xf7, 0x10, 0x0, 0x0, 0x4c,
    0xff, 0xa0, 0x0, 0x0, 0x6, 0xff, 0x90, 0x0,
    0x0, 0x0, 0x2, 0xff, 0xd0, 0x0, 0x0, 0x5,
    0xff, 0xd0, 0x0, 0x0, 0x0, 0x6, 0xff, 0xc0,
    0x0, 0x0, 0x0, 0xef, 0xfe, 0x96, 0x54, 0x57,
    0xcf, 0xff, 0x60, 0x0, 0x0, 0x0, 0x3e, 0xff,
    0xff, 0xff, 0xff, 0xff, 0xf8, 0x0, 0x0, 0x0,
    0x0, 0x0, 0x6b, 0xef, 0xff, 0xff, 0xc8, 0x20,
    0x0, 0x0, 0x0, 0x0, 0x0, 0x0, 0x0, 0x11,
    0x0, 0x0, 0x0, 0x0, 0x0,

    /* U+C758 "의" */
    0x0, 0x0, 0x0, 0x0, 0x0, 0x0, 0x0, 0x0,
    0x1, 0xff, 0xd0, 0x0, 0x0, 0x4b, 0xef, 0xec,
    0x60, 0x0, 0x0, 0x1f, 0xfd, 0x0, 0x0, 0xbf,
    0xff, 0xff, 0xff, 0xd1, 0x0, 0x1, 0xff, 0xd0,
    0x0, 0xbf, 0xff, 0xa8, 0xaf, 0xff, 0xd0, 0x0,
    0x1f, 0xfd, 0x0, 0x4f, 0xff, 0x30, 0x0, 0x2e,
    0xff, 0x60, 0x1, 0xff, 0xd0, 0x9, 0xff, 0x70,
    0x0, 0x0, 0x6f, 0xfb, 0x0, 0x1f, 0xfd, 0x0,
    0xbf, 0xf4, 0x0, 0x0, 0x3, 0xff, 0xc0, 0x1,
    0xff, 0xd0, 0xa, 0xff, 0x60, 0x0, 0x0, 0x5f,
    0xfb, 0x0, 0x1f, 0xfd, 0x0, 0x6f, 0xfd, 0x0,
    0x0, 0xc, 0xff, 0x80, 0x1, 0xff, 0xd0, 0x0,
    0xef, 0xfd, 0x63, 0x5c, 0xff, 0xe1, 0x0, 0x1f,
    0xfd, 0x0, 0x3, 0xef, 0xff, 0xff, 0xff, 0xf4,
    0x0, 0x1, 0xff, 0xd0, 0x0, 0x1, 0xaf, 0xff,
    0xff, 0xa2, 0x0, 0x0, 0x1f, 0xfd, 0x0, 0x0,
    0x0, 0x3, 0x43, 0x0, 0x0, 0x0, 0x1, 0xff,
    0xd0, 0x0, 0x0, 0x0, 0x0, 0x0, 0x0, 0x0,
    0x0, 0x1f, 0xfd, 0x0, 0x0, 0x0, 0x0, 0x0,
    0x0, 0x0, 0x0, 0x1, 0xff, 0xd0, 0x11, 0x11,
    0x22, 0x22, 0x23, 0x33, 0x45, 0x55, 0x1f, 0xfd,
    0x4f, 0xff, 0xff, 0xff, 0xff, 0xff, 0xff, 0xff,
    0xe1, 0xff, 0xd2, 0xff, 0xff, 0xff, 0xff, 0xff,
    0xff, 0xff, 0xff, 0x1f, 0xfd, 0x5, 0x55, 0x55,
    0x54, 0x44, 0x33, 0x22, 0x10, 0x1, 0xff, 0xd0,
    0x0, 0x0, 0x0, 0x0, 0x0, 0x0, 0x0, 0x0,
    0x1f, 0xfd, 0x0, 0x0, 0x0, 0x0, 0x0, 0x0,
    0x0, 0x0, 0x1, 0xff, 0xd0, 0x0, 0x0, 0x0,
    0x0, 0x0, 0x0, 0x0, 0x0, 0x1f, 0xfd, 0x0,
    0x0, 0x0, 0x0, 0x0, 0x0, 0x0, 0x0, 0x0,
    0x99, 0x80,

    /* U+C774 "이" */
    0x0, 0x0, 0x0, 0x0, 0x0, 0x0, 0x0, 0x3,
    0xff, 0xb0, 0x0, 0x4b, 0xef, 0xd8, 0x0, 0x0,
    0x0, 0x3f, 0xfb, 0x0, 0x7f, 0xff, 0xff, 0xfd,
    0x10, 0x0, 0x3, 0xff, 0xb0, 0x5f, 0xff, 0xa8,
    0xdf, 0xfc, 0x0, 0x0, 0x3f, 0xfb, 0xd, 0xff,
    0x60, 0x0, 0xdf, 0xf5, 0x0, 0x3, 0xff, 0xb3,
    0xff, 0xc0, 0x0, 0x4, 0xff, 0xb0, 0x0, 0x3f,
    0xfb, 0x7f, 0xf7, 0x0, 0x0, 0xe, 0xff, 0x0,
    0x3, 0xff, 0xb9, 0xff, 0x40, 0x0, 0x0, 0xcf,
    0xf1, 0x0, 0x3f, 0xfb, 0xaf, 0xf3, 0x0, 0x0,
    0xb, 0xff, 0x20, 0x3, 0xff, 0xba, 0xff, 0x40,
    0x0, 0x0, 0xbf, 0xf2, 0x0, 0x3f, 0xfb, 0x9f,
    0xf5, 0x0, 0x0, 0xd, 0xff, 0x10, 0x3, 0xff,
    0xb6, 0xff, 0x90, 0x0, 0x0, 0xff, 0xe0, 0x0,
    0x3f, 0xfb, 0x1f, 0xff, 0x10, 0x0, 0x7f, 0xf9,
    0x0, 0x3, 0xff, 0xb0, 0xaf, 0xfb, 0x10, 0x4f,
    0xff, 0x30, 0x0, 0x3f, 0xfb, 0x1, 0xef, 0xff,
    0xef, 0xff, 0x80, 0x0, 0x3, 0xff, 0xb0, 0x2,
    0xdf, 0xff, 0xff, 0x80, 0x0, 0x0, 0x3f, 0xfb,
    0x0, 0x0, 0x58, 0x97, 0x20, 0x0, 0x0, 0x3,
    0xff, 0xb0, 0x0, 0x0, 0x0, 0x0, 0x0, 0x0,
    0x0, 0x3f, 0xfb, 0x0, 0x0, 0x0, 0x0, 0x0,
    0x0, 0x0, 0x3, 0xff, 0xb0, 0x0, 0x0, 0x0,
    0x0, 0x0, 0x0, 0x0, 0x3f, 0xfb, 0x0, 0x0,
    0x0, 0x0, 0x0, 0x0, 0x0, 0x3, 0xff, 0xb0,
    0x0, 0x0, 0x0, 0x0, 0x0, 0x0, 0x0, 0x3f,
    0xfb, 0x0, 0x0, 0x0, 0x0, 0x0, 0x0, 0x0,
    0x1, 0x99, 0x70,

    /* U+C778 "인" */
    0x0, 0x0, 0x0, 0x0, 0x0, 0x0, 0x0, 0x2,
    0xff, 0xb0, 0x0, 0x6c, 0xef, 0xd9, 0x20, 0x0,
    0x0, 0x2f, 0xfb, 0x1, 0xcf, 0xff, 0xff, 0xff,
    0x60, 0x0, 0x2, 0xff, 0xb0, 0xcf, 0xfe, 0x98,
    0xcf, 0xff, 0x40, 0x0, 0x2f, 0xfb, 0x5f, 0xfd,
    0x10, 0x0, 0x8f, 0xfc, 0x0, 0x2, 0xff, 0xb9,
    0xff, 0x50, 0x0, 0x0, 0xef, 0xf1, 0x0, 0x2f,
    0xfb, 0xbf, 0xf3, 0x0, 0x0, 0xb, 0xff, 0x30,
    0x2, 0xff, 0xba, 0xff, 0x40, 0x0, 0x0, 0xcf,
    0xf2, 0x0, 0x2f, 0xfb, 0x7f, 0xfa, 0x0, 0x0,
    0x3f, 0xfe, 0x0, 0x2, 0xff, 0xb1, 0xff, 0xfa,
    0x32, 0x6e, 0xff, 0x80, 0x0, 0x2f, 0xfb, 0x4,
    0xff, 0xff, 0xff, 0xff, 0xb0, 0x0, 0x2, 0xff,
    0xb0, 0x3, 0xcf, 0xff, 0xff, 0x80, 0x0, 0x0,
    0x2f, 0xfb, 0x0, 0x0, 0x25, 0x54, 0x0, 0x0,
    0x0, 0x2, 0xff, 0xb0, 0x0, 0x0, 0x0, 0x0,
    0x0, 0x0, 0x0, 0x2f, 0xfb, 0x0, 0x0, 0x77,
    0x50, 0x0, 0x0, 0x0, 0x2, 0xff, 0xb0, 0x0,
    0x1f, 0xfc, 0x0, 0x0, 0x0, 0x0, 0x2f, 0xfb,
    0x0, 0x1, 0xff, 0xc0, 0x0, 0x0, 0x0, 0x0,
    0x11, 0x10, 0x0, 0x1f, 0xfc, 0x0, 0x0, 0x0,
    0x0, 0x0, 0x0, 0x0, 0x1, 0xff, 0xc0, 0x0,
    0x0, 0x0, 0x0, 0x0, 0x0, 0x0, 0x1f, 0xfe,
    0x77, 0x77, 0x77, 0x77, 0x77, 0x77, 0x0, 0x1,
    0xff, 0xff, 0xff, 0xff, 0xff, 0xff, 0xff, 0xf0,
    0x0, 0x1f, 0xff, 0xff, 0xff, 0xff, 0xff, 0xff,
    0xff,

    /* U+C77C "일" */
    0x0, 0x18, 0xdf, 0xfd, 0x92, 0x0, 0x0, 0x2,
    0xff, 0xb0, 0x3, 0xef, 0xff, 0xff, 0xff, 0x60,
    0x0, 0x2, 0xff, 0xb0, 0x1e, 0xff, 0xd8, 0x8c,
    0xff, 0xf3, 0x0, 0x2, 0xff, 0xb0, 0x7f, 0xfa,
    0x0, 0x0, 0x8f, 0xfb, 0x0, 0x2, 0xff, 0xb0,
    0xbf, 0xf3, 0x0, 0x0, 0xf, 0xff, 0x0, 0x2,
    0xff, 0xb0, 0xcf, 0xf2, 0x0, 0x0, 0xe, 0xff,
    0x0, 0x2, 0xff, 0xb0, 0xaf, 0xf6, 0x0, 0x0,
    0x2f, 0xfe, 0x0, 0x2, 0xff, 0xb0, 0x5f, 0xfe,
    0x40, 0x2, 0xdf, 0xf9, 0x0, 0x2, 0xff, 0xb0,
    0xa, 0xff, 0xff, 0xef, 0xff, 0xd1, 0x0, 0x2,
    0xff, 0xb0, 0x0, 0x8f, 0xff, 0xff, 0xfb, 0x10,
    0x0, 0x2, 0xff, 0xb0, 0x0, 0x1, 0x58, 0x86,
    0x20, 0x0, 0x0, 0x2, 0xff, 0xb0, 0x0, 0x0,
    0x22, 0x22, 0x22, 0x22, 0x22, 0x23, 0x99, 0x70,
    0x0, 0x1, 0xff, 0xff, 0xff, 0xff, 0xff, 0xff,
    0xff, 0xb0, 0x0, 0x1, 0xff, 0xff, 0xff, 0xff,
    0xff, 0xff, 0xff, 0xb0, 0x0, 0x0, 0x55, 0x55,
    0x55, 0x55, 0x55, 0x56, 0xff, 0xb0, 0x0, 0x0,
    0x44, 0x44, 0x44, 0x44, 0x44, 0x46, 0xff, 0xb0,
    0x0, 0x1, 0xff, 0xff, 0xff, 0xff, 0xff, 0xff,
    0xff, 0xb0, 0x0, 0x1, 0xff, 0xff, 0xff, 0xff,
    0xff, 0xff, 0xff, 0xa0, 0x0, 0x1, 0xff, 0xc0,
    0x0, 0x0, 0x0, 0x0, 0x0, 0x0, 0x0, 0x1,
    0xff, 0xe7, 0x77, 0x77, 0x77, 0x77, 0x77, 0x70,
    0x0, 0x1, 0xff, 0xff, 0xff, 0xff, 0xff, 0xff,
    0xff, 0xf1, 0x0, 0x1, 0xff, 0xff, 0xff, 0xff,
    0xff, 0xff, 0xff, 0xf1,

    /* U+C77D "읽" */
    0x0, 0x7, 0xcf, 0xfd, 0x91, 0x0, 0x0, 0x2,
    0xff, 0xc0, 0x2d, 0xff, 0xff, 0xff, 0xf4, 0x0,
    0x0, 0x2f, 0xfc, 0xd, 0xff, 0xd8, 0x8d, 0xff,
    0xf2, 0x0, 0x2, 0xff, 0xc6, 0xff, 0xc0, 0x0,
    0xa, 0xff, 0xa0, 0x0, 0x2f, 0xfc, 0xaf, 0xf4,
    0x0, 0x0, 0x2f, 0xff, 0x0, 0x2, 0xff, 0xcb,
    0xff, 0x20, 0x0, 0x0, 0xff, 0xf0, 0x0, 0x2f,
    0xfc, 0xaf, 0xf4, 0x0, 0x0, 0x2f, 0xff, 0x0,
    0x2, 0xff, 0xc5, 0xff, 0xc0, 0x0, 0xb, 0xff,
    0xa0, 0x0, 0x2f, 0xfc, 0xd, 0xff, 0xd8, 0x8d,
    0xff, 0xf2, 0x0, 0x2, 0xff, 0xc0, 0x1c, 0xff,
    0xff, 0xff, 0xe4, 0x0, 0x0, 0x2f, 0xfc, 0x0,
    0x6, 0xbe, 0xec, 0x71, 0x0, 0x0, 0x2, 0xff,
    0xc0, 0x0, 0x0, 0x0, 0x0, 0x0, 0x0, 0x0,
    0x18, 0x86, 0x0, 0xcf, 0xff, 0xff, 0xff, 0x1e,
    0xff, 0xff, 0xff, 0xc0, 0xc, 0xff, 0xff, 0xff,
    0xf1, 0xef, 0xff, 0xff, 0xfc, 0x0, 0x56, 0x66,
    0x6c, 0xff, 0x16, 0x77, 0x77, 0xff, 0xc0, 0x1,
    0x11, 0x11, 0xbf, 0xf1, 0x0, 0x0, 0xf, 0xfc,
    0x0, 0xcf, 0xff, 0xff, 0xff, 0x10, 0x0, 0x0,
    0xff, 0xc0, 0xc, 0xff, 0xff, 0xff, 0xf1, 0x0,
    0x0, 0xf, 0xfc, 0x0, 0xcf, 0xe0, 0x0, 0x0,
    0x0, 0x0, 0x0, 0xff, 0xc0, 0xc, 0xfe, 0x34,
    0x45, 0x66, 0x0, 0x0, 0xf, 0xfc, 0x0, 0xcf,
    0xff, 0xff, 0xff, 0xe0, 0x0, 0x0, 0xff, 0xc0,
    0xc, 0xff, 0xff, 0xfe, 0xec, 0x0, 0x0, 0xf,
    0xfc,

    /* U+C784 "임" */
    0x0, 0x6, 0xce, 0xfe, 0xa2, 0x0, 0x0, 0x3,
    0xff, 0xb0, 0x1c, 0xff, 0xff, 0xff, 0xf6, 0x0,
    0x0, 0x3f, 0xfb, 0xb, 0xff, 0xe9, 0x8b, 0xff,
    0xf4, 0x0, 0x3, 0xff, 0xb4, 0xff, 0xe1, 0x0,
    0x7, 0xff, 0xd0, 0x0, 0x3f, 0xfb, 0x8f, 0xf7,
    0x0, 0x0, 0xe, 0xff, 0x10, 0x3, 0xff, 0xba,
    0xff, 0x40, 0x0, 0x0, 0xbf, 0xf3, 0x0, 0x3f,
    0xfb, 0x9f, 0xf5, 0x0, 0x0, 0xc, 0xff, 0x20,
    0x3, 0xff, 0xb6, 0xff, 0xb0, 0x0, 0x3, 0xff,
    0xf0, 0x0, 0x3f, 0xfb, 0x1e, 0xff, 0xa3, 0x15,
    0xef, 0xf8, 0x0, 0x3, 0xff, 0xb0, 0x4f, 0xff,
    0xff, 0xff, 0xfc, 0x0, 0x0, 0x3f, 0xfb, 0x0,
    0x3c, 0xff, 0xff, 0xf9, 0x0, 0x0, 0x3, 0xff,
    0xb0, 0x0, 0x2, 0x56, 0x41, 0x0, 0x0, 0x0,
    0x3f, 0xfb, 0x0, 0x0, 0x0, 0x0, 0x0, 0x0,
    0x0, 0x2, 0xcc, 0x80, 0x0, 0x2f, 0xff, 0xff,
    0xff, 0xff, 0xff, 0xff, 0xfa, 0x0, 0x2, 0xff,
    0xff, 0xff, 0xff, 0xff, 0xff, 0xff, 0xb0, 0x0,
    0x2f, 0xfd, 0x88, 0x88, 0x88, 0x88, 0x9f, 0xfb,
    0x0, 0x2, 0xff, 0xa0, 0x0, 0x0, 0x0, 0x2,
    0xff, 0xb0, 0x0, 0x2f, 0xfa, 0x0, 0x0, 0x0,
    0x0, 0x2f, 0xfb, 0x0, 0x2, 0xff, 0xa0, 0x0,
    0x0, 0x0, 0x2, 0xff, 0xb0, 0x0, 0x2f, 0xfc,
    0x77, 0x77, 0x77, 0x77, 0x8f, 0xfb, 0x0, 0x2,
    0xff, 0xff, 0xff, 0xff, 0xff, 0xff, 0xff, 0xb0,
    0x0, 0x2f, 0xff, 0xff, 0xff, 0xff, 0xff, 0xff,
    0xfb,

    /* U+C785 "입" */
    0x0, 0x6, 0xbe, 0xfe, 0x92, 0x0, 0x0, 0x2,
    0xff, 0xb0, 0xb, 0xff, 0xff, 0xff, 0xf6, 0x0,
    0x0, 0x2f, 0xfb, 0xb, 0xff, 0xe9, 0x8b, 0xff,
    0xf4, 0x0, 0x2, 0xff, 0xb3, 0xff, 0xe1, 0x0,
    0x7, 0xff, 0xd0, 0x0, 0x2f, 0xfb, 0x8f, 0xf6,
    0x0, 0x0, 0xd, 0xff, 0x10, 0x2, 0xff, 0xba,
    0xff, 0x40, 0x0, 0x0, 0xbf, 0xf3, 0x0, 0x2f,
    0xfb, 0x8f, 0xf6, 0x0, 0x0, 0xd, 0xff, 0x20,
    0x2, 0xff, 0xb4, 0xff, 0xd0, 0x0, 0x5, 0xff,
    0xd0, 0x0, 0x2f, 0xfb, 0xc, 0xff, 0xd7, 0x59,
    0xff, 0xf5, 0x0, 0x2, 0xff, 0xb0, 0x1d, 0xff,
    0xff, 0xff, 0xf7, 0x0, 0x0, 0x2f, 0xfb, 0x0,
    0x7, 0xdf, 0xff, 0xb3, 0x0, 0x0, 0x2, 0xff,
    0xb0, 0x0, 0x0, 0x1, 0x0, 0x0, 0x0, 0x0,
    0x2f, 0xfb, 0x0, 0x0, 0x0, 0x0, 0x0, 0x0,
    0x0, 0x0, 0x22, 0x10, 0x0, 0x1f, 0xfc, 0x0,
    0x0, 0x0, 0x0, 0x2f, 0xfb, 0x0, 0x1, 0xff,
    0xc1, 0x11, 0x11, 0x11, 0x13, 0xff, 0xb0, 0x0,
    0x1f, 0xff, 0xff, 0xff, 0xff, 0xff, 0xff, 0xfb,
    0x0, 0x1, 0xff, 0xff, 0xff, 0xff, 0xff, 0xff,
    0xff, 0xb0, 0x0, 0x1f, 0xfd, 0x55, 0x55, 0x55,
    0x55, 0x7f, 0xfb, 0x0, 0x1, 0xff, 0xc0, 0x0,
    0x0, 0x0, 0x2, 0xff, 0xb0, 0x0, 0x1f, 0xfd,
    0x66, 0x66, 0x66, 0x66, 0x8f, 0xfb, 0x0, 0x1,
    0xff, 0xff, 0xff, 0xff, 0xff, 0xff, 0xff, 0xb0,
    0x0, 0x1f, 0xff, 0xff, 0xff, 0xff, 0xff, 0xff,
    0xfb,

    /* U+C788 "있" */
    0x0, 0x5, 0xbe, 0xfe, 0xb5, 0x0, 0x0, 0xb,
    0xff, 0x40, 0x0, 0xb, 0xff, 0xff, 0xff, 0xfb,
    0x0, 0x0, 0xbf, 0xf4, 0x0, 0xa, 0xff, 0xfa,
    0x8a, 0xff, 0xfa, 0x0, 0xb, 0xff, 0x40, 0x3,
    0xff, 0xf3, 0x0, 0x3, 0xff, 0xf3, 0x0, 0xbf,
    0xf4, 0x0, 0x8f, 0xf8, 0x0, 0x0, 0x8, 0xff,
    0x80, 0xb, 0xff, 0x40, 0xa, 0xff, 0x40, 0x0,
    0x0, 0x4f, 0xfa, 0x0, 0xbf, 0xf4, 0x0, 0xaf,
    0xf5, 0x0, 0x0, 0x5, 0xff, 0xa0, 0xb, 0xff,
    0x40, 0x7, 0xff, 0x90, 0x0, 0x0, 0x9f, 0xf7,
    0x0, 0xbf, 0xf4, 0x0, 0x2f, 0xff, 0x50, 0x0,
    0x5f, 0xff, 0x20, 0xb, 0xff, 0x40, 0x0, 0x8f,
    0xff, 0xca, 0xcf, 0xff, 0x80, 0x0, 0xbf, 0xf4,
    0x0, 0x0, 0x9f, 0xff, 0xff, 0xff, 0x80, 0x0,
    0xb, 0xff, 0x40, 0x0, 0x0, 0x39, 0xcd, 0xc8,
    0x20, 0x0, 0x0, 0xbf, 0xf4, 0x0, 0x0, 0x0,
    0x0, 0x0, 0x0, 0x0, 0x0, 0x8, 0xcc, 0x30,
    0x0, 0x0, 0x1, 0x44, 0x20, 0x0, 0x0, 0x44,
    0x20, 0x0, 0x0, 0x0, 0x0, 0x3f, 0xfa, 0x0,
    0x0, 0xf, 0xf9, 0x0, 0x0, 0x0, 0x0, 0x5,
    0xff, 0xc0, 0x0, 0x1, 0xff, 0xa0, 0x0, 0x0,
    0x0, 0x0, 0x9f, 0xff, 0x40, 0x0, 0x4f, 0xfe,
    0x0, 0x0, 0x0, 0x0, 0x1f, 0xff, 0xfe, 0x20,
    0xb, 0xff, 0xf6, 0x0, 0x0, 0x0, 0xc, 0xff,
    0xdf, 0xff, 0x26, 0xff, 0xff, 0xf4, 0x0, 0x0,
    0x1c, 0xff, 0xb0, 0xce, 0x46, 0xff, 0xe7, 0xff,
    0xf6, 0x0, 0x7f, 0xff, 0xc0, 0x0, 0x3c, 0xff,
    0xf4, 0x8, 0xff, 0xfc, 0x3, 0xef, 0xa0, 0x0,
    0x0, 0xbf, 0xf4, 0x0, 0x7, 0xfe, 0x20, 0x2,
    0x50, 0x0, 0x0, 0x0, 0x72, 0x0, 0x0, 0x2,
    0x20, 0x0,

    /* U+C790 "자" */
    0x0, 0x0, 0x0, 0x0, 0x0, 0x0, 0x0, 0x1,
    0xff, 0xd0, 0x0, 0x0, 0x88, 0x88, 0x88, 0x88,
    0x88, 0x88, 0x50, 0x1f, 0xfd, 0x0, 0x0, 0xf,
    0xff, 0xff, 0xff, 0xff, 0xff, 0xf9, 0x1, 0xff,
    0xd0, 0x0, 0x0, 0xff, 0xff, 0xff, 0xff, 0xff,
    0xff, 0x90, 0x1f, 0xfd, 0x0, 0x0, 0x0, 0x0,
    0x1, 0xff, 0xd0, 0x0, 0x0, 0x1, 0xff, 0xd0,
    0x0, 0x0, 0x0, 0x0, 0x1f, 0xfd, 0x0, 0x0,
    0x0, 0x1f, 0xfd, 0x0, 0x0, 0x0, 0x0, 0x2,
    0xff, 0xd0, 0x0, 0x0, 0x1, 0xff, 0xd0, 0x0,
    0x0, 0x0, 0x0, 0x3f, 0xff, 0x0, 0x0, 0x0,
    0x1f, 0xfd, 0x0, 0x0, 0x0, 0x0, 0x6, 0xff,
    0xf3, 0x0, 0x0, 0x1, 0xff, 0xff, 0xff, 0x50,
    0x0, 0x0, 0xcf, 0xff, 0x90, 0x0, 0x0, 0x1f,
    0xff, 0xff, 0xf6, 0x0, 0x0, 0x4f, 0xff, 0xff,
    0x20, 0x0, 0x1, 0xff, 0xe8, 0x88, 0x30, 0x0,
    0xd, 0xff, 0x7f, 0xfc, 0x0, 0x0, 0x1f, 0xfd,
    0x0, 0x0, 0x0, 0x9, 0xff, 0x80, 0xaf, 0xfb,
    0x0, 0x1, 0xff, 0xd0, 0x0, 0x0, 0x8, 0xff,
    0xc0, 0x0, 0xdf, 0xfc, 0x10, 0x1f, 0xfd, 0x0,
    0x0, 0x1a, 0xff, 0xe2, 0x0, 0x1, 0xdf, 0xff,
    0x21, 0xff, 0xd0, 0x0, 0x7, 0xff, 0xf3, 0x0,
    0x0, 0x1, 0xcf, 0x70, 0x1f, 0xfd, 0x0, 0x0,
    0x6, 0xe3, 0x0, 0x0, 0x0, 0x0, 0x50, 0x1,
    0xff, 0xd0, 0x0, 0x0, 0x0, 0x0, 0x0, 0x0,
    0x0, 0x0, 0x0, 0x1f, 0xfd, 0x0, 0x0, 0x0,
    0x0, 0x0, 0x0, 0x0, 0x0, 0x0, 0x1, 0xff,
    0xd0, 0x0, 0x0, 0x0, 0x0, 0x0, 0x0, 0x0,
    0x0, 0x0, 0x1f, 0xfd, 0x0, 0x0, 0x0, 0x0,
    0x0, 0x0, 0x0, 0x0, 0x0, 0x1, 0xff, 0xd0,
    0x0, 0x0, 0x0, 0x0, 0x0, 0x0, 0x0, 0x0,
    0x0, 0x1f, 0xfd, 0x0, 0x0, 0x0, 0x0, 0x0,
    0x0, 0x0, 0x0, 0x0, 0x0, 0x99, 0x80, 0x0,
    0x0,

    /* U+C791 "작" */
    0x0, 0x0, 0x0, 0x0, 0x0, 0x0, 0x0, 0x1,
    0xff, 0xe0, 0x0, 0x0, 0xef, 0xff, 0xff, 0xff,
    0xff, 0xff, 0x30, 0x1f, 0xfe, 0x0, 0x0, 0xe,
    0xff, 0xff, 0xff, 0xff, 0xff, 0xf3, 0x1, 0xff,
    0xe0, 0x0, 0x0, 0x67, 0x77, 0x9f, 0xfd, 0x77,
    0x77, 0x10, 0x1f, 0xfe, 0x0, 0x0, 0x0, 0x0,
    0x4, 0xff, 0xb0, 0x0, 0x0, 0x1, 0xff, 0xe0,
    0x0, 0x0, 0x0, 0x0, 0x6f, 0xfe, 0x0, 0x0,
    0x0, 0x1f, 0xff, 0x88, 0x82, 0x0, 0x0, 0xc,
    0xff, 0xf5, 0x0, 0x0, 0x1, 0xff, 0xff, 0xff,
    0x40, 0x0, 0x4, 0xff, 0xff, 0xe2, 0x0, 0x0,
    0x1f, 0xff, 0xff, 0xf4, 0x0, 0x2, 0xef, 0xf8,
    0xff, 0xe4, 0x0, 0x1, 0xff, 0xe0, 0x0, 0x0,
    0x3, 0xef, 0xf7, 0x9, 0xff, 0xfa, 0x30, 0x1f,
    0xfe, 0x0, 0x0, 0x18, 0xff, 0xf9, 0x0, 0x7,
    0xff, 0xfe, 0x1, 0xff, 0xe0, 0x0, 0x8, 0xff,
    0xf9, 0x0, 0x0, 0x4, 0xdf, 0x20, 0x1f, 0xfe,
    0x0, 0x0, 0x8, 0xf6, 0x0, 0x0, 0x0, 0x0,
    0x20, 0x1, 0xff, 0xe0, 0x0, 0x0, 0x1, 0x5,
    0x55, 0x55, 0x55, 0x55, 0x55, 0x58, 0x87, 0x0,
    0x0, 0x0, 0x1, 0xff, 0xff, 0xff, 0xff, 0xff,
    0xff, 0xff, 0xe0, 0x0, 0x0, 0x0, 0x1f, 0xff,
    0xff, 0xff, 0xff, 0xff, 0xff, 0xfe, 0x0, 0x0,
    0x0, 0x0, 0x22, 0x22, 0x22, 0x22, 0x22, 0x23,
    0xff, 0xe0, 0x0, 0x0, 0x0, 0x0, 0x0, 0x0,
    0x0, 0x0, 0x0, 0x1f, 0xfe, 0x0, 0x0, 0x0,
    0x0, 0x0, 0x0, 0x0, 0x0, 0x0, 0x1, 0xff,
    0xe0, 0x0, 0x0, 0x0, 0x0, 0x0, 0x0, 0x0,
    0x0, 0x0, 0x1f, 0xfe, 0x0, 0x0, 0x0, 0x0,
    0x0, 0x0, 0x0, 0x0, 0x0, 0x1, 0xff, 0xe0,
    0x0, 0x0, 0x0, 0x0, 0x0, 0x0, 0x0, 0x0,
    0x0, 0x1f, 0xfe, 0x0, 0x0, 0x0, 0x0, 0x0,
    0x0, 0x0, 0x0, 0x0, 0x0, 0x11, 0x10, 0x0,
    0x0,

    /* U+C7A1 "잡" */
    0x0, 0x0, 0x0, 0x0, 0x0, 0x0, 0x0, 0x1,
    0xff, 0xd0, 0x0, 0x0, 0xef, 0xff, 0xff, 0xff,
    0xff, 0xff, 0x30, 0x1f, 0xfd, 0x0, 0x0, 0xe,
    0xff, 0xff, 0xff, 0xff, 0xff, 0xf3, 0x1, 0xff,
    0xd0, 0x0, 0x0, 0x67, 0x77, 0x9f, 0xfd, 0x77,
    0x77, 0x10, 0x1f, 0xfd, 0x0, 0x0, 0x0, 0x0,
    0x5, 0xff, 0xc0, 0x0, 0x0, 0x1, 0xff, 0xd0,
    0x0, 0x0, 0x0, 0x0, 0x8f, 0xff, 0x10, 0x0,
    0x0, 0x1f, 0xff, 0xff, 0xf4, 0x0, 0x0, 0x1e,
    0xff, 0xfa, 0x0, 0x0, 0x1, 0xff, 0xff, 0xff,
    0x40, 0x0, 0xa, 0xff, 0xcf, 0xf9, 0x0, 0x0,
    0x1f, 0xfe, 0x77, 0x71, 0x0, 0x8, 0xff, 0xb0,
    0xdf, 0xfc, 0x30, 0x1, 0xff, 0xd0, 0x0, 0x0,
    0x1b, 0xff, 0xd1, 0x1, 0xdf, 0xff, 0xc0, 0x1f,
    0xfd, 0x0, 0x0, 0x7f, 0xff, 0xe2, 0x0, 0x0,
    0xaf, 0xf7, 0x1, 0xff, 0xd0, 0x0, 0x2, 0xef,
    0xd1, 0x0, 0x0, 0x0, 0x48, 0x0, 0x1f, 0xfd,
    0x0, 0x0, 0x2, 0x70, 0x1, 0x10, 0x0, 0x0,
    0x0, 0x0, 0x33, 0x20, 0x0, 0x0, 0x0, 0x7,
    0xff, 0x70, 0x0, 0x0, 0x0, 0x1f, 0xfd, 0x0,
    0x0, 0x0, 0x0, 0x7f, 0xf8, 0x22, 0x22, 0x22,
    0x23, 0xff, 0xd0, 0x0, 0x0, 0x0, 0x7, 0xff,
    0xff, 0xff, 0xff, 0xff, 0xff, 0xfd, 0x0, 0x0,
    0x0, 0x0, 0x7f, 0xff, 0xff, 0xff, 0xff, 0xff,
    0xff, 0xd0, 0x0, 0x0, 0x0, 0x7, 0xff, 0xa5,
    0x55, 0x55, 0x55, 0x5f, 0xfd, 0x0, 0x0, 0x0,
    0x0, 0x7f, 0xf7, 0x0, 0x0, 0x0, 0x1, 0xff,
    0xd0, 0x0, 0x0, 0x0, 0x7, 0xff, 0xb7, 0x77,
    0x77, 0x77, 0x7f, 0xfd, 0x0, 0x0, 0x0, 0x0,
    0x7f, 0xff, 0xff, 0xff, 0xff, 0xff, 0xff, 0xd0,
    0x0, 0x0, 0x0, 0x7, 0xff, 0xff, 0xff, 0xff,
    0xff, 0xff, 0xfd, 0x0, 0x0,

    /* U+C7A5 "장" */
    0x0, 0x0, 0x0, 0x0, 0x0, 0x0, 0x0, 0x1,
    0xff, 0xd0, 0x0, 0x0, 0xef, 0xff, 0xff, 0xff,
    0xff, 0xff, 0x30, 0x1f, 0xfd, 0x0, 0x0, 0xe,
    0xff, 0xff, 0xff, 0xff, 0xff, 0xf3, 0x1, 0xff,
    0xd0, 0x0, 0x0, 0x67, 0x77, 0x9f, 0xfd, 0x77,
    0x77, 0x10, 0x1f, 0xfd, 0x0, 0x0, 0x0, 0x0,
    0x4, 0xff, 0xb0, 0x0, 0x0, 0x1, 0xff, 0xd0,
    0x0, 0x0, 0x0, 0x0, 0x6f, 0xfe, 0x0, 0x0,
    0x0, 0x1f, 0xff, 0xff, 0xf4, 0x0, 0x0, 0xc,
    0xff, 0xf4, 0x0, 0x0, 0x1, 0xff, 0xff, 0xff,
    0x40, 0x0, 0x5, 0xff, 0xff, 0xe2, 0x0, 0x0,
    0x1f, 0xfe, 0x88, 0x82, 0x0, 0x2, 0xef, 0xe6,
    0xff, 0xe4, 0x0, 0x1, 0xff, 0xd0, 0x0, 0x0,
    0x3, 0xef, 0xf5, 0x7, 0xff, 0xfa, 0x40, 0x1f,
    0xfd, 0x0, 0x0, 0x18, 0xff, 0xf7, 0x0, 0x6,
    0xff, 0xfd, 0x1, 0xff, 0xd0, 0x0, 0x7, 0xff,
    0xf7, 0x0, 0x0, 0x3, 0xce, 0x20, 0x1f, 0xfd,
    0x0, 0x0, 0x7, 0xe4, 0x0, 0x0, 0x0, 0x0,
    0x10, 0x1, 0xff, 0xd0, 0x0, 0x0, 0x0, 0x0,
    0x0, 0x6a, 0xde, 0xfe, 0xdb, 0x75, 0x32, 0x0,
    0x0, 0x0, 0x0, 0x5, 0xef, 0xff, 0xff, 0xff,
    0xff, 0xf8, 0x0, 0x0, 0x0, 0x0, 0x5, 0xff,
    0xfe, 0xa8, 0x78, 0x9d, 0xff, 0xf8, 0x0, 0x0,
    0x0, 0x0, 0xdf, 0xf7, 0x0, 0x0, 0x0, 0x4,
    0xff, 0xf1, 0x0, 0x0, 0x0, 0xf, 0xff, 0x10,
    0x0, 0x0, 0x0, 0xd, 0xff, 0x20, 0x0, 0x0,
    0x0, 0xdf, 0xf7, 0x0, 0x0, 0x0, 0x4, 0xff,
    0xf1, 0x0, 0x0, 0x0, 0x5, 0xff, 0xfd, 0x97,
    0x77, 0x9c, 0xff, 0xf8, 0x0, 0x0, 0x0, 0x0,
    0x6, 0xff, 0xff, 0xff, 0xff, 0xff, 0xf8, 0x0,
    0x0, 0x0, 0x0, 0x0, 0x1, 0x6b, 0xdf, 0xff,
    0xeb, 0x72, 0x0, 0x0, 0x0,

    /* U+C7AC "재" */
    0x0, 0x0, 0x0, 0x0, 0x0, 0x0, 0xc, 0xff,
    0x20, 0xdf, 0xf1, 0x1, 0x88, 0x88, 0x88, 0x88,
    0x88, 0x1c, 0xff, 0x20, 0xdf, 0xf1, 0x2, 0xff,
    0xff, 0xff, 0xff, 0xff, 0x2c, 0xff, 0x20, 0xdf,
    0xf1, 0x2, 0xff, 0xff, 0xff, 0xff, 0xff, 0x2c,
    0xff, 0x20, 0xdf, 0xf1, 0x0, 0x0, 0x3, 0xff,
    0xa0, 0x0, 0xc, 0xff, 0x20, 0xdf, 0xf1, 0x0,
    0x0, 0x3, 0xff, 0xa0, 0x0, 0xc, 0xff, 0x20,
    0xdf, 0xf1, 0x0, 0x0, 0x3, 0xff, 0xa0, 0x0,
    0xc, 0xff, 0x20, 0xdf, 0xf1, 0x0, 0x0, 0x4,
    0xff, 0xa0, 0x0, 0xc, 0xff, 0x20, 0xdf, 0xf1,
    0x0, 0x0, 0x6, 0xff, 0xd0, 0x0, 0xc, 0xff,
    0x53, 0xdf, 0xf1, 0x0, 0x0, 0xa, 0xff, 0xf1,
    0x0, 0xc, 0xff, 0xff, 0xff, 0xf1, 0x0, 0x0,
    0xf, 0xff, 0xf7, 0x0, 0xc, 0xff, 0xff, 0xff,
    0xf1, 0x0, 0x0, 0x7f, 0xff, 0xfe, 0x10, 0xc,
    0xff, 0x64, 0xef, 0xf1, 0x0, 0x1, 0xff, 0xe7,
    0xff, 0xa0, 0xc, 0xff, 0x20, 0xdf, 0xf1, 0x0,
    0xc, 0xff, 0x60, 0xcf, 0xf9, 0xc, 0xff, 0x20,
    0xdf, 0xf1, 0x0, 0xbf, 0xfb, 0x0, 0x2e, 0xff,
    0x8c, 0xff, 0x20, 0xdf, 0xf1, 0xb, 0xff, 0xe1,
    0x0, 0x4, 0xfd, 0x1c, 0xff, 0x20, 0xdf, 0xf1,
    0x1, 0xde, 0x20, 0x0, 0x0, 0x31, 0xc, 0xff,
    0x20, 0xdf, 0xf1, 0x0, 0x2, 0x0, 0x0, 0x0,
    0x0, 0xc, 0xff, 0x20, 0xdf, 0xf1, 0x0, 0x0,
    0x0, 0x0, 0x0, 0x0, 0xc, 0xff, 0x20, 0xdf,
    0xf1, 0x0, 0x0, 0x0, 0x0, 0x0, 0x0, 0xc,
    0xff, 0x20, 0xdf, 0xf1, 0x0, 0x0, 0x0, 0x0,
    0x0, 0x0, 0xc, 0xff, 0x20, 0xdf, 0xf1, 0x0,
    0x0, 0x0, 0x0, 0x0, 0x0, 0xc, 0xff, 0x20,
    0xdf, 0xf1, 0x0, 0x0, 0x0, 0x0, 0x0, 0x0,
    0x0, 0x0, 0x0, 0x89, 0x90,

    /* U+C800 "저" */
    0x0, 0x0, 0x0, 0x0, 0x0, 0x0, 0x0, 0x0,
    0xf, 0xfe, 0x8, 0x88, 0x88, 0x88, 0x88, 0x88,
    0x84, 0x0, 0xf, 0xfe, 0x1f, 0xff, 0xff, 0xff,
    0xff, 0xff, 0xf8, 0x0, 0xf, 0xfe, 0x1f, 0xff,
    0xff, 0xff, 0xff, 0xff, 0xf8, 0x0, 0xf, 0xfe,
    0x0, 0x0, 0x3, 0xff, 0xb0, 0x0, 0x0, 0x0,
    0xf, 0xfe, 0x0, 0x0, 0x3, 0xff, 0xb0, 0x0,
    0x0, 0x0, 0xf, 0xfe, 0x0, 0x0, 0x3, 0xff,
    0xc0, 0x0, 0x0, 0x0, 0xf, 0xfe, 0x0, 0x0,
    0x4, 0xff, 0xd0, 0x0, 0xaf, 0xff, 0xff, 0xfe,
    0x0, 0x0, 0x8, 0xff, 0xf1, 0x0, 0xaf, 0xff,
    0xff, 0xfe, 0x0, 0x0, 0xd, 0xff, 0xf7, 0x0,
    0x58, 0x88, 0x8f, 0xfe, 0x0, 0x0, 0x4f, 0xff,
    0xfe, 0x10, 0x0, 0x0, 0xf, 0xfe, 0x0, 0x0,
    0xdf, 0xf8, 0xff, 0xb0, 0x0, 0x0, 0xf, 0xfe,
    0x0, 0xa, 0xff, 0x70, 0xcf, 0xf9, 0x0, 0x0,
    0xf, 0xfe, 0x0, 0x8f, 0xfc, 0x0, 0x1e, 0xff,
    0xa0, 0x0, 0xf, 0xfe, 0x1a, 0xff, 0xe2, 0x0,
    0x3, 0xef, 0xfe, 0x10, 0xf, 0xfe, 0x8f, 0xff,
    0x30, 0x0, 0x0, 0x2e, 0xf6, 0x0, 0xf, 0xfe,
    0x8, 0xe3, 0x0, 0x0, 0x0, 0x1, 0x60, 0x0,
    0xf, 0xfe, 0x0, 0x0, 0x0, 0x0, 0x0, 0x0,
    0x0, 0x0, 0xf, 0xfe, 0x0, 0x0, 0x0, 0x0,
    0x0, 0x0, 0x0, 0x0, 0xf, 0xfe, 0x0, 0x0,
    0x0, 0x0, 0x0, 0x0, 0x0, 0x0, 0xf, 0xfe,
    0x0, 0x0, 0x0, 0x0, 0x0, 0x0, 0x0, 0x0,
    0xf, 0xfe, 0x0, 0x0, 0x0, 0x0, 0x0, 0x0,
    0x0, 0x0, 0xf, 0xfe, 0x0, 0x0, 0x0, 0x0,
    0x0, 0x0, 0x0, 0x0, 0x9, 0x98,

    /* U+C801 "적" */
    0x0, 0x0, 0x0, 0x0, 0x0, 0x0, 0x0, 0x0,
    0x1f, 0xfc, 0xe, 0xff, 0xff, 0xff, 0xff, 0xff,
    0xf3, 0x0, 0x1f, 0xfc, 0xe, 0xff, 0xff, 0xff,
    0xff, 0xff, 0xf3, 0x0, 0x1f, 0xfc, 0x6, 0x77,
    0x78, 0xff, 0xd7, 0x77, 0x71, 0x0, 0x1f, 0xfc,
    0x0, 0x0, 0x2, 0xff, 0xc0, 0x0, 0x24, 0x44,
    0x5f, 0xfc, 0x0, 0x0, 0x4, 0xff, 0xe0, 0x0,
    0x8f, 0xff, 0xff, 0xfc, 0x0, 0x0, 0x9, 0xff,
    0xf3, 0x0, 0x8f, 0xff, 0xff, 0xfc, 0x0, 0x0,
    0x1f, 0xff, 0xfd, 0x0, 0x1, 0x11, 0x2f, 0xfc,
    0x0, 0x0, 0xcf, 0xf9, 0xff, 0xc2, 0x0, 0x0,
    0x1f, 0xfc, 0x0, 0x1c, 0xff, 0x90, 0xaf, 0xfe,
    0x71, 0x0, 0x1f, 0xfc, 0x5, 0xef, 0xfb, 0x0,
    0x9, 0xff, 0xfe, 0x0, 0x1f, 0xfc, 0x8f, 0xff,
    0xb0, 0x0, 0x0, 0x6f, 0xf4, 0x0, 0x1f, 0xfc,
    0xa, 0xf8, 0x0, 0x0, 0x0, 0x1, 0x40, 0x0,
    0x1f, 0xfc, 0x0, 0x20, 0x16, 0x66, 0x66, 0x66,
    0x66, 0x66, 0x68, 0x86, 0x0, 0x0, 0x4f, 0xff,
    0xff, 0xff, 0xff, 0xff, 0xff, 0xfc, 0x0, 0x0,
    0x4f, 0xff, 0xff, 0xff, 0xff, 0xff, 0xff, 0xfc,
    0x0, 0x0, 0x1, 0x11, 0x11, 0x11, 0x11, 0x11,
    0x2f, 0xfc, 0x0, 0x0, 0x0, 0x0, 0x0, 0x0,
    0x0, 0x0, 0x2f, 0xfc, 0x0, 0x0, 0x0, 0x0,
    0x0, 0x0, 0x0, 0x0, 0x2f, 0xfc, 0x0, 0x0,
    0x0, 0x0, 0x0, 0x0, 0x0, 0x0, 0x2f, 0xfc,
    0x0, 0x0, 0x0, 0x0, 0x0, 0x0, 0x0, 0x0,
    0x2f, 0xfc, 0x0, 0x0, 0x0, 0x0, 0x0, 0x0,
    0x0, 0x0, 0x2f, 0xfc, 0x0, 0x0, 0x0, 0x0,
    0x0, 0x0, 0x0, 0x0, 0x1, 0x11,

    /* U+C804 "전" */
    0x0, 0x0, 0x0, 0x0, 0x0, 0x0, 0x0, 0x0,
    0x1f, 0xfc, 0x0, 0xef, 0xff, 0xff, 0xff, 0xff,
    0xff, 0x30, 0x1, 0xff, 0xc0, 0xe, 0xff, 0xff,
    0xff, 0xff, 0xff, 0xf3, 0x0, 0x1f, 0xfc, 0x0,
    0x67, 0x77, 0x8f, 0xfd, 0x77, 0x77, 0x10, 0x1,
    0xff, 0xc0, 0x0, 0x0, 0x3, 0xff, 0xc0, 0x0,
    0x0, 0x0, 0x1f, 0xfc, 0x0, 0x0, 0x0, 0x4f,
    0xfd, 0x0, 0x7, 0xee, 0xee, 0xff, 0xc0, 0x0,
    0x0, 0x8, 0xff, 0xf2, 0x0, 0x7f, 0xff, 0xff,
    0xfc, 0x0, 0x0, 0x0, 0xef, 0xff, 0xa0, 0x3,
    0x66, 0x67, 0xff, 0xc0, 0x0, 0x0, 0x9f, 0xfd,
    0xff, 0x70, 0x0, 0x0, 0x1f, 0xfc, 0x0, 0x0,
    0x6f, 0xfc, 0x1e, 0xff, 0xa0, 0x0, 0x1, 0xff,
    0xc0, 0x0, 0x7f, 0xff, 0x20, 0x2e, 0xff, 0xe8,
    0x0, 0x1f, 0xfc, 0x4, 0xcf, 0xff, 0x50, 0x0,
    0x2d, 0xff, 0xa0, 0x1, 0xff, 0xc0, 0x5f, 0xff,
    0x60, 0x0, 0x0, 0x8, 0xc0, 0x0, 0x1f, 0xfc,
    0x0, 0x7e, 0x50, 0x0, 0x0, 0x0, 0x0, 0x0,
    0x1, 0xff, 0xc0, 0x0, 0x10, 0x9, 0x98, 0x0,
    0x0, 0x0, 0x0, 0x1f, 0xfc, 0x0, 0x0, 0x1,
    0xff, 0xe0, 0x0, 0x0, 0x0, 0x1, 0xff, 0xc0,
    0x0, 0x0, 0x1f, 0xfe, 0x0, 0x0, 0x0, 0x0,
    0x2, 0x22, 0x0, 0x0, 0x1, 0xff, 0xe0, 0x0,
    0x0, 0x0, 0x0, 0x0, 0x0, 0x0, 0x0, 0x1f,
    0xfe, 0x0, 0x0, 0x0, 0x0, 0x0, 0x0, 0x0,
    0x0, 0x1, 0xff, 0xf7, 0x77, 0x77, 0x77, 0x77,
    0x77, 0x70, 0x0, 0x0, 0x1f, 0xff, 0xff, 0xff,
    0xff, 0xff, 0xff, 0xff, 0x0, 0x0, 0x1, 0xff,
    0xff, 0xff, 0xff, 0xff, 0xff, 0xff, 0xf0,

    /* U+C808 "절" */
    0xe, 0xff, 0xff, 0xff, 0xff, 0xff, 0xf3, 0x0,
    0x1f, 0xfc, 0x0, 0xef, 0xff, 0xff, 0xff, 0xff,
    0xff, 0x30, 0x1, 0xff, 0xc0, 0x6, 0x77, 0x79,
    0xff, 0xd7, 0x77, 0x71, 0x0, 0x1f, 0xfc, 0x0,
    0x0, 0x0, 0x4f, 0xfd, 0x0, 0x0, 0x22, 0x23,
    0xff, 0xc0, 0x0, 0x0, 0x7, 0xff, 0xf1, 0x0,
    0x6f, 0xff, 0xff, 0xfc, 0x0, 0x0, 0x0, 0xdf,
    0xff, 0x80, 0x6, 0xff, 0xff, 0xff, 0xc0, 0x0,
    0x0, 0x7f, 0xff, 0xff, 0x60, 0x13, 0x33, 0x4f,
    0xfc, 0x0, 0x0, 0x6f, 0xfd, 0x3e, 0xff, 0xa1,
    0x0, 0x1, 0xff, 0xc0, 0x0, 0x8f, 0xfe, 0x30,
    0x2e, 0xff, 0xf9, 0x0, 0x1f, 0xfc, 0x6, 0xef,
    0xfe, 0x30, 0x0, 0x1b, 0xff, 0x60, 0x1, 0xff,
    0xc0, 0x2d, 0xfc, 0x10, 0x0, 0x0, 0x4, 0x70,
    0x0, 0x1f, 0xfc, 0x0, 0x15, 0x0, 0x34, 0x44,
    0x44, 0x44, 0x44, 0x44, 0xaa, 0x70, 0x0, 0x0,
    0xe, 0xff, 0xff, 0xff, 0xff, 0xff, 0xff, 0xfc,
    0x0, 0x0, 0x0, 0xef, 0xff, 0xff, 0xff, 0xff,
    0xff, 0xff, 0xc0, 0x0, 0x0, 0x2, 0x33, 0x33,
    0x33, 0x33, 0x33, 0x4f, 0xfc, 0x0, 0x0, 0x0,
    0x45, 0x55, 0x55, 0x55, 0x55, 0x55, 0xff, 0xc0,
    0x0, 0x0, 0xe, 0xff, 0xff, 0xff, 0xff, 0xff,
    0xff, 0xfc, 0x0, 0x0, 0x0, 0xef, 0xff, 0xff,
    0xff, 0xff, 0xff, 0xff, 0xc0, 0x0, 0x0, 0xe,
    0xff, 0x0, 0x0, 0x0, 0x0, 0x0, 0x0, 0x0,
    0x0, 0x0, 0xef, 0xf7, 0x77, 0x77, 0x77, 0x77,
    0x77, 0x73, 0x0, 0x0, 0xe, 0xff, 0xff, 0xff,
    0xff, 0xff, 0xff, 0xff, 0x70, 0x0, 0x0, 0xef,
    0xff, 0xff, 0xff, 0xff, 0xff, 0xff, 0xf7,

    /* U+C810 "점" */
    0x0, 0x0, 0x0, 0x0, 0x0, 0x0, 0x0, 0x0,
    0x1f, 0xfc, 0xe, 0xff, 0xff, 0xff, 0xff, 0xff,
    0xf3, 0x0, 0x1f, 0xfc, 0xe, 0xff, 0xff, 0xff,
    0xff, 0xff, 0xf3, 0x0, 0x1f, 0xfc, 0x6, 0x77,
    0x78, 0xff, 0xe7, 0x77, 0x71, 0x0, 0x1f, 0xfc,
    0x0, 0x0, 0x3, 0xff, 0xe0, 0x0, 0x27, 0x77,
    0x7f, 0xfc, 0x0, 0x0, 0x6, 0xff, 0xf2, 0x0,
    0x6f, 0xff, 0xff, 0xfc, 0x0, 0x0, 0xd, 0xff,
    0xf9, 0x0, 0x5f, 0xff, 0xff, 0xfc, 0x0, 0x0,
    0x7f, 0xff, 0xff, 0x70, 0x0, 0x0, 0x1f, 0xfc,
    0x0, 0x5, 0xff, 0xe2, 0xef, 0xfa, 0x0, 0x0,
    0x1f, 0xfc, 0x0, 0x8f, 0xff, 0x40, 0x3e, 0xff,
    0xf8, 0x0, 0x1f, 0xfc, 0x5d, 0xff, 0xf5, 0x0,
    0x2, 0xdf, 0xfa, 0x0, 0x1f, 0xfc, 0x3f, 0xfe,
    0x40, 0x0, 0x0, 0x7, 0xc0, 0x0, 0x1f, 0xfc,
    0x3, 0xa1, 0x0, 0x0, 0x0, 0x0, 0x0, 0x0,
    0x1c, 0xc9, 0x0, 0x0, 0xf, 0xff, 0xff, 0xff,
    0xff, 0xff, 0xff, 0xfb, 0x0, 0x0, 0xf, 0xff,
    0xff, 0xff, 0xff, 0xff, 0xff, 0xfc, 0x0, 0x0,
    0xf, 0xff, 0x88, 0x88, 0x88, 0x88, 0x8f, 0xfc,
    0x0, 0x0, 0xf, 0xff, 0x0, 0x0, 0x0, 0x0,
    0x1f, 0xfc, 0x0, 0x0, 0xf, 0xff, 0x0, 0x0,
    0x0, 0x0, 0x1f, 0xfc, 0x0, 0x0, 0xf, 0xff,
    0x0, 0x0, 0x0, 0x0, 0x1f, 0xfc, 0x0, 0x0,
    0xf, 0xff, 0x77, 0x77, 0x77, 0x77, 0x8f, 0xfc,
    0x0, 0x0, 0xf, 0xff, 0xff, 0xff, 0xff, 0xff,
    0xff, 0xfc, 0x0, 0x0, 0xf, 0xff, 0xff, 0xff,
    0xff, 0xff, 0xff, 0xfc,

    /* U+C811 "접" */
    0x0, 0x0, 0x0, 0x0, 0x0, 0x0, 0x0, 0x0,
    0x1f, 0xfd, 0xe, 0xff, 0xff, 0xff, 0xff, 0xff,
    0xf3, 0x0, 0x1f, 0xfd, 0xe, 0xff, 0xff, 0xff,
    0xff, 0xff, 0xf3, 0x0, 0x1f, 0xfd, 0x6, 0x77,
    0x79, 0xff, 0xe7, 0x77, 0x71, 0x0, 0x1f, 0xfd,
    0x0, 0x0, 0x4, 0xff, 0xd0, 0x0, 0x26, 0x66,
    0x7f, 0xfd, 0x0, 0x0, 0x8, 0xff, 0xf2, 0x0,
    0x5f, 0xff, 0xff, 0xfd, 0x0, 0x0, 0xe, 0xff,
    0xfa, 0x0, 0x5f, 0xff, 0xff, 0xfd, 0x0, 0x0,
    0xaf, 0xfe, 0xff, 0x90, 0x0, 0x0, 0x1f, 0xfd,
    0x0, 0x8, 0xff, 0xc1, 0xef, 0xfc, 0x20, 0x0,
    0x1f, 0xfd, 0x1, 0xaf, 0xfe, 0x20, 0x2e, 0xff,
    0xfb, 0x0, 0x1f, 0xfd, 0x7f, 0xff, 0xe3, 0x0,
    0x1, 0xbf, 0xf8, 0x0, 0x1f, 0xfd, 0x2e, 0xfd,
    0x20, 0x0, 0x0, 0x5, 0x90, 0x0, 0x1f, 0xfd,
    0x2, 0x70, 0x0, 0x0, 0x0, 0x0, 0x0, 0x0,
    0x2, 0x22, 0x0, 0x0, 0xd, 0xff, 0x0, 0x0,
    0x0, 0x0, 0x1f, 0xfc, 0x0, 0x0, 0xd, 0xff,
    0x21, 0x11, 0x11, 0x11, 0x2f, 0xfc, 0x0, 0x0,
    0xd, 0xff, 0xff, 0xff, 0xff, 0xff, 0xff, 0xfc,
    0x0, 0x0, 0xd, 0xff, 0xff, 0xff, 0xff, 0xff,
    0xff, 0xfc, 0x0, 0x0, 0xd, 0xff, 0x65, 0x55,
    0x55, 0x55, 0x6f, 0xfc, 0x0, 0x0, 0xd, 0xff,
    0x0, 0x0, 0x0, 0x0, 0x1f, 0xfc, 0x0, 0x0,
    0xd, 0xff, 0x66, 0x66, 0x66, 0x66, 0x7f, 0xfc,
    0x0, 0x0, 0xd, 0xff, 0xff, 0xff, 0xff, 0xff,
    0xff, 0xfc, 0x0, 0x0, 0xd, 0xff, 0xff, 0xff,
    0xff, 0xff, 0xff, 0xfc,

    /* U+C815 "정" */
    0x0, 0x0, 0x0, 0x0, 0x0, 0x0, 0x0, 0x0,
    0x1f, 0xfd, 0x0, 0xef, 0xff, 0xff, 0xff, 0xff,
    0xff, 0x30, 0x1, 0xff, 0xd0, 0xe, 0xff, 0xff,
    0xff, 0xff, 0xff, 0xf3, 0x0, 0x1f, 0xfd, 0x0,
    0x67, 0x77, 0x9f, 0xfd, 0x77, 0x77, 0x10, 0x1,
    0xff, 0xd0, 0x0, 0x0, 0x4, 0xff, 0xb0, 0x0,
    0x26, 0x66, 0x7f, 0xfd, 0x0, 0x0, 0x0, 0x6f,
    0xfe, 0x0, 0x5, 0xff, 0xff, 0xff, 0xd0, 0x0,
    0x0, 0xb, 0xff, 0xf4, 0x0, 0x5f, 0xff, 0xff,
    0xfd, 0x0, 0x0, 0x4, 0xff, 0xff, 0xe1, 0x0,
    0x0, 0x1, 0xff, 0xd0, 0x0, 0x2, 0xef, 0xe7,
    0xff, 0xe4, 0x0, 0x0, 0x1f, 0xfd, 0x0, 0x3,
    0xef, 0xf4, 0x8, 0xff, 0xfa, 0x30, 0x1, 0xff,
    0xd0, 0x18, 0xff, 0xf6, 0x0, 0x7, 0xff, 0xfd,
    0x0, 0x1f, 0xfd, 0x7, 0xff, 0xf4, 0x0, 0x0,
    0x4, 0xde, 0x20, 0x1, 0xff, 0xd0, 0x4, 0xa1,
    0x0, 0x0, 0x0, 0x35, 0x85, 0x41, 0x1f, 0xfc,
    0x0, 0x0, 0x0, 0x0, 0x3b, 0xff, 0xff, 0xff,
    0xfd, 0x60, 0x0, 0x0, 0x0, 0x0, 0x7f, 0xff,
    0xff, 0xff, 0xff, 0xff, 0xc1, 0x0, 0x0, 0x0,
    0x3f, 0xff, 0x94, 0x10, 0x12, 0x7e, 0xff, 0xa0,
    0x0, 0x0, 0x9, 0xff, 0x70, 0x0, 0x0, 0x0,
    0x1f, 0xff, 0x0, 0x0, 0x0, 0xbf, 0xf4, 0x0,
    0x0, 0x0, 0x0, 0xdf, 0xf1, 0x0, 0x0, 0x8,
    0xff, 0xc1, 0x0, 0x0, 0x0, 0x6f, 0xfe, 0x0,
    0x0, 0x0, 0x1e, 0xff, 0xfa, 0x76, 0x79, 0xdf,
    0xff, 0x60, 0x0, 0x0, 0x0, 0x2d, 0xff, 0xff,
    0xff, 0xff, 0xff, 0x60, 0x0, 0x0, 0x0, 0x0,
    0x5, 0xad, 0xff, 0xfe, 0xb7, 0x10, 0x0,

    /* U+C81C "제" */
    0x0, 0x0, 0x0, 0x0, 0x0, 0x0, 0x1, 0xff,
    0xd0, 0xdf, 0xf1, 0x0, 0x77, 0x77, 0x77, 0x77,
    0x77, 0x1, 0xff, 0xd0, 0xdf, 0xf1, 0x1, 0xff,
    0xff, 0xff, 0xff, 0xff, 0x11, 0xff, 0xd0, 0xdf,
    0xf1, 0x1, 0xff, 0xff, 0xff, 0xff, 0xff, 0x11,
    0xff, 0xd0, 0xdf, 0xf1, 0x0, 0x0, 0x1, 0xff,
    0xd0, 0x0, 0x1, 0xff, 0xd0, 0xdf, 0xf1, 0x0,
    0x0, 0x1, 0xff, 0xd0, 0x0, 0x1, 0xff, 0xd0,
    0xdf, 0xf1, 0x0, 0x0, 0x1, 0xff, 0xd0, 0x1,
    0x12, 0xff, 0xd0, 0xdf, 0xf1, 0x0, 0x0, 0x2,
    0xff, 0xd0, 0x3f, 0xff, 0xff, 0xd0, 0xdf, 0xf1,
    0x0, 0x0, 0x5, 0xff, 0xf0, 0x3f, 0xff, 0xff,
    0xd0, 0xdf, 0xf1, 0x0, 0x0, 0x8, 0xff, 0xf3,
    0x15, 0x56, 0xff, 0xd0, 0xdf, 0xf1, 0x0, 0x0,
    0xe, 0xff, 0xf9, 0x0, 0x1, 0xff, 0xd0, 0xdf,
    0xf1, 0x0, 0x0, 0x5f, 0xff, 0xff, 0x20, 0x1,
    0xff, 0xd0, 0xdf, 0xf1, 0x0, 0x0, 0xef, 0xf7,
    0xff, 0xd0, 0x1, 0xff, 0xd0, 0xdf, 0xf1, 0x0,
    0xb, 0xff, 0x80, 0xbf, 0xfb, 0x1, 0xff, 0xd0,
    0xdf, 0xf1, 0x0, 0xaf, 0xfd, 0x0, 0x1e, 0xff,
    0xc1, 0xff, 0xd0, 0xdf, 0xf1, 0xb, 0xff, 0xe2,
    0x0, 0x2, 0xef, 0x41, 0xff, 0xd0, 0xdf, 0xf1,
    0x1, 0xdf, 0x40, 0x0, 0x0, 0x23, 0x1, 0xff,
    0xd0, 0xdf, 0xf1, 0x0, 0x13, 0x0, 0x0, 0x0,
    0x0, 0x1, 0xff, 0xd0, 0xdf, 0xf1, 0x0, 0x0,
    0x0, 0x0, 0x0, 0x0, 0x1, 0xff, 0xd0, 0xdf,
    0xf1, 0x0, 0x0, 0x0, 0x0, 0x0, 0x0, 0x1,
    0xff, 0xd0, 0xdf, 0xf1, 0x0, 0x0, 0x0, 0x0,
    0x0, 0x0, 0x1, 0xff, 0xd0, 0xdf, 0xf1, 0x0,
    0x0, 0x0, 0x0, 0x0, 0x0, 0x1, 0xff, 0xd0,
    0xdf, 0xf1, 0x0, 0x0, 0x0, 0x0, 0x0, 0x0,
    0x0, 0x0, 0x0, 0x89, 0x90,

    /* U+C838 "져" */
    0x0, 0x0, 0x0, 0x0, 0x0, 0x0, 0x0, 0x0,
    0xf, 0xfe, 0x8, 0x88, 0x88, 0x88, 0x88, 0x88,
    0x85, 0x0, 0xf, 0xfe, 0xf, 0xff, 0xff, 0xff,
    0xff, 0xff, 0xf9, 0x0, 0xf, 0xfe, 0xf, 0xff,
    0xff, 0xff, 0xff, 0xff, 0xf9, 0x0, 0xf, 0xfe,
    0x0, 0x0, 0x1, 0xff, 0xd0, 0x0, 0x0, 0x0,
    0xf, 0xfe, 0x0, 0x0, 0x1, 0xff, 0xd0, 0x0,
    0x4f, 0xff, 0xff, 0xfe, 0x0, 0x0, 0x1, 0xff,
    0xd0, 0x0, 0x4f, 0xff, 0xff, 0xfe, 0x0, 0x0,
    0x3, 0xff, 0xf0, 0x0, 0x16, 0x66, 0x6f, 0xfe,
    0x0, 0x0, 0x6, 0xff, 0xf2, 0x0, 0x0, 0x0,
    0xf, 0xfe, 0x0, 0x0, 0xc, 0xff, 0xf9, 0x0,
    0x16, 0x66, 0x6f, 0xfe, 0x0, 0x0, 0x3f, 0xff,
    0xff, 0x20, 0x4f, 0xff, 0xff, 0xfe, 0x0, 0x0,
    0xcf, 0xf8, 0xff, 0xc0, 0x4f, 0xff, 0xff, 0xfe,
    0x0, 0x9, 0xff, 0x90, 0xbf, 0xfa, 0x0, 0x0,
    0xf, 0xfe, 0x0, 0x7f, 0xfd, 0x0, 0x1e, 0xff,
    0xb1, 0x0, 0xf, 0xfe, 0x9, 0xff, 0xf2, 0x0,
    0x2, 0xef, 0xfe, 0x20, 0xf, 0xfe, 0x7f, 0xff,
    0x40, 0x0, 0x0, 0x2d, 0xf8, 0x0, 0xf, 0xfe,
    0x7, 0xe4, 0x0, 0x0, 0x0, 0x0, 0x60, 0x0,
    0xf, 0xfe, 0x0, 0x0, 0x0, 0x0, 0x0, 0x0,
    0x0, 0x0, 0xf, 0xfe, 0x0, 0x0, 0x0, 0x0,
    0x0, 0x0, 0x0, 0x0, 0xf, 0xfe, 0x0, 0x0,
    0x0, 0x0, 0x0, 0x0, 0x0, 0x0, 0xf, 0xfe,
    0x0, 0x0, 0x0, 0x0, 0x0, 0x0, 0x0, 0x0,
    0xf, 0xfe, 0x0, 0x0, 0x0, 0x0, 0x0, 0x0,
    0x0, 0x0, 0xf, 0xfe, 0x0, 0x0, 0x0, 0x0,
    0x0, 0x0, 0x0, 0x0, 0x9, 0x98,

    /* U+C870 "조" */
    0x0, 0x7, 0x77, 0x77, 0x77, 0x77, 0x77, 0x77,
    0x77, 0x73, 0x0, 0x0, 0xf, 0xff, 0xff, 0xff,
    0xff, 0xff, 0xff, 0xff, 0xf6, 0x0, 0x0, 0xf,
    0xff, 0xff, 0xff, 0xff, 0xff, 0xff, 0xff, 0xf6,
    0x0, 0x0, 0x0, 0x0, 0x0, 0x6, 0xff, 0xd0,
    0x0, 0x0, 0x0, 0x0, 0x0, 0x0, 0x0, 0x0,
    0xc, 0xff, 0xf3, 0x0, 0x0, 0x0, 0x0, 0x0,
    0x0, 0x0, 0x0, 0x8f, 0xff, 0xfd, 0x0, 0x0,
    0x0, 0x0, 0x0, 0x0, 0x0, 0x8, 0xff, 0xea,
    0xff, 0xc1, 0x0, 0x0, 0x0, 0x0, 0x0, 0x2,
    0xbf, 0xfe, 0x30, 0xaf, 0xfe, 0x60, 0x0, 0x0,
    0x0, 0x4, 0xaf, 0xff, 0xd2, 0x0, 0x8, 0xff,
    0xfd, 0x72, 0x0, 0x4, 0xff, 0xff, 0xf8, 0x0,
    0x0, 0x0, 0x3c, 0xff, 0xff, 0xa0, 0x0, 0x9f,
    0xf9, 0x10, 0x1, 0x77, 0x50, 0x0, 0x6d, 0xfe,
    0x10, 0x0, 0x5, 0x0, 0x0, 0x4, 0xff, 0xb0,
    0x0, 0x0, 0x32, 0x0, 0x0, 0x0, 0x0, 0x0,
    0x4, 0xff, 0xb0, 0x0, 0x0, 0x0, 0x0, 0x0,
    0x0, 0x0, 0x0, 0x4, 0xff, 0xb0, 0x0, 0x0,
    0x0, 0x0, 0x0, 0x0, 0x0, 0x0, 0x4, 0xff,
    0xb0, 0x0, 0x0, 0x0, 0x0, 0x17, 0x77, 0x77,
    0x77, 0x79, 0xff, 0xd7, 0x77, 0x77, 0x77, 0x74,
    0x4f, 0xff, 0xff, 0xff, 0xff, 0xff, 0xff, 0xff,
    0xff, 0xff, 0xfb, 0x4f, 0xff, 0xff, 0xff, 0xff,
    0xff, 0xff, 0xff, 0xff, 0xff, 0xfb,

    /* U+C874 "존" */
    0x0, 0xe, 0xff, 0xff, 0xff, 0xff, 0xff, 0xff,
    0xff, 0xf1, 0x0, 0x0, 0xe, 0xff, 0xff, 0xff,
    0xff, 0xff, 0xff, 0xff, 0xf1, 0x0, 0x0, 0x6,
    0x77, 0x77, 0x7d, 0xff, 0xf7, 0x77, 0x77, 0x70,
    0x0, 0x0, 0x0, 0x0, 0x0, 0x7f, 0xff, 0xfb,
    0x10, 0x0, 0x0, 0x0, 0x0, 0x0, 0x1, 0x6d,
    0xff, 0xec, 0xff, 0xe8, 0x20, 0x0, 0x0, 0x2,
    0x79, 0xcf, 0xff, 0xfb, 0x10, 0x8f, 0xff, 0xfd,
    0x97, 0x30, 0x0, 0xdf, 0xff, 0xfb, 0x41, 0x33,
    0x12, 0x9f, 0xff, 0xff, 0x30, 0x0, 0x3d, 0xa6,
    0x10, 0x6, 0xff, 0x80, 0x0, 0x59, 0xc9, 0x0,
    0x0, 0x0, 0x0, 0x0, 0x6, 0xff, 0x80, 0x0,
    0x0, 0x0, 0x0, 0x15, 0x55, 0x55, 0x55, 0x59,
    0xff, 0xb5, 0x55, 0x55, 0x55, 0x53, 0x4f, 0xff,
    0xff, 0xff, 0xff, 0xff, 0xff, 0xff, 0xff, 0xff,
    0xfb, 0x4f, 0xff, 0xff, 0xff, 0xff, 0xff, 0xff,
    0xff, 0xff, 0xff, 0xfb, 0x2, 0x22, 0x22, 0x22,
    0x22, 0x22, 0x22, 0x22, 0x22, 0x22, 0x21, 0x0,
    0x0, 0x0, 0x0, 0x0, 0x0, 0x0, 0x0, 0x0,
    0x0, 0x0, 0x0, 0x2, 0xee, 0xa0, 0x0, 0x0,
    0x0, 0x0, 0x0, 0x0, 0x0, 0x0, 0x3, 0xff,
    0xb0, 0x0, 0x0, 0x0, 0x0, 0x0, 0x0, 0x0,
    0x0, 0x3, 0xff, 0xb0, 0x0, 0x0, 0x0, 0x0,
    0x0, 0x0, 0x0, 0x0, 0x3, 0xff, 0xb0, 0x0,
    0x0, 0x0, 0x0, 0x0, 0x0, 0x0, 0x0, 0x3,
    0xff, 0xd7, 0x77, 0x77, 0x77, 0x77, 0x77, 0x60,
    0x0, 0x0, 0x3, 0xff, 0xff, 0xff, 0xff, 0xff,
    0xff, 0xff, 0xd0, 0x0, 0x0, 0x3, 0xff, 0xff,
    0xff, 0xff, 0xff, 0xff, 0xff, 0xd0, 0x0,

    /* U+C885 "종" */
    0x0, 0xd, 0xff, 0xff, 0xff, 0xff, 0xff, 0xff,
    0xff, 0xf4, 0x0, 0x0, 0xd, 0xff, 0xff, 0xff,
    0xff, 0xff, 0xff, 0xff, 0xf4, 0x0, 0x0, 0x6,
    0x77, 0x77, 0x7d, 0xff, 0xf9, 0x77, 0x77, 0x72,
    0x0, 0x0, 0x0, 0x0, 0x0, 0x7f, 0xff, 0xfd,
    0x10, 0x0, 0x0, 0x0, 0x0, 0x0, 0x0, 0x4b,
    0xff, 0xfc, 0xff, 0xf7, 0x10, 0x0, 0x0, 0x0,
    0x35, 0x9e, 0xff, 0xfd, 0x30, 0x8f, 0xff, 0xfb,
    0x63, 0x10, 0x2, 0xef, 0xff, 0xfd, 0x60, 0x0,
    0x2, 0xbf, 0xff, 0xff, 0x70, 0x0, 0x5f, 0xd9,
    0x30, 0x3, 0xff, 0xa0, 0x1, 0x7b, 0xec, 0x0,
    0x0, 0x0, 0x0, 0x0, 0x4, 0xff, 0xb0, 0x0,
    0x0, 0x0, 0x0, 0x14, 0x44, 0x44, 0x44, 0x47,
    0xff, 0xc4, 0x44, 0x44, 0x44, 0x43, 0x4f, 0xff,
    0xff, 0xff, 0xff, 0xff, 0xff, 0xff, 0xff, 0xff,
    0xfb, 0x4f, 0xff, 0xff, 0xff, 0xff, 0xff, 0xff,
    0xff, 0xff, 0xff, 0xfb, 0x2, 0x22, 0x22, 0x22,
    0x22, 0x22, 0x22, 0x22, 0x22, 0x22, 0x21, 0x0,
    0x0, 0x0, 0x2, 0x57, 0x88, 0x86, 0x40, 0x0,
    0x0, 0x0, 0x0, 0x0, 0x5, 0xdf, 0xff, 0xff,
    0xff, 0xff, 0x91, 0x0, 0x0, 0x0, 0x0, 0x9f,
    0xff, 0xff, 0xed, 0xef, 0xff, 0xfe, 0x10, 0x0,
    0x0, 0x3, 0xff, 0xf7, 0x10, 0x0, 0x0, 0x4c,
    0xff, 0xa0, 0x0, 0x0, 0x6, 0xff, 0x90, 0x0,
    0x0, 0x0, 0x2, 0xff, 0xd0, 0x0, 0x0, 0x5,
    0xff, 0xd0, 0x0, 0x0, 0x0, 0x6, 0xff, 0xc0,
    0x0, 0x0, 0x0, 0xef, 0xfe, 0x96, 0x54, 0x57,
    0xcf, 0xff, 0x60, 0x0, 0x0, 0x0, 0x3e, 0xff,
    0xff, 0xff, 0xff, 0xff, 0xf8, 0x0, 0x0, 0x0,
    0x0, 0x0, 0x6b, 0xef, 0xff, 0xff, 0xc8, 0x20,
    0x0, 0x0, 0x0, 0x0, 0x0, 0x0, 0x0, 0x11,
    0x0, 0x0, 0x0, 0x0, 0x0,

    /* U+C8FC "주" */
    0x0, 0xf, 0xff, 0xff, 0xff, 0xff, 0xff, 0xff,
    0xff, 0xf6, 0x0, 0x0, 0xf, 0xff, 0xff, 0xff,
    0xff, 0xff, 0xff, 0xff, 0xf6, 0x0, 0x0, 0x7,
    0x77, 0x77, 0x7c, 0xff, 0xf8, 0x77, 0x77, 0x73,
    0x0, 0x0, 0x0, 0x0, 0x0, 0x4f, 0xff, 0xfa,
    0x0, 0x0, 0x0, 0x0, 0x0, 0x0, 0x0, 0x19,
    0xff, 0xeb, 0xff, 0xd4, 0x0, 0x0, 0x0, 0x0,
    0x2, 0x5b, 0xff, 0xfd, 0x20, 0x9f, 0xff, 0xe9,
    0x42, 0x0, 0x5, 0xff, 0xff, 0xff, 0x80, 0x0,
    0x3, 0xcf, 0xff, 0xff, 0xb0, 0x0, 0xbf, 0xfd,
    0x71, 0x0, 0x0, 0x0, 0x3, 0xae, 0xfe, 0x10,
    0x0, 0x5, 0x10, 0x0, 0x0, 0x0, 0x0, 0x0,
    0x0, 0x33, 0x0, 0x1, 0x11, 0x11, 0x11, 0x11,
    0x11, 0x11, 0x11, 0x11, 0x11, 0x11, 0x4f, 0xff,
    0xff, 0xff, 0xff, 0xff, 0xff, 0xff, 0xff, 0xff,
    0xfb, 0x4f, 0xff, 0xff, 0xff, 0xff, 0xff, 0xff,
    0xff, 0xff, 0xff, 0xfb, 0x16, 0x66, 0x66, 0x66,
    0x68, 0xff, 0xc6, 0x66, 0x66, 0x66, 0x64, 0x0,
    0x0, 0x0, 0x0, 0x4, 0xff, 0xb0, 0x0, 0x0,
    0x0, 0x0, 0x0, 0x0, 0x0, 0x0, 0x4, 0xff,
    0xb0, 0x0, 0x0, 0x0, 0x0, 0x0, 0x0, 0x0,
    0x0, 0x4, 0xff, 0xb0, 0x0, 0x0, 0x0, 0x0,
    0x0, 0x0, 0x0, 0x0, 0x4, 0xff, 0xb0, 0x0,
    0x0, 0x0, 0x0, 0x0, 0x0, 0x0, 0x0, 0x4,
    0xff, 0xb0, 0x0, 0x0, 0x0, 0x0, 0x0, 0x0,
    0x0, 0x0, 0x4, 0xff, 0xb0, 0x0, 0x0, 0x0,
    0x0, 0x0, 0x0, 0x0, 0x0, 0x4, 0xff, 0xb0,
    0x0, 0x0, 0x0, 0x0, 0x0, 0x0, 0x0, 0x0,
    0x4, 0xff, 0xb0, 0x0, 0x0, 0x0, 0x0, 0x0,
    0x0, 0x0, 0x0, 0x0, 0x11, 0x10, 0x0, 0x0,
    0x0, 0x0,

    /* U+C900 "준" */
    0x0, 0xe, 0xff, 0xff, 0xff, 0xff, 0xff, 0xff,
    0xff, 0xf1, 0x0, 0x0, 0xe, 0xff, 0xff, 0xff,
    0xff, 0xff, 0xff, 0xff, 0xf1, 0x0, 0x0, 0x6,
    0x77, 0x77, 0x7d, 0xff, 0xf7, 0x77, 0x77, 0x70,
    0x0, 0x0, 0x0, 0x0, 0x0, 0x7f, 0xff, 0xfb,
    0x10, 0x0, 0x0, 0x0, 0x0, 0x0, 0x1, 0x6d,
    0xff, 0xec, 0xff, 0xe8, 0x20, 0x0, 0x0, 0x2,
    0x79, 0xcf, 0xff, 0xfb, 0x10, 0x8f, 0xff, 0xfd,
    0x97, 0x30, 0x0, 0xdf, 0xff, 0xfb, 0x40, 0x0,
    0x2, 0x9f, 0xff, 0xff, 0x30, 0x0, 0x3d, 0xa6,
    0x10, 0x0, 0x0, 0x0, 0x0, 0x59, 0xc9, 0x0,
    0x0, 0x0, 0x0, 0x0, 0x0, 0x0, 0x0, 0x0,
    0x0, 0x0, 0x0, 0x28, 0x88, 0x88, 0x88, 0x88,
    0x88, 0x88, 0x88, 0x88, 0x88, 0x85, 0x4f, 0xff,
    0xff, 0xff, 0xff, 0xff, 0xff, 0xff, 0xff, 0xff,
    0xfb, 0x4f, 0xff, 0xff, 0xff, 0xff, 0xff, 0xff,
    0xff, 0xff, 0xff, 0xfa, 0x0, 0x0, 0x0, 0x0,
    0x6, 0xff, 0x80, 0x0, 0x0, 0x0, 0x0, 0x0,
    0x0, 0x0, 0x0, 0x6, 0xff, 0x80, 0x0, 0x0,
    0x0, 0x0, 0x0, 0x2, 0xee, 0xa0, 0x6, 0xff,
    0x80, 0x0, 0x0, 0x0, 0x0, 0x0, 0x3, 0xff,
    0xb0, 0x6, 0xff, 0x80, 0x0, 0x0, 0x0, 0x0,
    0x0, 0x3, 0xff, 0xb0, 0x1, 0x44, 0x20, 0x0,
    0x0, 0x0, 0x0, 0x0, 0x3, 0xff, 0xb0, 0x0,
    0x0, 0x0, 0x0, 0x0, 0x0, 0x0, 0x0, 0x3,
    0xff, 0xd7, 0x77, 0x77, 0x77, 0x77, 0x77, 0x60,
    0x0, 0x0, 0x3, 0xff, 0xff, 0xff, 0xff, 0xff,
    0xff, 0xff, 0xd0, 0x0, 0x0, 0x3, 0xff, 0xff,
    0xff, 0xff, 0xff, 0xff, 0xff, 0xd0, 0x0,

    /* U+C904 "줄" */
    0x0, 0xd, 0xff, 0xff, 0xff, 0xff, 0xff, 0xff,
    0xff, 0xf4, 0x0, 0x0, 0xd, 0xff, 0xff, 0xff,
    0xff, 0xff, 0xff, 0xff, 0xf4, 0x0, 0x0, 0x5,
    0x66, 0x66, 0x6e, 0xff, 0xfa, 0x66, 0x66, 0x61,
    0x0, 0x0, 0x0, 0x0, 0x2, 0xcf, 0xff, 0xff,
    0x60, 0x0, 0x0, 0x0, 0x0, 0x0, 0x26, 0xbf,
    0xff, 0xb6, 0xff, 0xfe, 0x83, 0x0, 0x0, 0x2,
    0xce, 0xff, 0xff, 0xe6, 0x0, 0x2b, 0xff, 0xff,
    0xfd, 0x70, 0x0, 0x9f, 0xff, 0xa5, 0x0, 0x0,
    0x0, 0x38, 0xef, 0xff, 0x10, 0x0, 0x6, 0x30,
    0x0, 0x0, 0x0, 0x0, 0x0, 0x2, 0x54, 0x0,
    0x17, 0x77, 0x77, 0x77, 0x77, 0x77, 0x77, 0x77,
    0x77, 0x77, 0x75, 0x4f, 0xff, 0xff, 0xff, 0xff,
    0xff, 0xff, 0xff, 0xff, 0xff, 0xfb, 0x4f, 0xff,
    0xff, 0xff, 0xff, 0xff, 0xff, 0xff, 0xff, 0xff,
    0xfa, 0x0, 0x0, 0x0, 0x0, 0x4, 0xff, 0xb0,
    0x0, 0x0, 0x0, 0x0, 0x0, 0x1, 0x77, 0x77,
    0x79, 0xff, 0xd7, 0x77, 0x77, 0x40, 0x0, 0x0,
    0x3, 0xff, 0xff, 0xff, 0xff, 0xff, 0xff, 0xff,
    0x90, 0x0, 0x0, 0x3, 0xff, 0xff, 0xff, 0xff,
    0xff, 0xff, 0xff, 0x90, 0x0, 0x0, 0x0, 0x11,
    0x11, 0x11, 0x11, 0x11, 0x16, 0xff, 0x90, 0x0,
    0x0, 0x3, 0xff, 0xff, 0xff, 0xff, 0xff, 0xff,
    0xff, 0x90, 0x0, 0x0, 0x3, 0xff, 0xff, 0xff,
    0xff, 0xff, 0xff, 0xff, 0x90, 0x0, 0x0, 0x3,
    0xff, 0xc2, 0x22, 0x22, 0x22, 0x22, 0x22, 0x10,
    0x0, 0x0, 0x3, 0xff, 0xd6, 0x66, 0x66, 0x66,
    0x66, 0x66, 0x60, 0x0, 0x0, 0x3, 0xff, 0xff,
    0xff, 0xff, 0xff, 0xff, 0xff, 0xf2, 0x0, 0x0,
    0x3, 0xff, 0xff, 0xff, 0xff, 0xff, 0xff, 0xff,
    0xf2, 0x0,

    /* U+C911 "중" */
    0x0, 0xd, 0xff, 0xff, 0xff, 0xff, 0xff, 0xff,
    0xff, 0xf4, 0x0, 0x0, 0xd, 0xff, 0xff, 0xff,
    0xff, 0xff, 0xff, 0xff, 0xf4, 0x0, 0x0, 0x6,
    0x77, 0x77, 0x7d, 0xff, 0xf9, 0x77, 0x77, 0x72,
    0x0, 0x0, 0x0, 0x0, 0x0, 0x6f, 0xff, 0xfc,
    0x10, 0x0, 0x0, 0x0, 0x0, 0x0, 0x0, 0x2a,
    0xff, 0xfd, 0xff, 0xe5, 0x0, 0x0, 0x0, 0x0,
    0x3, 0x6c, 0xff, 0xfe, 0x40, 0xaf, 0xff, 0xe8,
    0x31, 0x0, 0x2, 0xff, 0xff, 0xff, 0x80, 0x0,
    0x4, 0xdf, 0xff, 0xff, 0x80, 0x0, 0x6f, 0xfb,
    0x50, 0x0, 0x0, 0x0, 0x3, 0x9d, 0xfd, 0x0,
    0x0, 0x2, 0x0, 0x0, 0x0, 0x0, 0x0, 0x0,
    0x0, 0x12, 0x0, 0x28, 0x88, 0x88, 0x88, 0x88,
    0x88, 0x88, 0x88, 0x88, 0x88, 0x85, 0x4f, 0xff,
    0xff, 0xff, 0xff, 0xff, 0xff, 0xff, 0xff, 0xff,
    0xfb, 0x4f, 0xff, 0xff, 0xff, 0xff, 0xff, 0xff,
    0xff, 0xff, 0xff, 0xfa, 0x0, 0x0, 0x0, 0x0,
    0x4, 0xff, 0xb0, 0x0, 0x0, 0x0, 0x0, 0x0,
    0x0, 0x0, 0x0, 0x38, 0xff, 0xc4, 0x20, 0x0,
    0x0, 0x0, 0x0, 0x0, 0x4, 0xbf, 0xff, 0xff,
    0xff, 0xfe, 0x70, 0x0, 0x0, 0x0, 0x0, 0x7f,
    0xff, 0xff, 0xff, 0xff, 0xff, 0xfd, 0x10, 0x0,
    0x0, 0x2, 0xff, 0xf9, 0x31, 0x0, 0x2, 0x6d,
    0xff, 0x90, 0x0, 0x0, 0x6, 0xff, 0xa0, 0x0,
    0x0, 0x0, 0x3, 0xff, 0xd0, 0x0, 0x0, 0x5,
    0xff, 0xc0, 0x0, 0x0, 0x0, 0x6, 0xff, 0xc0,
    0x0, 0x0, 0x1, 0xef, 0xfe, 0x96, 0x54, 0x57,
    0xbf, 0xff, 0x60, 0x0, 0x0, 0x0, 0x3e, 0xff,
    0xff, 0xff, 0xff, 0xff, 0xf9, 0x0, 0x0, 0x0,
    0x0, 0x0, 0x6b, 0xef, 0xff, 0xff, 0xd9, 0x20,
    0x0, 0x0, 0x0, 0x0, 0x0, 0x0, 0x0, 0x11,
    0x0, 0x0, 0x0, 0x0, 0x0,

    /* U+C989 "즉" */
    0x0, 0x1f, 0xff, 0xff, 0xff, 0xff, 0xff, 0xff,
    0xff, 0xf4, 0x0, 0x0, 0x1f, 0xff, 0xff, 0xff,
    0xff, 0xff, 0xff, 0xff, 0xf4, 0x0, 0x0, 0x7,
    0x77, 0x77, 0x7f, 0xff, 0xf8, 0x77, 0x77, 0x71,
    0x0, 0x0, 0x0, 0x0, 0x0, 0x9f, 0xff, 0xfc,
    0x10, 0x0, 0x0, 0x0, 0x0, 0x0, 0x0, 0x4d,
    0xff, 0xec, 0xff, 0xe6, 0x0, 0x0, 0x0, 0x0,
    0x35, 0x9e, 0xff, 0xfc, 0x10, 0x9f, 0xff, 0xfa,
    0x63, 0x10, 0x3, 0xff, 0xff, 0xfc, 0x50, 0x0,
    0x3, 0xbf, 0xff, 0xff, 0x60, 0x0, 0x7f, 0xc8,
    0x20, 0x0, 0x0, 0x0, 0x1, 0x7b, 0xfc, 0x0,
    0x0, 0x0, 0x0, 0x0, 0x0, 0x0, 0x0, 0x0,
    0x0, 0x0, 0x0, 0x17, 0x77, 0x77, 0x77, 0x77,
    0x77, 0x77, 0x77, 0x77, 0x77, 0x75, 0x4f, 0xff,
    0xff, 0xff, 0xff, 0xff, 0xff, 0xff, 0xff, 0xff,
    0xfb, 0x4f, 0xff, 0xff, 0xff, 0xff, 0xff, 0xff,
    0xff, 0xff, 0xff, 0xfb, 0x0, 0x0, 0x0, 0x0,
    0x0, 0x0, 0x0, 0x0, 0x0, 0x0, 0x0, 0x0,
    0x0, 0x0, 0x0, 0x0, 0x0, 0x0, 0x0, 0x0,
    0x0, 0x0, 0x0, 0xb, 0xff, 0xff, 0xff, 0xff,
    0xff, 0xff, 0xff, 0x90, 0x0, 0x0, 0xb, 0xff,
    0xff, 0xff, 0xff, 0xff, 0xff, 0xff, 0x90, 0x0,
    0x0, 0x5, 0x77, 0x77, 0x77, 0x77, 0x77, 0x7a,
    0xff, 0x90, 0x0, 0x0, 0x0, 0x0, 0x0, 0x0,
    0x0, 0x0, 0x6, 0xff, 0x90, 0x0, 0x0, 0x0,
    0x0, 0x0, 0x0, 0x0, 0x0, 0x6, 0xff, 0x90,
    0x0, 0x0, 0x0, 0x0, 0x0, 0x0, 0x0, 0x0,
    0x6, 0xff, 0x90, 0x0, 0x0, 0x0, 0x0, 0x0,
    0x0, 0x0, 0x0, 0x6, 0xff, 0x90, 0x0, 0x0,
    0x0, 0x0, 0x0, 0x0, 0x0, 0x0, 0x6, 0xff,
    0x90, 0x0, 0x0, 0x0, 0x0, 0x0, 0x0, 0x0,
    0x0, 0x1, 0x33, 0x10, 0x0,

    /* U+C99D "증" */
    0x0, 0xd, 0xff, 0xff, 0xff, 0xff, 0xff, 0xff,
    0xff, 0xf4, 0x0, 0x0, 0xd, 0xff, 0xff, 0xff,
    0xff, 0xff, 0xff, 0xff, 0xf4, 0x0, 0x0, 0x6,
    0x77, 0x77, 0x7d, 0xff, 0xf9, 0x77, 0x77, 0x72,
    0x0, 0x0, 0x0, 0x0, 0x0, 0x7f, 0xff, 0xfd,
    0x10, 0x0, 0x0, 0x0, 0x0, 0x0, 0x0, 0x4b,
    0xff, 0xfb, 0xff, 0xf7, 0x10, 0x0, 0x0, 0x0,
    0x35, 0x9e, 0xff, 0xfd, 0x30, 0x8f, 0xff, 0xfb,
    0x63, 0x10, 0x2, 0xef, 0xff, 0xfd, 0x60, 0x0,
    0x2, 0xbf, 0xff, 0xff, 0x70, 0x0, 0x4f, 0xd9,
    0x30, 0x0, 0x0, 0x0, 0x1, 0x7b, 0xec, 0x0,
    0x0, 0x0, 0x0, 0x0, 0x0, 0x0, 0x0, 0x0,
    0x0, 0x0, 0x0, 0x28, 0x88, 0x88, 0x88, 0x88,
    0x88, 0x88, 0x88, 0x88, 0x88, 0x85, 0x4f, 0xff,
    0xff, 0xff, 0xff, 0xff, 0xff, 0xff, 0xff, 0xff,
    0xfb, 0x4f, 0xff, 0xff, 0xff, 0xff, 0xff, 0xff,
    0xff, 0xff, 0xff, 0xfa, 0x0, 0x0, 0x0, 0x0,
    0x0, 0x0, 0x0, 0x0, 0x0, 0x0, 0x0, 0x0,
    0x0, 0x0, 0x2, 0x57, 0x88, 0x86, 0x40, 0x0,
    0x0, 0x0, 0x0, 0x0, 0x5, 0xdf, 0xff, 0xff,
    0xff, 0xff, 0x91, 0x0, 0x0, 0x0, 0x0, 0x9f,
    0xff, 0xff, 0xed, 0xef, 0xff, 0xfe, 0x10, 0x0,
    0x0, 0x3, 0xff, 0xf7, 0x10, 0x0, 0x0, 0x4c,
    0xff, 0xa0, 0x0, 0x0, 0x6, 0xff, 0x90, 0x0,
    0x0, 0x0, 0x2, 0xff, 0xd0, 0x0, 0x0, 0x5,
    0xff, 0xd0, 0x0, 0x0, 0x0, 0x6, 0xff, 0xc0,
    0x0, 0x0, 0x0, 0xef, 0xfe, 0x96, 0x54, 0x57,
    0xcf, 0xff, 0x60, 0x0, 0x0, 0x0, 0x3e, 0xff,
    0xff, 0xff, 0xff, 0xff, 0xf8, 0x0, 0x0, 0x0,
    0x0, 0x0, 0x6b, 0xef, 0xff, 0xff, 0xc8, 0x20,
    0x0, 0x0, 0x0, 0x0, 0x0, 0x0, 0x0, 0x11,
    0x0, 0x0, 0x0, 0x0, 0x0,

    /* U+C9C0 "지" */
    0x0, 0x0, 0x0, 0x0, 0x0, 0x0, 0x0, 0x0,
    0xbf, 0xf2, 0x7, 0x88, 0x88, 0x88, 0x88, 0x88,
    0x85, 0x0, 0xbf, 0xf2, 0xe, 0xff, 0xff, 0xff,
    0xff, 0xff, 0xfb, 0x0, 0xbf, 0xf2, 0xe, 0xff,
    0xff, 0xff, 0xff, 0xff, 0xfa, 0x0, 0xbf, 0xf2,
    0x0, 0x0, 0x0, 0xff, 0xe0, 0x0, 0x0, 0x0,
    0xbf, 0xf2, 0x0, 0x0, 0x0, 0xff, 0xe0, 0x0,
    0x0, 0x0, 0xbf, 0xf2, 0x0, 0x0, 0x0, 0xff,
    0xe0, 0x0, 0x0, 0x0, 0xbf, 0xf2, 0x0, 0x0,
    0x1, 0xff, 0xf0, 0x0, 0x0, 0x0, 0xbf, 0xf2,
    0x0, 0x0, 0x5, 0xff, 0xf4, 0x0, 0x0, 0x0,
    0xbf, 0xf2, 0x0, 0x0, 0xa, 0xff, 0xfa, 0x0,
    0x0, 0x0, 0xbf, 0xf2, 0x0, 0x0, 0x2f, 0xff,
    0xff, 0x30, 0x0, 0x0, 0xbf, 0xf2, 0x0, 0x0,
    0xbf, 0xfb, 0xff, 0xd0, 0x0, 0x0, 0xbf, 0xf2,
    0x0, 0x6, 0xff, 0xb0, 0xcf, 0xfa, 0x0, 0x0,
    0xbf, 0xf2, 0x0, 0x4f, 0xff, 0x20, 0x1e, 0xff,
    0xa0, 0x0, 0xbf, 0xf2, 0x6, 0xff, 0xf5, 0x0,
    0x3, 0xff, 0xfd, 0x20, 0xbf, 0xf2, 0x6f, 0xff,
    0x70, 0x0, 0x0, 0x3e, 0xfb, 0x0, 0xbf, 0xf2,
    0x8, 0xf7, 0x0, 0x0, 0x0, 0x1, 0x90, 0x0,
    0xbf, 0xf2, 0x0, 0x20, 0x0, 0x0, 0x0, 0x0,
    0x0, 0x0, 0xbf, 0xf2, 0x0, 0x0, 0x0, 0x0,
    0x0, 0x0, 0x0, 0x0, 0xbf, 0xf2, 0x0, 0x0,
    0x0, 0x0, 0x0, 0x0, 0x0, 0x0, 0xbf, 0xf2,
    0x0, 0x0, 0x0, 0x0, 0x0, 0x0, 0x0, 0x0,
    0xbf, 0xf2, 0x0, 0x0, 0x0, 0x0, 0x0, 0x0,
    0x0, 0x0, 0xbf, 0xf2, 0x0, 0x0, 0x0, 0x0,
    0x0, 0x0, 0x0, 0x0, 0x79, 0x91,

    /* U+C9C1 "직" */
    0x0, 0x0, 0x0, 0x0, 0x0, 0x0, 0x0, 0x0,
    0xcf, 0xf2, 0xd, 0xff, 0xff, 0xff, 0xff, 0xff,
    0xf4, 0x0, 0xcf, 0xf2, 0xd, 0xff, 0xff, 0xff,
    0xff, 0xff, 0xf4, 0x0, 0xcf, 0xf2, 0x5, 0x77,
    0x7a, 0xff, 0xc7, 0x77, 0x72, 0x0, 0xcf, 0xf2,
    0x0, 0x0, 0x5, 0xff, 0xa0, 0x0, 0x0, 0x0,
    0xcf, 0xf2, 0x0, 0x0, 0x7, 0xff, 0xc0, 0x0,
    0x0, 0x0, 0xcf, 0xf2, 0x0, 0x0, 0xb, 0xff,
    0xf1, 0x0, 0x0, 0x0, 0xcf, 0xf2, 0x0, 0x0,
    0x3f, 0xff, 0xfb, 0x0, 0x0, 0x0, 0xcf, 0xf2,
    0x0, 0x0, 0xdf, 0xfe, 0xff, 0xa0, 0x0, 0x0,
    0xcf, 0xf2, 0x0, 0xb, 0xff, 0xa2, 0xef, 0xfc,
    0x30, 0x0, 0xcf, 0xf2, 0x3, 0xdf, 0xfc, 0x0,
    0x2e, 0xff, 0xfc, 0x0, 0xcf, 0xf2, 0x7f, 0xff,
    0xb0, 0x0, 0x1, 0xbf, 0xf6, 0x0, 0xcf, 0xf2,
    0xa, 0xf8, 0x0, 0x0, 0x0, 0x5, 0x70, 0x0,
    0xcf, 0xf2, 0x0, 0x20, 0x66, 0x66, 0x66, 0x66,
    0x66, 0x66, 0x88, 0x81, 0x0, 0x0, 0xff, 0xff,
    0xff, 0xff, 0xff, 0xff, 0xff, 0xf2, 0x0, 0x0,
    0xff, 0xff, 0xff, 0xff, 0xff, 0xff, 0xff, 0xf2,
    0x0, 0x0, 0x1, 0x11, 0x11, 0x11, 0x11, 0x11,
    0xcf, 0xf2, 0x0, 0x0, 0x0, 0x0, 0x0, 0x0,
    0x0, 0x0, 0xcf, 0xf2, 0x0, 0x0, 0x0, 0x0,
    0x0, 0x0, 0x0, 0x0, 0xcf, 0xf2, 0x0, 0x0,
    0x0, 0x0, 0x0, 0x0, 0x0, 0x0, 0xcf, 0xf2,
    0x0, 0x0, 0x0, 0x0, 0x0, 0x0, 0x0, 0x0,
    0xcf, 0xf2, 0x0, 0x0, 0x0, 0x0, 0x0, 0x0,
    0x0, 0x0, 0xcf, 0xf2, 0x0, 0x0, 0x0, 0x0,
    0x0, 0x0, 0x0, 0x0, 0x11, 0x10,

    /* U+C9C4 "진" */
    0x0, 0x0, 0x0, 0x0, 0x0, 0x0, 0x0, 0x0,
    0x1f, 0xfc, 0x4, 0xff, 0xff, 0xff, 0xff, 0xff,
    0xfd, 0x0, 0x1f, 0xfc, 0x4, 0xff, 0xff, 0xff,
    0xff, 0xff, 0xfd, 0x0, 0x1f, 0xfc, 0x1, 0x77,
    0x77, 0xcf, 0xf9, 0x77, 0x76, 0x0, 0x1f, 0xfc,
    0x0, 0x0, 0x0, 0xaf, 0xf5, 0x0, 0x0, 0x0,
    0x1f, 0xfc, 0x0, 0x0, 0x0, 0xbf, 0xf6, 0x0,
    0x0, 0x0, 0x1f, 0xfc, 0x0, 0x0, 0x0, 0xef,
    0xfa, 0x0, 0x0, 0x0, 0x1f, 0xfc, 0x0, 0x0,
    0x4, 0xff, 0xff, 0x20, 0x0, 0x0, 0x1f, 0xfc,
    0x0, 0x0, 0xd, 0xff, 0xff, 0xd1, 0x0, 0x0,
    0x1f, 0xfc, 0x0, 0x0, 0xaf, 0xfa, 0xbf, 0xfd,
    0x20, 0x0, 0x1f, 0xfc, 0x0, 0xa, 0xff, 0xe1,
    0x1c, 0xff, 0xf8, 0x10, 0x1f, 0xfc, 0x4, 0xdf,
    0xff, 0x30, 0x1, 0xcf, 0xff, 0x80, 0x1f, 0xfc,
    0xd, 0xff, 0xe3, 0x0, 0x0, 0x7, 0xfb, 0x0,
    0x1f, 0xfc, 0x1, 0xdc, 0x20, 0x0, 0x0, 0x0,
    0x10, 0x0, 0x1f, 0xfc, 0x0, 0x10, 0x9, 0x98,
    0x0, 0x0, 0x0, 0x0, 0x1f, 0xfc, 0x0, 0x0,
    0xf, 0xfe, 0x0, 0x0, 0x0, 0x0, 0x1f, 0xfc,
    0x0, 0x0, 0xf, 0xfe, 0x0, 0x0, 0x0, 0x0,
    0x2, 0x22, 0x0, 0x0, 0xf, 0xfe, 0x0, 0x0,
    0x0, 0x0, 0x0, 0x0, 0x0, 0x0, 0xf, 0xfe,
    0x0, 0x0, 0x0, 0x0, 0x0, 0x0, 0x0, 0x0,
    0xf, 0xff, 0x77, 0x77, 0x77, 0x77, 0x77, 0x75,
    0x0, 0x0, 0xf, 0xff, 0xff, 0xff, 0xff, 0xff,
    0xff, 0xfc, 0x0, 0x0, 0xf, 0xff, 0xff, 0xff,
    0xff, 0xff, 0xff, 0xfc,

    /* U+C9C8 "질" */
    0xe, 0xff, 0xff, 0xff, 0xff, 0xff, 0xf4, 0x0,
    0xcf, 0xf1, 0x0, 0xef, 0xff, 0xff, 0xff, 0xff,
    0xff, 0x40, 0xc, 0xff, 0x10, 0x6, 0x77, 0x79,
    0xff, 0xd7, 0x77, 0x71, 0x0, 0xcf, 0xf1, 0x0,
    0x0, 0x0, 0x4f, 0xfc, 0x0, 0x0, 0x0, 0xc,
    0xff, 0x10, 0x0, 0x0, 0x7, 0xff, 0xf0, 0x0,
    0x0, 0x0, 0xcf, 0xf1, 0x0, 0x0, 0x0, 0xdf,
    0xff, 0x70, 0x0, 0x0, 0xc, 0xff, 0x10, 0x0,
    0x0, 0x6f, 0xff, 0xff, 0x40, 0x0, 0x0, 0xcf,
    0xf1, 0x0, 0x0, 0x5f, 0xfe, 0x6f, 0xff, 0x70,
    0x0, 0xc, 0xff, 0x10, 0x0, 0x7f, 0xff, 0x40,
    0x5f, 0xff, 0xe7, 0x0, 0xcf, 0xf1, 0x5, 0xef,
    0xfe, 0x40, 0x0, 0x3d, 0xff, 0x60, 0xc, 0xff,
    0x10, 0x2d, 0xfc, 0x20, 0x0, 0x0, 0x6, 0x80,
    0x0, 0xcf, 0xf1, 0x0, 0x15, 0x1, 0x44, 0x44,
    0x44, 0x44, 0x44, 0x48, 0xaa, 0x10, 0x0, 0x0,
    0x4f, 0xff, 0xff, 0xff, 0xff, 0xff, 0xff, 0xf1,
    0x0, 0x0, 0x4, 0xff, 0xff, 0xff, 0xff, 0xff,
    0xff, 0xff, 0x10, 0x0, 0x0, 0x3, 0x33, 0x33,
    0x33, 0x33, 0x33, 0xdf, 0xf1, 0x0, 0x0, 0x1,
    0x55, 0x55, 0x55, 0x55, 0x55, 0x5d, 0xff, 0x10,
    0x0, 0x0, 0x4f, 0xff, 0xff, 0xff, 0xff, 0xff,
    0xff, 0xf1, 0x0, 0x0, 0x4, 0xff, 0xff, 0xff,
    0xff, 0xff, 0xff, 0xff, 0x10, 0x0, 0x0, 0x4f,
    0xf9, 0x0, 0x0, 0x0, 0x0, 0x0, 0x0, 0x0,
    0x0, 0x4, 0xff, 0xc7, 0x77, 0x77, 0x77, 0x77,
    0x77, 0x70, 0x0, 0x0, 0x4f, 0xff, 0xff, 0xff,
    0xff, 0xff, 0xff, 0xff, 0x20, 0x0, 0x4, 0xff,
    0xff, 0xff, 0xff, 0xff, 0xff, 0xff, 0xf2,

    /* U+C9D0 "짐" */
    0x0, 0x0, 0x0, 0x0, 0x0, 0x0, 0x0, 0x0,
    0xcf, 0xf1, 0xd, 0xff, 0xff, 0xff, 0xff, 0xff,
    0xf5, 0x0, 0xcf, 0xf1, 0xd, 0xff, 0xff, 0xff,
    0xff, 0xff, 0xf5, 0x0, 0xcf, 0xf1, 0x5, 0x77,
    0x78, 0xff, 0xe7, 0x77, 0x72, 0x0, 0xcf, 0xf1,
    0x0, 0x0, 0x3, 0xff, 0xd0, 0x0, 0x0, 0x0,
    0xcf, 0xf1, 0x0, 0x0, 0x6, 0xff, 0xf1, 0x0,
    0x0, 0x0, 0xcf, 0xf1, 0x0, 0x0, 0xc, 0xff,
    0xf8, 0x0, 0x0, 0x0, 0xcf, 0xf1, 0x0, 0x0,
    0x6f, 0xff, 0xff, 0x40, 0x0, 0x0, 0xcf, 0xf1,
    0x0, 0x3, 0xff, 0xf7, 0xff, 0xf7, 0x0, 0x0,
    0xcf, 0xf1, 0x0, 0x5f, 0xff, 0x70, 0x7f, 0xff,
    0xc5, 0x0, 0xcf, 0xf1, 0x3b, 0xff, 0xf8, 0x0,
    0x5, 0xff, 0xfc, 0x0, 0xcf, 0xf1, 0x3f, 0xff,
    0x60, 0x0, 0x0, 0x2b, 0xe1, 0x0, 0xcf, 0xf1,
    0x2, 0xa2, 0x0, 0x0, 0x0, 0x0, 0x10, 0x0,
    0xac, 0xc0, 0x0, 0x0, 0x4f, 0xff, 0xff, 0xff,
    0xff, 0xff, 0xff, 0xf1, 0x0, 0x0, 0x4f, 0xff,
    0xff, 0xff, 0xff, 0xff, 0xff, 0xf1, 0x0, 0x0,
    0x4f, 0xfc, 0x88, 0x88, 0x88, 0x88, 0xef, 0xf1,
    0x0, 0x0, 0x4f, 0xf9, 0x0, 0x0, 0x0, 0x0,
    0xcf, 0xf1, 0x0, 0x0, 0x4f, 0xf9, 0x0, 0x0,
    0x0, 0x0, 0xcf, 0xf1, 0x0, 0x0, 0x4f, 0xf9,
    0x0, 0x0, 0x0, 0x0, 0xcf, 0xf1, 0x0, 0x0,
    0x4f, 0xfc, 0x77, 0x77, 0x77, 0x77, 0xef, 0xf1,
    0x0, 0x0, 0x4f, 0xff, 0xff, 0xff, 0xff, 0xff,
    0xff, 0xf1, 0x0, 0x0, 0x4f, 0xff, 0xff, 0xff,
    0xff, 0xff, 0xff, 0xf1,

    /* U+C9D1 "집" */
    0x0, 0x0, 0x0, 0x0, 0x0, 0x0, 0x0, 0x0,
    0xcf, 0xf1, 0xe, 0xff, 0xff, 0xff, 0xff, 0xff,
    0xf3, 0x0, 0xcf, 0xf1, 0xe, 0xff, 0xff, 0xff,
    0xff, 0xff, 0xf3, 0x0, 0xcf, 0xf1, 0x6, 0x77,
    0x79, 0xff, 0xd7, 0x77, 0x71, 0x0, 0xcf, 0xf1,
    0x0, 0x0, 0x5, 0xff, 0xc0, 0x0, 0x0, 0x0,
    0xcf, 0xf1, 0x0, 0x0, 0x8, 0xff, 0xf1, 0x0,
    0x0, 0x0, 0xcf, 0xf1, 0x0, 0x0, 0xe, 0xff,
    0xf9, 0x0, 0x0, 0x0, 0xcf, 0xf1, 0x0, 0x0,
    0xaf, 0xff, 0xff, 0x60, 0x0, 0x0, 0xcf, 0xf1,
    0x0, 0x8, 0xff, 0xd4, 0xff, 0xf9, 0x0, 0x0,
    0xcf, 0xf1, 0x0, 0xaf, 0xff, 0x30, 0x5f, 0xff,
    0xe8, 0x0, 0xcf, 0xf1, 0x6e, 0xff, 0xf4, 0x0,
    0x3, 0xef, 0xf8, 0x0, 0xcf, 0xf1, 0x2e, 0xfd,
    0x20, 0x0, 0x0, 0x8, 0xa0, 0x0, 0xcf, 0xf1,
    0x2, 0x70, 0x0, 0x0, 0x0, 0x0, 0x0, 0x0,
    0x12, 0x20, 0x0, 0x0, 0x4f, 0xf9, 0x0, 0x0,
    0x0, 0x0, 0xcf, 0xf1, 0x0, 0x0, 0x4f, 0xfa,
    0x11, 0x11, 0x11, 0x11, 0xdf, 0xf1, 0x0, 0x0,
    0x4f, 0xff, 0xff, 0xff, 0xff, 0xff, 0xff, 0xf1,
    0x0, 0x0, 0x4f, 0xff, 0xff, 0xff, 0xff, 0xff,
    0xff, 0xf1, 0x0, 0x0, 0x4f, 0xfb, 0x55, 0x55,
    0x55, 0x55, 0xdf, 0xf1, 0x0, 0x0, 0x4f, 0xf9,
    0x0, 0x0, 0x0, 0x0, 0xcf, 0xf1, 0x0, 0x0,
    0x4f, 0xfc, 0x66, 0x66, 0x66, 0x66, 0xef, 0xf1,
    0x0, 0x0, 0x4f, 0xff, 0xff, 0xff, 0xff, 0xff,
    0xff, 0xf1, 0x0, 0x0, 0x4f, 0xff, 0xff, 0xff,
    0xff, 0xff, 0xff, 0xf1,

    /* U+C9E7 "짧" */
    0x1f, 0xff, 0xff, 0xff, 0xff, 0xff, 0xff, 0x81,
    0xff, 0xe0, 0x0, 0x1, 0xff, 0xff, 0xff, 0xff,
    0xff, 0xff, 0xf8, 0x1f, 0xfe, 0x0, 0x0, 0x5,
    0x5a, 0xff, 0x85, 0x5f, 0xff, 0x55, 0x31, 0xff,
    0xe0, 0x0, 0x0, 0x0, 0xaf, 0xf5, 0x0, 0xff,
    0xf1, 0x0, 0x1f, 0xfe, 0x0, 0x0, 0x0, 0xd,
    0xff, 0xa0, 0x2f, 0xff, 0x40, 0x1, 0xff, 0xe3,
    0x33, 0x0, 0x3, 0xff, 0xff, 0x36, 0xff, 0xfb,
    0x0, 0x1f, 0xff, 0xff, 0xf3, 0x0, 0xcf, 0xfe,
    0xfe, 0xdf, 0xff, 0xf5, 0x1, 0xff, 0xff, 0xff,
    0x30, 0x9f, 0xf8, 0x4f, 0xff, 0xf6, 0xef, 0xf4,
    0x1f, 0xfe, 0x44, 0x40, 0x8f, 0xfd, 0x0, 0x7f,
    0xfc, 0x4, 0xff, 0xf7, 0xff, 0xe0, 0x0, 0x1,
    0xce, 0x20, 0x2d, 0xff, 0x30, 0x6, 0xfd, 0x1f,
    0xfe, 0x0, 0x0, 0x0, 0x20, 0x2, 0xdf, 0x60,
    0x0, 0x4, 0x21, 0xff, 0xe0, 0x0, 0x0, 0x1,
    0x11, 0x12, 0x71, 0x10, 0x11, 0x10, 0x8, 0x97,
    0x0, 0x0, 0x0, 0xbf, 0xff, 0xff, 0xfb, 0x1f,
    0xfd, 0x0, 0xff, 0xe0, 0x0, 0x0, 0xb, 0xff,
    0xff, 0xff, 0xb1, 0xff, 0xd0, 0xf, 0xfe, 0x0,
    0x0, 0x0, 0x35, 0x55, 0x6f, 0xfb, 0x1f, 0xfd,
    0x22, 0xff, 0xe0, 0x0, 0x0, 0x3, 0x55, 0x56,
    0xff, 0xb1, 0xff, 0xff, 0xff, 0xfe, 0x0, 0x0,
    0x0, 0xcf, 0xff, 0xff, 0xfb, 0x1f, 0xff, 0xff,
    0xff, 0xe0, 0x0, 0x0, 0xc, 0xff, 0xff, 0xff,
    0xa1, 0xff, 0xd4, 0x4f, 0xfe, 0x0, 0x0, 0x0,
    0xcf, 0xf1, 0x0, 0x0, 0x1f, 0xfd, 0x0, 0xff,
    0xe0, 0x0, 0x0, 0xc, 0xff, 0x76, 0x78, 0x92,
    0xff, 0xe6, 0x6f, 0xfe, 0x0, 0x0, 0x0, 0xcf,
    0xff, 0xff, 0xff, 0x3f, 0xff, 0xff, 0xff, 0xe0,
    0x0, 0x0, 0xc, 0xff, 0xff, 0xfe, 0xd3, 0xff,
    0xff, 0xff, 0xfe, 0x0, 0x0,

    /* U+CABD "쪽" */
    0x0, 0x9f, 0xff, 0xff, 0xff, 0xff, 0xff, 0xff,
    0xff, 0xfd, 0x0, 0x0, 0x9f, 0xff, 0xff, 0xff,
    0xff, 0xff, 0xff, 0xff, 0xfd, 0x0, 0x0, 0x35,
    0x58, 0xff, 0xc5, 0x55, 0x5b, 0xff, 0x95, 0x54,
    0x0, 0x0, 0x0, 0xa, 0xff, 0xd0, 0x0, 0xb,
    0xff, 0xa0, 0x0, 0x0, 0x0, 0x0, 0x6f, 0xff,
    0xf9, 0x0, 0x3f, 0xff, 0xf5, 0x0, 0x0, 0x0,
    0x19, 0xff, 0xdc, 0xff, 0xa3, 0xef, 0xee, 0xff,
    0x91, 0x0, 0x6, 0xff, 0xfd, 0x10, 0xbb, 0x1c,
    0xff, 0x42, 0xdf, 0xff, 0x50, 0x0, 0xcf, 0x80,
    0x0, 0x2, 0x56, 0xb4, 0x0, 0x9, 0xfb, 0x0,
    0x0, 0x11, 0x0, 0x0, 0x6, 0xff, 0x90, 0x0,
    0x0, 0x21, 0x0, 0x1, 0x11, 0x11, 0x11, 0x17,
    0xff, 0x91, 0x11, 0x11, 0x11, 0x10, 0x4f, 0xff,
    0xff, 0xff, 0xff, 0xff, 0xff, 0xff, 0xff, 0xff,
    0xfb, 0x4f, 0xff, 0xff, 0xff, 0xff, 0xff, 0xff,
    0xff, 0xff, 0xff, 0xfb, 0x16, 0x66, 0x66, 0x66,
    0x66, 0x66, 0x66, 0x66, 0x66, 0x66, 0x64, 0x0,
    0x0, 0x0, 0x0, 0x0, 0x0, 0x0, 0x0, 0x0,
    0x0, 0x0, 0x0, 0xa, 0xff, 0xff, 0xff, 0xff,
    0xff, 0xff, 0xff, 0x90, 0x0, 0x0, 0xb, 0xff,
    0xff, 0xff, 0xff, 0xff, 0xff, 0xff, 0x90, 0x0,
    0x0, 0x5, 0x88, 0x88, 0x88, 0x88, 0x88, 0x8b,
    0xff, 0x90, 0x0, 0x0, 0x0, 0x0, 0x0, 0x0,
    0x0, 0x0, 0x6, 0xff, 0x90, 0x0, 0x0, 0x0,
    0x0, 0x0, 0x0, 0x0, 0x0, 0x6, 0xff, 0x90,
    0x0, 0x0, 0x0, 0x0, 0x0, 0x0, 0x0, 0x0,
    0x6, 0xff, 0x90, 0x0, 0x0, 0x0, 0x0, 0x0,
    0x0, 0x0, 0x0, 0x6, 0xff, 0x90, 0x0, 0x0,
    0x0, 0x0, 0x0, 0x0, 0x0, 0x0, 0x6, 0xff,
    0x90, 0x0, 0x0, 0x0, 0x0, 0x0, 0x0, 0x0,
    0x0, 0x0, 0x11, 0x0, 0x0,

    /* U+CC28 "차" */
    0x0, 0x0, 0x0, 0xff, 0xe0, 0x0, 0x0, 0x1,
    0xff, 0xe0, 0x0, 0x0, 0x0, 0x0, 0xf, 0xfe,
    0x0, 0x0, 0x0, 0x1f, 0xfe, 0x0, 0x0, 0x18,
    0x88, 0x88, 0xff, 0xf8, 0x88, 0x88, 0x1, 0xff,
    0xe0, 0x0, 0x2, 0xff, 0xff, 0xff, 0xff, 0xff,
    0xff, 0xf1, 0x1f, 0xfe, 0x0, 0x0, 0x2f, 0xff,
    0xff, 0xff, 0xff, 0xff, 0xff, 0x11, 0xff, 0xe0,
    0x0, 0x0, 0x0, 0x0, 0xf, 0xfe, 0x0, 0x0,
    0x0, 0x1f, 0xfe, 0x0, 0x0, 0x0, 0x0, 0x0,
    0xff, 0xe0, 0x0, 0x0, 0x1, 0xff, 0xe0, 0x0,
    0x0, 0x0, 0x0, 0x1f, 0xff, 0x0, 0x0, 0x0,
    0x1f, 0xfe, 0x0, 0x0, 0x0, 0x0, 0x4, 0xff,
    0xf3, 0x0, 0x0, 0x1, 0xff, 0xf8, 0x88, 0x30,
    0x0, 0x0, 0xaf, 0xff, 0x90, 0x0, 0x0, 0x1f,
    0xff, 0xff, 0xf6, 0x0, 0x0, 0x2f, 0xff, 0xff,
    0x20, 0x0, 0x1, 0xff, 0xff, 0xff, 0x60, 0x0,
    0xb, 0xff, 0xcf, 0xfc, 0x0, 0x0, 0x1f, 0xfe,
    0x0, 0x0, 0x0, 0x6, 0xff, 0xc0, 0xcf, 0xfa,
    0x0, 0x1, 0xff, 0xe0, 0x0, 0x0, 0x5, 0xff,
    0xf3, 0x1, 0xef, 0xfb, 0x10, 0x1f, 0xfe, 0x0,
    0x0, 0x6, 0xff, 0xf6, 0x0, 0x2, 0xef, 0xfe,
    0x41, 0xff, 0xe0, 0x0, 0x8, 0xff, 0xf8, 0x0,
    0x0, 0x2, 0xdf, 0xe1, 0x1f, 0xfe, 0x0, 0x0,
    0xb, 0xf8, 0x0, 0x0, 0x0, 0x0, 0xa3, 0x1,
    0xff, 0xe0, 0x0, 0x0, 0x4, 0x0, 0x0, 0x0,
    0x0, 0x0, 0x0, 0x1f, 0xfe, 0x0, 0x0, 0x0,
    0x0, 0x0, 0x0, 0x0, 0x0, 0x0, 0x1, 0xff,
    0xe0, 0x0, 0x0, 0x0, 0x0, 0x0, 0x0, 0x0,
    0x0, 0x0, 0x1f, 0xfe, 0x0, 0x0, 0x0, 0x0,
    0x0, 0x0, 0x0, 0x0, 0x0, 0x1, 0xff, 0xe0,
    0x0, 0x0, 0x0, 0x0, 0x0, 0x0, 0x0, 0x0,
    0x0, 0x1f, 0xfe, 0x0, 0x0, 0x0, 0x0, 0x0,
    0x0, 0x0, 0x0, 0x0, 0x0, 0x99, 0x80, 0x0,
    0x0,

    /* U+CC3E "찾" */
    0x0, 0x0, 0x1, 0xdd, 0xb0, 0x0, 0x0, 0x0,
    0x0, 0x0, 0x0, 0x0, 0x0, 0x0, 0x1f, 0xfe,
    0x0, 0x0, 0x0, 0x1f, 0xfd, 0x0, 0x0, 0x0,
    0x0, 0x1, 0xff, 0xe0, 0x0, 0x0, 0x1, 0xff,
    0xd0, 0x0, 0x1, 0xff, 0xff, 0xff, 0xff, 0xff,
    0xff, 0xd0, 0x1f, 0xfd, 0x0, 0x0, 0x1f, 0xff,
    0xff, 0xff, 0xff, 0xff, 0xfd, 0x1, 0xff, 0xd0,
    0x0, 0x0, 0x33, 0x33, 0x5f, 0xff, 0x33, 0x33,
    0x20, 0x1f, 0xfd, 0x0, 0x0, 0x0, 0x0, 0x5,
    0xff, 0xf2, 0x0, 0x0, 0x1, 0xff, 0xff, 0xff,
    0x40, 0x0, 0x0, 0xcf, 0xff, 0xa0, 0x0, 0x0,
    0x1f, 0xff, 0xff, 0xf4, 0x0, 0x0, 0x6f, 0xff,
    0xff, 0x70, 0x0, 0x1, 0xff, 0xe8, 0x88, 0x20,
    0x0, 0x5f, 0xfe, 0x2e, 0xff, 0x90, 0x0, 0x1f,
    0xfd, 0x0, 0x0, 0x0, 0x8f, 0xff, 0x30, 0x2e,
    0xff, 0xe8, 0x21, 0xff, 0xd0, 0x0, 0x4, 0xef,
    0xff, 0x40, 0x0, 0x1c, 0xff, 0xe1, 0x1f, 0xfd,
    0x0, 0x0, 0x1c, 0xfd, 0x30, 0x0, 0x0, 0x6,
    0xd3, 0x1, 0xff, 0xd0, 0x0, 0x0, 0x7, 0x11,
    0x11, 0x11, 0x11, 0x11, 0x11, 0x18, 0x87, 0x0,
    0x0, 0x0, 0xa, 0xff, 0xff, 0xff, 0xff, 0xff,
    0xff, 0xff, 0xf2, 0x0, 0x0, 0x0, 0xaf, 0xff,
    0xff, 0xff, 0xff, 0xff, 0xff, 0xff, 0x20, 0x0,
    0x0, 0x3, 0x66, 0x66, 0x6e, 0xff, 0xf9, 0x66,
    0x66, 0x60, 0x0, 0x0, 0x0, 0x0, 0x0, 0x7,
    0xff, 0xff, 0xd1, 0x0, 0x0, 0x0, 0x0, 0x0,
    0x0, 0x0, 0x19, 0xff, 0xfd, 0xff, 0xe4, 0x0,
    0x0, 0x0, 0x0, 0x0, 0x2, 0x8e, 0xff, 0xf6,
    0xc, 0xff, 0xfb, 0x50, 0x0, 0x0, 0x0, 0xbe,
    0xff, 0xff, 0xd3, 0x0, 0x8, 0xff, 0xff, 0xfc,
    0x60, 0x0, 0x7, 0xff, 0xfe, 0x60, 0x0, 0x0,
    0x3, 0xbf, 0xff, 0xe1, 0x0, 0x0, 0xa, 0x95,
    0x0, 0x0, 0x0, 0x0, 0x0, 0x27, 0xc4, 0x0,
    0x0,

    /* U+CC44 "채" */
    0x0, 0x0, 0x1, 0x10, 0x0, 0x0, 0x0, 0x0,
    0x0, 0x0, 0x0, 0x0, 0x4, 0xff, 0x90, 0x0,
    0x1, 0xff, 0xc0, 0xdf, 0xf1, 0x0, 0x0, 0x4f,
    0xf9, 0x0, 0x0, 0x1f, 0xfc, 0xd, 0xff, 0x10,
    0x77, 0x79, 0xff, 0xc7, 0x77, 0x21, 0xff, 0xc0,
    0xdf, 0xf1, 0x1f, 0xff, 0xff, 0xff, 0xff, 0xf6,
    0x1f, 0xfc, 0xd, 0xff, 0x11, 0xff, 0xff, 0xff,
    0xff, 0xff, 0x61, 0xff, 0xc0, 0xdf, 0xf1, 0x0,
    0x0, 0x5f, 0xfa, 0x0, 0x0, 0x1f, 0xfc, 0xd,
    0xff, 0x10, 0x0, 0x4, 0xff, 0x90, 0x0, 0x1,
    0xff, 0xc0, 0xdf, 0xf1, 0x0, 0x0, 0x5f, 0xfa,
    0x0, 0x0, 0x1f, 0xfc, 0xd, 0xff, 0x10, 0x0,
    0x7, 0xff, 0xc0, 0x0, 0x1, 0xff, 0xe6, 0xef,
    0xf1, 0x0, 0x0, 0xbf, 0xff, 0x10, 0x0, 0x1f,
    0xff, 0xff, 0xff, 0x10, 0x0, 0xf, 0xff, 0xf6,
    0x0, 0x1, 0xff, 0xff, 0xff, 0xf1, 0x0, 0x7,
    0xff, 0xff, 0xe1, 0x0, 0x1f, 0xfc, 0xd, 0xff,
    0x10, 0x1, 0xef, 0xfb, 0xff, 0xb0, 0x1, 0xff,
    0xc0, 0xdf, 0xf1, 0x0, 0xbf, 0xf8, 0x1e, 0xff,
    0x90, 0x1f, 0xfc, 0xd, 0xff, 0x10, 0x8f, 0xfd,
    0x0, 0x4f, 0xff, 0xc2, 0xff, 0xc0, 0xdf, 0xf1,
    0x8f, 0xff, 0x30, 0x0, 0x5f, 0xf7, 0x1f, 0xfc,
    0xd, 0xff, 0x11, 0xcf, 0x60, 0x0, 0x0, 0x47,
    0x1, 0xff, 0xc0, 0xdf, 0xf1, 0x0, 0x40, 0x0,
    0x0, 0x0, 0x0, 0x1f, 0xfc, 0xd, 0xff, 0x10,
    0x0, 0x0, 0x0, 0x0, 0x0, 0x1, 0xff, 0xc0,
    0xdf, 0xf1, 0x0, 0x0, 0x0, 0x0, 0x0, 0x0,
    0x1f, 0xfc, 0xd, 0xff, 0x10, 0x0, 0x0, 0x0,
    0x0, 0x0, 0x1, 0xff, 0xc0, 0xdf, 0xf1, 0x0,
    0x0, 0x0, 0x0, 0x0, 0x0, 0x1f, 0xfc, 0xd,
    0xff, 0x10, 0x0, 0x0, 0x0, 0x0, 0x0, 0x0,
    0x0, 0x0, 0x89, 0x90,

    /* U+CC98 "처" */
    0x0, 0x0, 0x0, 0xcf, 0xf3, 0x0, 0x0, 0x0,
    0x1f, 0xfd, 0x0, 0x0, 0x0, 0xcf, 0xf3, 0x0,
    0x0, 0x0, 0x1f, 0xfd, 0x7, 0x88, 0x88, 0xef,
    0xf9, 0x88, 0x88, 0x20, 0x1f, 0xfd, 0xe, 0xff,
    0xff, 0xff, 0xff, 0xff, 0xff, 0x50, 0x1f, 0xfd,
    0xe, 0xff, 0xff, 0xff, 0xff, 0xff, 0xff, 0x50,
    0x1f, 0xfd, 0x0, 0x0, 0x0, 0xbf, 0xf3, 0x0,
    0x0, 0x0, 0x1f, 0xfd, 0x0, 0x0, 0x0, 0xbf,
    0xf3, 0x0, 0x0, 0x0, 0x1f, 0xfd, 0x0, 0x0,
    0x0, 0xcf, 0xf4, 0x0, 0x38, 0x88, 0x8f, 0xfd,
    0x0, 0x0, 0x0, 0xff, 0xf8, 0x0, 0x6f, 0xff,
    0xff, 0xfd, 0x0, 0x0, 0x6, 0xff, 0xfe, 0x0,
    0x6f, 0xff, 0xff, 0xfd, 0x0, 0x0, 0xd, 0xff,
    0xff, 0x60, 0x0, 0x0, 0x1f, 0xfd, 0x0, 0x0,
    0x7f, 0xfa, 0xff, 0xf2, 0x0, 0x0, 0x1f, 0xfd,
    0x0, 0x3, 0xff, 0xf1, 0x6f, 0xfd, 0x20, 0x0,
    0x1f, 0xfd, 0x0, 0x3e, 0xff, 0x50, 0xa, 0xff,
    0xe4, 0x0, 0x1f, 0xfd, 0x5, 0xff, 0xf9, 0x0,
    0x0, 0xaf, 0xff, 0x80, 0x1f, 0xfd, 0x4f, 0xff,
    0xb0, 0x0, 0x0, 0x9, 0xff, 0x30, 0x1f, 0xfd,
    0x6, 0xfa, 0x0, 0x0, 0x0, 0x0, 0x55, 0x0,
    0x1f, 0xfd, 0x0, 0x30, 0x0, 0x0, 0x0, 0x0,
    0x0, 0x0, 0x1f, 0xfd, 0x0, 0x0, 0x0, 0x0,
    0x0, 0x0, 0x0, 0x0, 0x1f, 0xfd, 0x0, 0x0,
    0x0, 0x0, 0x0, 0x0, 0x0, 0x0, 0x1f, 0xfd,
    0x0, 0x0, 0x0, 0x0, 0x0, 0x0, 0x0, 0x0,
    0x1f, 0xfd, 0x0, 0x0, 0x0, 0x0, 0x0, 0x0,
    0x0, 0x0, 0x1f, 0xfd, 0x0, 0x0, 0x0, 0x0,
    0x0, 0x0, 0x0, 0x0, 0x9, 0x98,

    /* U+CCA8 "첨" */
    0x0, 0x0, 0x0, 0x9c, 0xc3, 0x0, 0x0, 0x0,
    0x0, 0x0, 0x0, 0x0, 0x0, 0xcf, 0xf4, 0x0,
    0x0, 0x0, 0x1f, 0xfc, 0x4, 0x44, 0x44, 0xdf,
    0xf7, 0x44, 0x44, 0x0, 0x1f, 0xfc, 0xd, 0xff,
    0xff, 0xff, 0xff, 0xff, 0xff, 0x10, 0x1f, 0xfc,
    0xd, 0xff, 0xff, 0xff, 0xff, 0xff, 0xff, 0x10,
    0x1f, 0xfc, 0x1, 0x11, 0x11, 0xdf, 0xf5, 0x11,
    0x11, 0x0, 0x1f, 0xfc, 0x0, 0x0, 0x0, 0xef,
    0xf5, 0x0, 0x5, 0x66, 0x7f, 0xfc, 0x0, 0x0,
    0x2, 0xff, 0xfb, 0x0, 0xe, 0xff, 0xff, 0xfc,
    0x0, 0x0, 0xa, 0xff, 0xff, 0x40, 0xd, 0xff,
    0xff, 0xfc, 0x0, 0x0, 0x5f, 0xfd, 0xff, 0xf4,
    0x0, 0x0, 0x1f, 0xfc, 0x0, 0x6, 0xff, 0xf2,
    0x6f, 0xff, 0x70, 0x0, 0x1f, 0xfc, 0x1, 0xaf,
    0xff, 0x30, 0x5, 0xff, 0xfe, 0x60, 0x1f, 0xfc,
    0x2f, 0xff, 0xe3, 0x0, 0x0, 0x3d, 0xfe, 0x10,
    0x1f, 0xfc, 0x4, 0xfa, 0x10, 0x0, 0x0, 0x0,
    0x63, 0x0, 0x1f, 0xfc, 0x0, 0x10, 0x17, 0x77,
    0x77, 0x77, 0x77, 0x77, 0x78, 0x86, 0x0, 0x0,
    0x2f, 0xff, 0xff, 0xff, 0xff, 0xff, 0xff, 0xfc,
    0x0, 0x0, 0x2f, 0xff, 0xff, 0xff, 0xff, 0xff,
    0xff, 0xfc, 0x0, 0x0, 0x2f, 0xfc, 0x0, 0x0,
    0x0, 0x0, 0x1f, 0xfc, 0x0, 0x0, 0x2f, 0xfc,
    0x0, 0x0, 0x0, 0x0, 0x1f, 0xfc, 0x0, 0x0,
    0x2f, 0xfc, 0x0, 0x0, 0x0, 0x0, 0x1f, 0xfc,
    0x0, 0x0, 0x2f, 0xfe, 0x77, 0x77, 0x77, 0x77,
    0x8f, 0xfc, 0x0, 0x0, 0x2f, 0xff, 0xff, 0xff,
    0xff, 0xff, 0xff, 0xfc, 0x0, 0x0, 0x2f, 0xff,
    0xff, 0xff, 0xff, 0xff, 0xff, 0xfc,

    /* U+CCAB "첫" */
    0x0, 0x0, 0x0, 0x45, 0x51, 0x0, 0x0, 0x0,
    0x0, 0x0, 0x0, 0x0, 0x0, 0xc, 0xff, 0x30,
    0x0, 0x0, 0x1, 0xff, 0xc0, 0x5, 0x66, 0x66,
    0xdf, 0xf8, 0x66, 0x66, 0x0, 0x1f, 0xfc, 0x0,
    0xdf, 0xff, 0xff, 0xff, 0xff, 0xff, 0xf1, 0x1,
    0xff, 0xc0, 0xd, 0xff, 0xff, 0xff, 0xff, 0xff,
    0xff, 0x10, 0x1f, 0xfc, 0x0, 0x0, 0x0, 0xc,
    0xff, 0x30, 0x0, 0x0, 0x1, 0xff, 0xc0, 0x0,
    0x0, 0x0, 0xef, 0xf5, 0x0, 0x17, 0x77, 0x7f,
    0xfc, 0x0, 0x0, 0x0, 0x2f, 0xff, 0xa0, 0x4,
    0xff, 0xff, 0xff, 0xc0, 0x0, 0x0, 0xa, 0xff,
    0xff, 0x40, 0x3f, 0xff, 0xff, 0xfc, 0x0, 0x0,
    0x5, 0xff, 0xef, 0xfe, 0x30, 0x0, 0x1, 0xff,
    0xc0, 0x0, 0x6, 0xff, 0xf2, 0x7f, 0xff, 0x70,
    0x0, 0x1f, 0xfc, 0x0, 0x2a, 0xff, 0xf4, 0x0,
    0x6f, 0xff, 0xe5, 0x1, 0xff, 0xc0, 0x2f, 0xff,
    0xf4, 0x0, 0x0, 0x3d, 0xfe, 0x10, 0x1f, 0xfc,
    0x0, 0x5f, 0xc2, 0x0, 0x0, 0x0, 0x7, 0x30,
    0x1, 0xff, 0xc0, 0x0, 0x30, 0x0, 0x0, 0x0,
    0x8b, 0xb1, 0x0, 0x1f, 0xfc, 0x0, 0x0, 0x0,
    0x0, 0x0, 0xc, 0xff, 0x20, 0x0, 0x55, 0x40,
    0x0, 0x0, 0x0, 0x0, 0x0, 0xff, 0xf5, 0x0,
    0x0, 0x0, 0x0, 0x0, 0x0, 0x0, 0x0, 0x8f,
    0xff, 0xd0, 0x0, 0x0, 0x0, 0x0, 0x0, 0x0,
    0x0, 0x6f, 0xff, 0xff, 0xb0, 0x0, 0x0, 0x0,
    0x0, 0x0, 0x0, 0x9f, 0xff, 0x5d, 0xff, 0xd2,
    0x0, 0x0, 0x0, 0x0, 0x28, 0xef, 0xff, 0x50,
    0x1c, 0xff, 0xfa, 0x40, 0x0, 0x5, 0xef, 0xff,
    0xfc, 0x20, 0x0, 0x9, 0xff, 0xff, 0xf9, 0x0,
    0xc, 0xff, 0xd4, 0x0, 0x0, 0x0, 0x3, 0xbf,
    0xff, 0x30, 0x0, 0x18, 0x30, 0x0, 0x0, 0x0,
    0x0, 0x0, 0x27, 0x50,

    /* U+CCAD "청" */
    0x0, 0x0, 0x0, 0xad, 0xd3, 0x0, 0x0, 0x0,
    0x0, 0x0, 0x0, 0x0, 0x0, 0xc, 0xff, 0x30,
    0x0, 0x0, 0x1, 0xff, 0xd0, 0x4, 0x44, 0x44,
    0xdf, 0xf7, 0x44, 0x44, 0x0, 0x1f, 0xfd, 0x0,
    0xdf, 0xff, 0xff, 0xff, 0xff, 0xff, 0xf1, 0x1,
    0xff, 0xd0, 0xd, 0xff, 0xff, 0xff, 0xff, 0xff,
    0xff, 0x10, 0x1f, 0xfd, 0x0, 0x11, 0x11, 0x1d,
    0xff, 0x51, 0x11, 0x10, 0x1, 0xff, 0xd0, 0x0,
    0x0, 0x0, 0xef, 0xf5, 0x0, 0x17, 0x77, 0x8f,
    0xfd, 0x0, 0x0, 0x0, 0x2f, 0xff, 0xa0, 0x2,
    0xff, 0xff, 0xff, 0xd0, 0x0, 0x0, 0xa, 0xff,
    0xff, 0x40, 0x2f, 0xff, 0xff, 0xfd, 0x0, 0x0,
    0x5, 0xff, 0xdf, 0xff, 0x50, 0x0, 0x1, 0xff,
    0xd0, 0x0, 0x5, 0xff, 0xe2, 0x5f, 0xff, 0x92,
    0x0, 0x1f, 0xfd, 0x0, 0x1a, 0xff, 0xe2, 0x0,
    0x4e, 0xff, 0xf7, 0x1, 0xff, 0xd0, 0x2e, 0xff,
    0xc1, 0x0, 0x0, 0x1a, 0xfd, 0x0, 0x1f, 0xfd,
    0x0, 0x3c, 0x70, 0x0, 0x0, 0x0, 0x4, 0x20,
    0x1, 0xff, 0xd0, 0x0, 0x0, 0x0, 0x1, 0x7c,
    0xef, 0xff, 0xfc, 0x85, 0x22, 0x0, 0x0, 0x0,
    0x5, 0xff, 0xff, 0xff, 0xff, 0xff, 0xf8, 0x0,
    0x0, 0x0, 0x4, 0xff, 0xfd, 0x86, 0x56, 0x7b,
    0xff, 0xf8, 0x0, 0x0, 0x0, 0xbf, 0xf9, 0x0,
    0x0, 0x0, 0x3, 0xff, 0xf0, 0x0, 0x0, 0xd,
    0xff, 0x30, 0x0, 0x0, 0x0, 0xd, 0xff, 0x10,
    0x0, 0x0, 0xaf, 0xfa, 0x0, 0x0, 0x0, 0x5,
    0xff, 0xf0, 0x0, 0x0, 0x3, 0xff, 0xfe, 0x97,
    0x77, 0x9c, 0xff, 0xf8, 0x0, 0x0, 0x0, 0x4,
    0xef, 0xff, 0xff, 0xff, 0xff, 0xf8, 0x0, 0x0,
    0x0, 0x0, 0x0, 0x6a, 0xdf, 0xff, 0xeb, 0x72,
    0x0, 0x0,

    /* U+CCB4 "체" */
    0x0, 0x0, 0x4f, 0xfa, 0x0, 0x0, 0x1e, 0xeb,
    0xd, 0xff, 0x10, 0x0, 0x4, 0xff, 0xa0, 0x0,
    0x1, 0xff, 0xd0, 0xdf, 0xf1, 0x7, 0x77, 0x9f,
    0xfc, 0x77, 0x72, 0x1f, 0xfd, 0xd, 0xff, 0x11,
    0xff, 0xff, 0xff, 0xff, 0xff, 0x61, 0xff, 0xd0,
    0xdf, 0xf1, 0x1f, 0xff, 0xff, 0xff, 0xff, 0xf6,
    0x1f, 0xfd, 0xd, 0xff, 0x10, 0x0, 0x4, 0xff,
    0xa0, 0x0, 0x1, 0xff, 0xd0, 0xdf, 0xf1, 0x0,
    0x0, 0x4f, 0xfa, 0x0, 0x0, 0x1f, 0xfd, 0xd,
    0xff, 0x10, 0x0, 0x4, 0xff, 0xb0, 0x15, 0x56,
    0xff, 0xd0, 0xdf, 0xf1, 0x0, 0x0, 0x7f, 0xfd,
    0x4, 0xff, 0xff, 0xfd, 0xd, 0xff, 0x10, 0x0,
    0xa, 0xff, 0xf1, 0x4f, 0xff, 0xff, 0xd0, 0xdf,
    0xf1, 0x0, 0x0, 0xff, 0xff, 0x70, 0x11, 0x2f,
    0xfd, 0xd, 0xff, 0x10, 0x0, 0x6f, 0xff, 0xfe,
    0x10, 0x1, 0xff, 0xd0, 0xdf, 0xf1, 0x0, 0x1e,
    0xff, 0xaf, 0xfb, 0x0, 0x1f, 0xfd, 0xd, 0xff,
    0x10, 0xa, 0xff, 0x81, 0xef, 0xf8, 0x1, 0xff,
    0xd0, 0xdf, 0xf1, 0x8, 0xff, 0xe0, 0x4, 0xff,
    0xfb, 0x1f, 0xfd, 0xd, 0xff, 0x18, 0xff, 0xf4,
    0x0, 0x5, 0xff, 0x71, 0xff, 0xd0, 0xdf, 0xf1,
    0x1c, 0xf6, 0x0, 0x0, 0x4, 0x70, 0x1f, 0xfd,
    0xd, 0xff, 0x10, 0x4, 0x0, 0x0, 0x0, 0x0,
    0x1, 0xff, 0xd0, 0xdf, 0xf1, 0x0, 0x0, 0x0,
    0x0, 0x0, 0x0, 0x1f, 0xfd, 0xd, 0xff, 0x10,
    0x0, 0x0, 0x0, 0x0, 0x0, 0x1, 0xff, 0xd0,
    0xdf, 0xf1, 0x0, 0x0, 0x0, 0x0, 0x0, 0x0,
    0x1f, 0xfd, 0xd, 0xff, 0x10, 0x0, 0x0, 0x0,
    0x0, 0x0, 0x1, 0xff, 0xd0, 0xdf, 0xf1, 0x0,
    0x0, 0x0, 0x0, 0x0, 0x0, 0x0, 0x0, 0x8,
    0x99, 0x0,

    /* U+CD08 "초" */
    0x0, 0x0, 0x0, 0x0, 0x4, 0xff, 0xb0, 0x0,
    0x0, 0x0, 0x0, 0x0, 0x0, 0x0, 0x0, 0x4,
    0xff, 0xb0, 0x0, 0x0, 0x0, 0x0, 0x0, 0x1e,
    0xee, 0xee, 0xef, 0xff, 0xfe, 0xee, 0xee, 0xe8,
    0x0, 0x0, 0x1f, 0xff, 0xff, 0xff, 0xff, 0xff,
    0xff, 0xff, 0xf8, 0x0, 0x0, 0x7, 0x77, 0x77,
    0x7a, 0xff, 0xd7, 0x77, 0x77, 0x74, 0x0, 0x0,
    0x0, 0x0, 0x0, 0x9, 0xff, 0xe0, 0x0, 0x0,
    0x0, 0x0, 0x0, 0x0, 0x0, 0x0, 0x2f, 0xff,
    0xf7, 0x0, 0x0, 0x0, 0x0, 0x0, 0x0, 0x0,
    0x1, 0xcf, 0xff, 0xff, 0x40, 0x0, 0x0, 0x0,
    0x0, 0x0, 0x0, 0x2d, 0xff, 0xc7, 0xff, 0xf6,
    0x0, 0x0, 0x0, 0x0, 0x0, 0x18, 0xff, 0xfc,
    0x10, 0x7f, 0xff, 0xc4, 0x0, 0x0, 0x2, 0x7b,
    0xff, 0xff, 0x90, 0x0, 0x4, 0xef, 0xff, 0xe9,
    0x50, 0x2, 0xef, 0xff, 0xc4, 0x0, 0x0, 0x0,
    0x7, 0xef, 0xff, 0x70, 0x0, 0x4e, 0xa4, 0x0,
    0x3, 0xcc, 0x80, 0x0, 0x6, 0xbb, 0x0, 0x0,
    0x0, 0x0, 0x0, 0x4, 0xff, 0xb0, 0x0, 0x0,
    0x0, 0x0, 0x0, 0x0, 0x0, 0x0, 0x4, 0xff,
    0xb0, 0x0, 0x0, 0x0, 0x0, 0x0, 0x0, 0x0,
    0x0, 0x4, 0xff, 0xb0, 0x0, 0x0, 0x0, 0x0,
    0x3, 0x33, 0x33, 0x33, 0x36, 0xff, 0xc3, 0x33,
    0x33, 0x33, 0x32, 0x4f, 0xff, 0xff, 0xff, 0xff,
    0xff, 0xff, 0xff, 0xff, 0xff, 0xfb, 0x4f, 0xff,
    0xff, 0xff, 0xff, 0xff, 0xff, 0xff, 0xff, 0xff,
    0xfb, 0x3, 0x33, 0x33, 0x33, 0x33, 0x33, 0x33,
    0x33, 0x33, 0x33, 0x32,

    /* U+CD5C "최" */
    0x0, 0x0, 0x0, 0xb, 0xff, 0x30, 0x0, 0x0,
    0x1, 0xff, 0xe0, 0x0, 0x0, 0x0, 0xbf, 0xf3,
    0x0, 0x0, 0x0, 0x1f, 0xfe, 0x0, 0x67, 0x77,
    0x7d, 0xff, 0x97, 0x77, 0x71, 0x1, 0xff, 0xe0,
    0xe, 0xff, 0xff, 0xff, 0xff, 0xff, 0xff, 0x30,
    0x1f, 0xfe, 0x0, 0xef, 0xff, 0xff, 0xff, 0xff,
    0xff, 0xf2, 0x1, 0xff, 0xe0, 0x0, 0x0, 0x0,
    0xef, 0xf5, 0x0, 0x0, 0x0, 0x1f, 0xfe, 0x0,
    0x0, 0x0, 0x5f, 0xff, 0xd0, 0x0, 0x0, 0x1,
    0xff, 0xe0, 0x0, 0x0, 0x2e, 0xff, 0xff, 0xa0,
    0x0, 0x0, 0x1f, 0xfe, 0x0, 0x0, 0x4e, 0xff,
    0x8d, 0xff, 0xc2, 0x0, 0x1, 0xff, 0xe0, 0x2,
    0x9f, 0xff, 0x90, 0x1c, 0xff, 0xfb, 0x61, 0x1f,
    0xfe, 0xa, 0xff, 0xff, 0x70, 0x0, 0x7, 0xff,
    0xfe, 0x11, 0xff, 0xe0, 0x2e, 0xfc, 0x30, 0x59,
    0x93, 0x1, 0x7c, 0x30, 0x1f, 0xfe, 0x0, 0x33,
    0x0, 0x9, 0xff, 0x60, 0x0, 0x0, 0x1, 0xff,
    0xe0, 0x0, 0x0, 0x0, 0x9f, 0xf6, 0x0, 0x0,
    0x0, 0x1f, 0xfe, 0x0, 0x0, 0x0, 0x9, 0xff,
    0x60, 0x0, 0x0, 0x1, 0xff, 0xe0, 0x0, 0x0,
    0x0, 0x9f, 0xf6, 0x1, 0x12, 0x23, 0x1f, 0xfe,
    0x3e, 0xee, 0xff, 0xff, 0xff, 0xff, 0xff, 0xff,
    0xf3, 0xff, 0xe2, 0xff, 0xff, 0xff, 0xff, 0xff,
    0xff, 0xff, 0xff, 0x4f, 0xfe, 0x8, 0x88, 0x88,
    0x87, 0x77, 0x66, 0x55, 0x44, 0x31, 0xff, 0xe0,
    0x0, 0x0, 0x0, 0x0, 0x0, 0x0, 0x0, 0x0,
    0x1f, 0xfe, 0x0, 0x0, 0x0, 0x0, 0x0, 0x0,
    0x0, 0x0, 0x1, 0xff, 0xe0, 0x0, 0x0, 0x0,
    0x0, 0x0, 0x0, 0x0, 0x0, 0x1f, 0xfe, 0x0,
    0x0, 0x0, 0x0, 0x0, 0x0, 0x0, 0x0, 0x0,
    0x99, 0x80,

    /* U+CD94 "추" */
    0x0, 0x0, 0x0, 0x0, 0x3, 0xdd, 0x90, 0x0,
    0x0, 0x0, 0x0, 0x0, 0x0, 0x0, 0x0, 0x4,
    0xff, 0xb0, 0x0, 0x0, 0x0, 0x0, 0x0, 0x8,
    0x88, 0x88, 0x8a, 0xff, 0xd8, 0x88, 0x88, 0x84,
    0x0, 0x0, 0x1f, 0xff, 0xff, 0xff, 0xff, 0xff,
    0xff, 0xff, 0xf8, 0x0, 0x0, 0x1f, 0xff, 0xff,
    0xff, 0xff, 0xff, 0xff, 0xff, 0xf8, 0x0, 0x0,
    0x0, 0x0, 0x0, 0xd, 0xff, 0xf5, 0x0, 0x0,
    0x0, 0x0, 0x0, 0x0, 0x0, 0x1, 0xcf, 0xff,
    0xff, 0x60, 0x0, 0x0, 0x0, 0x0, 0x0, 0x1,
    0x7e, 0xff, 0xd8, 0xff, 0xfc, 0x40, 0x0, 0x0,
    0x1, 0x46, 0xbf, 0xff, 0xfa, 0x10, 0x4e, 0xff,
    0xfe, 0x95, 0x20, 0x8, 0xff, 0xff, 0xfb, 0x30,
    0x0, 0x0, 0x7e, 0xff, 0xff, 0xd0, 0x0, 0xbf,
    0xc7, 0x10, 0x0, 0x0, 0x0, 0x0, 0x5b, 0xef,
    0x30, 0x0, 0x0, 0x0, 0x0, 0x0, 0x0, 0x0,
    0x0, 0x0, 0x1, 0x0, 0x17, 0x77, 0x77, 0x77,
    0x77, 0x77, 0x77, 0x77, 0x77, 0x77, 0x75, 0x4f,
    0xff, 0xff, 0xff, 0xff, 0xff, 0xff, 0xff, 0xff,
    0xff, 0xfb, 0x4f, 0xff, 0xff, 0xff, 0xff, 0xff,
    0xff, 0xff, 0xff, 0xff, 0xfb, 0x0, 0x0, 0x0,
    0x0, 0x4, 0xff, 0xa0, 0x0, 0x0, 0x0, 0x0,
    0x0, 0x0, 0x0, 0x0, 0x4, 0xff, 0xa0, 0x0,
    0x0, 0x0, 0x0, 0x0, 0x0, 0x0, 0x0, 0x4,
    0xff, 0xa0, 0x0, 0x0, 0x0, 0x0, 0x0, 0x0,
    0x0, 0x0, 0x4, 0xff, 0xa0, 0x0, 0x0, 0x0,
    0x0, 0x0, 0x0, 0x0, 0x0, 0x4, 0xff, 0xa0,
    0x0, 0x0, 0x0, 0x0, 0x0, 0x0, 0x0, 0x0,
    0x4, 0xff, 0xa0, 0x0, 0x0, 0x0, 0x0, 0x0,
    0x0, 0x0, 0x0, 0x4, 0xff, 0xa0, 0x0, 0x0,
    0x0, 0x0, 0x0, 0x0, 0x0, 0x0, 0x4, 0xff,
    0xa0, 0x0, 0x0, 0x0, 0x0,

    /* U+CD95 "축" */
    0x0, 0x0, 0x0, 0x0, 0x4, 0xaa, 0x60, 0x0,
    0x0, 0x0, 0x0, 0x0, 0x0, 0x0, 0x0, 0x6,
    0xff, 0x90, 0x0, 0x0, 0x0, 0x0, 0x0, 0x2f,
    0xff, 0xff, 0xff, 0xff, 0xff, 0xff, 0xff, 0xf5,
    0x0, 0x0, 0x2f, 0xff, 0xff, 0xff, 0xff, 0xff,
    0xff, 0xff, 0xf5, 0x0, 0x0, 0x17, 0x77, 0x77,
    0x7f, 0xff, 0xf8, 0x77, 0x77, 0x72, 0x0, 0x0,
    0x0, 0x0, 0x0, 0xbf, 0xff, 0xfd, 0x20, 0x0,
    0x0, 0x0, 0x0, 0x0, 0x1, 0x7e, 0xff, 0xfd,
    0xff, 0xf9, 0x30, 0x0, 0x0, 0x4, 0x89, 0xdf,
    0xff, 0xfc, 0x21, 0xaf, 0xff, 0xfe, 0xa8, 0x60,
    0x4, 0xff, 0xff, 0xfb, 0x40, 0x0, 0x3, 0xaf,
    0xff, 0xff, 0x60, 0x0, 0x9c, 0x96, 0x10, 0x0,
    0x0, 0x0, 0x0, 0x48, 0xbb, 0x0, 0x0, 0x0,
    0x0, 0x0, 0x0, 0x0, 0x0, 0x0, 0x0, 0x0,
    0x0, 0x4f, 0xff, 0xff, 0xff, 0xff, 0xff, 0xff,
    0xff, 0xff, 0xff, 0xfb, 0x4f, 0xff, 0xff, 0xff,
    0xff, 0xff, 0xff, 0xff, 0xff, 0xff, 0xfb, 0x17,
    0x77, 0x77, 0x77, 0x7a, 0xff, 0xc7, 0x77, 0x77,
    0x77, 0x75, 0x0, 0x0, 0x0, 0x0, 0x6, 0xff,
    0x90, 0x0, 0x0, 0x0, 0x0, 0x0, 0x5, 0x88,
    0x88, 0x8b, 0xff, 0xc8, 0x88, 0x88, 0x40, 0x0,
    0x0, 0xb, 0xff, 0xff, 0xff, 0xff, 0xff, 0xff,
    0xff, 0x90, 0x0, 0x0, 0xa, 0xff, 0xff, 0xff,
    0xff, 0xff, 0xff, 0xff, 0x90, 0x0, 0x0, 0x0,
    0x0, 0x0, 0x0, 0x0, 0x0, 0x6, 0xff, 0x90,
    0x0, 0x0, 0x0, 0x0, 0x0, 0x0, 0x0, 0x0,
    0x6, 0xff, 0x90, 0x0, 0x0, 0x0, 0x0, 0x0,
    0x0, 0x0, 0x0, 0x6, 0xff, 0x90, 0x0, 0x0,
    0x0, 0x0, 0x0, 0x0, 0x0, 0x0, 0x6, 0xff,
    0x90, 0x0, 0x0, 0x0, 0x0, 0x0, 0x0, 0x0,
    0x0, 0x6, 0xff, 0x90, 0x0, 0x0, 0x0, 0x0,
    0x0, 0x0, 0x0, 0x0, 0x1, 0x33, 0x20, 0x0,

    /* U+CD9C "출" */
    0x0, 0x0, 0x0, 0x0, 0x2, 0xaa, 0x70, 0x0,
    0x0, 0x0, 0x0, 0x0, 0x0, 0x0, 0x0, 0x4,
    0xff, 0xb0, 0x0, 0x0, 0x0, 0x0, 0x0, 0xf,
    0xff, 0xff, 0xff, 0xff, 0xff, 0xff, 0xff, 0xf6,
    0x0, 0x0, 0xf, 0xff, 0xff, 0xff, 0xff, 0xff,
    0xff, 0xff, 0xf6, 0x0, 0x0, 0x4, 0x55, 0x55,
    0x7f, 0xff, 0xfc, 0x55, 0x55, 0x51, 0x0, 0x0,
    0x0, 0x0, 0x18, 0xff, 0xff, 0xff, 0xc4, 0x0,
    0x0, 0x0, 0x3, 0x56, 0x9d, 0xff, 0xff, 0x83,
    0xdf, 0xff, 0xfc, 0x87, 0x50, 0x3, 0xff, 0xff,
    0xfe, 0x81, 0x0, 0x5, 0xbf, 0xff, 0xff, 0x70,
    0x0, 0x8d, 0xb8, 0x30, 0x0, 0x0, 0x0, 0x1,
    0x59, 0xcb, 0x0, 0x16, 0x66, 0x66, 0x66, 0x66,
    0x66, 0x66, 0x66, 0x66, 0x66, 0x64, 0x4f, 0xff,
    0xff, 0xff, 0xff, 0xff, 0xff, 0xff, 0xff, 0xff,
    0xfb, 0x4f, 0xff, 0xff, 0xff, 0xff, 0xff, 0xff,
    0xff, 0xff, 0xff, 0xfb, 0x0, 0x0, 0x0, 0x0,
    0x4, 0xff, 0xb0, 0x0, 0x0, 0x0, 0x0, 0x0,
    0x1, 0x66, 0x66, 0x68, 0xff, 0xc6, 0x66, 0x66,
    0x30, 0x0, 0x0, 0x3, 0xff, 0xff, 0xff, 0xff,
    0xff, 0xff, 0xff, 0x90, 0x0, 0x0, 0x3, 0xff,
    0xff, 0xff, 0xff, 0xff, 0xff, 0xff, 0x90, 0x0,
    0x0, 0x0, 0x11, 0x11, 0x11, 0x11, 0x11, 0x15,
    0xff, 0x90, 0x0, 0x0, 0x3, 0xff, 0xff, 0xff,
    0xff, 0xff, 0xff, 0xff, 0x90, 0x0, 0x0, 0x3,
    0xff, 0xff, 0xff, 0xff, 0xff, 0xff, 0xff, 0x90,
    0x0, 0x0, 0x3, 0xff, 0xc2, 0x22, 0x22, 0x22,
    0x22, 0x22, 0x10, 0x0, 0x0, 0x3, 0xff, 0xd5,
    0x55, 0x55, 0x55, 0x55, 0x55, 0x50, 0x0, 0x0,
    0x3, 0xff, 0xff, 0xff, 0xff, 0xff, 0xff, 0xff,
    0xf2, 0x0, 0x0, 0x3, 0xff, 0xff, 0xff, 0xff,
    0xff, 0xff, 0xff, 0xf2, 0x0,

    /* U+CDA9 "충" */
    0x0, 0x0, 0x0, 0x0, 0x3, 0xcc, 0x80, 0x0,
    0x0, 0x0, 0x0, 0x0, 0x0, 0x0, 0x0, 0x4,
    0xff, 0xb0, 0x0, 0x0, 0x0, 0x0, 0x0, 0xe,
    0xff, 0xff, 0xff, 0xff, 0xff, 0xff, 0xff, 0xf5,
    0x0, 0x0, 0xf, 0xff, 0xff, 0xff, 0xff, 0xff,
    0xff, 0xff, 0xf6, 0x0, 0x0, 0x6, 0x77, 0x77,
    0x7f, 0xff, 0xfa, 0x77, 0x77, 0x72, 0x0, 0x0,
    0x0, 0x0, 0x2, 0xcf, 0xff, 0xff, 0x60, 0x0,
    0x0, 0x0, 0x0, 0x0, 0x26, 0xbf, 0xff, 0xd9,
    0xff, 0xfe, 0x84, 0x0, 0x0, 0x6, 0xef, 0xff,
    0xff, 0xf8, 0x0, 0x4c, 0xff, 0xff, 0xfe, 0xa0,
    0x0, 0xdf, 0xff, 0xb6, 0x10, 0x0, 0x0, 0x39,
    0xef, 0xff, 0x30, 0x0, 0x36, 0x41, 0x0, 0x0,
    0x0, 0x0, 0x0, 0x2, 0x55, 0x0, 0x17, 0x77,
    0x77, 0x77, 0x77, 0x77, 0x77, 0x77, 0x77, 0x77,
    0x75, 0x4f, 0xff, 0xff, 0xff, 0xff, 0xff, 0xff,
    0xff, 0xff, 0xff, 0xfb, 0x4f, 0xff, 0xff, 0xff,
    0xff, 0xff, 0xff, 0xff, 0xff, 0xff, 0xfb, 0x0,
    0x0, 0x0, 0x0, 0x4, 0xff, 0xb0, 0x0, 0x0,
    0x0, 0x0, 0x0, 0x0, 0x0, 0x0, 0x37, 0xff,
    0xc3, 0x10, 0x0, 0x0, 0x0, 0x0, 0x0, 0x3,
    0xaf, 0xff, 0xff, 0xff, 0xfd, 0x70, 0x0, 0x0,
    0x0, 0x0, 0x6f, 0xff, 0xff, 0xff, 0xff, 0xff,
    0xfd, 0x10, 0x0, 0x0, 0x2, 0xff, 0xf9, 0x42,
    0x11, 0x13, 0x7e, 0xff, 0x90, 0x0, 0x0, 0x6,
    0xff, 0xa0, 0x0, 0x0, 0x0, 0x3, 0xff, 0xd0,
    0x0, 0x0, 0x5, 0xff, 0xc0, 0x0, 0x0, 0x0,
    0x6, 0xff, 0xc0, 0x0, 0x0, 0x0, 0xef, 0xff,
    0xa8, 0x77, 0x79, 0xdf, 0xff, 0x60, 0x0, 0x0,
    0x0, 0x3d, 0xff, 0xff, 0xff, 0xff, 0xff, 0xf8,
    0x0, 0x0, 0x0, 0x0, 0x0, 0x59, 0xce, 0xff,
    0xfd, 0xb7, 0x20, 0x0, 0x0,

    /* U+CDB0 "춰" */
    0x0, 0x0, 0x0, 0x5, 0xbb, 0x50, 0x0, 0x0,
    0x0, 0x99, 0x70, 0x0, 0x0, 0x0, 0x8f, 0xf7,
    0x0, 0x0, 0x0, 0x1f, 0xfd, 0x0, 0x34, 0x44,
    0x4a, 0xff, 0x94, 0x44, 0x40, 0x1, 0xff, 0xd0,
    0xa, 0xff, 0xff, 0xff, 0xff, 0xff, 0xff, 0x30,
    0x1f, 0xfd, 0x0, 0xaf, 0xff, 0xff, 0xff, 0xff,
    0xff, 0xf3, 0x1, 0xff, 0xd0, 0x0, 0x11, 0x12,
    0xef, 0xfe, 0x11, 0x11, 0x0, 0x1f, 0xfd, 0x0,
    0x0, 0x0, 0xbf, 0xff, 0xfa, 0x0, 0x0, 0x1,
    0xff, 0xd0, 0x0, 0x5, 0xdf, 0xfd, 0xdf, 0xfd,
    0x60, 0x0, 0x1f, 0xfd, 0x4, 0xbe, 0xff, 0xfc,
    0x11, 0xbf, 0xff, 0xfc, 0x1, 0xff, 0xd0, 0xd,
    0xff, 0xe7, 0x0, 0x0, 0x6d, 0xff, 0x60, 0x1f,
    0xfd, 0x0, 0x2b, 0x60, 0x0, 0x0, 0x0, 0x4,
    0x60, 0x1, 0xff, 0xd0, 0x0, 0x0, 0x0, 0x1,
    0x11, 0x23, 0x34, 0x43, 0x1f, 0xfd, 0x1e, 0xef,
    0xff, 0xff, 0xff, 0xff, 0xff, 0xff, 0xb1, 0xff,
    0xd0, 0xff, 0xff, 0xff, 0xff, 0xff, 0xff, 0xff,
    0xfc, 0x1f, 0xfd, 0x8, 0x88, 0x87, 0x7a, 0xff,
    0xb4, 0x43, 0x22, 0x11, 0xff, 0xd0, 0x0, 0x0,
    0x0, 0x6f, 0xf9, 0x0, 0x0, 0x0, 0x1f, 0xfd,
    0x0, 0x0, 0x0, 0x6, 0xff, 0x90, 0xc, 0xff,
    0xff, 0xff, 0xd0, 0x0, 0x0, 0x0, 0x6f, 0xf9,
    0x0, 0xcf, 0xff, 0xff, 0xfd, 0x0, 0x0, 0x0,
    0x6, 0xff, 0x90, 0x7, 0x99, 0x9a, 0xff, 0xd0,
    0x0, 0x0, 0x0, 0x6f, 0xf9, 0x0, 0x0, 0x0,
    0x1f, 0xfd, 0x0, 0x0, 0x0, 0x6, 0xff, 0x90,
    0x0, 0x0, 0x1, 0xff, 0xd0, 0x0, 0x0, 0x0,
    0x6f, 0xf9, 0x0, 0x0, 0x0, 0x1f, 0xfd, 0x0,
    0x0, 0x0, 0x6, 0xff, 0x90, 0x0, 0x0, 0x1,
    0xff, 0xd0, 0x0, 0x0, 0x0, 0x0, 0x0, 0x0,
    0x0, 0x0, 0x0, 0x0,

    /* U+CDE8 "취" */
    0x0, 0x0, 0x0, 0xb, 0xb9, 0x0, 0x0, 0x0,
    0x8, 0x98, 0x0, 0x0, 0x0, 0x1f, 0xfe, 0x0,
    0x0, 0x0, 0xf, 0xfe, 0x0, 0x44, 0x44, 0x5f,
    0xfe, 0x44, 0x44, 0x30, 0xf, 0xfe, 0x1, 0xff,
    0xff, 0xff, 0xff, 0xff, 0xff, 0xc0, 0xf, 0xfe,
    0x1, 0xff, 0xff, 0xff, 0xff, 0xff, 0xff, 0xc0,
    0xf, 0xfe, 0x0, 0x11, 0x11, 0x7f, 0xff, 0x61,
    0x11, 0x0, 0xf, 0xfe, 0x0, 0x0, 0x3, 0xff,
    0xff, 0xe2, 0x0, 0x0, 0xf, 0xfe, 0x0, 0x1,
    0x8f, 0xff, 0xcf, 0xff, 0x81, 0x0, 0xf, 0xfe,
    0x7, 0xbf, 0xff, 0xf7, 0x8, 0xff, 0xff, 0xd5,
    0xf, 0xfe, 0x6, 0xff, 0xfd, 0x30, 0x0, 0x3c,
    0xff, 0xe0, 0xf, 0xfe, 0x0, 0x9a, 0x40, 0x0,
    0x0, 0x0, 0x38, 0x30, 0xf, 0xfe, 0x0, 0x0,
    0x0, 0x0, 0x0, 0x0, 0x1, 0x12, 0xf, 0xfe,
    0x6b, 0xbb, 0xcc, 0xdd, 0xde, 0xff, 0xff, 0xff,
    0x2f, 0xfe, 0x7f, 0xff, 0xff, 0xff, 0xff, 0xff,
    0xff, 0xff, 0x3f, 0xfe, 0x4b, 0xbb, 0xba, 0xaf,
    0xff, 0x87, 0x76, 0x54, 0x1f, 0xfe, 0x0, 0x0,
    0x0, 0xe, 0xff, 0x0, 0x0, 0x0, 0xf, 0xfe,
    0x0, 0x0, 0x0, 0xe, 0xff, 0x0, 0x0, 0x0,
    0xf, 0xfe, 0x0, 0x0, 0x0, 0xe, 0xff, 0x0,
    0x0, 0x0, 0xf, 0xfe, 0x0, 0x0, 0x0, 0xe,
    0xff, 0x0, 0x0, 0x0, 0xf, 0xfe, 0x0, 0x0,
    0x0, 0xe, 0xff, 0x0, 0x0, 0x0, 0xf, 0xfe,
    0x0, 0x0, 0x0, 0xe, 0xff, 0x0, 0x0, 0x0,
    0xf, 0xfe, 0x0, 0x0, 0x0, 0xe, 0xff, 0x0,
    0x0, 0x0, 0xf, 0xfe, 0x0, 0x0, 0x0, 0xe,
    0xff, 0x0, 0x0, 0x0, 0xf, 0xfe, 0x0, 0x0,
    0x0, 0x0, 0x0, 0x0, 0x0, 0x0, 0x0, 0x0,

    /* U+CE20 "츠" */
    0x0, 0x0, 0x0, 0x0, 0x4, 0xff, 0xb0, 0x0,
    0x0, 0x0, 0x0, 0x0, 0x0, 0x0, 0x0, 0x4,
    0xff, 0xb0, 0x0, 0x0, 0x0, 0x0, 0x0, 0x1e,
    0xee, 0xee, 0xef, 0xff, 0xfe, 0xee, 0xee, 0xe8,
    0x0, 0x0, 0x1f, 0xff, 0xff, 0xff, 0xff, 0xff,
    0xff, 0xff, 0xf8, 0x0, 0x0, 0x7, 0x77, 0x77,
    0x7a, 0xff, 0xd7, 0x77, 0x77, 0x74, 0x0, 0x0,
    0x0, 0x0, 0x0, 0x9, 0xff, 0xf0, 0x0, 0x0,
    0x0, 0x0, 0x0, 0x0, 0x0, 0x0, 0x2f, 0xff,
    0xf7, 0x0, 0x0, 0x0, 0x0, 0x0, 0x0, 0x0,
    0x1, 0xdf, 0xff, 0xff, 0x40, 0x0, 0x0, 0x0,
    0x0, 0x0, 0x0, 0x3d, 0xff, 0xb6, 0xff, 0xf7,
    0x0, 0x0, 0x0, 0x0, 0x0, 0x29, 0xff, 0xfc,
    0x0, 0x6f, 0xff, 0xd5, 0x0, 0x0, 0x3, 0x8c,
    0xff, 0xff, 0x90, 0x0, 0x3, 0xdf, 0xff, 0xfa,
    0x60, 0x1, 0xef, 0xff, 0xc3, 0x0, 0x0, 0x0,
    0x6, 0xef, 0xff, 0x60, 0x0, 0x3e, 0x93, 0x0,
    0x0, 0x0, 0x0, 0x0, 0x5, 0xaa, 0x0, 0x0,
    0x0, 0x0, 0x0, 0x0, 0x0, 0x0, 0x0, 0x0,
    0x0, 0x0, 0x0, 0x0, 0x0, 0x0, 0x0, 0x0,
    0x0, 0x0, 0x0, 0x0, 0x0, 0x0, 0x0, 0x0,
    0x0, 0x0, 0x0, 0x0, 0x0, 0x0, 0x0, 0x0,
    0x16, 0x66, 0x66, 0x66, 0x66, 0x66, 0x66, 0x66,
    0x66, 0x66, 0x64, 0x4f, 0xff, 0xff, 0xff, 0xff,
    0xff, 0xff, 0xff, 0xff, 0xff, 0xfb, 0x4f, 0xff,
    0xff, 0xff, 0xff, 0xff, 0xff, 0xff, 0xff, 0xff,
    0xfb, 0x0, 0x0, 0x0, 0x0, 0x0, 0x0, 0x0,
    0x0, 0x0, 0x0, 0x0,

    /* U+CE21 "측" */
    0x0, 0x0, 0x0, 0x0, 0x4, 0xcc, 0x70, 0x0,
    0x0, 0x0, 0x0, 0x0, 0x0, 0x0, 0x0, 0x6,
    0xff, 0x90, 0x0, 0x0, 0x0, 0x0, 0x0, 0x2f,
    0xff, 0xff, 0xff, 0xff, 0xff, 0xff, 0xff, 0xf5,
    0x0, 0x0, 0x2f, 0xff, 0xff, 0xff, 0xff, 0xff,
    0xff, 0xff, 0xf5, 0x0, 0x0, 0x17, 0x77, 0x77,
    0x7f, 0xff, 0xf9, 0x77, 0x77, 0x72, 0x0, 0x0,
    0x0, 0x0, 0x1, 0xbf, 0xff, 0xfe, 0x30, 0x0,
    0x0, 0x0, 0x0, 0x0, 0x1, 0x7e, 0xff, 0xed,
    0xff, 0xf9, 0x30, 0x0, 0x0, 0x4, 0x79, 0xdf,
    0xff, 0xfc, 0x21, 0xaf, 0xff, 0xfe, 0xa8, 0x60,
    0x4, 0xff, 0xff, 0xfb, 0x40, 0x0, 0x3, 0xaf,
    0xff, 0xff, 0x60, 0x0, 0x9c, 0x95, 0x10, 0x0,
    0x0, 0x0, 0x0, 0x49, 0xbb, 0x0, 0x0, 0x0,
    0x0, 0x0, 0x0, 0x0, 0x0, 0x0, 0x0, 0x0,
    0x0, 0x4f, 0xff, 0xff, 0xff, 0xff, 0xff, 0xff,
    0xff, 0xff, 0xff, 0xfb, 0x4f, 0xff, 0xff, 0xff,
    0xff, 0xff, 0xff, 0xff, 0xff, 0xff, 0xfb, 0x28,
    0x88, 0x88, 0x88, 0x88, 0x88, 0x88, 0x88, 0x88,
    0x88, 0x85, 0x0, 0x0, 0x0, 0x0, 0x0, 0x0,
    0x0, 0x0, 0x0, 0x0, 0x0, 0x0, 0x5, 0x88,
    0x88, 0x88, 0x88, 0x88, 0x88, 0x88, 0x40, 0x0,
    0x0, 0xb, 0xff, 0xff, 0xff, 0xff, 0xff, 0xff,
    0xff, 0x90, 0x0, 0x0, 0xa, 0xff, 0xff, 0xff,
    0xff, 0xff, 0xff, 0xff, 0x90, 0x0, 0x0, 0x0,
    0x0, 0x0, 0x0, 0x0, 0x0, 0x6, 0xff, 0x90,
    0x0, 0x0, 0x0, 0x0, 0x0, 0x0, 0x0, 0x0,
    0x6, 0xff, 0x90, 0x0, 0x0, 0x0, 0x0, 0x0,
    0x0, 0x0, 0x0, 0x6, 0xff, 0x90, 0x0, 0x0,
    0x0, 0x0, 0x0, 0x0, 0x0, 0x0, 0x6, 0xff,
    0x90, 0x0, 0x0, 0x0, 0x0, 0x0, 0x0, 0x0,
    0x0, 0x6, 0xff, 0x90, 0x0, 0x0, 0x0, 0x0,
    0x0, 0x0, 0x0, 0x0, 0x1, 0x44, 0x20, 0x0,

    /* U+CE58 "치" */
    0x0, 0x0, 0x0, 0xcf, 0xf2, 0x0, 0x0, 0x0,
    0xdf, 0xf1, 0x0, 0x0, 0x0, 0xcf, 0xf2, 0x0,
    0x0, 0x0, 0xdf, 0xf1, 0x7, 0x88, 0x88, 0xef,
    0xf9, 0x88, 0x88, 0x20, 0xdf, 0xf1, 0xe, 0xff,
    0xff, 0xff, 0xff, 0xff, 0xff, 0x50, 0xdf, 0xf1,
    0xe, 0xff, 0xff, 0xff, 0xff, 0xff, 0xff, 0x50,
    0xdf, 0xf1, 0x0, 0x0, 0x0, 0xcf, 0xf2, 0x0,
    0x0, 0x0, 0xdf, 0xf1, 0x0, 0x0, 0x0, 0xcf,
    0xf2, 0x0, 0x0, 0x0, 0xdf, 0xf1, 0x0, 0x0,
    0x0, 0xdf, 0xf3, 0x0, 0x0, 0x0, 0xdf, 0xf1,
    0x0, 0x0, 0x1, 0xff, 0xf7, 0x0, 0x0, 0x0,
    0xdf, 0xf1, 0x0, 0x0, 0x6, 0xff, 0xfd, 0x0,
    0x0, 0x0, 0xdf, 0xf1, 0x0, 0x0, 0xd, 0xff,
    0xff, 0x50, 0x0, 0x0, 0xdf, 0xf1, 0x0, 0x0,
    0x7f, 0xfc, 0xff, 0xe1, 0x0, 0x0, 0xdf, 0xf1,
    0x0, 0x3, 0xff, 0xf1, 0x9f, 0xfc, 0x10, 0x0,
    0xdf, 0xf1, 0x0, 0x2e, 0xff, 0x60, 0xc, 0xff,
    0xd2, 0x0, 0xdf, 0xf1, 0x4, 0xef, 0xfa, 0x0,
    0x1, 0xcf, 0xff, 0x60, 0xdf, 0xf1, 0x4f, 0xff,
    0xc0, 0x0, 0x0, 0xb, 0xff, 0x30, 0xdf, 0xf1,
    0x8, 0xfb, 0x0, 0x0, 0x0, 0x0, 0x85, 0x0,
    0xdf, 0xf1, 0x0, 0x40, 0x0, 0x0, 0x0, 0x0,
    0x0, 0x0, 0xdf, 0xf1, 0x0, 0x0, 0x0, 0x0,
    0x0, 0x0, 0x0, 0x0, 0xdf, 0xf1, 0x0, 0x0,
    0x0, 0x0, 0x0, 0x0, 0x0, 0x0, 0xdf, 0xf1,
    0x0, 0x0, 0x0, 0x0, 0x0, 0x0, 0x0, 0x0,
    0xdf, 0xf1, 0x0, 0x0, 0x0, 0x0, 0x0, 0x0,
    0x0, 0x0, 0xdf, 0xf1, 0x0, 0x0, 0x0, 0x0,
    0x0, 0x0, 0x0, 0x0, 0x89, 0x90,

    /* U+CE69 "칩" */
    0x0, 0x0, 0x0, 0xac, 0xc1, 0x0, 0x0, 0x0,
    0x0, 0x0, 0x0, 0x0, 0x0, 0xdf, 0xf1, 0x0,
    0x0, 0x0, 0xcf, 0xf1, 0x4, 0x55, 0x55, 0xef,
    0xf6, 0x55, 0x55, 0x0, 0xcf, 0xf1, 0xd, 0xff,
    0xff, 0xff, 0xff, 0xff, 0xff, 0x10, 0xcf, 0xf1,
    0xd, 0xff, 0xff, 0xff, 0xff, 0xff, 0xff, 0x10,
    0xcf, 0xf1, 0x0, 0x11, 0x11, 0xef, 0xf2, 0x11,
    0x11, 0x0, 0xcf, 0xf1, 0x0, 0x0, 0x0, 0xff,
    0xf3, 0x0, 0x0, 0x0, 0xcf, 0xf1, 0x0, 0x0,
    0x3, 0xff, 0xf8, 0x0, 0x0, 0x0, 0xcf, 0xf1,
    0x0, 0x0, 0xb, 0xff, 0xff, 0x20, 0x0, 0x0,
    0xcf, 0xf1, 0x0, 0x0, 0x6f, 0xfe, 0xff, 0xd2,
    0x0, 0x0, 0xcf, 0xf1, 0x0, 0x5, 0xff, 0xf2,
    0x9f, 0xfe, 0x50, 0x0, 0xcf, 0xf1, 0x1, 0x9f,
    0xff, 0x40, 0x9, 0xff, 0xfd, 0x40, 0xcf, 0xf1,
    0x2f, 0xff, 0xe3, 0x0, 0x0, 0x6f, 0xfe, 0x10,
    0xcf, 0xf1, 0x5, 0xfb, 0x10, 0x0, 0x0, 0x1,
    0x93, 0x0, 0x12, 0x20, 0x0, 0x10, 0x5f, 0xf9,
    0x0, 0x0, 0x0, 0x0, 0xcf, 0xf1, 0x0, 0x0,
    0x5f, 0xf9, 0x11, 0x11, 0x11, 0x11, 0xcf, 0xf1,
    0x0, 0x0, 0x5f, 0xff, 0xff, 0xff, 0xff, 0xff,
    0xff, 0xf1, 0x0, 0x0, 0x5f, 0xff, 0xff, 0xff,
    0xff, 0xff, 0xff, 0xf1, 0x0, 0x0, 0x5f, 0xfb,
    0x55, 0x55, 0x55, 0x55, 0xdf, 0xf1, 0x0, 0x0,
    0x5f, 0xf9, 0x0, 0x0, 0x0, 0x0, 0xcf, 0xf1,
    0x0, 0x0, 0x5f, 0xfb, 0x66, 0x66, 0x66, 0x66,
    0xdf, 0xf1, 0x0, 0x0, 0x5f, 0xff, 0xff, 0xff,
    0xff, 0xff, 0xff, 0xf1, 0x0, 0x0, 0x5f, 0xff,
    0xff, 0xff, 0xff, 0xff, 0xff, 0xf1,

    /* U+CE6D "칭" */
    0x0, 0x0, 0x0, 0xbd, 0xd1, 0x0, 0x0, 0x0,
    0x0, 0x0, 0x0, 0x0, 0x0, 0xdf, 0xf1, 0x0,
    0x0, 0x0, 0xdf, 0xf1, 0x4, 0x44, 0x44, 0xef,
    0xf5, 0x44, 0x44, 0x0, 0xdf, 0xf1, 0xd, 0xff,
    0xff, 0xff, 0xff, 0xff, 0xff, 0x10, 0xdf, 0xf1,
    0xd, 0xff, 0xff, 0xff, 0xff, 0xff, 0xff, 0x10,
    0xdf, 0xf1, 0x1, 0x11, 0x11, 0xef, 0xf3, 0x11,
    0x11, 0x0, 0xdf, 0xf1, 0x0, 0x0, 0x0, 0xff,
    0xf3, 0x0, 0x0, 0x0, 0xdf, 0xf1, 0x0, 0x0,
    0x3, 0xff, 0xf8, 0x0, 0x0, 0x0, 0xdf, 0xf1,
    0x0, 0x0, 0xb, 0xff, 0xff, 0x20, 0x0, 0x0,
    0xdf, 0xf1, 0x0, 0x0, 0x6f, 0xfe, 0xff, 0xe3,
    0x0, 0x0, 0xdf, 0xf1, 0x0, 0x5, 0xff, 0xe1,
    0x7f, 0xff, 0x71, 0x0, 0xdf, 0xf1, 0x1, 0x9f,
    0xfe, 0x20, 0x6, 0xff, 0xff, 0x50, 0xdf, 0xf1,
    0x2e, 0xff, 0xc1, 0x0, 0x0, 0x3c, 0xfc, 0x0,
    0xdf, 0xf1, 0x3, 0xd7, 0x0, 0x0, 0x0, 0x0,
    0x52, 0x0, 0xdf, 0xf1, 0x0, 0x0, 0x0, 0x3,
    0x9d, 0xff, 0xff, 0xda, 0x72, 0x20, 0x0, 0x0,
    0x0, 0xaf, 0xff, 0xff, 0xff, 0xff, 0xfc, 0x10,
    0x0, 0x0, 0xa, 0xff, 0xfa, 0x75, 0x56, 0x9f,
    0xff, 0xc0, 0x0, 0x0, 0x1f, 0xff, 0x20, 0x0,
    0x0, 0x1, 0xdf, 0xf4, 0x0, 0x0, 0x3f, 0xfc,
    0x0, 0x0, 0x0, 0x0, 0x9f, 0xf6, 0x0, 0x0,
    0x1f, 0xff, 0x30, 0x0, 0x0, 0x2, 0xef, 0xf4,
    0x0, 0x0, 0x9, 0xff, 0xfc, 0x87, 0x78, 0xbf,
    0xff, 0xc0, 0x0, 0x0, 0x0, 0x9f, 0xff, 0xff,
    0xff, 0xff, 0xfb, 0x10, 0x0, 0x0, 0x0, 0x2,
    0x8c, 0xef, 0xfe, 0xc9, 0x40, 0x0,

    /* U+CE74 "카" */
    0x0, 0x0, 0x0, 0x0, 0x0, 0x0, 0x0, 0x1,
    0xff, 0xe0, 0x0, 0x0, 0x18, 0x88, 0x88, 0x88,
    0x88, 0x88, 0x0, 0x1f, 0xfe, 0x0, 0x0, 0x2,
    0xff, 0xff, 0xff, 0xff, 0xff, 0xf0, 0x1, 0xff,
    0xe0, 0x0, 0x0, 0x1f, 0xff, 0xff, 0xff, 0xff,
    0xfd, 0x0, 0x1f, 0xfe, 0x0, 0x0, 0x0, 0x0,
    0x0, 0x0, 0x5, 0xff, 0x90, 0x1, 0xff, 0xe0,
    0x0, 0x0, 0x0, 0x0, 0x0, 0x0, 0x9f, 0xf5,
    0x0, 0x1f, 0xfe, 0x0, 0x0, 0x0, 0x0, 0x1,
    0x23, 0x4e, 0xff, 0x10, 0x1, 0xff, 0xe0, 0x0,
    0x0, 0xde, 0xff, 0xff, 0xff, 0xff, 0xa0, 0x0,
    0x1f, 0xfe, 0x0, 0x0, 0xb, 0xff, 0xff, 0xff,
    0xff, 0xf4, 0x0, 0x1, 0xff, 0xf8, 0x88, 0x30,
    0x3a, 0x87, 0x54, 0xcf, 0xfb, 0x0, 0x0, 0x1f,
    0xff, 0xff, 0xf6, 0x0, 0x0, 0x0, 0x6f, 0xff,
    0x20, 0x0, 0x1, 0xff, 0xff, 0xff, 0x50, 0x0,
    0x0, 0x4f, 0xff, 0x70, 0x0, 0x0, 0x1f, 0xfe,
    0x0, 0x0, 0x0, 0x0, 0x4f, 0xff, 0xb0, 0x0,
    0x0, 0x1, 0xff, 0xe0, 0x0, 0x0, 0x0, 0x8f,
    0xff, 0xc0, 0x0, 0x0, 0x0, 0x1f, 0xfe, 0x0,
    0x0, 0x4, 0xdf, 0xff, 0xc1, 0x0, 0x0, 0x0,
    0x1, 0xff, 0xe0, 0x0, 0x2, 0xff, 0xff, 0x90,
    0x0, 0x0, 0x0, 0x0, 0x1f, 0xfe, 0x0, 0x0,
    0x3, 0xfe, 0x50, 0x0, 0x0, 0x0, 0x0, 0x1,
    0xff, 0xe0, 0x0, 0x0, 0x3, 0x10, 0x0, 0x0,
    0x0, 0x0, 0x0, 0x1f, 0xfe, 0x0, 0x0, 0x0,
    0x0, 0x0, 0x0, 0x0, 0x0, 0x0, 0x1, 0xff,
    0xe0, 0x0, 0x0, 0x0, 0x0, 0x0, 0x0, 0x0,
    0x0, 0x0, 0x1f, 0xfe, 0x0, 0x0, 0x0, 0x0,
    0x0, 0x0, 0x0, 0x0, 0x0, 0x1, 0xff, 0xe0,
    0x0, 0x0, 0x0, 0x0, 0x0, 0x0, 0x0, 0x0,
    0x0, 0x1f, 0xfe, 0x0, 0x0, 0x0, 0x0, 0x0,
    0x0, 0x0, 0x0, 0x0, 0x0, 0x99, 0x80, 0x0,
    0x0,

    /* U+CE78 "칸" */
    0x0, 0x0, 0x0, 0x0, 0x0, 0x0, 0x0, 0x0,
    0xff, 0xe0, 0x0, 0x0, 0xe, 0xff, 0xff, 0xff,
    0xff, 0xfd, 0x0, 0xf, 0xfe, 0x0, 0x0, 0x0,
    0xef, 0xff, 0xff, 0xff, 0xff, 0xa0, 0x0, 0xff,
    0xe0, 0x0, 0x0, 0x6, 0x77, 0x77, 0x77, 0xdf,
    0xf6, 0x0, 0xf, 0xfe, 0x0, 0x0, 0x0, 0x0,
    0x0, 0x0, 0xe, 0xff, 0x10, 0x0, 0xff, 0xe0,
    0x0, 0x0, 0x0, 0x0, 0x12, 0x37, 0xff, 0xa0,
    0x0, 0xf, 0xfe, 0x0, 0x0, 0x9, 0xef, 0xff,
    0xff, 0xff, 0xf2, 0x0, 0x0, 0xff, 0xff, 0xff,
    0x50, 0x3b, 0x97, 0x59, 0xff, 0xf8, 0x0, 0x0,
    0xf, 0xff, 0xff, 0xf6, 0x0, 0x0, 0x6, 0xff,
    0xfd, 0x0, 0x0, 0x0, 0xff, 0xf8, 0x88, 0x30,
    0x0, 0x9, 0xff, 0xfe, 0x10, 0x0, 0x0, 0xf,
    0xfe, 0x0, 0x0, 0x0, 0x5e, 0xff, 0xfe, 0x20,
    0x0, 0x0, 0x0, 0xff, 0xe0, 0x0, 0x1, 0xef,
    0xff, 0xfc, 0x10, 0x0, 0x0, 0x0, 0xf, 0xfe,
    0x0, 0x0, 0x7, 0xff, 0xf8, 0x0, 0x0, 0x0,
    0x0, 0x0, 0xff, 0xe0, 0x0, 0x0, 0xa, 0xa2,
    0x0, 0x0, 0x0, 0x0, 0x0, 0xf, 0xfe, 0x0,
    0x0, 0x0, 0x0, 0x17, 0x75, 0x0, 0x0, 0x0,
    0x0, 0xff, 0xe0, 0x0, 0x0, 0x0, 0x3, 0xff,
    0xb0, 0x0, 0x0, 0x0, 0xf, 0xfe, 0x0, 0x0,
    0x0, 0x0, 0x3f, 0xfb, 0x0, 0x0, 0x0, 0x0,
    0x44, 0x40, 0x0, 0x0, 0x0, 0x3, 0xff, 0xb0,
    0x0, 0x0, 0x0, 0x0, 0x0, 0x0, 0x0, 0x0,
    0x0, 0x3f, 0xfb, 0x0, 0x0, 0x0, 0x0, 0x0,
    0x0, 0x0, 0x0, 0x0, 0x3, 0xff, 0xd7, 0x77,
    0x77, 0x77, 0x77, 0x77, 0x40, 0x0, 0x0, 0x0,
    0x3f, 0xff, 0xff, 0xff, 0xff, 0xff, 0xff, 0xf8,
    0x0, 0x0, 0x0, 0x3, 0xff, 0xff, 0xff, 0xff,
    0xff, 0xff, 0xff, 0x80, 0x0,

    /* U+CE90 "캐" */
    0x0, 0x0, 0x0, 0x0, 0x0, 0x0, 0x1f, 0xfd,
    0xc, 0xff, 0x20, 0x27, 0x77, 0x77, 0x77, 0x77,
    0x1, 0xff, 0xd0, 0xcf, 0xf2, 0x4, 0xff, 0xff,
    0xff, 0xff, 0xf0, 0x1f, 0xfd, 0xc, 0xff, 0x20,
    0x4f, 0xff, 0xff, 0xff, 0xfd, 0x1, 0xff, 0xd0,
    0xcf, 0xf2, 0x0, 0x0, 0x0, 0x1, 0xff, 0xb0,
    0x1f, 0xfd, 0xc, 0xff, 0x20, 0x0, 0x0, 0x0,
    0x4f, 0xf7, 0x1, 0xff, 0xd0, 0xcf, 0xf2, 0x0,
    0x0, 0x0, 0x1a, 0xff, 0x30, 0x1f, 0xfd, 0xc,
    0xff, 0x24, 0xbc, 0xdf, 0xff, 0xff, 0xe0, 0x1,
    0xff, 0xd0, 0xcf, 0xf2, 0x1f, 0xff, 0xff, 0xff,
    0xf8, 0x0, 0x1f, 0xfe, 0x8e, 0xff, 0x20, 0x8a,
    0x97, 0x6f, 0xff, 0x10, 0x1, 0xff, 0xff, 0xff,
    0xf2, 0x0, 0x0, 0x9, 0xff, 0x90, 0x0, 0x1f,
    0xff, 0xff, 0xff, 0x20, 0x0, 0x4, 0xff, 0xe1,
    0x0, 0x1, 0xff, 0xd0, 0xcf, 0xf2, 0x0, 0x2,
    0xef, 0xf6, 0x0, 0x0, 0x1f, 0xfd, 0xc, 0xff,
    0x20, 0x2, 0xef, 0xfa, 0x0, 0x0, 0x1, 0xff,
    0xd0, 0xcf, 0xf2, 0x4, 0xef, 0xfd, 0x0, 0x0,
    0x0, 0x1f, 0xfd, 0xc, 0xff, 0x23, 0xff, 0xfd,
    0x10, 0x0, 0x0, 0x1, 0xff, 0xd0, 0xcf, 0xf2,
    0x5, 0xfc, 0x10, 0x0, 0x0, 0x0, 0x1f, 0xfd,
    0xc, 0xff, 0x20, 0x2, 0x0, 0x0, 0x0, 0x0,
    0x1, 0xff, 0xd0, 0xcf, 0xf2, 0x0, 0x0, 0x0,
    0x0, 0x0, 0x0, 0x1f, 0xfd, 0xc, 0xff, 0x20,
    0x0, 0x0, 0x0, 0x0, 0x0, 0x1, 0xff, 0xd0,
    0xcf, 0xf2, 0x0, 0x0, 0x0, 0x0, 0x0, 0x0,
    0x1f, 0xfd, 0xc, 0xff, 0x20, 0x0, 0x0, 0x0,
    0x0, 0x0, 0x1, 0xff, 0xd0, 0xcf, 0xf2, 0x0,
    0x0, 0x0, 0x0, 0x0, 0x0, 0x0, 0x0, 0x7,
    0x99, 0x10,

    /* U+CE94 "캔" */
    0x0, 0x0, 0x0, 0x0, 0x0, 0x0, 0x1f, 0xfc,
    0xd, 0xff, 0x10, 0x7f, 0xff, 0xff, 0xff, 0xff,
    0x1, 0xff, 0xc0, 0xdf, 0xf1, 0x7, 0xff, 0xff,
    0xff, 0xff, 0xd0, 0x1f, 0xfc, 0xd, 0xff, 0x10,
    0x37, 0x77, 0x77, 0x9f, 0xfa, 0x1, 0xff, 0xc0,
    0xdf, 0xf1, 0x0, 0x0, 0x0, 0x8, 0xff, 0x60,
    0x1f, 0xfc, 0xd, 0xff, 0x14, 0x9a, 0xbd, 0xef,
    0xff, 0xf1, 0x1, 0xff, 0xc0, 0xdf, 0xf1, 0x4f,
    0xff, 0xff, 0xff, 0xf9, 0x0, 0x1f, 0xff, 0xff,
    0xff, 0x10, 0xcc, 0xa8, 0xaf, 0xff, 0x10, 0x1,
    0xff, 0xff, 0xff, 0xf1, 0x0, 0x0, 0x2e, 0xff,
    0x70, 0x0, 0x1f, 0xfe, 0x7e, 0xff, 0x10, 0x0,
    0x2e, 0xff, 0xb0, 0x0, 0x1, 0xff, 0xc0, 0xdf,
    0xf1, 0x0, 0x6f, 0xff, 0xc1, 0x0, 0x0, 0x1f,
    0xfc, 0xd, 0xff, 0x13, 0xcf, 0xff, 0xc1, 0x0,
    0x0, 0x1, 0xff, 0xc0, 0xdf, 0xf1, 0x1d, 0xff,
    0xa0, 0x0, 0x0, 0x0, 0x1f, 0xfc, 0xd, 0xff,
    0x10, 0x2d, 0x50, 0x0, 0x0, 0x0, 0x1, 0xff,
    0xc0, 0xdf, 0xf1, 0x0, 0x0, 0x5, 0xbb, 0x50,
    0x0, 0x1f, 0xfc, 0xd, 0xff, 0x10, 0x0, 0x0,
    0x7f, 0xf7, 0x0, 0x0, 0x0, 0x0, 0xdf, 0xf1,
    0x0, 0x0, 0x7, 0xff, 0x70, 0x0, 0x0, 0x0,
    0x2, 0x22, 0x0, 0x0, 0x0, 0x7f, 0xf7, 0x0,
    0x0, 0x0, 0x0, 0x0, 0x0, 0x0, 0x0, 0x7,
    0xff, 0x70, 0x0, 0x0, 0x0, 0x0, 0x0, 0x0,
    0x0, 0x0, 0x7f, 0xfb, 0x88, 0x88, 0x88, 0x88,
    0x88, 0x82, 0x0, 0x0, 0x7, 0xff, 0xff, 0xff,
    0xff, 0xff, 0xff, 0xff, 0x50, 0x0, 0x0, 0x7f,
    0xff, 0xff, 0xff, 0xff, 0xff, 0xff, 0xf5,

    /* U+CEE4 "커" */
    0x0, 0x0, 0x0, 0x0, 0x0, 0x0, 0x0, 0x0,
    0xd, 0xff, 0x10, 0x18, 0x88, 0x88, 0x88, 0x88,
    0x87, 0x0, 0x0, 0xdf, 0xf1, 0x2, 0xff, 0xff,
    0xff, 0xff, 0xff, 0xe0, 0x0, 0xd, 0xff, 0x10,
    0x2f, 0xff, 0xff, 0xff, 0xff, 0xfc, 0x0, 0x0,
    0xdf, 0xf1, 0x0, 0x0, 0x0, 0x0, 0x4, 0xff,
    0xa0, 0x0, 0xd, 0xff, 0x10, 0x0, 0x0, 0x0,
    0x0, 0x8f, 0xf6, 0x0, 0x0, 0xdf, 0xf1, 0x0,
    0x0, 0x1, 0x23, 0x4e, 0xff, 0x30, 0x0, 0xd,
    0xff, 0x14, 0xde, 0xff, 0xff, 0xff, 0xff, 0xd0,
    0x0, 0x0, 0xdf, 0xf1, 0xe, 0xff, 0xff, 0xff,
    0xff, 0xf8, 0xff, 0xff, 0xff, 0xff, 0x10, 0x7a,
    0x97, 0x54, 0xaf, 0xfe, 0x2f, 0xff, 0xff, 0xff,
    0xf1, 0x0, 0x0, 0x0, 0x4f, 0xff, 0x50, 0x77,
    0x77, 0x7e, 0xff, 0x10, 0x0, 0x0, 0x3f, 0xff,
    0xa0, 0x0, 0x0, 0x0, 0xdf, 0xf1, 0x0, 0x0,
    0x4f, 0xff, 0xd0, 0x0, 0x0, 0x0, 0xd, 0xff,
    0x10, 0x0, 0x8f, 0xff, 0xd1, 0x0, 0x0, 0x0,
    0x0, 0xdf, 0xf1, 0x5, 0xdf, 0xff, 0xd1, 0x0,
    0x0, 0x0, 0x0, 0xd, 0xff, 0x13, 0xff, 0xff,
    0xb1, 0x0, 0x0, 0x0, 0x0, 0x0, 0xdf, 0xf1,
    0x5, 0xff, 0x70, 0x0, 0x0, 0x0, 0x0, 0x0,
    0xd, 0xff, 0x10, 0x5, 0x20, 0x0, 0x0, 0x0,
    0x0, 0x0, 0x0, 0xdf, 0xf1, 0x0, 0x0, 0x0,
    0x0, 0x0, 0x0, 0x0, 0x0, 0xd, 0xff, 0x10,
    0x0, 0x0, 0x0, 0x0, 0x0, 0x0, 0x0, 0x0,
    0xdf, 0xf1, 0x0, 0x0, 0x0, 0x0, 0x0, 0x0,
    0x0, 0x0, 0xd, 0xff, 0x10, 0x0, 0x0, 0x0,
    0x0, 0x0, 0x0, 0x0, 0x0, 0xdf, 0xf1, 0x0,
    0x0, 0x0, 0x0, 0x0, 0x0, 0x0, 0x0, 0x8,
    0x99, 0x0,

    /* U+CEEC "컬" */
    0x0, 0xef, 0xff, 0xff, 0xff, 0xff, 0xd0, 0x0,
    0x1f, 0xfc, 0x0, 0xe, 0xff, 0xff, 0xff, 0xff,
    0xfa, 0x0, 0x1, 0xff, 0xc0, 0x0, 0x55, 0x55,
    0x55, 0x5c, 0xff, 0x50, 0x0, 0x1f, 0xfc, 0x0,
    0x0, 0x1, 0x23, 0x45, 0xff, 0xe0, 0x0, 0x1,
    0xff, 0xc0, 0x3e, 0xff, 0xff, 0xff, 0xff, 0xf9,
    0x88, 0x88, 0x8f, 0xfc, 0x0, 0xdf, 0xff, 0xff,
    0xff, 0xfd, 0x4f, 0xff, 0xff, 0xff, 0xc0, 0x4,
    0x76, 0x42, 0x8f, 0xfe, 0x24, 0xff, 0xff, 0xff,
    0xfc, 0x0, 0x0, 0x1, 0xbf, 0xfe, 0x30, 0x0,
    0x0, 0x1, 0xff, 0xc0, 0x0, 0x18, 0xff, 0xfd,
    0x20, 0x0, 0x0, 0x0, 0x1f, 0xfc, 0x1, 0xbf,
    0xff, 0xf9, 0x0, 0x0, 0x0, 0x0, 0x1, 0xff,
    0xc0, 0x7, 0xff, 0xb3, 0x0, 0x0, 0x0, 0x0,
    0x0, 0x1f, 0xfc, 0x0, 0x6, 0x30, 0x34, 0x44,
    0x44, 0x44, 0x44, 0x44, 0xaa, 0x70, 0x0, 0x0,
    0xd, 0xff, 0xff, 0xff, 0xff, 0xff, 0xff, 0xfc,
    0x0, 0x0, 0x0, 0xdf, 0xff, 0xff, 0xff, 0xff,
    0xff, 0xff, 0xc0, 0x0, 0x0, 0x2, 0x33, 0x33,
    0x33, 0x33, 0x33, 0x4f, 0xfc, 0x0, 0x0, 0x0,
    0x45, 0x55, 0x55, 0x55, 0x55, 0x55, 0xff, 0xc0,
    0x0, 0x0, 0xd, 0xff, 0xff, 0xff, 0xff, 0xff,
    0xff, 0xfc, 0x0, 0x0, 0x0, 0xdf, 0xff, 0xff,
    0xff, 0xff, 0xff, 0xff, 0xc0, 0x0, 0x0, 0xd,
    0xff, 0x10, 0x0, 0x0, 0x0, 0x0, 0x0, 0x0,
    0x0, 0x0, 0xdf, 0xf8, 0x77, 0x77, 0x77, 0x77,
    0x77, 0x72, 0x0, 0x0, 0xd, 0xff, 0xff, 0xff,
    0xff, 0xff, 0xff, 0xff, 0x60, 0x0, 0x0, 0xdf,
    0xff, 0xff, 0xff, 0xff, 0xff, 0xff, 0xf6,

    /* U+CEF4 "컴" */
    0x0, 0x0, 0x0, 0x0, 0x0, 0x0, 0x0, 0x0,
    0x1f, 0xfc, 0x0, 0xef, 0xff, 0xff, 0xff, 0xff,
    0xe0, 0x0, 0x1f, 0xfc, 0x0, 0xef, 0xff, 0xff,
    0xff, 0xff, 0xb0, 0x0, 0x1f, 0xfc, 0x0, 0x67,
    0x77, 0x77, 0x7e, 0xff, 0x60, 0x0, 0x1f, 0xfc,
    0x14, 0x56, 0x89, 0xab, 0xcf, 0xff, 0x10, 0x0,
    0x1f, 0xfc, 0xf, 0xff, 0xff, 0xff, 0xff, 0xfb,
    0xff, 0xff, 0xff, 0xfc, 0x8, 0xfe, 0xdb, 0xaf,
    0xff, 0xd3, 0xff, 0xff, 0xff, 0xfc, 0x0, 0x0,
    0x0, 0xcf, 0xff, 0x31, 0x88, 0x88, 0x9f, 0xfc,
    0x0, 0x0, 0x2d, 0xff, 0xf4, 0x0, 0x0, 0x0,
    0x1f, 0xfc, 0x0, 0x6, 0xff, 0xff, 0x40, 0x0,
    0x0, 0x0, 0x1f, 0xfc, 0x6, 0xdf, 0xff, 0xd2,
    0x0, 0x0, 0x0, 0x0, 0x1f, 0xfc, 0xa, 0xff,
    0xf7, 0x0, 0x0, 0x0, 0x0, 0x0, 0x1f, 0xfc,
    0x0, 0x99, 0x10, 0x0, 0x0, 0x0, 0x0, 0x0,
    0xc, 0xca, 0x0, 0x0, 0xc, 0xff, 0xff, 0xff,
    0xff, 0xff, 0xff, 0xfc, 0x0, 0x0, 0xd, 0xff,
    0xff, 0xff, 0xff, 0xff, 0xff, 0xfc, 0x0, 0x0,
    0xd, 0xff, 0x88, 0x88, 0x88, 0x88, 0x8f, 0xfc,
    0x0, 0x0, 0xd, 0xff, 0x0, 0x0, 0x0, 0x0,
    0x1f, 0xfc, 0x0, 0x0, 0xd, 0xff, 0x0, 0x0,
    0x0, 0x0, 0x1f, 0xfc, 0x0, 0x0, 0xd, 0xff,
    0x0, 0x0, 0x0, 0x0, 0x1f, 0xfc, 0x0, 0x0,
    0xd, 0xff, 0x77, 0x77, 0x77, 0x77, 0x7f, 0xfc,
    0x0, 0x0, 0xd, 0xff, 0xff, 0xff, 0xff, 0xff,
    0xff, 0xfc, 0x0, 0x0, 0xd, 0xff, 0xff, 0xff,
    0xff, 0xff, 0xff, 0xfc,

    /* U+CF1C "켜" */
    0x0, 0x0, 0x0, 0x0, 0x0, 0x0, 0x0, 0x0,
    0xf, 0xfe, 0x2, 0x88, 0x88, 0x88, 0x88, 0x88,
    0x60, 0x0, 0xf, 0xfe, 0x5, 0xff, 0xff, 0xff,
    0xff, 0xff, 0xb0, 0x0, 0xf, 0xfe, 0x5, 0xff,
    0xff, 0xff, 0xff, 0xff, 0xa0, 0x0, 0xf, 0xfe,
    0x0, 0x0, 0x0, 0x0, 0x7, 0xff, 0x70, 0x0,
    0xf, 0xfe, 0x0, 0x0, 0x0, 0x0, 0xb, 0xff,
    0xaf, 0xff, 0xff, 0xfe, 0x0, 0x0, 0x12, 0x34,
    0x5f, 0xff, 0x7f, 0xff, 0xff, 0xfe, 0x6e, 0xff,
    0xff, 0xff, 0xff, 0xf9, 0x38, 0x88, 0x8f, 0xfe,
    0x2f, 0xff, 0xff, 0xff, 0xff, 0xf2, 0x0, 0x0,
    0xf, 0xfe, 0x9, 0xa9, 0x75, 0x4d, 0xff, 0x90,
    0x0, 0x0, 0xf, 0xfe, 0x0, 0x0, 0x0, 0x8f,
    0xfe, 0x10, 0x0, 0x0, 0xf, 0xfe, 0x0, 0x0,
    0x6, 0xff, 0xf5, 0x0, 0x66, 0x66, 0x6f, 0xfe,
    0x0, 0x0, 0x7f, 0xff, 0x80, 0x1, 0xff, 0xff,
    0xff, 0xfe, 0x0, 0x1a, 0xff, 0xfa, 0x0, 0x1,
    0xff, 0xff, 0xff, 0xfe, 0x6, 0xef, 0xff, 0x90,
    0x0, 0x0, 0x11, 0x11, 0x1f, 0xfe, 0x5f, 0xff,
    0xf7, 0x0, 0x0, 0x0, 0x0, 0x0, 0xf, 0xfe,
    0x7, 0xfd, 0x30, 0x0, 0x0, 0x0, 0x0, 0x0,
    0xf, 0xfe, 0x0, 0x40, 0x0, 0x0, 0x0, 0x0,
    0x0, 0x0, 0xf, 0xfe, 0x0, 0x0, 0x0, 0x0,
    0x0, 0x0, 0x0, 0x0, 0xf, 0xfe, 0x0, 0x0,
    0x0, 0x0, 0x0, 0x0, 0x0, 0x0, 0xf, 0xfe,
    0x0, 0x0, 0x0, 0x0, 0x0, 0x0, 0x0, 0x0,
    0xf, 0xfe, 0x0, 0x0, 0x0, 0x0, 0x0, 0x0,
    0x0, 0x0, 0xf, 0xfe, 0x0, 0x0, 0x0, 0x0,
    0x0, 0x0, 0x0, 0x0, 0x9, 0x98,

    /* U+CF54 "코" */
    0x0, 0x7, 0x77, 0x77, 0x77, 0x77, 0x77, 0x77,
    0x77, 0x60, 0x0, 0x0, 0xf, 0xff, 0xff, 0xff,
    0xff, 0xff, 0xff, 0xff, 0xe0, 0x0, 0x0, 0xf,
    0xff, 0xff, 0xff, 0xff, 0xff, 0xff, 0xff, 0xe0,
    0x0, 0x0, 0x0, 0x0, 0x0, 0x0, 0x0, 0x0,
    0x2, 0xff, 0xe0, 0x0, 0x0, 0x0, 0x0, 0x0,
    0x0, 0x0, 0x0, 0x2, 0xff, 0xe0, 0x0, 0x0,
    0x0, 0x0, 0x0, 0x0, 0x0, 0x0, 0x2, 0xff,
    0xe0, 0x0, 0x0, 0x34, 0x55, 0x67, 0x88, 0x9a,
    0xbb, 0xcd, 0xff, 0xd0, 0x0, 0x0, 0xff, 0xff,
    0xff, 0xff, 0xff, 0xff, 0xff, 0xff, 0xd0, 0x0,
    0x0, 0xbf, 0xff, 0xff, 0xff, 0xed, 0xcb, 0xaa,
    0xff, 0xc0, 0x0, 0x0, 0x24, 0x32, 0x10, 0x0,
    0x0, 0x0, 0x3, 0xff, 0xc0, 0x0, 0x0, 0x0,
    0x0, 0x0, 0x5b, 0xb5, 0x0, 0x4, 0xff, 0xa0,
    0x0, 0x0, 0x0, 0x0, 0x0, 0x7f, 0xf8, 0x0,
    0x5, 0xff, 0x90, 0x0, 0x0, 0x0, 0x0, 0x0,
    0x7f, 0xf8, 0x0, 0x7, 0xff, 0x70, 0x0, 0x0,
    0x0, 0x0, 0x0, 0x7f, 0xf8, 0x0, 0x3, 0x8a,
    0x40, 0x0, 0x0, 0x0, 0x0, 0x0, 0x7f, 0xf8,
    0x0, 0x0, 0x0, 0x0, 0x0, 0x17, 0x77, 0x77,
    0x77, 0xbf, 0xfb, 0x77, 0x77, 0x77, 0x77, 0x75,
    0x4f, 0xff, 0xff, 0xff, 0xff, 0xff, 0xff, 0xff,
    0xff, 0xff, 0xfb, 0x4f, 0xff, 0xff, 0xff, 0xff,
    0xff, 0xff, 0xff, 0xff, 0xff, 0xfb,

    /* U+CF58 "콘" */
    0x0, 0x3, 0xff, 0xff, 0xff, 0xff, 0xff, 0xff,
    0xff, 0xb0, 0x0, 0x0, 0x3, 0xff, 0xff, 0xff,
    0xff, 0xff, 0xff, 0xff, 0xb0, 0x0, 0x0, 0x1,
    0x77, 0x77, 0x77, 0x77, 0x77, 0x79, 0xff, 0xa0,
    0x0, 0x0, 0x1, 0x12, 0x33, 0x44, 0x55, 0x66,
    0x79, 0xff, 0xa0, 0x0, 0x0, 0x1f, 0xff, 0xff,
    0xff, 0xff, 0xff, 0xff, 0xff, 0xa0, 0x0, 0x0,
    0xd, 0xff, 0xff, 0xff, 0xed, 0xcc, 0xbc, 0xff,
    0x90, 0x0, 0x0, 0x2, 0x32, 0x10, 0x24, 0x41,
    0x0, 0x5, 0xff, 0x80, 0x0, 0x0, 0x0, 0x0,
    0x0, 0xaf, 0xf5, 0x0, 0x6, 0xff, 0x70, 0x0,
    0x0, 0x0, 0x0, 0x0, 0xaf, 0xf5, 0x0, 0x3,
    0x78, 0x30, 0x0, 0x27, 0x77, 0x77, 0x77, 0xdf,
    0xfa, 0x77, 0x77, 0x77, 0x77, 0x75, 0x4f, 0xff,
    0xff, 0xff, 0xff, 0xff, 0xff, 0xff, 0xff, 0xff,
    0xfb, 0x4f, 0xff, 0xff, 0xff, 0xff, 0xff, 0xff,
    0xff, 0xff, 0xff, 0xfb, 0x0, 0x0, 0x0, 0x0,
    0x0, 0x0, 0x0, 0x0, 0x0, 0x0, 0x0, 0x0,
    0x0, 0x0, 0x0, 0x0, 0x0, 0x0, 0x0, 0x0,
    0x0, 0x0, 0x0, 0x2, 0xdd, 0x90, 0x0, 0x0,
    0x0, 0x0, 0x0, 0x0, 0x0, 0x0, 0x3, 0xff,
    0xc0, 0x0, 0x0, 0x0, 0x0, 0x0, 0x0, 0x0,
    0x0, 0x3, 0xff, 0xc0, 0x0, 0x0, 0x0, 0x0,
    0x0, 0x0, 0x0, 0x0, 0x3, 0xff, 0xc0, 0x0,
    0x0, 0x0, 0x0, 0x0, 0x0, 0x0, 0x0, 0x3,
    0xff, 0xd7, 0x77, 0x77, 0x77, 0x77, 0x77, 0x70,
    0x0, 0x0, 0x3, 0xff, 0xff, 0xff, 0xff, 0xff,
    0xff, 0xff, 0xe0, 0x0, 0x0, 0x3, 0xff, 0xff,
    0xff, 0xff, 0xff, 0xff, 0xff, 0xe0, 0x0,

    /* U+D050 "큐" */
    0x0, 0x6, 0xff, 0xff, 0xff, 0xff, 0xff, 0xff,
    0xff, 0xa0, 0x0, 0x0, 0x6, 0xff, 0xff, 0xff,
    0xff, 0xff, 0xff, 0xff, 0xa0, 0x0, 0x0, 0x2,
    0x77, 0x77, 0x77, 0x77, 0x77, 0x7a, 0xff, 0xa0,
    0x0, 0x0, 0x0, 0x0, 0x0, 0x0, 0x0, 0x11,
    0x27, 0xff, 0x90, 0x0, 0x0, 0x3c, 0xcd, 0xee,
    0xff, 0xff, 0xff, 0xff, 0xff, 0x90, 0x0, 0x0,
    0x1f, 0xff, 0xff, 0xff, 0xff, 0xff, 0xff, 0xff,
    0x80, 0x0, 0x0, 0x9, 0xaa, 0x98, 0x87, 0x66,
    0x54, 0x49, 0xff, 0x70, 0x0, 0x0, 0x0, 0x0,
    0x0, 0x0, 0x0, 0x0, 0x7, 0xff, 0x60, 0x0,
    0x0, 0x0, 0x0, 0x0, 0x0, 0x0, 0x0, 0x8,
    0xff, 0x50, 0x0, 0x17, 0x77, 0x77, 0x77, 0x77,
    0x77, 0x77, 0x7c, 0xff, 0x97, 0x74, 0x4f, 0xff,
    0xff, 0xff, 0xff, 0xff, 0xff, 0xff, 0xff, 0xff,
    0xfb, 0x4f, 0xff, 0xff, 0xff, 0xff, 0xff, 0xff,
    0xff, 0xff, 0xff, 0xfb, 0x0, 0x0, 0x5, 0xff,
    0xa0, 0x0, 0x7, 0xff, 0x80, 0x0, 0x0, 0x0,
    0x0, 0x5, 0xff, 0xa0, 0x0, 0x7, 0xff, 0x80,
    0x0, 0x0, 0x0, 0x0, 0x5, 0xff, 0xa0, 0x0,
    0x7, 0xff, 0x80, 0x0, 0x0, 0x0, 0x0, 0x5,
    0xff, 0xa0, 0x0, 0x7, 0xff, 0x80, 0x0, 0x0,
    0x0, 0x0, 0x5, 0xff, 0xa0, 0x0, 0x7, 0xff,
    0x80, 0x0, 0x0, 0x0, 0x0, 0x5, 0xff, 0xa0,
    0x0, 0x7, 0xff, 0x80, 0x0, 0x0, 0x0, 0x0,
    0x5, 0xff, 0xa0, 0x0, 0x7, 0xff, 0x80, 0x0,
    0x0, 0x0, 0x0, 0x5, 0xff, 0xa0, 0x0, 0x7,
    0xff, 0x80, 0x0, 0x0, 0x0, 0x0, 0x5, 0xff,
    0xa0, 0x0, 0x7, 0xff, 0x80, 0x0, 0x0, 0x0,
    0x0, 0x0, 0x11, 0x10, 0x0, 0x0, 0x11, 0x0,
    0x0, 0x0,

    /* U+D06C "크" */
    0x0, 0x6, 0x77, 0x77, 0x77, 0x77, 0x77, 0x77,
    0x77, 0x40, 0x0, 0x0, 0xe, 0xff, 0xff, 0xff,
    0xff, 0xff, 0xff, 0xff, 0x80, 0x0, 0x0, 0xd,
    0xff, 0xff, 0xff, 0xff, 0xff, 0xff, 0xff, 0x80,
    0x0, 0x0, 0x0, 0x0, 0x0, 0x0, 0x0, 0x0,
    0x7, 0xff, 0x80, 0x0, 0x0, 0x0, 0x0, 0x0,
    0x0, 0x0, 0x0, 0x7, 0xff, 0x80, 0x0, 0x0,
    0x0, 0x0, 0x0, 0x0, 0x0, 0x0, 0x7, 0xff,
    0x80, 0x0, 0x0, 0x0, 0x0, 0x0, 0x0, 0x0,
    0x0, 0x7, 0xff, 0x80, 0x0, 0x0, 0x45, 0x56,
    0x67, 0x78, 0x89, 0x9a, 0xad, 0xff, 0x80, 0x0,
    0x0, 0xdf, 0xff, 0xff, 0xff, 0xff, 0xff, 0xff,
    0xff, 0x80, 0x0, 0x0, 0x9f, 0xff, 0xff, 0xfe,
    0xed, 0xcb, 0xac, 0xff, 0x70, 0x0, 0x0, 0x13,
    0x21, 0x10, 0x0, 0x0, 0x0, 0x8, 0xff, 0x60,
    0x0, 0x0, 0x0, 0x0, 0x0, 0x0, 0x0, 0x0,
    0x8, 0xff, 0x50, 0x0, 0x0, 0x0, 0x0, 0x0,
    0x0, 0x0, 0x0, 0x9, 0xff, 0x40, 0x0, 0x0,
    0x0, 0x0, 0x0, 0x0, 0x0, 0x0, 0xa, 0xff,
    0x30, 0x0, 0x0, 0x0, 0x0, 0x0, 0x0, 0x0,
    0x0, 0xb, 0xff, 0x20, 0x0, 0x17, 0x77, 0x77,
    0x77, 0x77, 0x77, 0x77, 0x7e, 0xff, 0x77, 0x75,
    0x4f, 0xff, 0xff, 0xff, 0xff, 0xff, 0xff, 0xff,
    0xff, 0xff, 0xfb, 0x3f, 0xff, 0xff, 0xff, 0xff,
    0xff, 0xff, 0xff, 0xff, 0xff, 0xfa,

    /* U+D074 "클" */
    0x0, 0x2, 0xff, 0xff, 0xff, 0xff, 0xff, 0xff,
    0xff, 0x60, 0x0, 0x0, 0x2, 0xff, 0xff, 0xff,
    0xff, 0xff, 0xff, 0xff, 0x60, 0x0, 0x0, 0x1,
    0x77, 0x77, 0x77, 0x77, 0x77, 0x7b, 0xff, 0x60,
    0x0, 0x0, 0x0, 0x0, 0x1, 0x22, 0x33, 0x44,
    0x5a, 0xff, 0x60, 0x0, 0x0, 0xf, 0xff, 0xff,
    0xff, 0xff, 0xff, 0xff, 0xff, 0x50, 0x0, 0x0,
    0xc, 0xff, 0xff, 0xff, 0xff, 0xff, 0xff, 0xff,
    0x40, 0x0, 0x0, 0x4, 0x66, 0x54, 0x33, 0x21,
    0x0, 0x9, 0xff, 0x30, 0x0, 0x0, 0x0, 0x0,
    0x0, 0x0, 0x0, 0x0, 0xb, 0xff, 0x20, 0x0,
    0x4f, 0xff, 0xff, 0xff, 0xff, 0xff, 0xff, 0xff,
    0xff, 0xff, 0xfa, 0x4f, 0xff, 0xff, 0xff, 0xff,
    0xff, 0xff, 0xff, 0xff, 0xff, 0xfb, 0x28, 0x88,
    0x88, 0x88, 0x88, 0x88, 0x88, 0x88, 0x88, 0x88,
    0x85, 0x0, 0x0, 0x0, 0x0, 0x0, 0x0, 0x0,
    0x0, 0x0, 0x0, 0x0, 0x0, 0x3, 0xff, 0xff,
    0xff, 0xff, 0xff, 0xff, 0xff, 0x70, 0x0, 0x0,
    0x3, 0xff, 0xff, 0xff, 0xff, 0xff, 0xff, 0xff,
    0x70, 0x0, 0x0, 0x1, 0x77, 0x77, 0x77, 0x77,
    0x77, 0x7b, 0xff, 0x70, 0x0, 0x0, 0x0, 0x44,
    0x44, 0x44, 0x44, 0x44, 0x49, 0xff, 0x70, 0x0,
    0x0, 0x3, 0xff, 0xff, 0xff, 0xff, 0xff, 0xff,
    0xff, 0x70, 0x0, 0x0, 0x3, 0xff, 0xff, 0xff,
    0xff, 0xff, 0xff, 0xff, 0x60, 0x0, 0x0, 0x3,
    0xff, 0xb0, 0x0, 0x0, 0x0, 0x0, 0x0, 0x0,
    0x0, 0x0, 0x3, 0xff, 0xd7, 0x77, 0x77, 0x77,
    0x77, 0x77, 0x70, 0x0, 0x0, 0x3, 0xff, 0xff,
    0xff, 0xff, 0xff, 0xff, 0xff, 0xf0, 0x0, 0x0,
    0x3, 0xff, 0xff, 0xff, 0xff, 0xff, 0xff, 0xff,
    0xf0, 0x0,

    /* U+D07D "큽" */
    0x0, 0x2, 0xff, 0xff, 0xff, 0xff, 0xff, 0xff,
    0xff, 0xa0, 0x0, 0x0, 0x2, 0xff, 0xff, 0xff,
    0xff, 0xff, 0xff, 0xff, 0xa0, 0x0, 0x0, 0x0,
    0x77, 0x77, 0x77, 0x77, 0x77, 0x7a, 0xff, 0x90,
    0x0, 0x0, 0x0, 0x0, 0x0, 0x0, 0x0, 0x0,
    0x5, 0xff, 0x90, 0x0, 0x0, 0x3, 0x34, 0x45,
    0x56, 0x67, 0x88, 0x9b, 0xff, 0x80, 0x0, 0x0,
    0xf, 0xff, 0xff, 0xff, 0xff, 0xff, 0xff, 0xff,
    0x80, 0x0, 0x0, 0xb, 0xff, 0xff, 0xff, 0xed,
    0xcc, 0xbc, 0xff, 0x70, 0x0, 0x0, 0x1, 0x32,
    0x10, 0x0, 0x0, 0x0, 0x7, 0xff, 0x60, 0x0,
    0x0, 0x0, 0x0, 0x0, 0x0, 0x0, 0x0, 0x8,
    0xff, 0x50, 0x0, 0x4f, 0xff, 0xff, 0xff, 0xff,
    0xff, 0xff, 0xff, 0xff, 0xff, 0xfb, 0x4f, 0xff,
    0xff, 0xff, 0xff, 0xff, 0xff, 0xff, 0xff, 0xff,
    0xfb, 0x27, 0x77, 0x77, 0x77, 0x77, 0x77, 0x77,
    0x77, 0x77, 0x77, 0x75, 0x0, 0x0, 0x0, 0x0,
    0x0, 0x0, 0x0, 0x0, 0x0, 0x0, 0x0, 0x0,
    0x2, 0xdd, 0xa0, 0x0, 0x0, 0x0, 0x4, 0xdd,
    0x80, 0x0, 0x0, 0x2, 0xff, 0xc1, 0x11, 0x11,
    0x11, 0x15, 0xff, 0xa0, 0x0, 0x0, 0x2, 0xff,
    0xff, 0xff, 0xff, 0xff, 0xff, 0xff, 0xa0, 0x0,
    0x0, 0x2, 0xff, 0xff, 0xff, 0xff, 0xff, 0xff,
    0xff, 0xa0, 0x0, 0x0, 0x2, 0xff, 0xd6, 0x66,
    0x66, 0x66, 0x69, 0xff, 0xa0, 0x0, 0x0, 0x2,
    0xff, 0xc0, 0x0, 0x0, 0x0, 0x5, 0xff, 0xa0,
    0x0, 0x0, 0x2, 0xff, 0xe7, 0x77, 0x77, 0x77,
    0x79, 0xff, 0xa0, 0x0, 0x0, 0x2, 0xff, 0xff,
    0xff, 0xff, 0xff, 0xff, 0xff, 0xa0, 0x0, 0x0,
    0x2, 0xff, 0xff, 0xff, 0xff, 0xff, 0xff, 0xff,
    0xa0, 0x0,

    /* U+D0A4 "키" */
    0x0, 0x0, 0x0, 0x0, 0x0, 0x0, 0x0, 0x0,
    0xaf, 0xf3, 0x0, 0x88, 0x88, 0x88, 0x88, 0x88,
    0x80, 0x0, 0xaf, 0xf3, 0x0, 0xff, 0xff, 0xff,
    0xff, 0xff, 0xf0, 0x0, 0xaf, 0xf3, 0x0, 0xff,
    0xff, 0xff, 0xff, 0xff, 0xe0, 0x0, 0xaf, 0xf3,
    0x0, 0x0, 0x0, 0x0, 0x1, 0xff, 0xb0, 0x0,
    0xaf, 0xf3, 0x0, 0x0, 0x0, 0x0, 0x5, 0xff,
    0x70, 0x0, 0xaf, 0xf3, 0x0, 0x0, 0x0, 0x0,
    0xb, 0xff, 0x20, 0x0, 0xaf, 0xf3, 0x18, 0x9a,
    0xcd, 0xef, 0xff, 0xfc, 0x0, 0x0, 0xaf, 0xf3,
    0xe, 0xff, 0xff, 0xff, 0xff, 0xf5, 0x0, 0x0,
    0xaf, 0xf3, 0x9, 0xfd, 0xca, 0x9b, 0xff, 0xc0,
    0x0, 0x0, 0xaf, 0xf3, 0x0, 0x0, 0x0, 0x2e,
    0xff, 0x30, 0x0, 0x0, 0xaf, 0xf3, 0x0, 0x0,
    0x1, 0xdf, 0xf9, 0x0, 0x0, 0x0, 0xaf, 0xf3,
    0x0, 0x0, 0x1d, 0xff, 0xc0, 0x0, 0x0, 0x0,
    0xaf, 0xf3, 0x0, 0x3, 0xef, 0xfd, 0x10, 0x0,
    0x0, 0x0, 0xaf, 0xf3, 0x1, 0x8f, 0xff, 0xe1,
    0x0, 0x0, 0x0, 0x0, 0xaf, 0xf3, 0x1e, 0xff,
    0xfc, 0x10, 0x0, 0x0, 0x0, 0x0, 0xaf, 0xf3,
    0x4, 0xff, 0x80, 0x0, 0x0, 0x0, 0x0, 0x0,
    0xaf, 0xf3, 0x0, 0x32, 0x0, 0x0, 0x0, 0x0,
    0x0, 0x0, 0xaf, 0xf3, 0x0, 0x0, 0x0, 0x0,
    0x0, 0x0, 0x0, 0x0, 0xaf, 0xf3, 0x0, 0x0,
    0x0, 0x0, 0x0, 0x0, 0x0, 0x0, 0xaf, 0xf3,
    0x0, 0x0, 0x0, 0x0, 0x0, 0x0, 0x0, 0x0,
    0xaf, 0xf3, 0x0, 0x0, 0x0, 0x0, 0x0, 0x0,
    0x0, 0x0, 0xaf, 0xf3, 0x0, 0x0, 0x0, 0x0,
    0x0, 0x0, 0x0, 0x0, 0x69, 0x91,

    /* U+D0B7 "킷" */
    0x0, 0x0, 0x0, 0x0, 0x0, 0x0, 0x0, 0x2,
    0xff, 0xb0, 0x0, 0x7f, 0xff, 0xff, 0xff, 0xff,
    0xf0, 0x0, 0x2f, 0xfb, 0x0, 0x7, 0xff, 0xff,
    0xff, 0xff, 0xfd, 0x0, 0x2, 0xff, 0xb0, 0x0,
    0x37, 0x77, 0x77, 0x7a, 0xff, 0x90, 0x0, 0x2f,
    0xfb, 0x0, 0x0, 0x0, 0x0, 0x0, 0xaf, 0xf4,
    0x0, 0x2, 0xff, 0xb0, 0x0, 0x12, 0x34, 0x56,
    0x7f, 0xfd, 0x0, 0x0, 0x2f, 0xfb, 0x0, 0xcf,
    0xff, 0xff, 0xff, 0xff, 0x60, 0x0, 0x2, 0xff,
    0xb0, 0x6, 0xff, 0xff, 0xff, 0xff, 0xd0, 0x0,
    0x0, 0x2f, 0xfb, 0x0, 0x17, 0x53, 0x6, 0xff,
    0xf2, 0x0, 0x0, 0x2, 0xff, 0xb0, 0x0, 0x0,
    0x8, 0xff, 0xf5, 0x0, 0x0, 0x0, 0x2f, 0xfb,
    0x0, 0x0, 0x1b, 0xff, 0xf6, 0x0, 0x0, 0x0,
    0x2, 0xff, 0xb0, 0x0, 0x6e, 0xff, 0xf5, 0x0,
    0x0, 0x0, 0x0, 0x2f, 0xfb, 0x0, 0x8f, 0xff,
    0xe4, 0x0, 0x0, 0x0, 0x0, 0x2, 0xff, 0xb0,
    0x0, 0x9f, 0xa1, 0x0, 0x0, 0x7b, 0xb2, 0x0,
    0x2f, 0xfb, 0x0, 0x0, 0x20, 0x0, 0x0, 0xb,
    0xff, 0x40, 0x2, 0xff, 0xb0, 0x0, 0x0, 0x0,
    0x0, 0x0, 0xef, 0xf7, 0x0, 0x0, 0x0, 0x0,
    0x0, 0x0, 0x0, 0x0, 0x6f, 0xff, 0xe1, 0x0,
    0x0, 0x0, 0x0, 0x0, 0x0, 0x0, 0x4f, 0xff,
    0xff, 0xc1, 0x0, 0x0, 0x0, 0x0, 0x0, 0x0,
    0x7f, 0xff, 0x6c, 0xff, 0xe4, 0x0, 0x0, 0x0,
    0x0, 0x16, 0xdf, 0xff, 0x60, 0xb, 0xff, 0xfc,
    0x50, 0x0, 0x0, 0xcf, 0xff, 0xfd, 0x30, 0x0,
    0x7, 0xff, 0xff, 0xfc, 0x0, 0x6, 0xff, 0xe6,
    0x0, 0x0, 0x0, 0x2, 0xaf, 0xff, 0x60, 0x0,
    0x7, 0x40, 0x0, 0x0, 0x0, 0x0, 0x0, 0x16,
    0x70, 0x0,

    /* U+D0C0 "타" */
    0x0, 0x0, 0x0, 0x0, 0x0, 0x0, 0x0, 0x1f,
    0xfd, 0x0, 0x0, 0x18, 0x88, 0x88, 0x88, 0x88,
    0x87, 0x0, 0x1f, 0xfd, 0x0, 0x0, 0x2f, 0xff,
    0xff, 0xff, 0xff, 0xfe, 0x0, 0x1f, 0xfd, 0x0,
    0x0, 0x2f, 0xff, 0xff, 0xff, 0xff, 0xfd, 0x0,
    0x1f, 0xfd, 0x0, 0x0, 0x2f, 0xfd, 0x0, 0x0,
    0x0, 0x0, 0x0, 0x1f, 0xfd, 0x0, 0x0, 0x2f,
    0xfd, 0x0, 0x0, 0x0, 0x0, 0x0, 0x1f, 0xfd,
    0x0, 0x0, 0x2f, 0xfd, 0x0, 0x0, 0x0, 0x0,
    0x0, 0x1f, 0xfd, 0x0, 0x0, 0x2f, 0xfe, 0xaa,
    0xaa, 0xaa, 0xa0, 0x0, 0x1f, 0xfd, 0x0, 0x0,
    0x2f, 0xff, 0xff, 0xff, 0xff, 0xf1, 0x0, 0x1f,
    0xff, 0xff, 0xf9, 0x2f, 0xff, 0xbb, 0xbb, 0xbb,
    0xb1, 0x0, 0x1f, 0xff, 0xff, 0xfa, 0x2f, 0xfd,
    0x0, 0x0, 0x0, 0x0, 0x0, 0x1f, 0xfe, 0x88,
    0x85, 0x2f, 0xfd, 0x0, 0x0, 0x0, 0x0, 0x0,
    0x1f, 0xfd, 0x0, 0x0, 0x2f, 0xfd, 0x0, 0x0,
    0x0, 0x0, 0x0, 0x1f, 0xfd, 0x0, 0x0, 0x2f,
    0xfe, 0x88, 0x88, 0x89, 0x9a, 0xc2, 0x1f, 0xfd,
    0x0, 0x0, 0x2f, 0xff, 0xff, 0xff, 0xff, 0xff,
    0xf4, 0x1f, 0xfd, 0x0, 0x0, 0x1f, 0xff, 0xff,
    0xfe, 0xed, 0xdc, 0xb3, 0x1f, 0xfd, 0x0, 0x0,
    0x0, 0x0, 0x0, 0x0, 0x0, 0x0, 0x0, 0x1f,
    0xfd, 0x0, 0x0, 0x0, 0x0, 0x0, 0x0, 0x0,
    0x0, 0x0, 0x1f, 0xfd, 0x0, 0x0, 0x0, 0x0,
    0x0, 0x0, 0x0, 0x0, 0x0, 0x1f, 0xfd, 0x0,
    0x0, 0x0, 0x0, 0x0, 0x0, 0x0, 0x0, 0x0,
    0x1f, 0xfd, 0x0, 0x0, 0x0, 0x0, 0x0, 0x0,
    0x0, 0x0, 0x0, 0x1f, 0xfd, 0x0, 0x0, 0x0,
    0x0, 0x0, 0x0, 0x0, 0x0, 0x0, 0x1f, 0xfd,
    0x0, 0x0, 0x0, 0x0, 0x0, 0x0, 0x0, 0x0,
    0x0, 0x9, 0x98, 0x0, 0x0,

    /* U+D0C4 "탄" */
    0x0, 0x0, 0x0, 0x0, 0x0, 0x0, 0x0, 0x3f,
    0xfb, 0x0, 0x0, 0xbf, 0xff, 0xff, 0xff, 0xff,
    0xf9, 0x0, 0x3f, 0xfb, 0x0, 0x0, 0xbf, 0xff,
    0xff, 0xff, 0xff, 0xf9, 0x0, 0x3f, 0xfb, 0x0,
    0x0, 0xbf, 0xf9, 0x88, 0x88, 0x88, 0x84, 0x0,
    0x3f, 0xfb, 0x0, 0x0, 0xbf, 0xf3, 0x0, 0x0,
    0x0, 0x0, 0x0, 0x3f, 0xfb, 0x0, 0x0, 0xbf,
    0xfc, 0xbb, 0xbb, 0xbb, 0x70, 0x0, 0x3f, 0xfb,
    0x0, 0x0, 0xbf, 0xff, 0xff, 0xff, 0xff, 0xa0,
    0x0, 0x3f, 0xff, 0xff, 0xf2, 0xbf, 0xfb, 0x99,
    0x99, 0x99, 0x50, 0x0, 0x3f, 0xff, 0xff, 0xf2,
    0xbf, 0xf3, 0x0, 0x0, 0x0, 0x0, 0x0, 0x3f,
    0xfd, 0x88, 0x81, 0xbf, 0xf5, 0x11, 0x22, 0x33,
    0x45, 0x30, 0x3f, 0xfb, 0x0, 0x0, 0xbf, 0xff,
    0xff, 0xff, 0xff, 0xff, 0x90, 0x3f, 0xfb, 0x0,
    0x0, 0xbf, 0xff, 0xff, 0xff, 0xff, 0xff, 0xa0,
    0x3f, 0xfb, 0x0, 0x0, 0x46, 0x55, 0x55, 0x54,
    0x43, 0x32, 0x10, 0x3f, 0xfb, 0x0, 0x0, 0x0,
    0x0, 0x0, 0x0, 0x0, 0x0, 0x0, 0x3f, 0xfb,
    0x0, 0x0, 0x0, 0x5, 0x99, 0x20, 0x0, 0x0,
    0x0, 0x3f, 0xfb, 0x0, 0x0, 0x0, 0xa, 0xff,
    0x40, 0x0, 0x0, 0x0, 0x3f, 0xfb, 0x0, 0x0,
    0x0, 0xa, 0xff, 0x40, 0x0, 0x0, 0x0, 0x4,
    0x43, 0x0, 0x0, 0x0, 0xa, 0xff, 0x40, 0x0,
    0x0, 0x0, 0x0, 0x0, 0x0, 0x0, 0x0, 0xa,
    0xff, 0x40, 0x0, 0x0, 0x0, 0x0, 0x0, 0x0,
    0x0, 0x0, 0xa, 0xff, 0xa7, 0x77, 0x77, 0x77,
    0x77, 0x77, 0x20, 0x0, 0x0, 0xa, 0xff, 0xff,
    0xff, 0xff, 0xff, 0xff, 0xff, 0x50, 0x0, 0x0,
    0xa, 0xff, 0xff, 0xff, 0xff, 0xff, 0xff, 0xff,
    0x50, 0x0,

    /* U+D0D0 "탐" */
    0x0, 0x0, 0x0, 0x0, 0x0, 0x0, 0x0, 0x3f,
    0xfb, 0x0, 0x0, 0xbf, 0xff, 0xff, 0xff, 0xff,
    0xf9, 0x0, 0x3f, 0xfb, 0x0, 0x0, 0xbf, 0xff,
    0xff, 0xff, 0xff, 0xf9, 0x0, 0x3f, 0xfb, 0x0,
    0x0, 0xbf, 0xf9, 0x77, 0x77, 0x77, 0x74, 0x0,
    0x3f, 0xfb, 0x0, 0x0, 0xbf, 0xf6, 0x44, 0x44,
    0x44, 0x20, 0x0, 0x3f, 0xfb, 0x0, 0x0, 0xbf,
    0xff, 0xff, 0xff, 0xff, 0x90, 0x0, 0x3f, 0xff,
    0xff, 0xf2, 0xbf, 0xff, 0xff, 0xff, 0xff, 0x90,
    0x0, 0x3f, 0xff, 0xff, 0xf2, 0xbf, 0xf4, 0x0,
    0x0, 0x0, 0x0, 0x0, 0x3f, 0xfd, 0x88, 0x81,
    0xbf, 0xf6, 0x33, 0x34, 0x45, 0x56, 0x30, 0x3f,
    0xfb, 0x0, 0x0, 0xbf, 0xff, 0xff, 0xff, 0xff,
    0xff, 0x90, 0x3f, 0xfb, 0x0, 0x0, 0xbf, 0xff,
    0xff, 0xff, 0xff, 0xff, 0xa0, 0x3f, 0xfb, 0x0,
    0x0, 0x24, 0x44, 0x33, 0x33, 0x22, 0x10, 0x0,
    0x3f, 0xfb, 0x0, 0x0, 0x0, 0x0, 0x0, 0x0,
    0x0, 0x0, 0x0, 0x2a, 0xa7, 0x0, 0x0, 0x0,
    0xa, 0xff, 0xff, 0xff, 0xff, 0xff, 0xff, 0xfa,
    0x0, 0x0, 0x0, 0xb, 0xff, 0xff, 0xff, 0xff,
    0xff, 0xff, 0xfb, 0x0, 0x0, 0x0, 0xb, 0xff,
    0xa8, 0x88, 0x88, 0x88, 0x9f, 0xfb, 0x0, 0x0,
    0x0, 0xb, 0xff, 0x30, 0x0, 0x0, 0x0, 0x3f,
    0xfb, 0x0, 0x0, 0x0, 0xb, 0xff, 0x30, 0x0,
    0x0, 0x0, 0x3f, 0xfb, 0x0, 0x0, 0x0, 0xb,
    0xff, 0x30, 0x0, 0x0, 0x0, 0x3f, 0xfb, 0x0,
    0x0, 0x0, 0xb, 0xff, 0x97, 0x77, 0x77, 0x77,
    0x8f, 0xfb, 0x0, 0x0, 0x0, 0xb, 0xff, 0xff,
    0xff, 0xff, 0xff, 0xff, 0xfb, 0x0, 0x0, 0x0,
    0xb, 0xff, 0xff, 0xff, 0xff, 0xff, 0xff, 0xfb,
    0x0, 0x0,

    /* U+D0DC "태" */
    0x0, 0x0, 0x0, 0x0, 0x0, 0xd, 0xff, 0x0,
    0xef, 0xf6, 0x88, 0x88, 0x88, 0x88, 0x0, 0xdf,
    0xf0, 0xe, 0xff, 0xdf, 0xff, 0xff, 0xff, 0xf1,
    0xd, 0xff, 0x0, 0xef, 0xfd, 0xff, 0xff, 0xff,
    0xff, 0x10, 0xdf, 0xf0, 0xe, 0xff, 0xdf, 0xf1,
    0x0, 0x0, 0x0, 0xd, 0xff, 0x0, 0xef, 0xfd,
    0xff, 0x10, 0x0, 0x0, 0x0, 0xdf, 0xf0, 0xe,
    0xff, 0xdf, 0xf1, 0x0, 0x0, 0x0, 0xd, 0xff,
    0x0, 0xef, 0xfd, 0xff, 0x88, 0x88, 0x83, 0x0,
    0xdf, 0xf0, 0xe, 0xff, 0xdf, 0xff, 0xff, 0xff,
    0x60, 0xd, 0xff, 0x88, 0xff, 0xfd, 0xff, 0xff,
    0xff, 0xf6, 0x0, 0xdf, 0xff, 0xff, 0xff, 0xdf,
    0xf1, 0x0, 0x0, 0x0, 0xd, 0xff, 0xff, 0xff,
    0xfd, 0xff, 0x10, 0x0, 0x0, 0x0, 0xdf, 0xf0,
    0xe, 0xff, 0xdf, 0xf1, 0x0, 0x0, 0x0, 0xd,
    0xff, 0x0, 0xef, 0xfd, 0xff, 0x76, 0x67, 0x89,
    0x60, 0xdf, 0xf0, 0xe, 0xff, 0xdf, 0xff, 0xff,
    0xff, 0xfb, 0xd, 0xff, 0x0, 0xef, 0xfd, 0xff,
    0xff, 0xfe, 0xdc, 0x80, 0xdf, 0xf0, 0xe, 0xff,
    0x0, 0x0, 0x0, 0x0, 0x0, 0xd, 0xff, 0x0,
    0xef, 0xf0, 0x0, 0x0, 0x0, 0x0, 0x0, 0xdf,
    0xf0, 0xe, 0xff, 0x0, 0x0, 0x0, 0x0, 0x0,
    0xd, 0xff, 0x0, 0xef, 0xf0, 0x0, 0x0, 0x0,
    0x0, 0x0, 0xdf, 0xf0, 0xe, 0xff, 0x0, 0x0,
    0x0, 0x0, 0x0, 0xd, 0xff, 0x0, 0xef, 0xf0,
    0x0, 0x0, 0x0, 0x0, 0x0, 0xdf, 0xf0, 0xe,
    0xff, 0x0, 0x0, 0x0, 0x0, 0x0, 0x0, 0x0,
    0x0, 0x89, 0x90,

    /* U+D0DD "택" */
    0x0, 0x0, 0x0, 0x0, 0x0, 0xc, 0xff, 0x10,
    0xff, 0xfd, 0xff, 0xff, 0xff, 0xff, 0x40, 0xcf,
    0xf1, 0xf, 0xff, 0xdf, 0xff, 0xff, 0xff, 0xf4,
    0xc, 0xff, 0x10, 0xff, 0xfd, 0xff, 0x87, 0x77,
    0x77, 0x10, 0xcf, 0xf1, 0xf, 0xff, 0xdf, 0xf1,
    0x0, 0x0, 0x0, 0xc, 0xff, 0x10, 0xff, 0xfd,
    0xff, 0xee, 0xee, 0xe6, 0x0, 0xcf, 0xf8, 0x8f,
    0xff, 0xdf, 0xff, 0xff, 0xff, 0x70, 0xc, 0xff,
    0xff, 0xff, 0xfd, 0xff, 0x77, 0x77, 0x73, 0x0,
    0xcf, 0xff, 0xff, 0xff, 0xdf, 0xf1, 0x0, 0x0,
    0x0, 0xc, 0xff, 0x10, 0xff, 0xfd, 0xff, 0xee,
    0xef, 0xff, 0xc0, 0xcf, 0xf1, 0xf, 0xff, 0xdf,
    0xff, 0xff, 0xff, 0xfd, 0xc, 0xff, 0x10, 0xff,
    0xf7, 0x88, 0x88, 0x87, 0x76, 0x50, 0xcf, 0xf1,
    0xf, 0xff, 0x0, 0x0, 0x0, 0x0, 0x0, 0x7,
    0x99, 0x0, 0xff, 0xf0, 0x0, 0x8, 0x88, 0x88,
    0x88, 0x88, 0x88, 0x88, 0x88, 0x0, 0x0, 0xff,
    0xff, 0xff, 0xff, 0xff, 0xff, 0xff, 0xf0, 0x0,
    0xf, 0xff, 0xff, 0xff, 0xff, 0xff, 0xff, 0xff,
    0x0, 0x0, 0x0, 0x0, 0x0, 0x0, 0x0, 0x0,
    0xff, 0xf0, 0x0, 0x0, 0x0, 0x0, 0x0, 0x0,
    0x0, 0xf, 0xff, 0x0, 0x0, 0x0, 0x0, 0x0,
    0x0, 0x0, 0x0, 0xff, 0xf0, 0x0, 0x0, 0x0,
    0x0, 0x0, 0x0, 0x0, 0xf, 0xff, 0x0, 0x0,
    0x0, 0x0, 0x0, 0x0, 0x0, 0x0, 0xff, 0xf0,
    0x0, 0x0, 0x0, 0x0, 0x0, 0x0, 0x0, 0xf,
    0xff, 0x0, 0x0, 0x0, 0x0, 0x0, 0x0, 0x0,
    0x0, 0x11, 0x10,

    /* U+D130 "터" */
    0x0, 0x0, 0x0, 0x0, 0x0, 0x0, 0x0, 0x0,
    0xdf, 0xf1, 0x18, 0x88, 0x88, 0x88, 0x88, 0x88,
    0x10, 0x0, 0xdf, 0xf1, 0x2f, 0xff, 0xff, 0xff,
    0xff, 0xff, 0x20, 0x0, 0xdf, 0xf1, 0x2f, 0xff,
    0xff, 0xff, 0xff, 0xff, 0x20, 0x0, 0xdf, 0xf1,
    0x2f, 0xfb, 0x0, 0x0, 0x0, 0x0, 0x0, 0x0,
    0xdf, 0xf1, 0x2f, 0xfb, 0x0, 0x0, 0x0, 0x0,
    0x0, 0x0, 0xdf, 0xf1, 0x2f, 0xfb, 0x11, 0x11,
    0x11, 0x0, 0x0, 0x0, 0xdf, 0xf1, 0x2f, 0xff,
    0xff, 0xff, 0xff, 0x50, 0x44, 0x44, 0xdf, 0xf1,
    0x2f, 0xff, 0xff, 0xff, 0xff, 0x50, 0xff, 0xff,
    0xff, 0xf1, 0x2f, 0xfd, 0x55, 0x55, 0x55, 0x10,
    0xff, 0xff, 0xff, 0xf1, 0x2f, 0xfb, 0x0, 0x0,
    0x0, 0x0, 0x22, 0x22, 0xdf, 0xf1, 0x2f, 0xfb,
    0x0, 0x0, 0x0, 0x0, 0x0, 0x0, 0xdf, 0xf1,
    0x2f, 0xfb, 0x0, 0x0, 0x0, 0x0, 0x0, 0x0,
    0xdf, 0xf1, 0x2f, 0xfd, 0x88, 0x88, 0x99, 0xab,
    0xd3, 0x0, 0xdf, 0xf1, 0x2f, 0xff, 0xff, 0xff,
    0xff, 0xff, 0xf4, 0x0, 0xdf, 0xf1, 0x2e, 0xee,
    0xee, 0xee, 0xdd, 0xca, 0x93, 0x0, 0xdf, 0xf1,
    0x0, 0x0, 0x0, 0x0, 0x0, 0x0, 0x0, 0x0,
    0xdf, 0xf1, 0x0, 0x0, 0x0, 0x0, 0x0, 0x0,
    0x0, 0x0, 0xdf, 0xf1, 0x0, 0x0, 0x0, 0x0,
    0x0, 0x0, 0x0, 0x0, 0xdf, 0xf1, 0x0, 0x0,
    0x0, 0x0, 0x0, 0x0, 0x0, 0x0, 0xdf, 0xf1,
    0x0, 0x0, 0x0, 0x0, 0x0, 0x0, 0x0, 0x0,
    0xdf, 0xf1, 0x0, 0x0, 0x0, 0x0, 0x0, 0x0,
    0x0, 0x0, 0xdf, 0xf1, 0x0, 0x0, 0x0, 0x0,
    0x0, 0x0, 0x0, 0x0, 0x79, 0x90,

    /* U+D14C "테" */
    0x0, 0x0, 0x0, 0x0, 0x0, 0xa, 0xff, 0x30,
    0xff, 0xe5, 0x88, 0x88, 0x88, 0x87, 0x0, 0xaf,
    0xf3, 0xf, 0xfe, 0xbf, 0xff, 0xff, 0xff, 0xe0,
    0xa, 0xff, 0x30, 0xff, 0xeb, 0xff, 0xff, 0xff,
    0xfe, 0x0, 0xaf, 0xf3, 0xf, 0xfe, 0xbf, 0xf2,
    0x0, 0x0, 0x0, 0xa, 0xff, 0x30, 0xff, 0xeb,
    0xff, 0x20, 0x0, 0x0, 0x0, 0xaf, 0xf3, 0xf,
    0xfe, 0xbf, 0xf4, 0x22, 0x20, 0x0, 0xa, 0xff,
    0x30, 0xff, 0xeb, 0xff, 0xff, 0xff, 0x10, 0x0,
    0xaf, 0xf3, 0xf, 0xfe, 0xbf, 0xff, 0xff, 0xf1,
    0xaf, 0xff, 0xff, 0x30, 0xff, 0xeb, 0xff, 0x53,
    0x33, 0xb, 0xff, 0xff, 0xf3, 0xf, 0xfe, 0xbf,
    0xf2, 0x0, 0x0, 0x58, 0x8d, 0xff, 0x30, 0xff,
    0xeb, 0xff, 0x20, 0x0, 0x0, 0x0, 0xaf, 0xf3,
    0xf, 0xfe, 0xbf, 0xf2, 0x0, 0x0, 0x0, 0xa,
    0xff, 0x30, 0xff, 0xeb, 0xff, 0x75, 0x66, 0x78,
    0x60, 0xaf, 0xf3, 0xf, 0xfe, 0xbf, 0xff, 0xff,
    0xff, 0xfb, 0xa, 0xff, 0x30, 0xff, 0xeb, 0xff,
    0xff, 0xff, 0xed, 0xa0, 0xaf, 0xf3, 0xf, 0xfe,
    0x1, 0x0, 0x0, 0x0, 0x0, 0xa, 0xff, 0x30,
    0xff, 0xe0, 0x0, 0x0, 0x0, 0x0, 0x0, 0xaf,
    0xf3, 0xf, 0xfe, 0x0, 0x0, 0x0, 0x0, 0x0,
    0xa, 0xff, 0x30, 0xff, 0xe0, 0x0, 0x0, 0x0,
    0x0, 0x0, 0xaf, 0xf3, 0xf, 0xfe, 0x0, 0x0,
    0x0, 0x0, 0x0, 0xa, 0xff, 0x30, 0xff, 0xe0,
    0x0, 0x0, 0x0, 0x0, 0x0, 0xaf, 0xf3, 0xf,
    0xfe, 0x0, 0x0, 0x0, 0x0, 0x0, 0x0, 0x0,
    0x0, 0x99, 0x80,

    /* U+D150 "텐" */
    0x0, 0x0, 0x0, 0x0, 0x0, 0x3, 0xff, 0xa0,
    0xff, 0xf0, 0xcf, 0xff, 0xff, 0xff, 0xf0, 0x3,
    0xff, 0xa0, 0xff, 0xf0, 0xcf, 0xff, 0xff, 0xff,
    0xf0, 0x3, 0xff, 0xa0, 0xff, 0xf0, 0xcf, 0xf8,
    0x88, 0x88, 0x80, 0x3, 0xff, 0xa0, 0xff, 0xf0,
    0xcf, 0xf1, 0x0, 0x0, 0x0, 0x3, 0xff, 0xa0,
    0xff, 0xf0, 0xcf, 0xf7, 0x66, 0x60, 0x15, 0x57,
    0xff, 0xa0, 0xff, 0xf0, 0xcf, 0xff, 0xff, 0xf1,
    0x3f, 0xff, 0xff, 0xa0, 0xff, 0xf0, 0xcf, 0xfe,
    0xee, 0xe1, 0x3f, 0xff, 0xff, 0xa0, 0xff, 0xf0,
    0xcf, 0xf1, 0x0, 0x0, 0x0, 0x4, 0xff, 0xa0,
    0xff, 0xf0, 0xcf, 0xf2, 0x12, 0x23, 0x42, 0x3,
    0xff, 0xa0, 0xff, 0xf0, 0xcf, 0xff, 0xff, 0xff,
    0xfa, 0x3, 0xff, 0xa0, 0xff, 0xf0, 0xcf, 0xff,
    0xff, 0xff, 0xfb, 0x3, 0xff, 0xa0, 0xff, 0xf0,
    0x46, 0x55, 0x54, 0x43, 0x21, 0x3, 0xff, 0xa0,
    0xff, 0xf0, 0x0, 0x0, 0x0, 0x0, 0x0, 0x3,
    0xff, 0xa0, 0xff, 0xf0, 0x0, 0x0, 0x34, 0x40,
    0x0, 0x3, 0xff, 0xa0, 0xff, 0xf0, 0x0, 0x0,
    0xef, 0xf0, 0x0, 0x0, 0x0, 0x0, 0xff, 0xf0,
    0x0, 0x0, 0xef, 0xf0, 0x0, 0x0, 0x0, 0x0,
    0x33, 0x30, 0x0, 0x0, 0xef, 0xf0, 0x0, 0x0,
    0x0, 0x0, 0x0, 0x0, 0x0, 0x0, 0xef, 0xf0,
    0x0, 0x0, 0x0, 0x0, 0x0, 0x0, 0x0, 0x0,
    0xef, 0xf8, 0x88, 0x88, 0x88, 0x88, 0x88, 0x80,
    0x0, 0x0, 0xef, 0xff, 0xff, 0xff, 0xff, 0xff,
    0xff, 0xf1, 0x0, 0x0, 0xef, 0xff, 0xff, 0xff,
    0xff, 0xff, 0xff, 0xf1,

    /* U+D1B5 "통" */
    0x0, 0x2, 0xff, 0xff, 0xff, 0xff, 0xff, 0xff,
    0xff, 0x60, 0x0, 0x0, 0x2, 0xff, 0xff, 0xff,
    0xff, 0xff, 0xff, 0xff, 0x60, 0x0, 0x0, 0x2,
    0xff, 0xd5, 0x55, 0x55, 0x55, 0x55, 0x55, 0x20,
    0x0, 0x0, 0x2, 0xff, 0xd4, 0x44, 0x44, 0x44,
    0x44, 0x43, 0x0, 0x0, 0x0, 0x2, 0xff, 0xff,
    0xff, 0xff, 0xff, 0xff, 0xff, 0x0, 0x0, 0x0,
    0x2, 0xff, 0xff, 0xff, 0xff, 0xff, 0xff, 0xfe,
    0x0, 0x0, 0x0, 0x2, 0xff, 0xd3, 0x33, 0x33,
    0x33, 0x33, 0x33, 0x10, 0x0, 0x0, 0x2, 0xff,
    0xff, 0xff, 0xff, 0xff, 0xff, 0xff, 0x90, 0x0,
    0x0, 0x2, 0xff, 0xff, 0xff, 0xff, 0xff, 0xff,
    0xff, 0x90, 0x0, 0x0, 0x0, 0x22, 0x22, 0x27,
    0xff, 0x92, 0x22, 0x22, 0x10, 0x0, 0x16, 0x66,
    0x66, 0x66, 0x69, 0xff, 0xb6, 0x66, 0x66, 0x66,
    0x64, 0x4f, 0xff, 0xff, 0xff, 0xff, 0xff, 0xff,
    0xff, 0xff, 0xff, 0xfb, 0x4f, 0xff, 0xff, 0xff,
    0xff, 0xff, 0xff, 0xff, 0xff, 0xff, 0xfb, 0x1,
    0x11, 0x11, 0x11, 0x11, 0x11, 0x11, 0x11, 0x11,
    0x11, 0x11, 0x0, 0x0, 0x0, 0x5a, 0xce, 0xff,
    0xed, 0xa6, 0x10, 0x0, 0x0, 0x0, 0x0, 0x4e,
    0xff, 0xff, 0xff, 0xff, 0xff, 0xf6, 0x0, 0x0,
    0x0, 0x1, 0xff, 0xfd, 0x98, 0x77, 0x89, 0xcf,
    0xff, 0x40, 0x0, 0x0, 0x6, 0xff, 0xa0, 0x0,
    0x0, 0x0, 0x7, 0xff, 0xa0, 0x0, 0x0, 0x6,
    0xff, 0xa0, 0x0, 0x0, 0x0, 0x8, 0xff, 0xa0,
    0x0, 0x0, 0x1, 0xff, 0xfd, 0x97, 0x66, 0x79,
    0xcf, 0xff, 0x40, 0x0, 0x0, 0x0, 0x4e, 0xff,
    0xff, 0xff, 0xff, 0xff, 0xf6, 0x0, 0x0, 0x0,
    0x0, 0x0, 0x6a, 0xde, 0xff, 0xfd, 0xb7, 0x10,
    0x0, 0x0,

    /* U+D22C "투" */
    0x0, 0x2, 0xff, 0xff, 0xff, 0xff, 0xff, 0xff,
    0xff, 0x50, 0x0, 0x0, 0x2, 0xff, 0xff, 0xff,
    0xff, 0xff, 0xff, 0xff, 0x50, 0x0, 0x0, 0x2,
    0xff, 0xe7, 0x77, 0x77, 0x77, 0x77, 0x77, 0x20,
    0x0, 0x0, 0x2, 0xff, 0xc0, 0x0, 0x0, 0x0,
    0x0, 0x0, 0x0, 0x0, 0x0, 0x2, 0xff, 0xff,
    0xff, 0xff, 0xff, 0xff, 0xfb, 0x0, 0x0, 0x0,
    0x2, 0xff, 0xff, 0xff, 0xff, 0xff, 0xff, 0xfc,
    0x0, 0x0, 0x0, 0x2, 0xff, 0xe7, 0x77, 0x77,
    0x77, 0x77, 0x75, 0x0, 0x0, 0x0, 0x2, 0xff,
    0xc1, 0x11, 0x11, 0x11, 0x11, 0x11, 0x0, 0x0,
    0x0, 0x2, 0xff, 0xff, 0xff, 0xff, 0xff, 0xff,
    0xff, 0xa0, 0x0, 0x0, 0x2, 0xff, 0xff, 0xff,
    0xff, 0xff, 0xff, 0xff, 0xa0, 0x0, 0x0, 0x0,
    0x66, 0x66, 0x66, 0x66, 0x66, 0x66, 0x66, 0x30,
    0x0, 0x0, 0x0, 0x0, 0x0, 0x0, 0x0, 0x0,
    0x0, 0x0, 0x0, 0x0, 0x4f, 0xff, 0xff, 0xff,
    0xff, 0xff, 0xff, 0xff, 0xff, 0xff, 0xfa, 0x4f,
    0xff, 0xff, 0xff, 0xff, 0xff, 0xff, 0xff, 0xff,
    0xff, 0xfb, 0x28, 0x88, 0x88, 0x88, 0x8b, 0xff,
    0xc8, 0x88, 0x88, 0x88, 0x85, 0x0, 0x0, 0x0,
    0x0, 0x6, 0xff, 0x80, 0x0, 0x0, 0x0, 0x0,
    0x0, 0x0, 0x0, 0x0, 0x6, 0xff, 0x80, 0x0,
    0x0, 0x0, 0x0, 0x0, 0x0, 0x0, 0x0, 0x6,
    0xff, 0x80, 0x0, 0x0, 0x0, 0x0, 0x0, 0x0,
    0x0, 0x0, 0x6, 0xff, 0x80, 0x0, 0x0, 0x0,
    0x0, 0x0, 0x0, 0x0, 0x0, 0x6, 0xff, 0x80,
    0x0, 0x0, 0x0, 0x0, 0x0, 0x0, 0x0, 0x0,
    0x6, 0xff, 0x80, 0x0, 0x0, 0x0, 0x0, 0x0,
    0x0, 0x0, 0x0, 0x6, 0xff, 0x80, 0x0, 0x0,
    0x0, 0x0, 0x0, 0x0, 0x0, 0x0, 0x0, 0x0,
    0x0, 0x0, 0x0, 0x0, 0x0,

    /* U+D2B8 "트" */
    0x0, 0x1, 0x77, 0x77, 0x77, 0x77, 0x77, 0x77,
    0x77, 0x30, 0x0, 0x0, 0x3, 0xff, 0xff, 0xff,
    0xff, 0xff, 0xff, 0xff, 0x70, 0x0, 0x0, 0x3,
    0xff, 0xff, 0xff, 0xff, 0xff, 0xff, 0xff, 0x70,
    0x0, 0x0, 0x3, 0xff, 0xb0, 0x0, 0x0, 0x0,
    0x0, 0x0, 0x0, 0x0, 0x0, 0x3, 0xff, 0xb0,
    0x0, 0x0, 0x0, 0x0, 0x0, 0x0, 0x0, 0x0,
    0x3, 0xff, 0xff, 0xff, 0xff, 0xff, 0xff, 0xfd,
    0x0, 0x0, 0x0, 0x3, 0xff, 0xff, 0xff, 0xff,
    0xff, 0xff, 0xfd, 0x0, 0x0, 0x0, 0x3, 0xff,
    0xd6, 0x66, 0x66, 0x66, 0x66, 0x65, 0x0, 0x0,
    0x0, 0x3, 0xff, 0xb0, 0x0, 0x0, 0x0, 0x0,
    0x0, 0x0, 0x0, 0x0, 0x3, 0xff, 0xd7, 0x77,
    0x77, 0x77, 0x77, 0x77, 0x60, 0x0, 0x0, 0x3,
    0xff, 0xff, 0xff, 0xff, 0xff, 0xff, 0xff, 0xd0,
    0x0, 0x0, 0x3, 0xff, 0xff, 0xff, 0xff, 0xff,
    0xff, 0xff, 0xd0, 0x0, 0x0, 0x0, 0x0, 0x0,
    0x0, 0x0, 0x0, 0x0, 0x0, 0x0, 0x0, 0x0,
    0x0, 0x0, 0x0, 0x0, 0x0, 0x0, 0x0, 0x0,
    0x0, 0x0, 0x0, 0x0, 0x0, 0x0, 0x0, 0x0,
    0x0, 0x0, 0x0, 0x0, 0x0, 0x15, 0x55, 0x55,
    0x55, 0x55, 0x55, 0x55, 0x55, 0x55, 0x55, 0x54,
    0x4f, 0xff, 0xff, 0xff, 0xff, 0xff, 0xff, 0xff,
    0xff, 0xff, 0xfb, 0x4f, 0xff, 0xff, 0xff, 0xff,
    0xff, 0xff, 0xff, 0xff, 0xff, 0xfb, 0x1, 0x11,
    0x11, 0x11, 0x11, 0x11, 0x11, 0x11, 0x11, 0x11,
    0x10,

    /* U+D2BC "튼" */
    0x0, 0x2, 0xff, 0xff, 0xff, 0xff, 0xff, 0xff,
    0xff, 0x60, 0x0, 0x0, 0x2, 0xff, 0xff, 0xff,
    0xff, 0xff, 0xff, 0xff, 0x60, 0x0, 0x0, 0x2,
    0xff, 0xe6, 0x66, 0x66, 0x66, 0x66, 0x66, 0x20,
    0x0, 0x0, 0x2, 0xff, 0xd1, 0x11, 0x11, 0x11,
    0x11, 0x11, 0x0, 0x0, 0x0, 0x2, 0xff, 0xff,
    0xff, 0xff, 0xff, 0xff, 0xff, 0x0, 0x0, 0x0,
    0x2, 0xff, 0xff, 0xff, 0xff, 0xff, 0xff, 0xff,
    0x0, 0x0, 0x0, 0x2, 0xff, 0xd2, 0x22, 0x22,
    0x22, 0x22, 0x21, 0x0, 0x0, 0x0, 0x2, 0xff,
    0xe7, 0x77, 0x77, 0x77, 0x77, 0x77, 0x40, 0x0,
    0x0, 0x2, 0xff, 0xff, 0xff, 0xff, 0xff, 0xff,
    0xff, 0x90, 0x0, 0x0, 0x2, 0xff, 0xff, 0xff,
    0xff, 0xff, 0xff, 0xff, 0x90, 0x0, 0x0, 0x0,
    0x0, 0x0, 0x0, 0x0, 0x0, 0x0, 0x0, 0x0,
    0x0, 0x28, 0x88, 0x88, 0x88, 0x88, 0x88, 0x88,
    0x88, 0x88, 0x88, 0x86, 0x4f, 0xff, 0xff, 0xff,
    0xff, 0xff, 0xff, 0xff, 0xff, 0xff, 0xfb, 0x4f,
    0xff, 0xff, 0xff, 0xff, 0xff, 0xff, 0xff, 0xff,
    0xff, 0xfa, 0x0, 0x0, 0x0, 0x0, 0x0, 0x0,
    0x0, 0x0, 0x0, 0x0, 0x0, 0x0, 0x0, 0x33,
    0x20, 0x0, 0x0, 0x0, 0x0, 0x0, 0x0, 0x0,
    0x0, 0x3, 0xff, 0xa0, 0x0, 0x0, 0x0, 0x0,
    0x0, 0x0, 0x0, 0x0, 0x3, 0xff, 0xa0, 0x0,
    0x0, 0x0, 0x0, 0x0, 0x0, 0x0, 0x0, 0x3,
    0xff, 0xa0, 0x0, 0x0, 0x0, 0x0, 0x0, 0x0,
    0x0, 0x0, 0x3, 0xff, 0xd7, 0x77, 0x77, 0x77,
    0x77, 0x77, 0x50, 0x0, 0x0, 0x3, 0xff, 0xff,
    0xff, 0xff, 0xff, 0xff, 0xff, 0xb0, 0x0, 0x0,
    0x3, 0xff, 0xff, 0xff, 0xff, 0xff, 0xff, 0xff,
    0xb0, 0x0,

    /* U+D305 "팅" */
    0x0, 0x0, 0x0, 0x0, 0x0, 0x0, 0x0, 0x2f,
    0xfb, 0xf, 0xff, 0xff, 0xff, 0xff, 0xff, 0x20,
    0x2, 0xff, 0xb0, 0xff, 0xff, 0xff, 0xff, 0xff,
    0xf2, 0x0, 0x2f, 0xfb, 0xf, 0xff, 0x77, 0x77,
    0x77, 0x77, 0x10, 0x2, 0xff, 0xb0, 0xff, 0xe0,
    0x0, 0x0, 0x0, 0x0, 0x0, 0x2f, 0xfb, 0xf,
    0xff, 0xff, 0xff, 0xff, 0xf3, 0x0, 0x2, 0xff,
    0xb0, 0xff, 0xff, 0xff, 0xff, 0xff, 0x40, 0x0,
    0x2f, 0xfb, 0xf, 0xff, 0x66, 0x66, 0x66, 0x61,
    0x0, 0x2, 0xff, 0xb0, 0xff, 0xe0, 0x0, 0x0,
    0x0, 0x0, 0x0, 0x2f, 0xfb, 0xf, 0xff, 0x66,
    0x66, 0x67, 0x88, 0x70, 0x2, 0xff, 0xb0, 0xff,
    0xff, 0xff, 0xff, 0xff, 0xfc, 0x0, 0x2f, 0xfb,
    0xf, 0xff, 0xff, 0xff, 0xff, 0xff, 0xd0, 0x2,
    0xff, 0xb0, 0x44, 0x44, 0x43, 0x34, 0x67, 0x75,
    0x41, 0x1c, 0xc9, 0x0, 0x0, 0x0, 0x5c, 0xff,
    0xff, 0xff, 0xfc, 0x60, 0x0, 0x0, 0x0, 0xaf,
    0xff, 0xff, 0xff, 0xff, 0xff, 0xb0, 0x0, 0x0,
    0x8f, 0xff, 0x73, 0x10, 0x13, 0x7e, 0xff, 0x90,
    0x0, 0xe, 0xff, 0x30, 0x0, 0x0, 0x0, 0x2f,
    0xff, 0x0, 0x0, 0xff, 0xf0, 0x0, 0x0, 0x0,
    0x0, 0xef, 0xf1, 0x0, 0xc, 0xff, 0x80, 0x0,
    0x0, 0x0, 0x7f, 0xfe, 0x0, 0x0, 0x4f, 0xff,
    0xd9, 0x76, 0x79, 0xdf, 0xff, 0x50, 0x0, 0x0,
    0x5e, 0xff, 0xff, 0xff, 0xff, 0xfe, 0x50, 0x0,
    0x0, 0x0, 0x6, 0xbd, 0xff, 0xfd, 0xb6, 0x10,
    0x0,

    /* U+D30C "파" */
    0x0, 0x0, 0x0, 0x0, 0x0, 0x0, 0x0, 0x1,
    0xff, 0xe0, 0x0, 0x0, 0x77, 0x77, 0x77, 0x77,
    0x77, 0x77, 0x72, 0x1f, 0xfe, 0x0, 0x0, 0xe,
    0xff, 0xff, 0xff, 0xff, 0xff, 0xff, 0x41, 0xff,
    0xe0, 0x0, 0x0, 0xef, 0xff, 0xff, 0xff, 0xff,
    0xff, 0xf4, 0x1f, 0xfe, 0x0, 0x0, 0x0, 0x0,
    0x0, 0x0, 0x0, 0x0, 0x0, 0x1, 0xff, 0xe0,
    0x0, 0x0, 0x0, 0x79, 0x90, 0x0, 0x69, 0x92,
    0x0, 0x1f, 0xfe, 0x0, 0x0, 0x0, 0xc, 0xff,
    0x0, 0xa, 0xff, 0x30, 0x1, 0xff, 0xe0, 0x0,
    0x0, 0x0, 0xcf, 0xf1, 0x0, 0xaf, 0xf2, 0x0,
    0x1f, 0xfe, 0x0, 0x0, 0x0, 0xb, 0xff, 0x10,
    0xb, 0xff, 0x10, 0x1, 0xff, 0xf8, 0x88, 0x30,
    0x0, 0xbf, 0xf1, 0x0, 0xbf, 0xf1, 0x0, 0x1f,
    0xff, 0xff, 0xf6, 0x0, 0xa, 0xff, 0x10, 0xb,
    0xff, 0x0, 0x1, 0xff, 0xff, 0xff, 0x50, 0x0,
    0xaf, 0xf2, 0x0, 0xbf, 0xf0, 0x0, 0x1f, 0xfe,
    0x0, 0x0, 0x0, 0x9, 0xff, 0x20, 0xc, 0xff,
    0x0, 0x1, 0xff, 0xe0, 0x0, 0x1, 0x22, 0xaf,
    0xf4, 0x22, 0xcf, 0xe2, 0x24, 0x1f, 0xfe, 0x0,
    0x0, 0xbf, 0xff, 0xff, 0xff, 0xff, 0xff, 0xff,
    0xf2, 0xff, 0xe0, 0x0, 0xb, 0xff, 0xff, 0xff,
    0xff, 0xff, 0xff, 0xff, 0x4f, 0xfe, 0x0, 0x0,
    0x35, 0x55, 0x55, 0x55, 0x55, 0x55, 0x43, 0x11,
    0xff, 0xe0, 0x0, 0x0, 0x0, 0x0, 0x0, 0x0,
    0x0, 0x0, 0x0, 0x1f, 0xfe, 0x0, 0x0, 0x0,
    0x0, 0x0, 0x0, 0x0, 0x0, 0x0, 0x1, 0xff,
    0xe0, 0x0, 0x0, 0x0, 0x0, 0x0, 0x0, 0x0,
    0x0, 0x0, 0x1f, 0xfe, 0x0, 0x0, 0x0, 0x0,
    0x0, 0x0, 0x0, 0x0, 0x0, 0x1, 0xff, 0xe0,
    0x0, 0x0, 0x0, 0x0, 0x0, 0x0, 0x0, 0x0,
    0x0, 0x1f, 0xfe, 0x0, 0x0, 0x0, 0x0, 0x0,
    0x0, 0x0, 0x0, 0x0, 0x0, 0x99, 0x80, 0x0,
    0x0,

    /* U+D328 "패" */
    0x0, 0x0, 0x0, 0x0, 0x0, 0x0, 0xc, 0xff,
    0x1c, 0xff, 0x30, 0x56, 0x66, 0x66, 0x66, 0x66,
    0x60, 0xcf, 0xf1, 0xcf, 0xf3, 0xd, 0xff, 0xff,
    0xff, 0xff, 0xff, 0x2c, 0xff, 0x1c, 0xff, 0x30,
    0xcf, 0xff, 0xff, 0xff, 0xff, 0xf2, 0xcf, 0xf1,
    0xcf, 0xf3, 0x0, 0x1, 0x10, 0x0, 0x11, 0x0,
    0xc, 0xff, 0x1c, 0xff, 0x30, 0x3, 0xff, 0x90,
    0xf, 0xfb, 0x0, 0xcf, 0xf1, 0xcf, 0xf3, 0x0,
    0x3f, 0xf9, 0x1, 0xff, 0xb0, 0xc, 0xff, 0x1c,
    0xff, 0x30, 0x2, 0xff, 0xa0, 0x1f, 0xfa, 0x0,
    0xcf, 0xf1, 0xcf, 0xf3, 0x0, 0x2f, 0xfa, 0x1,
    0xff, 0xa0, 0xc, 0xff, 0x6d, 0xff, 0x30, 0x1,
    0xff, 0xa0, 0x2f, 0xf9, 0x0, 0xcf, 0xff, 0xff,
    0xf3, 0x0, 0xf, 0xfa, 0x2, 0xff, 0x80, 0xc,
    0xff, 0xff, 0xff, 0x30, 0x0, 0xff, 0xb0, 0x2f,
    0xf8, 0x0, 0xcf, 0xf3, 0xcf, 0xf3, 0x0, 0xf,
    0xfb, 0x2, 0xff, 0x70, 0xc, 0xff, 0x1c, 0xff,
    0x32, 0x77, 0xff, 0xd7, 0x8f, 0xfb, 0x94, 0xcf,
    0xf1, 0xcf, 0xf3, 0x6f, 0xff, 0xff, 0xff, 0xff,
    0xff, 0x8c, 0xff, 0x1c, 0xff, 0x36, 0xff, 0xff,
    0xff, 0xff, 0xfe, 0xd7, 0xcf, 0xf1, 0xcf, 0xf3,
    0x0, 0x0, 0x0, 0x0, 0x0, 0x0, 0xc, 0xff,
    0x1c, 0xff, 0x30, 0x0, 0x0, 0x0, 0x0, 0x0,
    0x0, 0xcf, 0xf1, 0xcf, 0xf3, 0x0, 0x0, 0x0,
    0x0, 0x0, 0x0, 0xc, 0xff, 0x1c, 0xff, 0x30,
    0x0, 0x0, 0x0, 0x0, 0x0, 0x0, 0xcf, 0xf1,
    0xcf, 0xf3, 0x0, 0x0, 0x0, 0x0, 0x0, 0x0,
    0xc, 0xff, 0x1c, 0xff, 0x30, 0x0, 0x0, 0x0,
    0x0, 0x0, 0x0, 0xcf, 0xf1, 0xcf, 0xf3, 0x0,
    0x0, 0x0, 0x0, 0x0, 0x0, 0x0, 0x0, 0x7,
    0x99, 0x10,

    /* U+D37C "퍼" */
    0x0, 0x0, 0x0, 0x0, 0x0, 0x0, 0x0, 0x0,
    0x1f, 0xfd, 0x6, 0x77, 0x77, 0x77, 0x77, 0x77,
    0x77, 0x10, 0x1f, 0xfd, 0xd, 0xff, 0xff, 0xff,
    0xff, 0xff, 0xff, 0x30, 0x1f, 0xfd, 0xd, 0xff,
    0xff, 0xff, 0xff, 0xff, 0xff, 0x30, 0x1f, 0xfd,
    0x0, 0x0, 0x0, 0x0, 0x0, 0x0, 0x0, 0x0,
    0x1f, 0xfd, 0x0, 0x7, 0x99, 0x10, 0x5, 0x99,
    0x20, 0x0, 0x1f, 0xfd, 0x0, 0xb, 0xff, 0x30,
    0xa, 0xff, 0x40, 0x0, 0x1f, 0xfd, 0x0, 0xa,
    0xff, 0x30, 0xa, 0xff, 0x33, 0x55, 0x5f, 0xfd,
    0x0, 0xa, 0xff, 0x30, 0xa, 0xff, 0x29, 0xff,
    0xff, 0xfd, 0x0, 0x9, 0xff, 0x30, 0xa, 0xff,
    0x29, 0xff, 0xff, 0xfd, 0x0, 0x9, 0xff, 0x40,
    0xb, 0xff, 0x11, 0x22, 0x3f, 0xfd, 0x0, 0x8,
    0xff, 0x40, 0xb, 0xff, 0x0, 0x0, 0x1f, 0xfd,
    0x0, 0x8, 0xff, 0x40, 0xb, 0xff, 0x0, 0x0,
    0x1f, 0xfd, 0x12, 0x28, 0xff, 0x62, 0x2c, 0xff,
    0x23, 0x40, 0x1f, 0xfd, 0x9f, 0xff, 0xff, 0xff,
    0xff, 0xff, 0xff, 0xf0, 0x1f, 0xfd, 0x9f, 0xff,
    0xff, 0xff, 0xff, 0xff, 0xff, 0xf2, 0x1f, 0xfd,
    0x35, 0x55, 0x55, 0x55, 0x55, 0x55, 0x43, 0x10,
    0x1f, 0xfd, 0x0, 0x0, 0x0, 0x0, 0x0, 0x0,
    0x0, 0x0, 0x1f, 0xfd, 0x0, 0x0, 0x0, 0x0,
    0x0, 0x0, 0x0, 0x0, 0x1f, 0xfd, 0x0, 0x0,
    0x0, 0x0, 0x0, 0x0, 0x0, 0x0, 0x1f, 0xfd,
    0x0, 0x0, 0x0, 0x0, 0x0, 0x0, 0x0, 0x0,
    0x1f, 0xfd, 0x0, 0x0, 0x0, 0x0, 0x0, 0x0,
    0x0, 0x0, 0x1f, 0xfd, 0x0, 0x0, 0x0, 0x0,
    0x0, 0x0, 0x0, 0x0, 0x9, 0x97,

    /* U+D3B8 "편" */
    0x0, 0x0, 0x0, 0x0, 0x0, 0x0, 0x0, 0x0,
    0x1f, 0xfd, 0x0, 0xef, 0xff, 0xff, 0xff, 0xff,
    0xff, 0x70, 0x1, 0xff, 0xd0, 0xe, 0xff, 0xff,
    0xff, 0xff, 0xff, 0xf7, 0x0, 0x1f, 0xfd, 0x0,
    0x56, 0x88, 0x86, 0x66, 0x88, 0x76, 0x55, 0x55,
    0xff, 0xd0, 0x0, 0xe, 0xff, 0x0, 0x3f, 0xfa,
    0x8, 0xff, 0xff, 0xfd, 0x0, 0x0, 0xdf, 0xf0,
    0x4, 0xff, 0x90, 0x7f, 0xff, 0xff, 0xd0, 0x0,
    0xd, 0xff, 0x10, 0x4f, 0xf9, 0x0, 0x0, 0x1f,
    0xfd, 0x0, 0x0, 0xcf, 0xf1, 0x5, 0xff, 0x80,
    0x7e, 0xee, 0xff, 0xd0, 0x0, 0xb, 0xff, 0x10,
    0x5f, 0xf7, 0x8, 0xff, 0xff, 0xfd, 0x0, 0x0,
    0xbf, 0xf2, 0x5, 0xff, 0x70, 0x24, 0x34, 0xff,
    0xd0, 0x3f, 0xff, 0xff, 0xff, 0xff, 0xff, 0xff,
    0x80, 0x1f, 0xfd, 0x4, 0xff, 0xff, 0xff, 0xff,
    0xff, 0xff, 0xf9, 0x1, 0xff, 0xd0, 0x17, 0x77,
    0x77, 0x77, 0x77, 0x77, 0x65, 0x20, 0x1f, 0xfd,
    0x0, 0x0, 0x0, 0x0, 0x0, 0x0, 0x0, 0x0,
    0x1, 0xff, 0xd0, 0x0, 0x0, 0x3, 0x33, 0x0,
    0x0, 0x0, 0x0, 0x1f, 0xfd, 0x0, 0x0, 0x0,
    0xef, 0xf1, 0x0, 0x0, 0x0, 0x1, 0xff, 0xd0,
    0x0, 0x0, 0xe, 0xff, 0x10, 0x0, 0x0, 0x0,
    0x5, 0x54, 0x0, 0x0, 0x0, 0xef, 0xf1, 0x0,
    0x0, 0x0, 0x0, 0x0, 0x0, 0x0, 0x0, 0xe,
    0xff, 0x10, 0x0, 0x0, 0x0, 0x0, 0x0, 0x0,
    0x0, 0x0, 0xef, 0xf8, 0x77, 0x77, 0x77, 0x77,
    0x77, 0x72, 0x0, 0x0, 0xe, 0xff, 0xff, 0xff,
    0xff, 0xff, 0xff, 0xff, 0x40, 0x0, 0x0, 0xef,
    0xff, 0xff, 0xff, 0xff, 0xff, 0xff, 0xf4,

    /* U+D3C9 "평" */
    0x0, 0x0, 0x0, 0x0, 0x0, 0x0, 0x0, 0x0,
    0xf, 0xfe, 0x0, 0x9f, 0xff, 0xff, 0xff, 0xff,
    0xff, 0xe0, 0x0, 0xff, 0xe0, 0x9, 0xff, 0xff,
    0xff, 0xff, 0xff, 0xfe, 0x0, 0xf, 0xfe, 0x0,
    0x36, 0x66, 0x66, 0x66, 0x66, 0x66, 0x65, 0x55,
    0xff, 0xe0, 0x0, 0xa, 0xff, 0x30, 0xe, 0xff,
    0x3, 0xff, 0xff, 0xfe, 0x0, 0x0, 0x9f, 0xf4,
    0x0, 0xef, 0xe0, 0x3d, 0xdd, 0xff, 0xe0, 0x0,
    0x8, 0xff, 0x40, 0xe, 0xfe, 0x0, 0x22, 0x2f,
    0xfe, 0x0, 0x0, 0x8f, 0xf5, 0x0, 0xff, 0xd0,
    0x3f, 0xff, 0xff, 0xe0, 0x0, 0x7, 0xff, 0x50,
    0xf, 0xfc, 0x3, 0xff, 0xff, 0xfe, 0x0, 0x11,
    0x7f, 0xf6, 0x11, 0xff, 0xc2, 0x34, 0x0, 0xff,
    0xe0, 0x2f, 0xff, 0xff, 0xff, 0xff, 0xff, 0xff,
    0xf0, 0xf, 0xfe, 0x2, 0xff, 0xff, 0xff, 0xff,
    0xff, 0xff, 0xff, 0x0, 0xff, 0xe0, 0x19, 0x99,
    0x99, 0x99, 0x99, 0x99, 0x87, 0x50, 0xf, 0xfe,
    0x0, 0x0, 0x0, 0x0, 0x17, 0xbe, 0xff, 0xfe,
    0xc9, 0x84, 0x40, 0x0, 0x0, 0x0, 0x6f, 0xff,
    0xff, 0xff, 0xff, 0xff, 0xb1, 0x0, 0x0, 0x0,
    0x5f, 0xff, 0xc8, 0x66, 0x67, 0xaf, 0xff, 0xc0,
    0x0, 0x0, 0xc, 0xff, 0x70, 0x0, 0x0, 0x0,
    0x1e, 0xff, 0x40, 0x0, 0x0, 0xff, 0xf0, 0x0,
    0x0, 0x0, 0x0, 0x9f, 0xf6, 0x0, 0x0, 0xd,
    0xff, 0x50, 0x0, 0x0, 0x0, 0xd, 0xff, 0x40,
    0x0, 0x0, 0x7f, 0xff, 0xb7, 0x54, 0x45, 0x8e,
    0xff, 0xd0, 0x0, 0x0, 0x0, 0x9f, 0xff, 0xff,
    0xff, 0xff, 0xff, 0xd2, 0x0, 0x0, 0x0, 0x0,
    0x39, 0xdf, 0xff, 0xff, 0xeb, 0x50, 0x0, 0x0,
    0x0, 0x0, 0x0, 0x0, 0x1, 0x21, 0x0, 0x0,
    0x0, 0x0,

    /* U+D3EC "포" */
    0x0, 0x17, 0x77, 0x77, 0x77, 0x77, 0x77, 0x77,
    0x77, 0x74, 0x0, 0x0, 0x3f, 0xff, 0xff, 0xff,
    0xff, 0xff, 0xff, 0xff, 0xfa, 0x0, 0x0, 0x2f,
    0xff, 0xff, 0xff, 0xff, 0xff, 0xff, 0xff, 0xf9,
    0x0, 0x0, 0x0, 0x1, 0x33, 0x10, 0x0, 0x0,
    0x33, 0x20, 0x0, 0x0, 0x0, 0x0, 0x5, 0xff,
    0x80, 0x0, 0x2, 0xff, 0xc0, 0x0, 0x0, 0x0,
    0x0, 0x5, 0xff, 0x90, 0x0, 0x2, 0xff, 0xb0,
    0x0, 0x0, 0x0, 0x0, 0x4, 0xff, 0xa0, 0x0,
    0x3, 0xff, 0xa0, 0x0, 0x0, 0x0, 0x0, 0x3,
    0xff, 0xa0, 0x0, 0x4, 0xff, 0x90, 0x0, 0x0,
    0x0, 0x0, 0x2, 0xff, 0xb0, 0x0, 0x4, 0xff,
    0x80, 0x0, 0x0, 0x0, 0x5f, 0xff, 0xff, 0xff,
    0xff, 0xff, 0xff, 0xff, 0xfb, 0x0, 0x0, 0x5f,
    0xff, 0xff, 0xff, 0xff, 0xff, 0xff, 0xff, 0xfc,
    0x0, 0x0, 0x27, 0x77, 0x77, 0x79, 0xff, 0xd7,
    0x77, 0x77, 0x76, 0x0, 0x0, 0x0, 0x0, 0x0,
    0x4, 0xff, 0xb0, 0x0, 0x0, 0x0, 0x0, 0x0,
    0x0, 0x0, 0x0, 0x4, 0xff, 0xb0, 0x0, 0x0,
    0x0, 0x0, 0x0, 0x0, 0x0, 0x0, 0x4, 0xff,
    0xb0, 0x0, 0x0, 0x0, 0x0, 0x16, 0x66, 0x66,
    0x66, 0x69, 0xff, 0xd6, 0x66, 0x66, 0x66, 0x64,
    0x4f, 0xff, 0xff, 0xff, 0xff, 0xff, 0xff, 0xff,
    0xff, 0xff, 0xfb, 0x4f, 0xff, 0xff, 0xff, 0xff,
    0xff, 0xff, 0xff, 0xff, 0xff, 0xfb, 0x0, 0x0,
    0x0, 0x0, 0x0, 0x0, 0x0, 0x0, 0x0, 0x0,
    0x0,

    /* U+D3ED "폭" */
    0x0, 0xf, 0xff, 0xff, 0xff, 0xff, 0xff, 0xff,
    0xff, 0xf4, 0x0, 0x0, 0xf, 0xff, 0xff, 0xff,
    0xff, 0xff, 0xff, 0xff, 0xf4, 0x0, 0x0, 0x7,
    0x78, 0x88, 0x87, 0x77, 0x77, 0x88, 0x87, 0x71,
    0x0, 0x0, 0x0, 0x6, 0xff, 0x80, 0x0, 0x5,
    0xff, 0x90, 0x0, 0x0, 0x0, 0x0, 0x5, 0xff,
    0x90, 0x0, 0x6, 0xff, 0x80, 0x0, 0x0, 0x0,
    0x0, 0x4, 0xff, 0xa0, 0x0, 0x7, 0xff, 0x70,
    0x0, 0x0, 0x0, 0x4f, 0xff, 0xff, 0xff, 0xff,
    0xff, 0xff, 0xff, 0xf7, 0x0, 0x0, 0x5f, 0xff,
    0xff, 0xff, 0xff, 0xff, 0xff, 0xff, 0xf8, 0x0,
    0x0, 0x28, 0x88, 0x88, 0x8b, 0xff, 0xc8, 0x88,
    0x88, 0x84, 0x0, 0x0, 0x0, 0x0, 0x0, 0x6,
    0xff, 0x90, 0x0, 0x0, 0x0, 0x0, 0x28, 0x88,
    0x88, 0x88, 0x8b, 0xff, 0xc8, 0x88, 0x88, 0x88,
    0x85, 0x4f, 0xff, 0xff, 0xff, 0xff, 0xff, 0xff,
    0xff, 0xff, 0xff, 0xfb, 0x4f, 0xff, 0xff, 0xff,
    0xff, 0xff, 0xff, 0xff, 0xff, 0xff, 0xfa, 0x0,
    0x0, 0x0, 0x0, 0x0, 0x0, 0x0, 0x0, 0x0,
    0x0, 0x0, 0x0, 0x5, 0x88, 0x88, 0x88, 0x88,
    0x88, 0x88, 0x88, 0x40, 0x0, 0x0, 0xb, 0xff,
    0xff, 0xff, 0xff, 0xff, 0xff, 0xff, 0x90, 0x0,
    0x0, 0xa, 0xff, 0xff, 0xff, 0xff, 0xff, 0xff,
    0xff, 0x90, 0x0, 0x0, 0x0, 0x0, 0x0, 0x0,
    0x0, 0x0, 0x6, 0xff, 0x90, 0x0, 0x0, 0x0,
    0x0, 0x0, 0x0, 0x0, 0x0, 0x6, 0xff, 0x90,
    0x0, 0x0, 0x0, 0x0, 0x0, 0x0, 0x0, 0x0,
    0x6, 0xff, 0x90, 0x0, 0x0, 0x0, 0x0, 0x0,
    0x0, 0x0, 0x0, 0x6, 0xff, 0x90, 0x0, 0x0,
    0x0, 0x0, 0x0, 0x0, 0x0, 0x0, 0x6, 0xff,
    0x90, 0x0, 0x0, 0x0, 0x0, 0x0, 0x0, 0x0,
    0x0, 0x1, 0x44, 0x20, 0x0,

    /* U+D3F0 "폰" */
    0x0, 0xe, 0xff, 0xff, 0xff, 0xff, 0xff, 0xff,
    0xff, 0xf1, 0x0, 0x0, 0xe, 0xff, 0xff, 0xff,
    0xff, 0xff, 0xff, 0xff, 0xf1, 0x0, 0x0, 0x6,
    0x7a, 0xff, 0xc7, 0x77, 0x7a, 0xff, 0xb7, 0x70,
    0x0, 0x0, 0x0, 0x4, 0xff, 0x90, 0x0, 0x6,
    0xff, 0x70, 0x0, 0x0, 0x0, 0x0, 0x3, 0xff,
    0xa0, 0x0, 0x7, 0xff, 0x60, 0x0, 0x0, 0x0,
    0x0, 0x2, 0xff, 0xb0, 0x0, 0x8, 0xff, 0x50,
    0x0, 0x0, 0x0, 0x2f, 0xff, 0xff, 0xff, 0xff,
    0xff, 0xff, 0xff, 0xf5, 0x0, 0x0, 0x2f, 0xff,
    0xff, 0xff, 0xff, 0xff, 0xff, 0xff, 0xf6, 0x0,
    0x0, 0x18, 0x88, 0x88, 0x8b, 0xff, 0xc8, 0x88,
    0x88, 0x83, 0x0, 0x0, 0x0, 0x0, 0x0, 0x6,
    0xff, 0x80, 0x0, 0x0, 0x0, 0x0, 0x28, 0x88,
    0x88, 0x88, 0x8b, 0xff, 0xc8, 0x88, 0x88, 0x88,
    0x85, 0x4f, 0xff, 0xff, 0xff, 0xff, 0xff, 0xff,
    0xff, 0xff, 0xff, 0xfb, 0x4f, 0xff, 0xff, 0xff,
    0xff, 0xff, 0xff, 0xff, 0xff, 0xff, 0xfa, 0x0,
    0x0, 0x0, 0x0, 0x0, 0x0, 0x0, 0x0, 0x0,
    0x0, 0x0, 0x0, 0x0, 0x33, 0x20, 0x0, 0x0,
    0x0, 0x0, 0x0, 0x0, 0x0, 0x0, 0x3, 0xff,
    0xb0, 0x0, 0x0, 0x0, 0x0, 0x0, 0x0, 0x0,
    0x0, 0x3, 0xff, 0xb0, 0x0, 0x0, 0x0, 0x0,
    0x0, 0x0, 0x0, 0x0, 0x3, 0xff, 0xb0, 0x0,
    0x0, 0x0, 0x0, 0x0, 0x0, 0x0, 0x0, 0x3,
    0xff, 0xd7, 0x77, 0x77, 0x77, 0x77, 0x77, 0x50,
    0x0, 0x0, 0x3, 0xff, 0xff, 0xff, 0xff, 0xff,
    0xff, 0xff, 0xb0, 0x0, 0x0, 0x3, 0xff, 0xff,
    0xff, 0xff, 0xff, 0xff, 0xff, 0xb0, 0x0,

    /* U+D3F4 "폴" */
    0x0, 0xd, 0xff, 0xff, 0xff, 0xff, 0xff, 0xff,
    0xff, 0xf4, 0x0, 0x0, 0xd, 0xff, 0xff, 0xff,
    0xff, 0xff, 0xff, 0xff, 0xf4, 0x0, 0x0, 0x5,
    0x66, 0x99, 0x86, 0x66, 0x66, 0x99, 0x86, 0x61,
    0x0, 0x0, 0x0, 0x3, 0xff, 0xb0, 0x0, 0x4,
    0xff, 0xa0, 0x0, 0x0, 0x0, 0x0, 0x2, 0xff,
    0xc0, 0x0, 0x5, 0xff, 0x80, 0x0, 0x0, 0x0,
    0x17, 0x77, 0xff, 0xe7, 0x77, 0x7a, 0xff, 0xb7,
    0x73, 0x0, 0x0, 0x2f, 0xff, 0xff, 0xff, 0xff,
    0xff, 0xff, 0xff, 0xf8, 0x0, 0x0, 0x2f, 0xff,
    0xff, 0xff, 0xff, 0xff, 0xff, 0xff, 0xf8, 0x0,
    0x0, 0x0, 0x0, 0x0, 0x4, 0xff, 0xb0, 0x0,
    0x0, 0x0, 0x0, 0x4f, 0xff, 0xff, 0xff, 0xff,
    0xff, 0xff, 0xff, 0xff, 0xff, 0xfa, 0x4f, 0xff,
    0xff, 0xff, 0xff, 0xff, 0xff, 0xff, 0xff, 0xff,
    0xfb, 0x17, 0x77, 0x77, 0x77, 0x77, 0x77, 0x77,
    0x77, 0x77, 0x77, 0x75, 0x0, 0x1, 0x66, 0x66,
    0x66, 0x66, 0x66, 0x66, 0x66, 0x30, 0x0, 0x0,
    0x3, 0xff, 0xff, 0xff, 0xff, 0xff, 0xff, 0xff,
    0x90, 0x0, 0x0, 0x3, 0xff, 0xff, 0xff, 0xff,
    0xff, 0xff, 0xff, 0x90, 0x0, 0x0, 0x0, 0x0,
    0x0, 0x0, 0x0, 0x0, 0x5, 0xff, 0x90, 0x0,
    0x0, 0x3, 0xff, 0xff, 0xff, 0xff, 0xff, 0xff,
    0xff, 0x90, 0x0, 0x0, 0x3, 0xff, 0xff, 0xff,
    0xff, 0xff, 0xff, 0xff, 0x90, 0x0, 0x0, 0x3,
    0xff, 0xd5, 0x55, 0x55, 0x55, 0x55, 0x55, 0x30,
    0x0, 0x0, 0x3, 0xff, 0xd6, 0x66, 0x66, 0x66,
    0x66, 0x66, 0x61, 0x0, 0x0, 0x3, 0xff, 0xff,
    0xff, 0xff, 0xff, 0xff, 0xff, 0xf2, 0x0, 0x0,
    0x3, 0xff, 0xff, 0xff, 0xff, 0xff, 0xff, 0xff,
    0xf2, 0x0,

    /* U+D45C "표" */
    0x0, 0x17, 0x77, 0x77, 0x77, 0x77, 0x77, 0x77,
    0x77, 0x74, 0x0, 0x0, 0x3f, 0xff, 0xff, 0xff,
    0xff, 0xff, 0xff, 0xff, 0xfa, 0x0, 0x0, 0x2f,
    0xff, 0xff, 0xff, 0xff, 0xff, 0xff, 0xff, 0xf9,
    0x0, 0x0, 0x0, 0x1, 0x33, 0x10, 0x0, 0x0,
    0x33, 0x20, 0x0, 0x0, 0x0, 0x0, 0x5, 0xff,
    0x80, 0x0, 0x2, 0xff, 0xc0, 0x0, 0x0, 0x0,
    0x0, 0x5, 0xff, 0x90, 0x0, 0x2, 0xff, 0xb0,
    0x0, 0x0, 0x0, 0x0, 0x4, 0xff, 0xa0, 0x0,
    0x3, 0xff, 0xa0, 0x0, 0x0, 0x0, 0x0, 0x3,
    0xff, 0xa0, 0x0, 0x4, 0xff, 0x90, 0x0, 0x0,
    0x0, 0x0, 0x2, 0xff, 0xb0, 0x0, 0x4, 0xff,
    0x80, 0x0, 0x0, 0x0, 0x5f, 0xff, 0xff, 0xff,
    0xff, 0xff, 0xff, 0xff, 0xfb, 0x0, 0x0, 0x5f,
    0xff, 0xff, 0xff, 0xff, 0xff, 0xff, 0xff, 0xfc,
    0x0, 0x0, 0x27, 0x77, 0xff, 0xf7, 0x77, 0x7b,
    0xff, 0xb7, 0x76, 0x0, 0x0, 0x0, 0x0, 0xff,
    0xf0, 0x0, 0x8, 0xff, 0x60, 0x0, 0x0, 0x0,
    0x0, 0x0, 0xff, 0xf0, 0x0, 0x8, 0xff, 0x60,
    0x0, 0x0, 0x0, 0x0, 0x0, 0xff, 0xf0, 0x0,
    0x8, 0xff, 0x60, 0x0, 0x0, 0x16, 0x66, 0x66,
    0xff, 0xf6, 0x66, 0x6b, 0xff, 0xa6, 0x66, 0x64,
    0x4f, 0xff, 0xff, 0xff, 0xff, 0xff, 0xff, 0xff,
    0xff, 0xff, 0xfb, 0x4f, 0xff, 0xff, 0xff, 0xff,
    0xff, 0xff, 0xff, 0xff, 0xff, 0xfb, 0x0, 0x0,
    0x0, 0x0, 0x0, 0x0, 0x0, 0x0, 0x0, 0x0,
    0x0,

    /* U+D504 "프" */
    0x0, 0x17, 0x77, 0x77, 0x77, 0x77, 0x77, 0x77,
    0x77, 0x74, 0x0, 0x0, 0x3f, 0xff, 0xff, 0xff,
    0xff, 0xff, 0xff, 0xff, 0xfa, 0x0, 0x0, 0x2f,
    0xff, 0xff, 0xff, 0xff, 0xff, 0xff, 0xff, 0xf9,
    0x0, 0x0, 0x0, 0x0, 0x0, 0x0, 0x0, 0x0,
    0x0, 0x0, 0x0, 0x0, 0x0, 0x0, 0x5, 0xff,
    0x80, 0x0, 0x1, 0xff, 0xc0, 0x0, 0x0, 0x0,
    0x0, 0x5, 0xff, 0x90, 0x0, 0x2, 0xff, 0xb0,
    0x0, 0x0, 0x0, 0x0, 0x4, 0xff, 0x90, 0x0,
    0x3, 0xff, 0xa0, 0x0, 0x0, 0x0, 0x0, 0x3,
    0xff, 0xa0, 0x0, 0x3, 0xff, 0x90, 0x0, 0x0,
    0x0, 0x0, 0x3, 0xff, 0xa0, 0x0, 0x4, 0xff,
    0x80, 0x0, 0x0, 0x0, 0x27, 0x78, 0xff, 0xd7,
    0x77, 0x7a, 0xff, 0xb7, 0x75, 0x0, 0x0, 0x5f,
    0xff, 0xff, 0xff, 0xff, 0xff, 0xff, 0xff, 0xfc,
    0x0, 0x0, 0x5f, 0xff, 0xff, 0xff, 0xff, 0xff,
    0xff, 0xff, 0xfb, 0x0, 0x0, 0x0, 0x0, 0x0,
    0x0, 0x0, 0x0, 0x0, 0x0, 0x0, 0x0, 0x0,
    0x0, 0x0, 0x0, 0x0, 0x0, 0x0, 0x0, 0x0,
    0x0, 0x0, 0x0, 0x0, 0x0, 0x0, 0x0, 0x0,
    0x0, 0x0, 0x0, 0x0, 0x0, 0x16, 0x66, 0x66,
    0x66, 0x66, 0x66, 0x66, 0x66, 0x66, 0x66, 0x64,
    0x4f, 0xff, 0xff, 0xff, 0xff, 0xff, 0xff, 0xff,
    0xff, 0xff, 0xfb, 0x4f, 0xff, 0xff, 0xff, 0xff,
    0xff, 0xff, 0xff, 0xff, 0xff, 0xfb, 0x0, 0x0,
    0x0, 0x0, 0x0, 0x0, 0x0, 0x0, 0x0, 0x0,
    0x0,

    /* U+D508 "픈" */
    0x0, 0xe, 0xff, 0xff, 0xff, 0xff, 0xff, 0xff,
    0xff, 0xf1, 0x0, 0x0, 0xe, 0xff, 0xff, 0xff,
    0xff, 0xff, 0xff, 0xff, 0xf1, 0x0, 0x0, 0x6,
    0x7a, 0xff, 0xc7, 0x77, 0x7a, 0xff, 0xb7, 0x70,
    0x0, 0x0, 0x0, 0x4, 0xff, 0x90, 0x0, 0x6,
    0xff, 0x70, 0x0, 0x0, 0x0, 0x0, 0x3, 0xff,
    0xa0, 0x0, 0x7, 0xff, 0x60, 0x0, 0x0, 0x0,
    0x0, 0x2, 0xff, 0xb0, 0x0, 0x8, 0xff, 0x50,
    0x0, 0x0, 0x0, 0x2f, 0xff, 0xff, 0xff, 0xff,
    0xff, 0xff, 0xff, 0xf5, 0x0, 0x0, 0x2f, 0xff,
    0xff, 0xff, 0xff, 0xff, 0xff, 0xff, 0xf6, 0x0,
    0x0, 0x18, 0x88, 0x88, 0x88, 0x88, 0x88, 0x88,
    0x88, 0x83, 0x0, 0x0, 0x0, 0x0, 0x0, 0x0,
    0x0, 0x0, 0x0, 0x0, 0x0, 0x0, 0x28, 0x88,
    0x88, 0x88, 0x88, 0x88, 0x88, 0x88, 0x88, 0x88,
    0x85, 0x4f, 0xff, 0xff, 0xff, 0xff, 0xff, 0xff,
    0xff, 0xff, 0xff, 0xfb, 0x4f, 0xff, 0xff, 0xff,
    0xff, 0xff, 0xff, 0xff, 0xff, 0xff, 0xfa, 0x0,
    0x0, 0x0, 0x0, 0x0, 0x0, 0x0, 0x0, 0x0,
    0x0, 0x0, 0x0, 0x0, 0x33, 0x20, 0x0, 0x0,
    0x0, 0x0, 0x0, 0x0, 0x0, 0x0, 0x3, 0xff,
    0xb0, 0x0, 0x0, 0x0, 0x0, 0x0, 0x0, 0x0,
    0x0, 0x3, 0xff, 0xb0, 0x0, 0x0, 0x0, 0x0,
    0x0, 0x0, 0x0, 0x0, 0x3, 0xff, 0xb0, 0x0,
    0x0, 0x0, 0x0, 0x0, 0x0, 0x0, 0x0, 0x3,
    0xff, 0xd7, 0x77, 0x77, 0x77, 0x77, 0x77, 0x50,
    0x0, 0x0, 0x3, 0xff, 0xff, 0xff, 0xff, 0xff,
    0xff, 0xff, 0xb0, 0x0, 0x0, 0x3, 0xff, 0xff,
    0xff, 0xff, 0xff, 0xff, 0xff, 0xb0, 0x0,

    /* U+D50C "플" */
    0x0, 0xd, 0xff, 0xff, 0xff, 0xff, 0xff, 0xff,
    0xff, 0xf4, 0x0, 0x0, 0xd, 0xff, 0xff, 0xff,
    0xff, 0xff, 0xff, 0xff, 0xf4, 0x0, 0x0, 0x5,
    0x66, 0x99, 0x86, 0x66, 0x66, 0x99, 0x86, 0x61,
    0x0, 0x0, 0x0, 0x3, 0xff, 0xb0, 0x0, 0x4,
    0xff, 0xa0, 0x0, 0x0, 0x0, 0x0, 0x2, 0xff,
    0xc0, 0x0, 0x5, 0xff, 0x80, 0x0, 0x0, 0x0,
    0x17, 0x77, 0xff, 0xe7, 0x77, 0x7a, 0xff, 0xb7,
    0x73, 0x0, 0x0, 0x2f, 0xff, 0xff, 0xff, 0xff,
    0xff, 0xff, 0xff, 0xf8, 0x0, 0x0, 0x2f, 0xff,
    0xff, 0xff, 0xff, 0xff, 0xff, 0xff, 0xf8, 0x0,
    0x0, 0x0, 0x0, 0x0, 0x0, 0x0, 0x0, 0x0,
    0x0, 0x0, 0x0, 0x4f, 0xff, 0xff, 0xff, 0xff,
    0xff, 0xff, 0xff, 0xff, 0xff, 0xfb, 0x4f, 0xff,
    0xff, 0xff, 0xff, 0xff, 0xff, 0xff, 0xff, 0xff,
    0xfb, 0x16, 0x66, 0x66, 0x66, 0x66, 0x66, 0x66,
    0x66, 0x66, 0x66, 0x64, 0x0, 0x1, 0x77, 0x77,
    0x77, 0x77, 0x77, 0x77, 0x77, 0x40, 0x0, 0x0,
    0x3, 0xff, 0xff, 0xff, 0xff, 0xff, 0xff, 0xff,
    0x90, 0x0, 0x0, 0x3, 0xff, 0xff, 0xff, 0xff,
    0xff, 0xff, 0xff, 0x90, 0x0, 0x0, 0x0, 0x0,
    0x0, 0x0, 0x0, 0x0, 0x5, 0xff, 0x90, 0x0,
    0x0, 0x3, 0xff, 0xff, 0xff, 0xff, 0xff, 0xff,
    0xff, 0x90, 0x0, 0x0, 0x3, 0xff, 0xff, 0xff,
    0xff, 0xff, 0xff, 0xff, 0x90, 0x0, 0x0, 0x3,
    0xff, 0xd5, 0x55, 0x55, 0x55, 0x55, 0x55, 0x30,
    0x0, 0x0, 0x3, 0xff, 0xd6, 0x66, 0x66, 0x66,
    0x66, 0x66, 0x61, 0x0, 0x0, 0x3, 0xff, 0xff,
    0xff, 0xff, 0xff, 0xff, 0xff, 0xf2, 0x0, 0x0,
    0x3, 0xff, 0xff, 0xff, 0xff, 0xff, 0xff, 0xff,
    0xf2, 0x0,

    /* U+D540 "핀" */
    0x0, 0x0, 0x0, 0x0, 0x0, 0x0, 0x0, 0x0,
    0xbf, 0xf2, 0xa, 0xff, 0xff, 0xff, 0xff, 0xff,
    0xff, 0x10, 0xbf, 0xf2, 0xa, 0xff, 0xff, 0xff,
    0xff, 0xff, 0xff, 0x10, 0xbf, 0xf2, 0x4, 0x66,
    0x66, 0x66, 0x66, 0x66, 0x66, 0x0, 0xbf, 0xf2,
    0x0, 0x6, 0x99, 0x10, 0x6, 0x99, 0x10, 0x0,
    0xbf, 0xf2, 0x0, 0xb, 0xff, 0x30, 0xb, 0xff,
    0x10, 0x0, 0xbf, 0xf2, 0x0, 0xa, 0xff, 0x30,
    0xb, 0xff, 0x10, 0x0, 0xbf, 0xf2, 0x0, 0x9,
    0xff, 0x30, 0xc, 0xff, 0x0, 0x0, 0xbf, 0xf2,
    0x0, 0x8, 0xff, 0x40, 0xc, 0xff, 0x0, 0x0,
    0xbf, 0xf2, 0x0, 0x8, 0xff, 0x40, 0xd, 0xff,
    0x1, 0x30, 0xbf, 0xf2, 0x7f, 0xff, 0xff, 0xff,
    0xff, 0xff, 0xff, 0xf0, 0xbf, 0xf2, 0x7f, 0xff,
    0xff, 0xff, 0xff, 0xff, 0xff, 0xf1, 0xbf, 0xf2,
    0x37, 0x77, 0x77, 0x77, 0x77, 0x66, 0x65, 0x30,
    0xbf, 0xf2, 0x0, 0x0, 0x0, 0x0, 0x0, 0x0,
    0x0, 0x0, 0xbf, 0xf2, 0x0, 0x0, 0x16, 0x64,
    0x0, 0x0, 0x0, 0x0, 0xbf, 0xf2, 0x0, 0x0,
    0x3f, 0xfc, 0x0, 0x0, 0x0, 0x0, 0xbf, 0xf2,
    0x0, 0x0, 0x3f, 0xfc, 0x0, 0x0, 0x0, 0x0,
    0x12, 0x20, 0x0, 0x0, 0x3f, 0xfc, 0x0, 0x0,
    0x0, 0x0, 0x0, 0x0, 0x0, 0x0, 0x3f, 0xfc,
    0x0, 0x0, 0x0, 0x0, 0x0, 0x0, 0x0, 0x0,
    0x3f, 0xfd, 0x77, 0x77, 0x77, 0x77, 0x77, 0x77,
    0x0, 0x0, 0x3f, 0xff, 0xff, 0xff, 0xff, 0xff,
    0xff, 0xff, 0x0, 0x0, 0x3f, 0xff, 0xff, 0xff,
    0xff, 0xff, 0xff, 0xff,

    /* U+D544 "필" */
    0xa, 0xff, 0xff, 0xff, 0xff, 0xff, 0xff, 0x10,
    0xcf, 0xf1, 0x0, 0xaf, 0xff, 0xff, 0xff, 0xff,
    0xff, 0xf1, 0xc, 0xff, 0x10, 0x4, 0x66, 0x66,
    0x66, 0x66, 0x66, 0x66, 0x0, 0xcf, 0xf1, 0x0,
    0x0, 0x34, 0x40, 0x0, 0x34, 0x40, 0x0, 0xc,
    0xff, 0x10, 0x0, 0xb, 0xff, 0x30, 0xb, 0xff,
    0x20, 0x0, 0xcf, 0xf1, 0x0, 0x0, 0xaf, 0xf3,
    0x0, 0xbf, 0xf1, 0x0, 0xc, 0xff, 0x10, 0x0,
    0x9, 0xff, 0x40, 0xc, 0xff, 0x0, 0x0, 0xcf,
    0xf1, 0x0, 0x0, 0x8f, 0xf4, 0x0, 0xdf, 0xf0,
    0x2, 0xc, 0xff, 0x10, 0x6f, 0xff, 0xff, 0xff,
    0xff, 0xff, 0xff, 0xf0, 0xcf, 0xf1, 0x7, 0xff,
    0xff, 0xff, 0xff, 0xff, 0xff, 0xff, 0x1c, 0xff,
    0x10, 0x37, 0x77, 0x77, 0x77, 0x77, 0x77, 0x65,
    0x30, 0xcf, 0xf1, 0x0, 0x0, 0x0, 0x0, 0x0,
    0x0, 0x0, 0x0, 0x7, 0x99, 0x0, 0x0, 0x0,
    0x5f, 0xff, 0xff, 0xff, 0xff, 0xff, 0xff, 0xf1,
    0x0, 0x0, 0x5, 0xff, 0xff, 0xff, 0xff, 0xff,
    0xff, 0xff, 0x10, 0x0, 0x0, 0x27, 0x77, 0x77,
    0x77, 0x77, 0x77, 0xef, 0xf1, 0x0, 0x0, 0x1,
    0x44, 0x44, 0x44, 0x44, 0x44, 0x4d, 0xff, 0x10,
    0x0, 0x0, 0x5f, 0xff, 0xff, 0xff, 0xff, 0xff,
    0xff, 0xf1, 0x0, 0x0, 0x5, 0xff, 0xff, 0xff,
    0xff, 0xff, 0xff, 0xff, 0x10, 0x0, 0x0, 0x5f,
    0xf9, 0x0, 0x0, 0x0, 0x0, 0x0, 0x0, 0x0,
    0x0, 0x5, 0xff, 0xc7, 0x77, 0x77, 0x77, 0x77,
    0x77, 0x70, 0x0, 0x0, 0x5f, 0xff, 0xff, 0xff,
    0xff, 0xff, 0xff, 0xff, 0x10, 0x0, 0x5, 0xff,
    0xff, 0xff, 0xff, 0xff, 0xff, 0xff, 0xf1,

    /* U+D558 "하" */
    0x0, 0x0, 0x0, 0xaf, 0xf5, 0x0, 0x0, 0x1,
    0xff, 0xd0, 0x0, 0x0, 0x0, 0x0, 0xa, 0xff,
    0x50, 0x0, 0x0, 0x1f, 0xfd, 0x0, 0x0, 0x6,
    0x66, 0x66, 0xcf, 0xf9, 0x66, 0x66, 0x41, 0xff,
    0xd0, 0x0, 0x1, 0xff, 0xff, 0xff, 0xff, 0xff,
    0xff, 0xfb, 0x1f, 0xfd, 0x0, 0x0, 0x1f, 0xff,
    0xff, 0xff, 0xff, 0xff, 0xff, 0xb1, 0xff, 0xd0,
    0x0, 0x0, 0x11, 0x11, 0x11, 0x11, 0x11, 0x11,
    0x11, 0x1f, 0xfd, 0x0, 0x0, 0x0, 0x0, 0x5,
    0x9b, 0xa8, 0x30, 0x0, 0x1, 0xff, 0xd0, 0x0,
    0x0, 0x0, 0x3e, 0xff, 0xff, 0xff, 0xa0, 0x0,
    0x1f, 0xfd, 0x0, 0x0, 0x0, 0x3f, 0xff, 0xfe,
    0xff, 0xff, 0xb0, 0x1, 0xff, 0xd0, 0x0, 0x0,
    0xb, 0xff, 0xc2, 0x0, 0x5f, 0xff, 0x50, 0x1f,
    0xfe, 0x88, 0x83, 0x0, 0xff, 0xf1, 0x0, 0x0,
    0x6f, 0xfa, 0x1, 0xff, 0xff, 0xff, 0x60, 0x2f,
    0xfd, 0x0, 0x0, 0x3, 0xff, 0xc0, 0x1f, 0xff,
    0xff, 0xf6, 0x1, 0xff, 0xe0, 0x0, 0x0, 0x5f,
    0xfa, 0x1, 0xff, 0xd0, 0x0, 0x0, 0xc, 0xff,
    0x80, 0x0, 0x1d, 0xff, 0x60, 0x1f, 0xfd, 0x0,
    0x0, 0x0, 0x4f, 0xff, 0xda, 0xbf, 0xff, 0xd0,
    0x1, 0xff, 0xd0, 0x0, 0x0, 0x0, 0x5f, 0xff,
    0xff, 0xff, 0xc1, 0x0, 0x1f, 0xfd, 0x0, 0x0,
    0x0, 0x0, 0x17, 0xbd, 0xca, 0x50, 0x0, 0x1,
    0xff, 0xd0, 0x0, 0x0, 0x0, 0x0, 0x0, 0x0,
    0x0, 0x0, 0x0, 0x1f, 0xfd, 0x0, 0x0, 0x0,
    0x0, 0x0, 0x0, 0x0, 0x0, 0x0, 0x1, 0xff,
    0xd0, 0x0, 0x0, 0x0, 0x0, 0x0, 0x0, 0x0,
    0x0, 0x0, 0x1f, 0xfd, 0x0, 0x0, 0x0, 0x0,
    0x0, 0x0, 0x0, 0x0, 0x0, 0x1, 0xff, 0xd0,
    0x0, 0x0, 0x0, 0x0, 0x0, 0x0, 0x0, 0x0,
    0x0, 0x1f, 0xfd, 0x0, 0x0, 0x0, 0x0, 0x0,
    0x0, 0x0, 0x0, 0x0, 0x0, 0x99, 0x80, 0x0,
    0x0,

    /* U+D559 "학" */
    0x0, 0x0, 0x0, 0x7b, 0xb3, 0x0, 0x0, 0x0,
    0x0, 0x0, 0x0, 0x0, 0x0, 0x0, 0xa, 0xff,
    0x40, 0x0, 0x0, 0xf, 0xff, 0x0, 0x0, 0x6,
    0x66, 0x66, 0xcf, 0xf9, 0x66, 0x66, 0x40, 0xff,
    0xf0, 0x0, 0x1, 0xff, 0xff, 0xff, 0xff, 0xff,
    0xff, 0xfc, 0xf, 0xff, 0x0, 0x0, 0x1f, 0xff,
    0xff, 0xff, 0xff, 0xff, 0xff, 0xb0, 0xff, 0xf0,
    0x0, 0x0, 0x0, 0x0, 0x2, 0x43, 0x20, 0x0,
    0x0, 0xf, 0xff, 0x0, 0x0, 0x0, 0x2, 0xaf,
    0xff, 0xff, 0xe8, 0x0, 0x0, 0xff, 0xf0, 0x0,
    0x0, 0x2, 0xef, 0xff, 0xff, 0xff, 0xfc, 0x0,
    0xf, 0xff, 0xff, 0xf6, 0x0, 0xcf, 0xfa, 0x30,
    0x13, 0xcf, 0xf8, 0x0, 0xff, 0xff, 0xff, 0x60,
    0xf, 0xff, 0x0, 0x0, 0x3, 0xff, 0xb0, 0xf,
    0xff, 0x77, 0x72, 0x0, 0xef, 0xf2, 0x0, 0x0,
    0x6f, 0xfa, 0x0, 0xff, 0xf0, 0x0, 0x0, 0x8,
    0xff, 0xfa, 0x88, 0xbf, 0xff, 0x40, 0xf, 0xff,
    0x0, 0x0, 0x0, 0xa, 0xff, 0xff, 0xff, 0xff,
    0x70, 0x0, 0xff, 0xf0, 0x0, 0x0, 0x0, 0x3,
    0x9c, 0xdd, 0xb8, 0x20, 0x0, 0xf, 0xff, 0x0,
    0x0, 0x0, 0x0, 0x0, 0x0, 0x0, 0x0, 0x0,
    0x0, 0x99, 0x90, 0x0, 0x0, 0x0, 0x1f, 0xff,
    0xff, 0xff, 0xff, 0xff, 0xff, 0xff, 0x0, 0x0,
    0x0, 0x1, 0xff, 0xff, 0xff, 0xff, 0xff, 0xff,
    0xff, 0xf0, 0x0, 0x0, 0x0, 0x8, 0x88, 0x88,
    0x88, 0x88, 0x88, 0x8f, 0xff, 0x0, 0x0, 0x0,
    0x0, 0x0, 0x0, 0x0, 0x0, 0x0, 0x0, 0xff,
    0xf0, 0x0, 0x0, 0x0, 0x0, 0x0, 0x0, 0x0,
    0x0, 0x0, 0xf, 0xff, 0x0, 0x0, 0x0, 0x0,
    0x0, 0x0, 0x0, 0x0, 0x0, 0x0, 0xff, 0xf0,
    0x0, 0x0, 0x0, 0x0, 0x0, 0x0, 0x0, 0x0,
    0x0, 0xf, 0xff, 0x0, 0x0, 0x0, 0x0, 0x0,
    0x0, 0x0, 0x0, 0x0, 0x0, 0xff, 0xf0, 0x0,
    0x0, 0x0, 0x0, 0x0, 0x0, 0x0, 0x0, 0x0,
    0x1, 0x11, 0x0, 0x0,

    /* U+D55C "한" */
    0x0, 0x0, 0x0, 0x8d, 0xd3, 0x0, 0x0, 0x0,
    0x0, 0x0, 0x0, 0x0, 0x0, 0x0, 0xa, 0xff,
    0x40, 0x0, 0x0, 0xf, 0xfe, 0x0, 0x0, 0x4,
    0x44, 0x44, 0xbf, 0xf7, 0x44, 0x44, 0x30, 0xff,
    0xe0, 0x0, 0x1, 0xff, 0xff, 0xff, 0xff, 0xff,
    0xff, 0xfc, 0xf, 0xfe, 0x0, 0x0, 0x1f, 0xff,
    0xff, 0xff, 0xff, 0xff, 0xff, 0xc0, 0xff, 0xe0,
    0x0, 0x0, 0x11, 0x11, 0x11, 0x11, 0x11, 0x11,
    0x10, 0xf, 0xfe, 0x0, 0x0, 0x0, 0x0, 0x39,
    0xcd, 0xdb, 0x81, 0x0, 0x0, 0xff, 0xe0, 0x0,
    0x0, 0x0, 0x9f, 0xff, 0xff, 0xff, 0xf5, 0x0,
    0xf, 0xfe, 0x11, 0x10, 0x0, 0x7f, 0xff, 0xb9,
    0x9c, 0xff, 0xf3, 0x0, 0xff, 0xff, 0xff, 0x60,
    0xd, 0xff, 0x50, 0x0, 0x8, 0xff, 0x90, 0xf,
    0xff, 0xff, 0xf6, 0x0, 0xff, 0xf0, 0x0, 0x0,
    0x4f, 0xfb, 0x0, 0xff, 0xf6, 0x66, 0x20, 0xc,
    0xff, 0x91, 0x0, 0x2c, 0xff, 0x80, 0xf, 0xfe,
    0x0, 0x0, 0x0, 0x3f, 0xff, 0xfe, 0xef, 0xff,
    0xe1, 0x0, 0xff, 0xe0, 0x0, 0x0, 0x0, 0x3d,
    0xff, 0xff, 0xff, 0xb1, 0x0, 0xf, 0xfe, 0x0,
    0x0, 0x0, 0x0, 0x3, 0x68, 0x76, 0x20, 0x0,
    0x0, 0xff, 0xe0, 0x0, 0x0, 0x0, 0x0, 0x0,
    0x0, 0x0, 0x0, 0x0, 0xf, 0xfe, 0x0, 0x0,
    0x0, 0x0, 0x6a, 0xa3, 0x0, 0x0, 0x0, 0x0,
    0xff, 0xe0, 0x0, 0x0, 0x0, 0x9, 0xff, 0x50,
    0x0, 0x0, 0x0, 0x6, 0x66, 0x0, 0x0, 0x0,
    0x0, 0x9f, 0xf5, 0x0, 0x0, 0x0, 0x0, 0x0,
    0x0, 0x0, 0x0, 0x0, 0x9, 0xff, 0x50, 0x0,
    0x0, 0x0, 0x0, 0x0, 0x0, 0x0, 0x0, 0x0,
    0x9f, 0xfa, 0x77, 0x77, 0x77, 0x77, 0x77, 0x72,
    0x0, 0x0, 0x0, 0x9, 0xff, 0xff, 0xff, 0xff,
    0xff, 0xff, 0xff, 0x50, 0x0, 0x0, 0x0, 0x9f,
    0xff, 0xff, 0xff, 0xff, 0xff, 0xff, 0xf5, 0x0,
    0x0,

    /* U+D560 "할" */
    0x0, 0x0, 0x0, 0x12, 0x20, 0x0, 0x0, 0x0,
    0x0, 0x0, 0x0, 0x0, 0x0, 0x0, 0xa, 0xff,
    0x40, 0x0, 0x0, 0x0, 0x0, 0x0, 0x0, 0x0,
    0x0, 0x0, 0xaf, 0xf4, 0x0, 0x0, 0x0, 0xff,
    0xf0, 0x0, 0x1, 0xff, 0xff, 0xff, 0xff, 0xff,
    0xff, 0xfb, 0xf, 0xff, 0x0, 0x0, 0x1f, 0xff,
    0xff, 0xff, 0xff, 0xff, 0xff, 0xc0, 0xff, 0xf0,
    0x0, 0x0, 0x55, 0x55, 0x55, 0x55, 0x55, 0x55,
    0x54, 0xf, 0xff, 0x0, 0x0, 0x0, 0x0, 0x5a,
    0xcd, 0xdc, 0x82, 0x0, 0x0, 0xff, 0xf0, 0x0,
    0x0, 0x1, 0xcf, 0xff, 0xff, 0xff, 0xf8, 0x0,
    0xf, 0xff, 0x66, 0x62, 0x0, 0xbf, 0xff, 0xb9,
    0x9c, 0xff, 0xf5, 0x0, 0xff, 0xff, 0xff, 0x50,
    0xf, 0xff, 0x20, 0x0, 0x7, 0xff, 0xa0, 0xf,
    0xff, 0xff, 0xf5, 0x0, 0xff, 0xf0, 0x0, 0x0,
    0x5f, 0xfa, 0x0, 0xff, 0xf1, 0x11, 0x0, 0xb,
    0xff, 0xd7, 0x56, 0x8f, 0xff, 0x60, 0xf, 0xff,
    0x0, 0x0, 0x0, 0x2d, 0xff, 0xff, 0xff, 0xff,
    0x90, 0x0, 0xff, 0xf0, 0x0, 0x0, 0x0, 0x6,
    0xbe, 0xff, 0xda, 0x40, 0x0, 0xf, 0xff, 0x0,
    0x0, 0x0, 0x0, 0x0, 0x0, 0x0, 0x0, 0x0,
    0x0, 0xaa, 0x90, 0x0, 0x0, 0x0, 0x3, 0x99,
    0x99, 0x99, 0x99, 0x99, 0x99, 0x99, 0x0, 0x0,
    0x0, 0x0, 0x5f, 0xff, 0xff, 0xff, 0xff, 0xff,
    0xff, 0xf0, 0x0, 0x0, 0x0, 0x1, 0x55, 0x55,
    0x55, 0x55, 0x55, 0x5f, 0xff, 0x0, 0x0, 0x0,
    0x0, 0x4c, 0xcc, 0xcc, 0xcc, 0xcc, 0xcc, 0xff,
    0xf0, 0x0, 0x0, 0x0, 0x5, 0xff, 0xff, 0xff,
    0xff, 0xff, 0xff, 0xff, 0x0, 0x0, 0x0, 0x0,
    0x5f, 0xfb, 0x44, 0x44, 0x44, 0x44, 0x44, 0x40,
    0x0, 0x0, 0x0, 0x5, 0xff, 0xb5, 0x55, 0x55,
    0x55, 0x55, 0x55, 0x10, 0x0, 0x0, 0x0, 0x5f,
    0xff, 0xff, 0xff, 0xff, 0xff, 0xff, 0xf4, 0x0,
    0x0, 0x0, 0x5, 0xff, 0xff, 0xff, 0xff, 0xff,
    0xff, 0xff, 0x40, 0x0,

    /* U+D568 "함" */
    0x0, 0x0, 0x0, 0x7b, 0xb3, 0x0, 0x0, 0x0,
    0x0, 0x0, 0x0, 0x0, 0x0, 0x0, 0xa, 0xff,
    0x40, 0x0, 0x0, 0xf, 0xff, 0x0, 0x0, 0x6,
    0x66, 0x66, 0xcf, 0xf9, 0x66, 0x66, 0x40, 0xff,
    0xf0, 0x0, 0x1, 0xff, 0xff, 0xff, 0xff, 0xff,
    0xff, 0xfc, 0xf, 0xff, 0x0, 0x0, 0x1f, 0xff,
    0xff, 0xff, 0xff, 0xff, 0xff, 0xb0, 0xff, 0xf0,
    0x0, 0x0, 0x0, 0x0, 0x2, 0x43, 0x20, 0x0,
    0x0, 0xf, 0xff, 0x0, 0x0, 0x0, 0x2, 0xaf,
    0xff, 0xff, 0xe8, 0x0, 0x0, 0xff, 0xf3, 0x33,
    0x10, 0x2, 0xef, 0xff, 0xff, 0xff, 0xfc, 0x0,
    0xf, 0xff, 0xff, 0xf6, 0x0, 0xcf, 0xfa, 0x30,
    0x13, 0xcf, 0xf8, 0x0, 0xff, 0xff, 0xff, 0x60,
    0xf, 0xff, 0x0, 0x0, 0x3, 0xff, 0xb0, 0xf,
    0xff, 0x33, 0x31, 0x0, 0xef, 0xf2, 0x0, 0x0,
    0x6f, 0xfa, 0x0, 0xff, 0xf0, 0x0, 0x0, 0x8,
    0xff, 0xfa, 0x88, 0xbf, 0xff, 0x40, 0xf, 0xff,
    0x0, 0x0, 0x0, 0xa, 0xff, 0xff, 0xff, 0xff,
    0x70, 0x0, 0xff, 0xf0, 0x0, 0x0, 0x0, 0x3,
    0x9c, 0xdd, 0xb8, 0x20, 0x0, 0xf, 0xff, 0x0,
    0x0, 0x0, 0x0, 0x0, 0x0, 0x0, 0x0, 0x0,
    0x0, 0x88, 0x80, 0x0, 0x0, 0x0, 0xc, 0xff,
    0xff, 0xff, 0xff, 0xff, 0xff, 0xff, 0x0, 0x0,
    0x0, 0x0, 0xcf, 0xff, 0xff, 0xff, 0xff, 0xff,
    0xff, 0xf0, 0x0, 0x0, 0x0, 0xc, 0xff, 0x87,
    0x77, 0x77, 0x77, 0x7f, 0xff, 0x0, 0x0, 0x0,
    0x0, 0xcf, 0xf2, 0x0, 0x0, 0x0, 0x0, 0xff,
    0xf0, 0x0, 0x0, 0x0, 0xc, 0xff, 0x20, 0x0,
    0x0, 0x0, 0xf, 0xff, 0x0, 0x0, 0x0, 0x0,
    0xcf, 0xf8, 0x77, 0x77, 0x77, 0x77, 0xff, 0xf0,
    0x0, 0x0, 0x0, 0xc, 0xff, 0xff, 0xff, 0xff,
    0xff, 0xff, 0xff, 0x0, 0x0, 0x0, 0x0, 0xcf,
    0xff, 0xff, 0xff, 0xff, 0xff, 0xff, 0xf0, 0x0,
    0x0,

    /* U+D569 "합" */
    0x0, 0x0, 0x0, 0x7b, 0xb3, 0x0, 0x0, 0x0,
    0x0, 0x0, 0x0, 0x0, 0x0, 0x0, 0xa, 0xff,
    0x40, 0x0, 0x0, 0xf, 0xff, 0x0, 0x0, 0x6,
    0x66, 0x66, 0xcf, 0xf9, 0x66, 0x66, 0x40, 0xff,
    0xf0, 0x0, 0x1, 0xff, 0xff, 0xff, 0xff, 0xff,
    0xff, 0xfc, 0xf, 0xff, 0x0, 0x0, 0x1f, 0xff,
    0xff, 0xff, 0xff, 0xff, 0xff, 0xb0, 0xff, 0xf0,
    0x0, 0x0, 0x0, 0x0, 0x3, 0x44, 0x30, 0x0,
    0x0, 0xf, 0xff, 0x0, 0x0, 0x0, 0x2, 0xbf,
    0xff, 0xff, 0xf9, 0x10, 0x0, 0xff, 0xf7, 0x77,
    0x20, 0x3, 0xff, 0xff, 0xff, 0xff, 0xfd, 0x0,
    0xf, 0xff, 0xff, 0xf6, 0x0, 0xcf, 0xf9, 0x10,
    0x2, 0xbf, 0xf8, 0x0, 0xff, 0xff, 0xff, 0x60,
    0xf, 0xff, 0x0, 0x0, 0x3, 0xff, 0xb0, 0xf,
    0xff, 0x0, 0x0, 0x0, 0xef, 0xf3, 0x0, 0x0,
    0x6f, 0xfa, 0x0, 0xff, 0xf0, 0x0, 0x0, 0x8,
    0xff, 0xfa, 0x88, 0xbf, 0xff, 0x40, 0xf, 0xff,
    0x0, 0x0, 0x0, 0xa, 0xff, 0xff, 0xff, 0xff,
    0x70, 0x0, 0xff, 0xf0, 0x0, 0x0, 0x0, 0x3,
    0x9c, 0xdd, 0xb7, 0x20, 0x0, 0xf, 0xff, 0x0,
    0x0, 0x0, 0x0, 0x12, 0x21, 0x0, 0x0, 0x0,
    0x0, 0x56, 0x50, 0x0, 0x0, 0x0, 0x8, 0xff,
    0x60, 0x0, 0x0, 0x0, 0xf, 0xff, 0x0, 0x0,
    0x0, 0x0, 0x8f, 0xf9, 0x66, 0x66, 0x66, 0x66,
    0xff, 0xf0, 0x0, 0x0, 0x0, 0x8, 0xff, 0xff,
    0xff, 0xff, 0xff, 0xff, 0xff, 0x0, 0x0, 0x0,
    0x0, 0x8f, 0xff, 0xff, 0xff, 0xff, 0xff, 0xff,
    0xf0, 0x0, 0x0, 0x0, 0x8, 0xff, 0x60, 0x0,
    0x0, 0x0, 0xf, 0xff, 0x0, 0x0, 0x0, 0x0,
    0x8f, 0xfa, 0x66, 0x66, 0x66, 0x66, 0xff, 0xf0,
    0x0, 0x0, 0x0, 0x8, 0xff, 0xff, 0xff, 0xff,
    0xff, 0xff, 0xff, 0x0, 0x0, 0x0, 0x0, 0x8f,
    0xff, 0xff, 0xff, 0xff, 0xff, 0xff, 0xf0, 0x0,
    0x0,

    /* U+D574 "해" */
    0x0, 0x0, 0x1e, 0xeb, 0x0, 0x0, 0xf, 0xfb,
    0xb, 0xff, 0x20, 0x0, 0x2, 0xff, 0xc0, 0x0,
    0x0, 0xff, 0xb0, 0xbf, 0xf2, 0x13, 0x33, 0x4f,
    0xfd, 0x33, 0x32, 0xf, 0xfb, 0xb, 0xff, 0x26,
    0xff, 0xff, 0xff, 0xff, 0xff, 0xe0, 0xff, 0xb0,
    0xbf, 0xf2, 0x6f, 0xff, 0xff, 0xff, 0xff, 0xfe,
    0xf, 0xfb, 0xb, 0xff, 0x21, 0x44, 0x44, 0x44,
    0x44, 0x44, 0x30, 0xff, 0xb0, 0xbf, 0xf2, 0x0,
    0x0, 0x69, 0xa8, 0x40, 0x0, 0xf, 0xfb, 0xb,
    0xff, 0x20, 0x2, 0xdf, 0xff, 0xff, 0xa0, 0x0,
    0xff, 0xb0, 0xbf, 0xf2, 0x0, 0xdf, 0xff, 0xef,
    0xff, 0x80, 0xf, 0xfb, 0xb, 0xff, 0x20, 0x6f,
    0xfc, 0x10, 0x3f, 0xff, 0x10, 0xff, 0xff, 0xff,
    0xf2, 0xa, 0xff, 0x40, 0x0, 0x9f, 0xf4, 0xf,
    0xff, 0xff, 0xff, 0x20, 0xbf, 0xf2, 0x0, 0x7,
    0xff, 0x60, 0xff, 0xd7, 0xdf, 0xf2, 0xa, 0xff,
    0x30, 0x0, 0x8f, 0xf5, 0xf, 0xfb, 0xb, 0xff,
    0x20, 0x7f, 0xfa, 0x0, 0x1e, 0xff, 0x20, 0xff,
    0xb0, 0xbf, 0xf2, 0x1, 0xff, 0xfc, 0x9e, 0xff,
    0xb0, 0xf, 0xfb, 0xb, 0xff, 0x20, 0x4, 0xff,
    0xff, 0xff, 0xd1, 0x0, 0xff, 0xb0, 0xbf, 0xf2,
    0x0, 0x2, 0xae, 0xed, 0x81, 0x0, 0xf, 0xfb,
    0xb, 0xff, 0x20, 0x0, 0x0, 0x0, 0x0, 0x0,
    0x0, 0xff, 0xb0, 0xbf, 0xf2, 0x0, 0x0, 0x0,
    0x0, 0x0, 0x0, 0xf, 0xfb, 0xb, 0xff, 0x20,
    0x0, 0x0, 0x0, 0x0, 0x0, 0x0, 0xff, 0xb0,
    0xbf, 0xf2, 0x0, 0x0, 0x0, 0x0, 0x0, 0x0,
    0xf, 0xfb, 0xb, 0xff, 0x20, 0x0, 0x0, 0x0,
    0x0, 0x0, 0x0, 0xff, 0xb0, 0xbf, 0xf2, 0x0,
    0x0, 0x0, 0x0, 0x0, 0x0, 0x0, 0x0, 0x7,
    0x99, 0x10,

    /* U+D575 "핵" */
    0x0, 0x0, 0x29, 0x95, 0x0, 0x0, 0x0, 0x0,
    0x6, 0x77, 0x0, 0x0, 0x4, 0xff, 0xa0, 0x0,
    0x0, 0xff, 0xc0, 0xdf, 0xf1, 0x23, 0x33, 0x7f,
    0xfb, 0x33, 0x33, 0xf, 0xfc, 0xd, 0xff, 0x1a,
    0xff, 0xff, 0xff, 0xff, 0xff, 0xf0, 0xff, 0xc0,
    0xdf, 0xf1, 0xaf, 0xff, 0xff, 0xff, 0xff, 0xff,
    0xf, 0xfc, 0xd, 0xff, 0x11, 0x22, 0x22, 0x34,
    0x22, 0x22, 0x20, 0xff, 0xc0, 0xdf, 0xf1, 0x0,
    0x2a, 0xff, 0xff, 0xd6, 0x0, 0xf, 0xfc, 0xd,
    0xff, 0x10, 0x2f, 0xff, 0xff, 0xff, 0xf9, 0x0,
    0xff, 0xff, 0xff, 0xf1, 0xb, 0xff, 0xb5, 0x47,
    0xff, 0xf3, 0xf, 0xff, 0xff, 0xff, 0x10, 0xff,
    0xe0, 0x0, 0x7, 0xff, 0x70, 0xff, 0xe7, 0xef,
    0xf1, 0xf, 0xfe, 0x0, 0x0, 0x8f, 0xf7, 0xf,
    0xfc, 0xd, 0xff, 0x10, 0xaf, 0xfd, 0x77, 0xaf,
    0xff, 0x20, 0xff, 0xc0, 0xdf, 0xf1, 0x1, 0xdf,
    0xff, 0xff, 0xff, 0x70, 0xf, 0xfc, 0xd, 0xff,
    0x10, 0x0, 0x7c, 0xef, 0xda, 0x30, 0x0, 0xff,
    0xc0, 0xdf, 0xf1, 0x0, 0x0, 0x0, 0x0, 0x0,
    0x0, 0x4, 0x43, 0x3, 0x44, 0x0, 0x0, 0x2,
    0xff, 0xff, 0xff, 0xff, 0xff, 0xff, 0xff, 0xf1,
    0x0, 0x0, 0x2f, 0xff, 0xff, 0xff, 0xff, 0xff,
    0xff, 0xff, 0x10, 0x0, 0x1, 0x88, 0x88, 0x88,
    0x88, 0x88, 0x88, 0xef, 0xf1, 0x0, 0x0, 0x0,
    0x0, 0x0, 0x0, 0x0, 0x0, 0xd, 0xff, 0x10,
    0x0, 0x0, 0x0, 0x0, 0x0, 0x0, 0x0, 0x0,
    0xdf, 0xf1, 0x0, 0x0, 0x0, 0x0, 0x0, 0x0,
    0x0, 0x0, 0xd, 0xff, 0x10, 0x0, 0x0, 0x0,
    0x0, 0x0, 0x0, 0x0, 0x0, 0xdf, 0xf1, 0x0,
    0x0, 0x0, 0x0, 0x0, 0x0, 0x0, 0x0, 0xd,
    0xff, 0x10,

    /* U+D588 "했" */
    0x0, 0x0, 0x29, 0x96, 0x0, 0x0, 0x0, 0x0,
    0x5, 0x77, 0x0, 0x0, 0x0, 0x3f, 0xfb, 0x0,
    0x0, 0xf, 0xfd, 0xc, 0xff, 0x20, 0x24, 0x44,
    0x7f, 0xfc, 0x44, 0x44, 0xf, 0xfd, 0xc, 0xff,
    0x20, 0xaf, 0xff, 0xff, 0xff, 0xff, 0xff, 0xf,
    0xfd, 0xc, 0xff, 0x20, 0xaf, 0xff, 0xff, 0xff,
    0xff, 0xff, 0xf, 0xfd, 0xc, 0xff, 0x20, 0x1,
    0x11, 0x13, 0x32, 0x11, 0x11, 0xf, 0xfd, 0xc,
    0xff, 0x20, 0x0, 0x2a, 0xff, 0xff, 0xd6, 0x0,
    0xf, 0xfd, 0xc, 0xff, 0x20, 0x3, 0xff, 0xff,
    0xff, 0xff, 0xa0, 0xf, 0xff, 0xff, 0xff, 0x20,
    0xb, 0xff, 0xb4, 0x36, 0xff, 0xf3, 0xf, 0xff,
    0xff, 0xff, 0x20, 0xf, 0xfe, 0x0, 0x0, 0x6f,
    0xf7, 0xf, 0xfe, 0x8e, 0xff, 0x20, 0xe, 0xff,
    0x10, 0x0, 0x9f, 0xf7, 0xf, 0xfd, 0xc, 0xff,
    0x20, 0x9, 0xff, 0xe8, 0x7b, 0xff, 0xf2, 0xf,
    0xfd, 0xc, 0xff, 0x20, 0x1, 0xcf, 0xff, 0xff,
    0xff, 0x60, 0xf, 0xfd, 0xc, 0xff, 0x20, 0x0,
    0x6, 0xbe, 0xed, 0x93, 0x0, 0xf, 0xfc, 0xb,
    0xff, 0x10, 0x0, 0x0, 0x0, 0x33, 0x20, 0x0,
    0x0, 0x33, 0x30, 0x0, 0x0, 0x0, 0x0, 0x2,
    0xff, 0xc0, 0x0, 0x0, 0xdf, 0xf1, 0x0, 0x0,
    0x0, 0x0, 0x3, 0xff, 0xf0, 0x0, 0x0, 0xff,
    0xf3, 0x0, 0x0, 0x0, 0x0, 0x8, 0xff, 0xf8,
    0x0, 0x4, 0xff, 0xf8, 0x0, 0x0, 0x0, 0x0,
    0x1f, 0xff, 0xff, 0x80, 0xc, 0xff, 0xff, 0x20,
    0x0, 0x0, 0x1, 0xdf, 0xf9, 0xff, 0xd3, 0xaf,
    0xfe, 0xff, 0xe3, 0x0, 0x0, 0x5e, 0xff, 0x90,
    0x59, 0x3c, 0xff, 0xe1, 0xaf, 0xff, 0x91, 0x4,
    0xff, 0xf9, 0x0, 0x1, 0xef, 0xfe, 0x20, 0x9,
    0xff, 0xe2, 0x0, 0x4e, 0x60, 0x0, 0x0, 0x2e,
    0xb1, 0x0, 0x0, 0x5c, 0x20, 0x0, 0x0, 0x0,
    0x0, 0x0, 0x0, 0x0, 0x0, 0x0, 0x0, 0x0,

    /* U+D589 "행" */
    0x0, 0x0, 0x29, 0x96, 0x0, 0x0, 0x0, 0x0,
    0x6, 0x77, 0x0, 0x0, 0x3, 0xff, 0xb0, 0x0,
    0x0, 0xff, 0xc0, 0xdf, 0xf1, 0x24, 0x44, 0x7f,
    0xfc, 0x44, 0x44, 0xf, 0xfc, 0xd, 0xff, 0x1a,
    0xff, 0xff, 0xff, 0xff, 0xff, 0xf0, 0xff, 0xc0,
    0xdf, 0xf1, 0xaf, 0xff, 0xff, 0xff, 0xff, 0xff,
    0xf, 0xfc, 0xd, 0xff, 0x10, 0x11, 0x11, 0x33,
    0x21, 0x11, 0x10, 0xff, 0xc0, 0xdf, 0xf1, 0x0,
    0x2a, 0xff, 0xff, 0xd6, 0x0, 0xf, 0xfc, 0xd,
    0xff, 0x10, 0x3f, 0xff, 0xff, 0xff, 0xfa, 0x0,
    0xff, 0xff, 0xff, 0xf1, 0xb, 0xff, 0xb4, 0x36,
    0xff, 0xf4, 0xf, 0xff, 0xff, 0xff, 0x10, 0xff,
    0xe0, 0x0, 0x6, 0xff, 0x70, 0xff, 0xe8, 0xef,
    0xf1, 0xe, 0xff, 0x10, 0x0, 0x9f, 0xf6, 0xf,
    0xfc, 0xd, 0xff, 0x10, 0x9f, 0xfd, 0x87, 0xbf,
    0xff, 0x20, 0xff, 0xc0, 0xdf, 0xf1, 0x1, 0xcf,
    0xff, 0xff, 0xff, 0x60, 0xf, 0xfc, 0xd, 0xff,
    0x10, 0x0, 0x5a, 0xdd, 0xc8, 0x20, 0x0, 0x88,
    0x60, 0xdf, 0xf1, 0x0, 0x0, 0x0, 0x0, 0x48,
    0xbc, 0xdd, 0xb9, 0x51, 0x11, 0x0, 0x0, 0x0,
    0x4, 0xef, 0xff, 0xff, 0xff, 0xff, 0xe5, 0x0,
    0x0, 0x0, 0x5, 0xff, 0xff, 0xb9, 0x99, 0xbe,
    0xff, 0xf6, 0x0, 0x0, 0x0, 0xef, 0xf8, 0x0,
    0x0, 0x0, 0x6, 0xff, 0xf0, 0x0, 0x0, 0xf,
    0xff, 0x0, 0x0, 0x0, 0x0, 0xd, 0xff, 0x20,
    0x0, 0x0, 0xef, 0xf5, 0x0, 0x0, 0x0, 0x4,
    0xff, 0xf0, 0x0, 0x0, 0x7, 0xff, 0xfc, 0x87,
    0x67, 0x8c, 0xff, 0xf8, 0x0, 0x0, 0x0, 0x7,
    0xff, 0xff, 0xff, 0xff, 0xff, 0xf8, 0x0, 0x0,
    0x0, 0x0, 0x1, 0x7b, 0xdf, 0xff, 0xeb, 0x72,
    0x0, 0x0,

    /* U+D5C8 "허" */
    0x0, 0x0, 0x4, 0xff, 0xb0, 0x0, 0x0, 0x0,
    0x1f, 0xfd, 0x0, 0x0, 0x4, 0xff, 0xb0, 0x0,
    0x0, 0x0, 0x1f, 0xfd, 0x46, 0x66, 0x68, 0xff,
    0xc6, 0x66, 0x66, 0x0, 0x1f, 0xfd, 0xbf, 0xff,
    0xff, 0xff, 0xff, 0xff, 0xff, 0x10, 0x1f, 0xfd,
    0xbf, 0xff, 0xff, 0xff, 0xff, 0xff, 0xff, 0x10,
    0x1f, 0xfd, 0x11, 0x11, 0x11, 0x11, 0x11, 0x11,
    0x11, 0x0, 0x1f, 0xfd, 0x0, 0x0, 0x38, 0xbb,
    0xa5, 0x0, 0x0, 0x0, 0x1f, 0xfd, 0x0, 0x9,
    0xff, 0xff, 0xff, 0xd2, 0x0, 0x0, 0x1f, 0xfd,
    0x0, 0x9f, 0xff, 0xdc, 0xff, 0xfe, 0x10, 0x0,
    0x1f, 0xfd, 0x2, 0xff, 0xf3, 0x0, 0x1c, 0xff,
    0x8b, 0xff, 0xff, 0xfd, 0x7, 0xff, 0x80, 0x0,
    0x2, 0xff, 0xcb, 0xff, 0xff, 0xfd, 0x8, 0xff,
    0x50, 0x0, 0x0, 0xff, 0xe5, 0x77, 0x7f, 0xfd,
    0x7, 0xff, 0x70, 0x0, 0x1, 0xff, 0xd0, 0x0,
    0x1f, 0xfd, 0x3, 0xff, 0xe2, 0x0, 0xb, 0xff,
    0x90, 0x0, 0x1f, 0xfd, 0x0, 0xaf, 0xff, 0xba,
    0xef, 0xfe, 0x10, 0x0, 0x1f, 0xfd, 0x0, 0xb,
    0xff, 0xff, 0xff, 0xe3, 0x0, 0x0, 0x1f, 0xfd,
    0x0, 0x0, 0x5a, 0xdd, 0xb7, 0x10, 0x0, 0x0,
    0x1f, 0xfd, 0x0, 0x0, 0x0, 0x0, 0x0, 0x0,
    0x0, 0x0, 0x1f, 0xfd, 0x0, 0x0, 0x0, 0x0,
    0x0, 0x0, 0x0, 0x0, 0x1f, 0xfd, 0x0, 0x0,
    0x0, 0x0, 0x0, 0x0, 0x0, 0x0, 0x1f, 0xfd,
    0x0, 0x0, 0x0, 0x0, 0x0, 0x0, 0x0, 0x0,
    0x1f, 0xfd, 0x0, 0x0, 0x0, 0x0, 0x0, 0x0,
    0x0, 0x0, 0x1f, 0xfd, 0x0, 0x0, 0x0, 0x0,
    0x0, 0x0, 0x0, 0x0, 0x9, 0x98,

    /* U+D5D8 "험" */
    0x0, 0x0, 0x0, 0x7b, 0xb3, 0x0, 0x0, 0x0,
    0x0, 0x0, 0x0, 0x0, 0x0, 0xaf, 0xf4, 0x0,
    0x0, 0x0, 0xe, 0xff, 0x6, 0x66, 0x66, 0xcf,
    0xf9, 0x66, 0x66, 0x40, 0xe, 0xff, 0x1f, 0xff,
    0xff, 0xff, 0xff, 0xff, 0xff, 0xc0, 0xe, 0xff,
    0x1f, 0xff, 0xff, 0xff, 0xff, 0xff, 0xff, 0xb0,
    0xe, 0xff, 0x0, 0x0, 0x1, 0x45, 0x42, 0x0,
    0x0, 0x0, 0xe, 0xff, 0x0, 0x3, 0xcf, 0xff,
    0xff, 0xe6, 0x0, 0x0, 0xe, 0xff, 0x0, 0x4f,
    0xff, 0xfd, 0xef, 0xff, 0x76, 0xff, 0xff, 0xff,
    0x0, 0xcf, 0xf6, 0x0, 0x3, 0xef, 0xf7, 0xff,
    0xff, 0xff, 0x0, 0xff, 0xd0, 0x0, 0x0, 0x8f,
    0xf7, 0x88, 0x8f, 0xff, 0x0, 0xef, 0xf1, 0x0,
    0x0, 0xcf, 0xf3, 0x0, 0xe, 0xff, 0x0, 0x9f,
    0xfe, 0x97, 0x8d, 0xff, 0xd0, 0x0, 0xe, 0xff,
    0x0, 0xb, 0xff, 0xff, 0xff, 0xfd, 0x20, 0x0,
    0xe, 0xff, 0x0, 0x0, 0x49, 0xcd, 0xca, 0x60,
    0x0, 0x0, 0xe, 0xff, 0x0, 0x0, 0x1, 0x22,
    0x22, 0x22, 0x22, 0x22, 0x28, 0x88, 0x0, 0x0,
    0xe, 0xff, 0xff, 0xff, 0xff, 0xff, 0xff, 0xff,
    0x0, 0x0, 0xe, 0xff, 0xff, 0xff, 0xff, 0xff,
    0xff, 0xff, 0x0, 0x0, 0xe, 0xff, 0x55, 0x55,
    0x55, 0x55, 0x5e, 0xff, 0x0, 0x0, 0xe, 0xff,
    0x0, 0x0, 0x0, 0x0, 0xe, 0xff, 0x0, 0x0,
    0xe, 0xff, 0x0, 0x0, 0x0, 0x0, 0xe, 0xff,
    0x0, 0x0, 0xe, 0xff, 0x77, 0x77, 0x77, 0x77,
    0x7e, 0xff, 0x0, 0x0, 0xe, 0xff, 0xff, 0xff,
    0xff, 0xff, 0xff, 0xff, 0x0, 0x0, 0xe, 0xff,
    0xff, 0xff, 0xff, 0xff, 0xff, 0xff,

    /* U+D604 "현" */
    0x0, 0x0, 0x0, 0x8d, 0xd3, 0x0, 0x0, 0x0,
    0x0, 0x0, 0x0, 0x0, 0x0, 0xa, 0xff, 0x40,
    0x0, 0x0, 0x0, 0xff, 0xf0, 0x4, 0x44, 0x44,
    0xbf, 0xf7, 0x44, 0x44, 0x30, 0xf, 0xff, 0x1,
    0xff, 0xff, 0xff, 0xff, 0xff, 0xff, 0xfc, 0x0,
    0xff, 0xf0, 0x1f, 0xff, 0xff, 0xff, 0xff, 0xff,
    0xff, 0xc0, 0xf, 0xff, 0x0, 0x11, 0x11, 0x11,
    0x11, 0x11, 0x11, 0x10, 0x0, 0xff, 0xf0, 0x0,
    0x0, 0x17, 0xbc, 0xca, 0x60, 0x0, 0x66, 0x6f,
    0xff, 0x0, 0x0, 0x6f, 0xff, 0xff, 0xff, 0xe3,
    0xf, 0xff, 0xff, 0xf0, 0x0, 0x3f, 0xff, 0xda,
    0xbe, 0xff, 0xe1, 0xff, 0xff, 0xff, 0x0, 0x9,
    0xff, 0x80, 0x0, 0xb, 0xff, 0x60, 0x0, 0xff,
    0xf0, 0x0, 0xbf, 0xf2, 0x0, 0x0, 0x6f, 0xf7,
    0x0, 0xf, 0xff, 0x0, 0x8, 0xff, 0xa1, 0x0,
    0x2d, 0xff, 0x5f, 0xff, 0xff, 0xf0, 0x0, 0x1e,
    0xff, 0xfe, 0xef, 0xff, 0xc1, 0xff, 0xff, 0xff,
    0x0, 0x0, 0x2c, 0xff, 0xff, 0xff, 0xa1, 0x4,
    0x44, 0xff, 0xf0, 0x0, 0x0, 0x3, 0x68, 0x76,
    0x20, 0x0, 0x0, 0xf, 0xff, 0x0, 0x0, 0x0,
    0x0, 0x0, 0x0, 0x0, 0x0, 0x0, 0xff, 0xf0,
    0x0, 0x0, 0xa, 0xa9, 0x0, 0x0, 0x0, 0x0,
    0xf, 0xff, 0x0, 0x0, 0x0, 0xff, 0xd0, 0x0,
    0x0, 0x0, 0x0, 0x55, 0x50, 0x0, 0x0, 0xf,
    0xfd, 0x0, 0x0, 0x0, 0x0, 0x0, 0x0, 0x0,
    0x0, 0x0, 0xff, 0xd0, 0x0, 0x0, 0x0, 0x0,
    0x0, 0x0, 0x0, 0x0, 0xf, 0xfe, 0x77, 0x77,
    0x77, 0x77, 0x77, 0x77, 0x20, 0x0, 0x0, 0xff,
    0xff, 0xff, 0xff, 0xff, 0xff, 0xff, 0xf6, 0x0,
    0x0, 0xf, 0xff, 0xff, 0xff, 0xff, 0xff, 0xff,
    0xff, 0x60,

    /* U+D615 "형" */
    0x0, 0x0, 0x0, 0x7b, 0xb3, 0x0, 0x0, 0x0,
    0x0, 0x0, 0x0, 0x0, 0x0, 0xa, 0xff, 0x40,
    0x0, 0x0, 0x0, 0xff, 0xf0, 0x6, 0x66, 0x66,
    0xcf, 0xf9, 0x66, 0x66, 0x40, 0xf, 0xff, 0x1,
    0xff, 0xff, 0xff, 0xff, 0xff, 0xff, 0xfc, 0x0,
    0xff, 0xf0, 0x1f, 0xff, 0xff, 0xff, 0xff, 0xff,
    0xff, 0xb0, 0xf, 0xff, 0x0, 0x0, 0x0, 0x13,
    0x44, 0x20, 0x0, 0x0, 0x0, 0xff, 0xf0, 0x0,
    0x3, 0xcf, 0xff, 0xff, 0xd6, 0x3, 0xff, 0xff,
    0xff, 0x0, 0x4, 0xff, 0xff, 0xff, 0xff, 0xf8,
    0x3f, 0xff, 0xff, 0xf0, 0x0, 0xcf, 0xf8, 0x20,
    0x15, 0xff, 0xf2, 0x66, 0x6f, 0xff, 0x0, 0xf,
    0xfe, 0x0, 0x0, 0x9, 0xff, 0x40, 0x0, 0xff,
    0xf0, 0x0, 0xef, 0xf2, 0x0, 0x0, 0xcf, 0xf6,
    0xff, 0xff, 0xff, 0x0, 0x8, 0xff, 0xfa, 0x99,
    0xdf, 0xfc, 0x3f, 0xff, 0xff, 0xf0, 0x0, 0x9,
    0xff, 0xff, 0xff, 0xfc, 0x11, 0x77, 0x7f, 0xff,
    0x0, 0x0, 0x2, 0x7a, 0xba, 0x84, 0x0, 0x0,
    0x0, 0xff, 0xf0, 0x0, 0x0, 0x0, 0x0, 0x48,
    0xbc, 0xdd, 0xb9, 0x5e, 0xee, 0x0, 0x0, 0x0,
    0x4, 0xdf, 0xff, 0xff, 0xff, 0xff, 0xe6, 0x0,
    0x0, 0x0, 0x4, 0xff, 0xff, 0xb9, 0x99, 0xbe,
    0xff, 0xf8, 0x0, 0x0, 0x0, 0xdf, 0xf9, 0x0,
    0x0, 0x0, 0x5, 0xff, 0xf1, 0x0, 0x0, 0xf,
    0xff, 0x0, 0x0, 0x0, 0x0, 0xc, 0xff, 0x40,
    0x0, 0x0, 0xef, 0xf6, 0x0, 0x0, 0x0, 0x3,
    0xff, 0xf2, 0x0, 0x0, 0x6, 0xff, 0xfd, 0x97,
    0x66, 0x8b, 0xff, 0xfa, 0x0, 0x0, 0x0, 0x7,
    0xff, 0xff, 0xff, 0xff, 0xff, 0xf9, 0x0, 0x0,
    0x0, 0x0, 0x1, 0x7b, 0xdf, 0xff, 0xeb, 0x82,
    0x0, 0x0,

    /* U+D638 "호" */
    0x0, 0x0, 0x0, 0x0, 0x4, 0xff, 0xa0, 0x0,
    0x0, 0x0, 0x0, 0x0, 0x0, 0x0, 0x0, 0x4,
    0xff, 0xa0, 0x0, 0x0, 0x0, 0x0, 0x0, 0x48,
    0x88, 0x88, 0x8a, 0xff, 0xd8, 0x88, 0x88, 0x88,
    0x0, 0x0, 0x8f, 0xff, 0xff, 0xff, 0xff, 0xff,
    0xff, 0xff, 0xff, 0x0, 0x0, 0x5a, 0xaa, 0xaa,
    0xaa, 0xaa, 0xaa, 0xaa, 0xaa, 0xaa, 0x0, 0x0,
    0x0, 0x0, 0x0, 0x46, 0x77, 0x75, 0x20, 0x0,
    0x0, 0x0, 0x0, 0x0, 0x2, 0xaf, 0xff, 0xff,
    0xff, 0xfd, 0x50, 0x0, 0x0, 0x0, 0x0, 0x4f,
    0xff, 0xff, 0xed, 0xef, 0xff, 0xfa, 0x0, 0x0,
    0x0, 0x0, 0xef, 0xf9, 0x20, 0x0, 0x1, 0x6f,
    0xff, 0x50, 0x0, 0x0, 0x3, 0xff, 0xc0, 0x0,
    0x0, 0x0, 0x6, 0xff, 0xa0, 0x0, 0x0, 0x4,
    0xff, 0xc0, 0x0, 0x0, 0x0, 0x6, 0xff, 0xa0,
    0x0, 0x0, 0x0, 0xef, 0xf9, 0x20, 0x0, 0x0,
    0x6f, 0xff, 0x50, 0x0, 0x0, 0x0, 0x4f, 0xff,
    0xfe, 0xdd, 0xef, 0xff, 0xfa, 0x0, 0x0, 0x0,
    0x0, 0x2, 0xaf, 0xff, 0xff, 0xff, 0xfd, 0x50,
    0x0, 0x0, 0x0, 0x0, 0x0, 0x0, 0x48, 0xff,
    0xc5, 0x10, 0x0, 0x0, 0x0, 0x0, 0x0, 0x0,
    0x0, 0x4, 0xff, 0xa0, 0x0, 0x0, 0x0, 0x0,
    0x2, 0x22, 0x22, 0x22, 0x25, 0xff, 0xb2, 0x22,
    0x22, 0x22, 0x21, 0x4f, 0xff, 0xff, 0xff, 0xff,
    0xff, 0xff, 0xff, 0xff, 0xff, 0xfb, 0x4f, 0xff,
    0xff, 0xff, 0xff, 0xff, 0xff, 0xff, 0xff, 0xff,
    0xfb, 0x15, 0x55, 0x55, 0x55, 0x55, 0x55, 0x55,
    0x55, 0x55, 0x55, 0x53,

    /* U+D648 "홈" */
    0x0, 0x0, 0x0, 0x0, 0x2, 0xbb, 0x70, 0x0,
    0x0, 0x0, 0x0, 0x0, 0x0, 0x0, 0x0, 0x4,
    0xff, 0xa0, 0x0, 0x0, 0x0, 0x0, 0x0, 0x6f,
    0xff, 0xff, 0xff, 0xff, 0xff, 0xff, 0xff, 0xfd,
    0x0, 0x0, 0x6f, 0xff, 0xff, 0xff, 0xff, 0xff,
    0xff, 0xff, 0xfd, 0x0, 0x0, 0x14, 0x44, 0x44,
    0x46, 0x67, 0x65, 0x44, 0x44, 0x43, 0x0, 0x0,
    0x0, 0x5, 0xbe, 0xff, 0xff, 0xff, 0xfc, 0x81,
    0x0, 0x0, 0x0, 0x0, 0xaf, 0xff, 0xfe, 0xdd,
    0xef, 0xff, 0xfe, 0x20, 0x0, 0x0, 0x3, 0xff,
    0xe4, 0x0, 0x0, 0x0, 0x2a, 0xff, 0xa0, 0x0,
    0x0, 0x3, 0xff, 0xe3, 0x0, 0x0, 0x0, 0x19,
    0xff, 0xa0, 0x0, 0x0, 0x0, 0xbf, 0xff, 0xfe,
    0xdd, 0xde, 0xff, 0xff, 0x30, 0x0, 0x0, 0x0,
    0x5, 0xbf, 0xff, 0xff, 0xff, 0xfd, 0x81, 0x0,
    0x0, 0x0, 0x0, 0x0, 0x0, 0x16, 0xff, 0xb2,
    0x0, 0x0, 0x0, 0x0, 0x16, 0x66, 0x66, 0x66,
    0x69, 0xff, 0xc6, 0x66, 0x66, 0x66, 0x64, 0x4f,
    0xff, 0xff, 0xff, 0xff, 0xff, 0xff, 0xff, 0xff,
    0xff, 0xfb, 0x4f, 0xff, 0xff, 0xff, 0xff, 0xff,
    0xff, 0xff, 0xff, 0xff, 0xfa, 0x0, 0x0, 0x0,
    0x0, 0x0, 0x0, 0x0, 0x0, 0x0, 0x0, 0x0,
    0x0, 0x4, 0xff, 0xff, 0xff, 0xff, 0xff, 0xff,
    0xff, 0xb0, 0x0, 0x0, 0x4, 0xff, 0xff, 0xff,
    0xff, 0xff, 0xff, 0xff, 0xb0, 0x0, 0x0, 0x4,
    0xff, 0xb4, 0x44, 0x44, 0x44, 0x47, 0xff, 0xb0,
    0x0, 0x0, 0x4, 0xff, 0xa0, 0x0, 0x0, 0x0,
    0x3, 0xff, 0xb0, 0x0, 0x0, 0x4, 0xff, 0xb4,
    0x44, 0x44, 0x44, 0x47, 0xff, 0xb0, 0x0, 0x0,
    0x4, 0xff, 0xff, 0xff, 0xff, 0xff, 0xff, 0xff,
    0xb0, 0x0, 0x0, 0x4, 0xff, 0xff, 0xff, 0xff,
    0xff, 0xff, 0xff, 0xb0, 0x0,

    /* U+D654 "화" */
    0x0, 0x0, 0x0, 0x8, 0xbb, 0x20, 0x0, 0x0,
    0x7, 0x99, 0x10, 0x0, 0x0, 0x0, 0x0, 0xb,
    0xff, 0x40, 0x0, 0x0, 0xc, 0xff, 0x20, 0x0,
    0x0, 0x0, 0x0, 0xb, 0xff, 0x40, 0x0, 0x0,
    0xc, 0xff, 0x20, 0x0, 0x4, 0xff, 0xff, 0xff,
    0xff, 0xff, 0xff, 0xfc, 0xc, 0xff, 0x20, 0x0,
    0x4, 0xff, 0xff, 0xff, 0xff, 0xff, 0xff, 0xfc,
    0xc, 0xff, 0x20, 0x0, 0x1, 0x77, 0x77, 0x77,
    0x77, 0x77, 0x77, 0x75, 0xc, 0xff, 0x20, 0x0,
    0x0, 0x0, 0x1, 0x7a, 0xbb, 0x95, 0x0, 0x0,
    0xc, 0xff, 0x20, 0x0, 0x0, 0x0, 0x7f, 0xff,
    0xff, 0xff, 0xe3, 0x0, 0xc, 0xff, 0x20, 0x0,
    0x0, 0x6, 0xff, 0xfd, 0xbb, 0xff, 0xfe, 0x10,
    0xc, 0xff, 0x20, 0x0, 0x0, 0xe, 0xff, 0x70,
    0x0, 0x1c, 0xff, 0x70, 0xc, 0xff, 0x20, 0x0,
    0x0, 0x1f, 0xfe, 0x0, 0x0, 0x6, 0xff, 0x90,
    0xc, 0xff, 0xee, 0xe7, 0x0, 0xf, 0xff, 0x20,
    0x0, 0x9, 0xff, 0x80, 0xc, 0xff, 0xff, 0xf8,
    0x0, 0xa, 0xff, 0xe7, 0x45, 0x9f, 0xff, 0x20,
    0xc, 0xff, 0xa9, 0x95, 0x0, 0x1, 0xdf, 0xff,
    0xff, 0xff, 0xf6, 0x0, 0xc, 0xff, 0x20, 0x0,
    0x0, 0x0, 0x7, 0xdf, 0xff, 0xea, 0x30, 0x0,
    0xc, 0xff, 0x20, 0x0, 0x0, 0x0, 0x0, 0xb,
    0xff, 0x40, 0x0, 0x0, 0xc, 0xff, 0x20, 0x0,
    0x0, 0x0, 0x0, 0xb, 0xff, 0x40, 0x0, 0x0,
    0xc, 0xff, 0x20, 0x0, 0x1a, 0xaa, 0xaa, 0xae,
    0xff, 0xdc, 0xcd, 0xee, 0x6c, 0xff, 0x20, 0x0,
    0xf, 0xff, 0xff, 0xff, 0xff, 0xff, 0xff, 0xff,
    0x7c, 0xff, 0x20, 0x0, 0xb, 0xcc, 0xcc, 0xcb,
    0xbb, 0xaa, 0x99, 0x87, 0x3c, 0xff, 0x20, 0x0,
    0x0, 0x0, 0x0, 0x0, 0x0, 0x0, 0x0, 0x0,
    0xc, 0xff, 0x20, 0x0, 0x0, 0x0, 0x0, 0x0,
    0x0, 0x0, 0x0, 0x0, 0xc, 0xff, 0x20, 0x0,
    0x0, 0x0, 0x0, 0x0, 0x0, 0x0, 0x0, 0x0,
    0xc, 0xff, 0x20, 0x0, 0x0, 0x0, 0x0, 0x0,
    0x0, 0x0, 0x0, 0x0, 0x0, 0x0, 0x0, 0x0,

    /* U+D655 "확" */
    0x0, 0x0, 0x0, 0x5d, 0xd7, 0x0, 0x0, 0x0,
    0x0, 0x0, 0x0, 0x0, 0x0, 0x0, 0x6, 0xff,
    0x90, 0x0, 0x0, 0xf, 0xff, 0x0, 0x0, 0x6,
    0x88, 0x88, 0xbf, 0xfc, 0x88, 0x88, 0x70, 0xff,
    0xf0, 0x0, 0x0, 0xdf, 0xff, 0xff, 0xff, 0xff,
    0xff, 0xfe, 0xf, 0xff, 0x0, 0x0, 0x6, 0x88,
    0x88, 0x88, 0x88, 0x88, 0x88, 0x70, 0xff, 0xf0,
    0x0, 0x0, 0x0, 0x6, 0xbd, 0xff, 0xeb, 0x60,
    0x0, 0xf, 0xff, 0x0, 0x0, 0x0, 0x1d, 0xff,
    0xff, 0xff, 0xff, 0xd2, 0x0, 0xff, 0xf0, 0x0,
    0x0, 0xa, 0xff, 0xb5, 0x33, 0x4a, 0xff, 0xc0,
    0xf, 0xff, 0x0, 0x0, 0x0, 0xdf, 0xf2, 0x0,
    0x0, 0x1f, 0xff, 0x0, 0xff, 0xf8, 0x88, 0x10,
    0xa, 0xff, 0xe8, 0x76, 0x8d, 0xff, 0xc0, 0xf,
    0xff, 0xff, 0xf3, 0x0, 0x1d, 0xff, 0xff, 0xff,
    0xff, 0xe3, 0x0, 0xff, 0xff, 0xff, 0x30, 0x0,
    0x5, 0xae, 0xff, 0xeb, 0x61, 0x0, 0xf, 0xff,
    0x0, 0x0, 0x0, 0x0, 0x0, 0x6f, 0xf8, 0x11,
    0x22, 0x30, 0xff, 0xf0, 0x0, 0x7, 0xee, 0xef,
    0xff, 0xff, 0xff, 0xff, 0xff, 0x3f, 0xff, 0x0,
    0x0, 0x6f, 0xff, 0xff, 0xff, 0xff, 0xff, 0xff,
    0xf4, 0xff, 0xf0, 0x0, 0x2, 0x66, 0x66, 0x55,
    0x54, 0x33, 0x21, 0x0, 0xf, 0xff, 0x0, 0x0,
    0x0, 0x0, 0x66, 0x66, 0x66, 0x66, 0x66, 0x66,
    0xaa, 0xa0, 0x0, 0x0, 0x0, 0xf, 0xff, 0xff,
    0xff, 0xff, 0xff, 0xff, 0xff, 0x0, 0x0, 0x0,
    0x0, 0xff, 0xff, 0xff, 0xff, 0xff, 0xff, 0xff,
    0xf0, 0x0, 0x0, 0x0, 0x0, 0x0, 0x0, 0x0,
    0x0, 0x0, 0xf, 0xff, 0x0, 0x0, 0x0, 0x0,
    0x0, 0x0, 0x0, 0x0, 0x0, 0x0, 0xff, 0xf0,
    0x0, 0x0, 0x0, 0x0, 0x0, 0x0, 0x0, 0x0,
    0x0, 0xf, 0xff, 0x0, 0x0, 0x0, 0x0, 0x0,
    0x0, 0x0, 0x0, 0x0, 0x0, 0xff, 0xf0, 0x0,
    0x0, 0x0, 0x0, 0x0, 0x0, 0x0, 0x0, 0x0,
    0x1, 0x11, 0x0, 0x0,

    /* U+D658 "환" */
    0x0, 0x0, 0x0, 0x5e, 0xe8, 0x0, 0x0, 0x0,
    0xab, 0xb0, 0x0, 0x0, 0x0, 0x0, 0x5, 0xff,
    0x90, 0x0, 0x0, 0xf, 0xff, 0x0, 0x0, 0xa,
    0xcc, 0xcc, 0xdf, 0xfe, 0xcc, 0xcc, 0xb0, 0xff,
    0xf0, 0x0, 0x0, 0xdf, 0xff, 0xff, 0xff, 0xff,
    0xff, 0xfe, 0xf, 0xff, 0x0, 0x0, 0x6, 0x88,
    0x88, 0x88, 0x88, 0x88, 0x88, 0x70, 0xff, 0xf0,
    0x0, 0x0, 0x0, 0x4, 0x9c, 0xdd, 0xc9, 0x40,
    0x0, 0xf, 0xff, 0x0, 0x0, 0x0, 0xb, 0xff,
    0xff, 0xff, 0xff, 0xc1, 0x0, 0xff, 0xf0, 0x0,
    0x0, 0x8, 0xff, 0xe8, 0x66, 0x7d, 0xff, 0xb0,
    0xf, 0xff, 0x0, 0x0, 0x0, 0xcf, 0xf3, 0x0,
    0x0, 0xf, 0xff, 0x0, 0xff, 0xfc, 0xcc, 0x30,
    0xb, 0xff, 0x91, 0x0, 0x17, 0xff, 0xe0, 0xf,
    0xff, 0xff, 0xf4, 0x0, 0x3f, 0xff, 0xff, 0xff,
    0xff, 0xf5, 0x0, 0xff, 0xfc, 0xcc, 0x30, 0x0,
    0x19, 0xef, 0xff, 0xff, 0xb4, 0x0, 0xf, 0xff,
    0x0, 0x0, 0x0, 0x0, 0x0, 0x6f, 0xfa, 0x0,
    0x0, 0x0, 0xff, 0xf0, 0x0, 0x2, 0x44, 0x44,
    0x48, 0xff, 0xb6, 0x67, 0x78, 0x1f, 0xff, 0x0,
    0x0, 0x7f, 0xff, 0xff, 0xff, 0xff, 0xff, 0xff,
    0xf4, 0xff, 0xf0, 0x0, 0x5, 0xff, 0xff, 0xff,
    0xff, 0xfe, 0xdd, 0xcb, 0x3f, 0xff, 0x0, 0x0,
    0x2, 0x11, 0x11, 0x10, 0x0, 0x0, 0x0, 0x0,
    0xff, 0xf0, 0x0, 0x0, 0x0, 0xe, 0xff, 0x0,
    0x0, 0x0, 0x0, 0x2, 0x22, 0x0, 0x0, 0x0,
    0x0, 0xef, 0xf0, 0x0, 0x0, 0x0, 0x0, 0x0,
    0x0, 0x0, 0x0, 0x0, 0xe, 0xff, 0x0, 0x0,
    0x0, 0x0, 0x0, 0x0, 0x0, 0x0, 0x0, 0x0,
    0xef, 0xf7, 0x77, 0x77, 0x77, 0x77, 0x77, 0x72,
    0x0, 0x0, 0x0, 0xe, 0xff, 0xff, 0xff, 0xff,
    0xff, 0xff, 0xff, 0x40, 0x0, 0x0, 0x0, 0xef,
    0xff, 0xff, 0xff, 0xff, 0xff, 0xff, 0xf4, 0x0,
    0x0,

    /* U+D65C "활" */
    0x0, 0x0, 0x0, 0x9c, 0xc1, 0x0, 0x0, 0x0,
    0x0, 0x0, 0x0, 0x0, 0x0, 0x0, 0xc, 0xff,
    0x20, 0x0, 0x0, 0xf, 0xff, 0x0, 0x0, 0xf,
    0xff, 0xff, 0xff, 0xff, 0xff, 0xff, 0x60, 0xff,
    0xf0, 0x0, 0x0, 0xff, 0xff, 0xff, 0xff, 0xff,
    0xff, 0xf6, 0xf, 0xff, 0x0, 0x0, 0x1, 0x11,
    0x26, 0x78, 0x87, 0x41, 0x11, 0x0, 0xff, 0xf0,
    0x0, 0x0, 0x3, 0xcf, 0xff, 0xff, 0xff, 0xf7,
    0x0, 0xf, 0xff, 0x0, 0x0, 0x1, 0xff, 0xfa,
    0x88, 0x89, 0xef, 0xf6, 0x0, 0xff, 0xf3, 0x33,
    0x0, 0x3f, 0xfc, 0x10, 0x0, 0x8, 0xff, 0x80,
    0xf, 0xff, 0xff, 0xf4, 0x0, 0xdf, 0xff, 0xfe,
    0xff, 0xff, 0xf3, 0x0, 0xff, 0xff, 0xff, 0x40,
    0x1, 0x9e, 0xff, 0xff, 0xfe, 0x92, 0x0, 0xf,
    0xff, 0x44, 0x41, 0x0, 0x0, 0x0, 0xdf, 0xf3,
    0x12, 0x23, 0x30, 0xff, 0xf0, 0x0, 0xc, 0xef,
    0xff, 0xff, 0xff, 0xff, 0xff, 0xff, 0xf, 0xff,
    0x0, 0x0, 0xbf, 0xff, 0xff, 0xff, 0xff, 0xff,
    0xff, 0xe0, 0xff, 0xf0, 0x0, 0x3, 0x54, 0x44,
    0x43, 0x32, 0x21, 0x0, 0x0, 0xf, 0xff, 0x0,
    0x0, 0x0, 0x0, 0x25, 0x55, 0x55, 0x55, 0x55,
    0x55, 0x66, 0x50, 0x0, 0x0, 0x0, 0x8, 0xff,
    0xff, 0xff, 0xff, 0xff, 0xff, 0xff, 0x0, 0x0,
    0x0, 0x0, 0x7e, 0xee, 0xee, 0xee, 0xee, 0xee,
    0xff, 0xf0, 0x0, 0x0, 0x0, 0x1, 0x22, 0x22,
    0x22, 0x22, 0x22, 0x2f, 0xff, 0x0, 0x0, 0x0,
    0x0, 0x8f, 0xff, 0xff, 0xff, 0xff, 0xff, 0xff,
    0xf0, 0x0, 0x0, 0x0, 0x8, 0xff, 0xee, 0xee,
    0xee, 0xee, 0xee, 0xed, 0x0, 0x0, 0x0, 0x0,
    0x8f, 0xf8, 0x33, 0x33, 0x33, 0x33, 0x33, 0x31,
    0x0, 0x0, 0x0, 0x8, 0xff, 0xff, 0xff, 0xff,
    0xff, 0xff, 0xff, 0x80, 0x0, 0x0, 0x0, 0x8f,
    0xff, 0xff, 0xff, 0xff, 0xff, 0xff, 0xf8, 0x0,
    0x0,

    /* U+D669 "황" */
    0x0, 0x0, 0x0, 0x0, 0x0, 0x0, 0x0, 0x0,
    0x0, 0x0, 0x0, 0x0, 0x0, 0x0, 0xa, 0xff,
    0x40, 0x0, 0x0, 0x0, 0x0, 0x0, 0x0, 0x0,
    0x0, 0x0, 0xaf, 0xf4, 0x0, 0x0, 0x0, 0xef,
    0xf1, 0x0, 0x0, 0xff, 0xff, 0xff, 0xff, 0xff,
    0xff, 0xf9, 0xe, 0xff, 0x10, 0x0, 0xf, 0xff,
    0xff, 0xff, 0xff, 0xff, 0xff, 0xa0, 0xef, 0xf1,
    0x0, 0x0, 0x44, 0x44, 0x57, 0x88, 0x74, 0x44,
    0x42, 0xe, 0xff, 0x10, 0x0, 0x0, 0x5, 0xcf,
    0xff, 0xff, 0xfa, 0x20, 0x0, 0xef, 0xf1, 0x0,
    0x0, 0x7, 0xff, 0xff, 0xef, 0xff, 0xfe, 0x20,
    0xe, 0xff, 0x10, 0x0, 0x0, 0xff, 0xf4, 0x0,
    0x1, 0xaf, 0xf9, 0x0, 0xef, 0xf2, 0x11, 0x0,
    0x1f, 0xfe, 0x0, 0x0, 0x5, 0xff, 0xa0, 0xe,
    0xff, 0xff, 0xf3, 0x0, 0xcf, 0xfe, 0x98, 0x8b,
    0xff, 0xf4, 0x0, 0xef, 0xff, 0xff, 0x30, 0x1,
    0xbf, 0xff, 0xff, 0xff, 0xe5, 0x0, 0xe, 0xff,
    0x66, 0x61, 0x0, 0x0, 0x26, 0xdf, 0xf9, 0x40,
    0x0, 0x0, 0xef, 0xf1, 0x0, 0x2, 0x22, 0x33,
    0x3c, 0xff, 0x97, 0x78, 0x99, 0x2e, 0xff, 0x10,
    0x0, 0xdf, 0xff, 0xff, 0xff, 0xff, 0xff, 0xff,
    0xf4, 0xef, 0xf1, 0x0, 0xb, 0xff, 0xff, 0xff,
    0xff, 0xff, 0xff, 0xff, 0x5e, 0xff, 0x10, 0x0,
    0x58, 0x88, 0x87, 0x77, 0x9a, 0xaa, 0x97, 0x41,
    0xcd, 0xd0, 0x0, 0x0, 0x0, 0x0, 0x3a, 0xff,
    0xff, 0xff, 0xff, 0xfc, 0x60, 0x0, 0x0, 0x0,
    0x0, 0x6f, 0xff, 0xff, 0xed, 0xee, 0xff, 0xff,
    0xb0, 0x0, 0x0, 0x0, 0xf, 0xff, 0x82, 0x0,
    0x0, 0x0, 0x5e, 0xff, 0x40, 0x0, 0x0, 0x1,
    0xff, 0xf0, 0x0, 0x0, 0x0, 0x0, 0xaf, 0xf6,
    0x0, 0x0, 0x0, 0xc, 0xff, 0xd8, 0x54, 0x44,
    0x57, 0xbf, 0xff, 0x20, 0x0, 0x0, 0x0, 0x1c,
    0xff, 0xff, 0xff, 0xff, 0xff, 0xfe, 0x40, 0x0,
    0x0, 0x0, 0x0, 0x4, 0x9c, 0xef, 0xff, 0xed,
    0xa6, 0x0, 0x0, 0x0,

    /* U+D68C "회" */
    0x0, 0x0, 0x0, 0x4, 0xbb, 0x60, 0x0, 0x0,
    0x0, 0x89, 0x90, 0x0, 0x0, 0x0, 0x6, 0xff,
    0x80, 0x0, 0x0, 0x0, 0xef, 0xf0, 0x0, 0x12,
    0x22, 0x27, 0xff, 0x92, 0x22, 0x22, 0x0, 0xef,
    0xf0, 0x0, 0xff, 0xff, 0xff, 0xff, 0xff, 0xff,
    0xff, 0x10, 0xef, 0xf0, 0x0, 0xff, 0xff, 0xff,
    0xff, 0xff, 0xff, 0xff, 0x10, 0xef, 0xf0, 0x0,
    0x55, 0x55, 0x55, 0x55, 0x55, 0x55, 0x55, 0x0,
    0xef, 0xf0, 0x0, 0x0, 0x1, 0x7b, 0xcd, 0xb8,
    0x20, 0x0, 0x0, 0xef, 0xf0, 0x0, 0x0, 0x5f,
    0xff, 0xff, 0xff, 0xf7, 0x0, 0x0, 0xef, 0xf0,
    0x0, 0x3, 0xff, 0xfe, 0xaa, 0xdf, 0xff, 0x50,
    0x0, 0xef, 0xf0, 0x0, 0xa, 0xff, 0xa0, 0x0,
    0x8, 0xff, 0xc0, 0x0, 0xef, 0xf0, 0x0, 0xc,
    0xff, 0x30, 0x0, 0x1, 0xff, 0xe0, 0x0, 0xef,
    0xf0, 0x0, 0xb, 0xff, 0x60, 0x0, 0x4, 0xff,
    0xc0, 0x0, 0xef, 0xf0, 0x0, 0x5, 0xff, 0xf9,
    0x65, 0x9f, 0xff, 0x60, 0x0, 0xef, 0xf0, 0x0,
    0x0, 0x8f, 0xff, 0xff, 0xff, 0xf9, 0x0, 0x0,
    0xef, 0xf0, 0x0, 0x0, 0x4, 0xaf, 0xff, 0xfa,
    0x40, 0x0, 0x0, 0xef, 0xf0, 0x0, 0x0, 0x0,
    0x6, 0xff, 0x80, 0x0, 0x0, 0x0, 0xef, 0xf0,
    0x0, 0x0, 0x0, 0x6, 0xff, 0x80, 0x0, 0x0,
    0x0, 0xef, 0xf0, 0x1a, 0xaa, 0xaa, 0xac, 0xff,
    0xec, 0xcd, 0xde, 0xf2, 0xef, 0xf0, 0xf, 0xff,
    0xff, 0xff, 0xff, 0xff, 0xff, 0xff, 0xf3, 0xef,
    0xf0, 0xb, 0xcc, 0xcc, 0xcc, 0xbb, 0xba, 0xa9,
    0x98, 0x71, 0xef, 0xf0, 0x0, 0x0, 0x0, 0x0,
    0x0, 0x0, 0x0, 0x0, 0x0, 0xef, 0xf0, 0x0,
    0x0, 0x0, 0x0, 0x0, 0x0, 0x0, 0x0, 0x0,
    0xef, 0xf0, 0x0, 0x0, 0x0, 0x0, 0x0, 0x0,
    0x0, 0x0, 0x0, 0xef, 0xf0, 0x0, 0x0, 0x0,
    0x0, 0x0, 0x0, 0x0, 0x0, 0x0, 0x0, 0x0,

    /* U+D6C4 "후" */
    0x0, 0x0, 0x0, 0x0, 0x2, 0xbb, 0x70, 0x0,
    0x0, 0x0, 0x0, 0x0, 0x0, 0x0, 0x0, 0x4,
    0xff, 0xb0, 0x0, 0x0, 0x0, 0x0, 0x0, 0x37,
    0x77, 0x77, 0x79, 0xff, 0xd7, 0x77, 0x77, 0x76,
    0x0, 0x0, 0x6f, 0xff, 0xff, 0xff, 0xff, 0xff,
    0xff, 0xff, 0xfd, 0x0, 0x0, 0x6e, 0xee, 0xee,
    0xee, 0xee, 0xee, 0xee, 0xee, 0xec, 0x0, 0x0,
    0x0, 0x0, 0x0, 0x24, 0x55, 0x43, 0x0, 0x0,
    0x0, 0x0, 0x0, 0x0, 0x2, 0x9e, 0xff, 0xff,
    0xff, 0xfc, 0x50, 0x0, 0x0, 0x0, 0x0, 0x4f,
    0xff, 0xff, 0xff, 0xff, 0xff, 0xfa, 0x0, 0x0,
    0x0, 0x0, 0xef, 0xfa, 0x30, 0x0, 0x2, 0x7f,
    0xff, 0x50, 0x0, 0x0, 0x1, 0xff, 0xe0, 0x0,
    0x0, 0x0, 0x8, 0xff, 0x80, 0x0, 0x0, 0x0,
    0xff, 0xf9, 0x20, 0x0, 0x0, 0x5e, 0xff, 0x50,
    0x0, 0x0, 0x0, 0x5f, 0xff, 0xff, 0xed, 0xef,
    0xff, 0xfc, 0x0, 0x0, 0x0, 0x0, 0x3, 0xbf,
    0xff, 0xff, 0xff, 0xfe, 0x70, 0x0, 0x0, 0x0,
    0x0, 0x0, 0x0, 0x35, 0x67, 0x64, 0x20, 0x0,
    0x0, 0x0, 0x16, 0x66, 0x66, 0x66, 0x66, 0x66,
    0x66, 0x66, 0x66, 0x66, 0x64, 0x4f, 0xff, 0xff,
    0xff, 0xff, 0xff, 0xff, 0xff, 0xff, 0xff, 0xfb,
    0x4f, 0xff, 0xff, 0xff, 0xff, 0xff, 0xff, 0xff,
    0xff, 0xff, 0xfb, 0x1, 0x11, 0x11, 0x11, 0x14,
    0xff, 0xb1, 0x11, 0x11, 0x11, 0x10, 0x0, 0x0,
    0x0, 0x0, 0x4, 0xff, 0xb0, 0x0, 0x0, 0x0,
    0x0, 0x0, 0x0, 0x0, 0x0, 0x4, 0xff, 0xb0,
    0x0, 0x0, 0x0, 0x0, 0x0, 0x0, 0x0, 0x0,
    0x4, 0xff, 0xb0, 0x0, 0x0, 0x0, 0x0, 0x0,
    0x0, 0x0, 0x0, 0x4, 0xff, 0xb0, 0x0, 0x0,
    0x0, 0x0, 0x0, 0x0, 0x0, 0x0, 0x4, 0xff,
    0xb0, 0x0, 0x0, 0x0, 0x0, 0x0, 0x0, 0x0,
    0x0, 0x0, 0x11, 0x10, 0x0, 0x0, 0x0, 0x0,

    /* U+D734 "휴" */
    0x0, 0x0, 0x0, 0x0, 0x2, 0xbb, 0x70, 0x0,
    0x0, 0x0, 0x0, 0x0, 0x0, 0x0, 0x0, 0x4,
    0xff, 0xb0, 0x0, 0x0, 0x0, 0x0, 0x0, 0x37,
    0x77, 0x77, 0x79, 0xff, 0xd7, 0x77, 0x77, 0x76,
    0x0, 0x0, 0x6f, 0xff, 0xff, 0xff, 0xff, 0xff,
    0xff, 0xff, 0xfd, 0x0, 0x0, 0x6e, 0xee, 0xee,
    0xee, 0xee, 0xee, 0xee, 0xee, 0xec, 0x0, 0x0,
    0x0, 0x0, 0x0, 0x24, 0x55, 0x43, 0x0, 0x0,
    0x0, 0x0, 0x0, 0x0, 0x2, 0x9e, 0xff, 0xff,
    0xff, 0xfc, 0x50, 0x0, 0x0, 0x0, 0x0, 0x4f,
    0xff, 0xff, 0xff, 0xff, 0xff, 0xfa, 0x0, 0x0,
    0x0, 0x0, 0xef, 0xfa, 0x30, 0x0, 0x2, 0x7f,
    0xff, 0x50, 0x0, 0x0, 0x1, 0xff, 0xe0, 0x0,
    0x0, 0x0, 0x8, 0xff, 0x80, 0x0, 0x0, 0x0,
    0xff, 0xf8, 0x10, 0x0, 0x0, 0x4e, 0xff, 0x60,
    0x0, 0x0, 0x0, 0x6f, 0xff, 0xfe, 0xcc, 0xdf,
    0xff, 0xfc, 0x0, 0x0, 0x0, 0x0, 0x4, 0xcf,
    0xff, 0xff, 0xff, 0xfe, 0x80, 0x0, 0x0, 0x0,
    0x0, 0x0, 0x1, 0x57, 0x88, 0x76, 0x30, 0x0,
    0x0, 0x0, 0x27, 0x77, 0x77, 0x77, 0x77, 0x77,
    0x77, 0x77, 0x77, 0x77, 0x75, 0x4f, 0xff, 0xff,
    0xff, 0xff, 0xff, 0xff, 0xff, 0xff, 0xff, 0xfb,
    0x4f, 0xff, 0xff, 0xff, 0xff, 0xff, 0xff, 0xff,
    0xff, 0xff, 0xfb, 0x0, 0x0, 0x3, 0xff, 0xc0,
    0x0, 0x5, 0xff, 0xa0, 0x0, 0x0, 0x0, 0x0,
    0x3, 0xff, 0xc0, 0x0, 0x5, 0xff, 0xa0, 0x0,
    0x0, 0x0, 0x0, 0x3, 0xff, 0xc0, 0x0, 0x5,
    0xff, 0xa0, 0x0, 0x0, 0x0, 0x0, 0x3, 0xff,
    0xc0, 0x0, 0x5, 0xff, 0xa0, 0x0, 0x0, 0x0,
    0x0, 0x3, 0xff, 0xc0, 0x0, 0x5, 0xff, 0xa0,
    0x0, 0x0, 0x0, 0x0, 0x3, 0xff, 0xc0, 0x0,
    0x5, 0xff, 0xa0, 0x0, 0x0, 0x0, 0x0, 0x0,
    0x11, 0x10, 0x0, 0x0, 0x11, 0x10, 0x0, 0x0,

    /* U+D754 "흔" */
    0x0, 0x0, 0x0, 0x0, 0x3, 0xcc, 0x80, 0x0,
    0x0, 0x0, 0x0, 0x0, 0x0, 0x0, 0x0, 0x4,
    0xff, 0xa0, 0x0, 0x0, 0x0, 0x0, 0x0, 0x4c,
    0xcc, 0xcc, 0xcd, 0xff, 0xec, 0xcc, 0xcc, 0xca,
    0x0, 0x0, 0x6f, 0xff, 0xff, 0xff, 0xff, 0xff,
    0xff, 0xff, 0xfd, 0x0, 0x0, 0x26, 0x66, 0x66,
    0x66, 0x66, 0x66, 0x66, 0x66, 0x65, 0x0, 0x0,
    0x0, 0x0, 0x58, 0xbc, 0xdd, 0xdb, 0xa6, 0x20,
    0x0, 0x0, 0x0, 0x0, 0x4e, 0xff, 0xff, 0xff,
    0xff, 0xff, 0xf9, 0x0, 0x0, 0x0, 0x1, 0xff,
    0xfb, 0x75, 0x44, 0x56, 0x9f, 0xff, 0x70, 0x0,
    0x0, 0x4, 0xff, 0xc0, 0x0, 0x0, 0x0, 0x5,
    0xff, 0xb0, 0x0, 0x0, 0x2, 0xff, 0xf9, 0x53,
    0x22, 0x24, 0x7d, 0xff, 0x80, 0x0, 0x0, 0x0,
    0x6f, 0xff, 0xff, 0xff, 0xff, 0xff, 0xfb, 0x0,
    0x0, 0x0, 0x0, 0x1, 0x7b, 0xdf, 0xff, 0xfe,
    0xc9, 0x40, 0x0, 0x0, 0x0, 0x0, 0x0, 0x0,
    0x0, 0x0, 0x0, 0x0, 0x0, 0x0, 0x0, 0x27,
    0x77, 0x77, 0x77, 0x77, 0x77, 0x77, 0x77, 0x77,
    0x77, 0x75, 0x4f, 0xff, 0xff, 0xff, 0xff, 0xff,
    0xff, 0xff, 0xff, 0xff, 0xfb, 0x3f, 0xff, 0xff,
    0xff, 0xff, 0xff, 0xff, 0xff, 0xff, 0xff, 0xfa,
    0x0, 0x0, 0x0, 0x0, 0x0, 0x0, 0x0, 0x0,
    0x0, 0x0, 0x0, 0x0, 0x3, 0xcc, 0x70, 0x0,
    0x0, 0x0, 0x0, 0x0, 0x0, 0x0, 0x0, 0x4,
    0xff, 0xa0, 0x0, 0x0, 0x0, 0x0, 0x0, 0x0,
    0x0, 0x0, 0x4, 0xff, 0xa0, 0x0, 0x0, 0x0,
    0x0, 0x0, 0x0, 0x0, 0x0, 0x4, 0xff, 0xc6,
    0x66, 0x66, 0x66, 0x66, 0x66, 0x60, 0x0, 0x0,
    0x4, 0xff, 0xff, 0xff, 0xff, 0xff, 0xff, 0xff,
    0xf2, 0x0, 0x0, 0x4, 0xff, 0xff, 0xff, 0xff,
    0xff, 0xff, 0xff, 0xf2, 0x0,

    /* U+D788 "히" */
    0x0, 0x0, 0x0, 0xbf, 0xf4, 0x0, 0x0, 0x0,
    0x1f, 0xfe, 0x0, 0x0, 0x0, 0xbf, 0xf4, 0x0,
    0x0, 0x0, 0x1f, 0xfe, 0x6, 0x66, 0x66, 0xcf,
    0xf8, 0x66, 0x66, 0x40, 0x1f, 0xfe, 0x1f, 0xff,
    0xff, 0xff, 0xff, 0xff, 0xff, 0xb0, 0x1f, 0xfe,
    0x1f, 0xff, 0xff, 0xff, 0xff, 0xff, 0xff, 0xb0,
    0x1f, 0xfe, 0x1, 0x11, 0x11, 0x11, 0x11, 0x11,
    0x11, 0x10, 0x1f, 0xfe, 0x0, 0x0, 0x18, 0xbd,
    0xca, 0x50, 0x0, 0x0, 0x1f, 0xfe, 0x0, 0x5,
    0xff, 0xff, 0xff, 0xfc, 0x10, 0x0, 0x1f, 0xfe,
    0x0, 0x4f, 0xff, 0xea, 0xbf, 0xff, 0xc0, 0x0,
    0x1f, 0xfe, 0x0, 0xcf, 0xf9, 0x0, 0x2, 0xef,
    0xf5, 0x0, 0x1f, 0xfe, 0x1, 0xff, 0xf0, 0x0,
    0x0, 0x6f, 0xfa, 0x0, 0x1f, 0xfe, 0x2, 0xff,
    0xc0, 0x0, 0x0, 0x3f, 0xfb, 0x0, 0x1f, 0xfe,
    0x1, 0xff, 0xe0, 0x0, 0x0, 0x6f, 0xfa, 0x0,
    0x1f, 0xfe, 0x0, 0xcf, 0xf9, 0x0, 0x2, 0xef,
    0xf6, 0x0, 0x1f, 0xfe, 0x0, 0x4f, 0xff, 0xda,
    0xbf, 0xff, 0xd0, 0x0, 0x1f, 0xfe, 0x0, 0x5,
    0xff, 0xff, 0xff, 0xfc, 0x10, 0x0, 0x1f, 0xfe,
    0x0, 0x0, 0x17, 0xbd, 0xca, 0x50, 0x0, 0x0,
    0x1f, 0xfe, 0x0, 0x0, 0x0, 0x0, 0x0, 0x0,
    0x0, 0x0, 0x1f, 0xfe, 0x0, 0x0, 0x0, 0x0,
    0x0, 0x0, 0x0, 0x0, 0x1f, 0xfe, 0x0, 0x0,
    0x0, 0x0, 0x0, 0x0, 0x0, 0x0, 0x1f, 0xfe,
    0x0, 0x0, 0x0, 0x0, 0x0, 0x0, 0x0, 0x0,
    0x1f, 0xfe, 0x0, 0x0, 0x0, 0x0, 0x0, 0x0,
    0x0, 0x0, 0x1f, 0xfe, 0x0, 0x0, 0x0, 0x0,
    0x0, 0x0, 0x0, 0x0, 0x9, 0x98,

    /* U+D799 "힙" */
    0x0, 0x0, 0x0, 0x8d, 0xd4, 0x0, 0x0, 0x0,
    0x0, 0x0, 0x0, 0x0, 0x0, 0xaf, 0xf5, 0x0,
    0x0, 0x0, 0x3f, 0xfb, 0x3, 0x33, 0x33, 0xbf,
    0xf7, 0x33, 0x33, 0x20, 0x3f, 0xfb, 0x1f, 0xff,
    0xff, 0xff, 0xff, 0xff, 0xff, 0xc0, 0x3f, 0xfb,
    0x1e, 0xee, 0xee, 0xee, 0xee, 0xee, 0xee, 0xb0,
    0x3f, 0xfb, 0x0, 0x0, 0x0, 0x35, 0x43, 0x0,
    0x0, 0x0, 0x3f, 0xfb, 0x0, 0x2, 0xaf, 0xff,
    0xff, 0xf9, 0x10, 0x0, 0x3f, 0xfb, 0x0, 0x3f,
    0xff, 0xff, 0xff, 0xff, 0xd1, 0x0, 0x3f, 0xfb,
    0x0, 0xbf, 0xfa, 0x20, 0x14, 0xcf, 0xf8, 0x0,
    0x3f, 0xfb, 0x0, 0xff, 0xf0, 0x0, 0x0, 0x3f,
    0xfc, 0x0, 0x3f, 0xfb, 0x0, 0xef, 0xf3, 0x0,
    0x0, 0x5f, 0xfb, 0x0, 0x3f, 0xfb, 0x0, 0x8f,
    0xff, 0xa8, 0x8a, 0xff, 0xf5, 0x0, 0x3f, 0xfb,
    0x0, 0x9, 0xff, 0xff, 0xff, 0xff, 0x70, 0x0,
    0x3f, 0xfb, 0x0, 0x0, 0x39, 0xcd, 0xdb, 0x82,
    0x0, 0x0, 0x3f, 0xfb, 0x0, 0x0, 0x12, 0x21,
    0x0, 0x0, 0x0, 0x0, 0x16, 0x64, 0x0, 0x0,
    0x7f, 0xf7, 0x0, 0x0, 0x0, 0x0, 0x2f, 0xfb,
    0x0, 0x0, 0x7f, 0xfa, 0x66, 0x66, 0x66, 0x66,
    0x7f, 0xfb, 0x0, 0x0, 0x7f, 0xff, 0xff, 0xff,
    0xff, 0xff, 0xff, 0xfb, 0x0, 0x0, 0x7f, 0xff,
    0xff, 0xff, 0xff, 0xff, 0xff, 0xfb, 0x0, 0x0,
    0x7f, 0xf7, 0x0, 0x0, 0x0, 0x0, 0x2f, 0xfb,
    0x0, 0x0, 0x7f, 0xfa, 0x66, 0x66, 0x66, 0x66,
    0x7f, 0xfb, 0x0, 0x0, 0x7f, 0xff, 0xff, 0xff,
    0xff, 0xff, 0xff, 0xfb, 0x0, 0x0, 0x7f, 0xff,
    0xff, 0xff, 0xff, 0xff, 0xff, 0xfb
};


/*---------------------
 *  GLYPH DESCRIPTION
 *--------------------*/

static const lv_font_fmt_txt_glyph_dsc_t glyph_dsc[] = {
    {.bitmap_index = 0, .adv_w = 0, .box_w = 0, .box_h = 0, .ofs_x = 0, .ofs_y = 0} /* id = 0 reserved */,
    {.bitmap_index = 0, .adv_w = 135, .box_w = 0, .box_h = 0, .ofs_x = 0, .ofs_y = 0},
    {.bitmap_index = 0, .adv_w = 124, .box_w = 5, .box_h = 18, .ofs_x = 1, .ofs_y = 0},
    {.bitmap_index = 45, .adv_w = 183, .box_w = 8, .box_h = 6, .ofs_x = 2, .ofs_y = 12},
    {.bitmap_index = 69, .adv_w = 233, .box_w = 15, .box_h = 17, .ofs_x = 0, .ofs_y = 1},
    {.bitmap_index = 197, .adv_w = 223, .box_w = 12, .box_h = 23, .ofs_x = 1, .ofs_y = -3},
    {.bitmap_index = 335, .adv_w = 336, .box_w = 19, .box_h = 18, .ofs_x = 1, .ofs_y = 0},
    {.bitmap_index = 506, .adv_w = 329, .box_w = 20, .box_h = 18, .ofs_x = 1, .ofs_y = 0},
    {.bitmap_index = 686, .adv_w = 108, .box_w = 4, .box_h = 6, .ofs_x = 1, .ofs_y = 12},
    {.bitmap_index = 698, .adv_w = 137, .box_w = 8, .box_h = 22, .ofs_x = 1, .ofs_y = -4},
    {.bitmap_index = 786, .adv_w = 137, .box_w = 7, .box_h = 22, .ofs_x = 0, .ofs_y = -4},
    {.bitmap_index = 863, .adv_w = 175, .box_w = 11, .box_h = 10, .ofs_x = 0, .ofs_y = 8},
    {.bitmap_index = 918, .adv_w = 276, .box_w = 13, .box_h = 12, .ofs_x = 2, .ofs_y = 1},
    {.bitmap_index = 996, .adv_w = 101, .box_w = 5, .box_h = 7, .ofs_x = 0, .ofs_y = -3},
    {.bitmap_index = 1014, .adv_w = 159, .box_w = 8, .box_h = 3, .ofs_x = 1, .ofs_y = 6},
    {.bitmap_index = 1026, .adv_w = 101, .box_w = 5, .box_h = 4, .ofs_x = 1, .ofs_y = 0},
    {.bitmap_index = 1036, .adv_w = 169, .box_w = 12, .box_h = 21, .ofs_x = -1, .ofs_y = -3},
    {.bitmap_index = 1162, .adv_w = 223, .box_w = 14, .box_h = 18, .ofs_x = 0, .ofs_y = 0},
    {.bitmap_index = 1288, .adv_w = 223, .box_w = 8, .box_h = 18, .ofs_x = 2, .ofs_y = 0},
    {.bitmap_index = 1360, .adv_w = 223, .box_w = 12, .box_h = 18, .ofs_x = 1, .ofs_y = 0},
    {.bitmap_index = 1468, .adv_w = 223, .box_w = 12, .box_h = 18, .ofs_x = 1, .ofs_y = 0},
    {.bitmap_index = 1576, .adv_w = 223, .box_w = 14, .box_h = 18, .ofs_x = 0, .ofs_y = 0},
    {.bitmap_index = 1702, .adv_w = 223, .box_w = 12, .box_h = 18, .ofs_x = 1, .ofs_y = 0},
    {.bitmap_index = 1810, .adv_w = 223, .box_w = 13, .box_h = 18, .ofs_x = 1, .ofs_y = 0},
    {.bitmap_index = 1927, .adv_w = 223, .box_w = 12, .box_h = 18, .ofs_x = 1, .ofs_y = 0},
    {.bitmap_index = 2035, .adv_w = 223, .box_w = 12, .box_h = 18, .ofs_x = 1, .ofs_y = 0},
    {.bitmap_index = 2143, .adv_w = 223, .box_w = 12, .box_h = 18, .ofs_x = 1, .ofs_y = 0},
    {.bitmap_index = 2251, .adv_w = 101, .box_w = 5, .box_h = 13, .ofs_x = 1, .ofs_y = 0},
    {.bitmap_index = 2284, .adv_w = 101, .box_w = 6, .box_h = 16, .ofs_x = 0, .ofs_y = -3},
    {.bitmap_index = 2332, .adv_w = 276, .box_w = 12, .box_h = 13, .ofs_x = 3, .ofs_y = 1},
    {.bitmap_index = 2410, .adv_w = 276, .box_w = 13, .box_h = 8, .ofs_x = 2, .ofs_y = 3},
    {.bitmap_index = 2462, .adv_w = 276, .box_w = 12, .box_h = 13, .ofs_x = 3, .ofs_y = 1},
    {.bitmap_index = 2540, .adv_w = 174, .box_w = 10, .box_h = 18, .ofs_x = 1, .ofs_y = 0},
    {.bitmap_index = 2630, .adv_w = 376, .box_w = 21, .box_h = 21, .ofs_x = 1, .ofs_y = -3},
    {.bitmap_index = 2851, .adv_w = 270, .box_w = 17, .box_h = 18, .ofs_x = 0, .ofs_y = 0},
    {.bitmap_index = 3004, .adv_w = 245, .box_w = 13, .box_h = 18, .ofs_x = 2, .ofs_y = 0},
    {.bitmap_index = 3121, .adv_w = 245, .box_w = 15, .box_h = 18, .ofs_x = 0, .ofs_y = 0},
    {.bitmap_index = 3256, .adv_w = 286, .box_w = 15, .box_h = 18, .ofs_x = 2, .ofs_y = 0},
    {.bitmap_index = 3391, .adv_w = 207, .box_w = 11, .box_h = 18, .ofs_x = 2, .ofs_y = 0},
    {.bitmap_index = 3490, .adv_w = 201, .box_w = 10, .box_h = 18, .ofs_x = 2, .ofs_y = 0},
    {.bitmap_index = 3580, .adv_w = 277, .box_w = 16, .box_h = 18, .ofs_x = 0, .ofs_y = 0},
    {.bitmap_index = 3724, .adv_w = 296, .box_w = 15, .box_h = 18, .ofs_x = 2, .ofs_y = 0},
    {.bitmap_index = 3859, .adv_w = 119, .box_w = 4, .box_h = 18, .ofs_x = 2, .ofs_y = 0},
    {.bitmap_index = 3895, .adv_w = 165, .box_w = 9, .box_h = 18, .ofs_x = 0, .ofs_y = 0},
    {.bitmap_index = 3976, .adv_w = 248, .box_w = 14, .box_h = 18, .ofs_x = 2, .ofs_y = 0},
    {.bitmap_index = 4102, .adv_w = 197, .box_w = 10, .box_h = 18, .ofs_x = 2, .ofs_y = 0},
    {.bitmap_index = 4192, .adv_w = 370, .box_w = 20, .box_h = 18, .ofs_x = 2, .ofs_y = 0},
    {.bitmap_index = 4372, .adv_w = 306, .box_w = 16, .box_h = 18, .ofs_x = 2, .ofs_y = 0},
    {.bitmap_index = 4516, .adv_w = 298, .box_w = 18, .box_h = 18, .ofs_x = 0, .ofs_y = 0},
    {.bitmap_index = 4678, .adv_w = 236, .box_w = 13, .box_h = 18, .ofs_x = 2, .ofs_y = 0},
    {.bitmap_index = 4795, .adv_w = 298, .box_w = 20, .box_h = 20, .ofs_x = 0, .ofs_y = -2},
    {.bitmap_index = 4995, .adv_w = 251, .box_w = 14, .box_h = 18, .ofs_x = 2, .ofs_y = 0},
    {.bitmap_index = 5121, .adv_w = 217, .box_w = 12, .box_h = 18, .ofs_x = 1, .ofs_y = 0},
    {.bitmap_index = 5229, .adv_w = 224, .box_w = 14, .box_h = 18, .ofs_x = 0, .ofs_y = 0},
    {.bitmap_index = 5355, .adv_w = 281, .box_w = 15, .box_h = 18, .ofs_x = 1, .ofs_y = 0},
    {.bitmap_index = 5490, .adv_w = 258, .box_w = 16, .box_h = 18, .ofs_x = 0, .ofs_y = 0},
    {.bitmap_index = 5634, .adv_w = 388, .box_w = 24, .box_h = 18, .ofs_x = 0, .ofs_y = 0},
    {.bitmap_index = 5850, .adv_w = 251, .box_w = 16, .box_h = 18, .ofs_x = 0, .ofs_y = 0},
    {.bitmap_index = 5994, .adv_w = 233, .box_w = 15, .box_h = 18, .ofs_x = 0, .ofs_y = 0},
    {.bitmap_index = 6129, .adv_w = 235, .box_w = 15, .box_h = 18, .ofs_x = 0, .ofs_y = 0},
    {.bitmap_index = 6264, .adv_w = 137, .box_w = 6, .box_h = 22, .ofs_x = 2, .ofs_y = -4},
    {.bitmap_index = 6330, .adv_w = 293, .box_w = 20, .box_h = 18, .ofs_x = -1, .ofs_y = 0},
    {.bitmap_index = 6510, .adv_w = 137, .box_w = 7, .box_h = 22, .ofs_x = 0, .ofs_y = -4},
    {.bitmap_index = 6587, .adv_w = 276, .box_w = 13, .box_h = 11, .ofs_x = 2, .ofs_y = 8},
    {.bitmap_index = 6659, .adv_w = 164, .box_w = 11, .box_h = 3, .ofs_x = 0, .ofs_y = -4},
    {.bitmap_index = 6676, .adv_w = 119, .box_w = 7, .box_h = 4, .ofs_x = 0, .ofs_y = 15},
    {.bitmap_index = 6690, .adv_w = 209, .box_w = 12, .box_h = 13, .ofs_x = 0, .ofs_y = 0},
    {.bitmap_index = 6768, .adv_w = 241, .box_w = 14, .box_h = 19, .ofs_x = 1, .ofs_y = 0},
    {.bitmap_index = 6901, .adv_w = 187, .box_w = 11, .box_h = 13, .ofs_x = 0, .ofs_y = 0},
    {.bitmap_index = 6973, .adv_w = 240, .box_w = 14, .box_h = 19, .ofs_x = 0, .ofs_y = 0},
    {.bitmap_index = 7106, .adv_w = 211, .box_w = 13, .box_h = 13, .ofs_x = 0, .ofs_y = 0},
    {.bitmap_index = 7191, .adv_w = 143, .box_w = 10, .box_h = 19, .ofs_x = 0, .ofs_y = 0},
    {.bitmap_index = 7286, .adv_w = 240, .box_w = 14, .box_h = 19, .ofs_x = 0, .ofs_y = -6},
    {.bitmap_index = 7419, .adv_w = 233, .box_w = 13, .box_h = 19, .ofs_x = 1, .ofs_y = 0},
    {.bitmap_index = 7543, .adv_w = 105, .box_w = 5, .box_h = 19, .ofs_x = 1, .ofs_y = 0},
    {.bitmap_index = 7591, .adv_w = 107, .box_w = 8, .box_h = 25, .ofs_x = -2, .ofs_y = -6},
    {.bitmap_index = 7691, .adv_w = 213, .box_w = 13, .box_h = 19, .ofs_x = 1, .ofs_y = 0},
    {.bitmap_index = 7815, .adv_w = 105, .box_w = 4, .box_h = 19, .ofs_x = 1, .ofs_y = 0},
    {.bitmap_index = 7853, .adv_w = 355, .box_w = 20, .box_h = 13, .ofs_x = 1, .ofs_y = 0},
    {.bitmap_index = 7983, .adv_w = 234, .box_w = 13, .box_h = 13, .ofs_x = 1, .ofs_y = 0},
    {.bitmap_index = 8068, .adv_w = 238, .box_w = 14, .box_h = 13, .ofs_x = 0, .ofs_y = 0},
    {.bitmap_index = 8159, .adv_w = 241, .box_w = 14, .box_h = 19, .ofs_x = 1, .ofs_y = -6},
    {.bitmap_index = 8292, .adv_w = 240, .box_w = 14, .box_h = 19, .ofs_x = 0, .ofs_y = -6},
    {.bitmap_index = 8425, .adv_w = 151, .box_w = 9, .box_h = 14, .ofs_x = 1, .ofs_y = 0},
    {.bitmap_index = 8488, .adv_w = 177, .box_w = 10, .box_h = 13, .ofs_x = 1, .ofs_y = 0},
    {.bitmap_index = 8553, .adv_w = 148, .box_w = 9, .box_h = 17, .ofs_x = 0, .ofs_y = 0},
    {.bitmap_index = 8630, .adv_w = 234, .box_w = 12, .box_h = 13, .ofs_x = 1, .ofs_y = 0},
    {.bitmap_index = 8708, .adv_w = 206, .box_w = 13, .box_h = 13, .ofs_x = 0, .ofs_y = 0},
    {.bitmap_index = 8793, .adv_w = 305, .box_w = 19, .box_h = 13, .ofs_x = 0, .ofs_y = 0},
    {.bitmap_index = 8917, .adv_w = 207, .box_w = 13, .box_h = 13, .ofs_x = 0, .ofs_y = 0},
    {.bitmap_index = 9002, .adv_w = 206, .box_w = 13, .box_h = 19, .ofs_x = 0, .ofs_y = -6},
    {.bitmap_index = 9126, .adv_w = 186, .box_w = 12, .box_h = 13, .ofs_x = 0, .ofs_y = 0},
    {.bitmap_index = 9204, .adv_w = 137, .box_w = 7, .box_h = 22, .ofs_x = 1, .ofs_y = -4},
    {.bitmap_index = 9281, .adv_w = 119, .box_w = 4, .box_h = 26, .ofs_x = 2, .ofs_y = -6},
    {.bitmap_index = 9333, .adv_w = 137, .box_w = 8, .box_h = 22, .ofs_x = 0, .ofs_y = -4},
    {.bitmap_index = 9421, .adv_w = 276, .box_w = 13, .box_h = 5, .ofs_x = 2, .ofs_y = 5},
    {.bitmap_index = 9454, .adv_w = 135, .box_w = 0, .box_h = 0, .ofs_x = 0, .ofs_y = 0},
    {.bitmap_index = 9454, .adv_w = 124, .box_w = 5, .box_h = 18, .ofs_x = 1, .ofs_y = -5},
    {.bitmap_index = 9499, .adv_w = 223, .box_w = 10, .box_h = 19, .ofs_x = 2, .ofs_y = -1},
    {.bitmap_index = 9594, .adv_w = 223, .box_w = 13, .box_h = 18, .ofs_x = 1, .ofs_y = 0},
    {.bitmap_index = 9711, .adv_w = 219, .box_w = 13, .box_h = 13, .ofs_x = 0, .ofs_y = 3},
    {.bitmap_index = 9796, .adv_w = 223, .box_w = 14, .box_h = 18, .ofs_x = 0, .ofs_y = 0},
    {.bitmap_index = 9922, .adv_w = 119, .box_w = 4, .box_h = 25, .ofs_x = 2, .ofs_y = -6},
    {.bitmap_index = 9972, .adv_w = 187, .box_w = 10, .box_h = 20, .ofs_x = 1, .ofs_y = -1},
    {.bitmap_index = 10072, .adv_w = 176, .box_w = 9, .box_h = 4, .ofs_x = 1, .ofs_y = 15},
    {.bitmap_index = 10090, .adv_w = 346, .box_w = 19, .box_h = 20, .ofs_x = 1, .ofs_y = -1},
    {.bitmap_index = 10280, .adv_w = 159, .box_w = 9, .box_h = 9, .ofs_x = 0, .ofs_y = 8},
    {.bitmap_index = 10321, .adv_w = 220, .box_w = 14, .box_h = 9, .ofs_x = 0, .ofs_y = 2},
    {.bitmap_index = 10384, .adv_w = 276, .box_w = 13, .box_h = 8, .ofs_x = 2, .ofs_y = 3},
    {.bitmap_index = 10436, .adv_w = 158, .box_w = 8, .box_h = 3, .ofs_x = 1, .ofs_y = 6},
    {.bitmap_index = 10448, .adv_w = 346, .box_w = 19, .box_h = 20, .ofs_x = 1, .ofs_y = -1},
    {.bitmap_index = 10638, .adv_w = 164, .box_w = 11, .box_h = 3, .ofs_x = 0, .ofs_y = 16},
    {.bitmap_index = 10655, .adv_w = 149, .box_w = 8, .box_h = 7, .ofs_x = 1, .ofs_y = 11},
    {.bitmap_index = 10683, .adv_w = 276, .box_w = 13, .box_h = 16, .ofs_x = 2, .ofs_y = 0},
    {.bitmap_index = 10787, .adv_w = 155, .box_w = 8, .box_h = 10, .ofs_x = 1, .ofs_y = 7},
    {.bitmap_index = 10827, .adv_w = 155, .box_w = 8, .box_h = 10, .ofs_x = 1, .ofs_y = 7},
    {.bitmap_index = 10867, .adv_w = 117, .box_w = 7, .box_h = 4, .ofs_x = 0, .ofs_y = 15},
    {.bitmap_index = 10881, .adv_w = 237, .box_w = 13, .box_h = 18, .ofs_x = 1, .ofs_y = -5},
    {.bitmap_index = 10998, .adv_w = 195, .box_w = 10, .box_h = 18, .ofs_x = 1, .ofs_y = 0},
    {.bitmap_index = 11088, .adv_w = 101, .box_w = 5, .box_h = 4, .ofs_x = 1, .ofs_y = 6},
    {.bitmap_index = 11098, .adv_w = 84, .box_w = 6, .box_h = 6, .ofs_x = 0, .ofs_y = -6},
    {.bitmap_index = 11116, .adv_w = 150, .box_w = 8, .box_h = 11, .ofs_x = 1, .ofs_y = 7},
    {.bitmap_index = 11160, .adv_w = 177, .box_w = 11, .box_h = 9, .ofs_x = 0, .ofs_y = 8},
    {.bitmap_index = 11210, .adv_w = 220, .box_w = 14, .box_h = 9, .ofs_x = 0, .ofs_y = 2},
    {.bitmap_index = 11273, .adv_w = 370, .box_w = 21, .box_h = 19, .ofs_x = 1, .ofs_y = -1},
    {.bitmap_index = 11473, .adv_w = 376, .box_w = 21, .box_h = 19, .ofs_x = 1, .ofs_y = 0},
    {.bitmap_index = 11673, .adv_w = 380, .box_w = 22, .box_h = 19, .ofs_x = 1, .ofs_y = -1},
    {.bitmap_index = 11882, .adv_w = 174, .box_w = 11, .box_h = 18, .ofs_x = 0, .ofs_y = -5},
    {.bitmap_index = 11981, .adv_w = 270, .box_w = 17, .box_h = 23, .ofs_x = 0, .ofs_y = 0},
    {.bitmap_index = 12177, .adv_w = 270, .box_w = 17, .box_h = 23, .ofs_x = 0, .ofs_y = 0},
    {.bitmap_index = 12373, .adv_w = 270, .box_w = 17, .box_h = 23, .ofs_x = 0, .ofs_y = 0},
    {.bitmap_index = 12569, .adv_w = 270, .box_w = 17, .box_h = 23, .ofs_x = 0, .ofs_y = 0},
    {.bitmap_index = 12765, .adv_w = 270, .box_w = 17, .box_h = 23, .ofs_x = 0, .ofs_y = 0},
    {.bitmap_index = 12961, .adv_w = 270, .box_w = 17, .box_h = 23, .ofs_x = 0, .ofs_y = 0},
    {.bitmap_index = 13157, .adv_w = 360, .box_w = 22, .box_h = 18, .ofs_x = 0, .ofs_y = 0},
    {.bitmap_index = 13355, .adv_w = 245, .box_w = 15, .box_h = 24, .ofs_x = 0, .ofs_y = -6},
    {.bitmap_index = 13535, .adv_w = 207, .box_w = 11, .box_h = 23, .ofs_x = 2, .ofs_y = 0},
    {.bitmap_index = 13662, .adv_w = 207, .box_w = 11, .box_h = 23, .ofs_x = 2, .ofs_y = 0},
    {.bitmap_index = 13789, .adv_w = 207, .box_w = 11, .box_h = 23, .ofs_x = 2, .ofs_y = 0},
    {.bitmap_index = 13916, .adv_w = 207, .box_w = 11, .box_h = 23, .ofs_x = 2, .ofs_y = 0},
    {.bitmap_index = 14043, .adv_w = 119, .box_w = 7, .box_h = 23, .ofs_x = 0, .ofs_y = 0},
    {.bitmap_index = 14124, .adv_w = 119, .box_w = 7, .box_h = 23, .ofs_x = 1, .ofs_y = 0},
    {.bitmap_index = 14205, .adv_w = 119, .box_w = 9, .box_h = 23, .ofs_x = -1, .ofs_y = 0},
    {.bitmap_index = 14309, .adv_w = 119, .box_w = 10, .box_h = 23, .ofs_x = -1, .ofs_y = 0},
    {.bitmap_index = 14424, .adv_w = 286, .box_w = 17, .box_h = 18, .ofs_x = 0, .ofs_y = 0},
    {.bitmap_index = 14577, .adv_w = 306, .box_w = 16, .box_h = 23, .ofs_x = 2, .ofs_y = 0},
    {.bitmap_index = 14761, .adv_w = 298, .box_w = 18, .box_h = 24, .ofs_x = 0, .ofs_y = 0},
    {.bitmap_index = 14977, .adv_w = 298, .box_w = 18, .box_h = 24, .ofs_x = 0, .ofs_y = 0},
    {.bitmap_index = 15193, .adv_w = 298, .box_w = 18, .box_h = 24, .ofs_x = 0, .ofs_y = 0},
    {.bitmap_index = 15409, .adv_w = 298, .box_w = 18, .box_h = 23, .ofs_x = 0, .ofs_y = 0},
    {.bitmap_index = 15616, .adv_w = 298, .box_w = 18, .box_h = 23, .ofs_x = 0, .ofs_y = 0},
    {.bitmap_index = 15823, .adv_w = 276, .box_w = 13, .box_h = 13, .ofs_x = 2, .ofs_y = 1},
    {.bitmap_index = 15908, .adv_w = 298, .box_w = 18, .box_h = 20, .ofs_x = 0, .ofs_y = -1},
    {.bitmap_index = 16088, .adv_w = 281, .box_w = 15, .box_h = 24, .ofs_x = 1, .ofs_y = 0},
    {.bitmap_index = 16268, .adv_w = 281, .box_w = 15, .box_h = 24, .ofs_x = 1, .ofs_y = 0},
    {.bitmap_index = 16448, .adv_w = 281, .box_w = 15, .box_h = 24, .ofs_x = 1, .ofs_y = 0},
    {.bitmap_index = 16628, .adv_w = 281, .box_w = 15, .box_h = 23, .ofs_x = 1, .ofs_y = 0},
    {.bitmap_index = 16801, .adv_w = 233, .box_w = 15, .box_h = 23, .ofs_x = 0, .ofs_y = 0},
    {.bitmap_index = 16974, .adv_w = 236, .box_w = 13, .box_h = 18, .ofs_x = 2, .ofs_y = 0},
    {.bitmap_index = 17091, .adv_w = 238, .box_w = 14, .box_h = 19, .ofs_x = 1, .ofs_y = 0},
    {.bitmap_index = 17224, .adv_w = 209, .box_w = 12, .box_h = 19, .ofs_x = 0, .ofs_y = 0},
    {.bitmap_index = 17338, .adv_w = 209, .box_w = 12, .box_h = 19, .ofs_x = 0, .ofs_y = 0},
    {.bitmap_index = 17452, .adv_w = 209, .box_w = 12, .box_h = 19, .ofs_x = 0, .ofs_y = 0},
    {.bitmap_index = 17566, .adv_w = 209, .box_w = 12, .box_h = 18, .ofs_x = 0, .ofs_y = 0},
    {.bitmap_index = 17674, .adv_w = 209, .box_w = 12, .box_h = 18, .ofs_x = 0, .ofs_y = 0},
    {.bitmap_index = 17782, .adv_w = 209, .box_w = 12, .box_h = 21, .ofs_x = 0, .ofs_y = 0},
    {.bitmap_index = 17908, .adv_w = 327, .box_w = 20, .box_h = 13, .ofs_x = 0, .ofs_y = 0},
    {.bitmap_index = 18038, .adv_w = 187, .box_w = 11, .box_h = 19, .ofs_x = 0, .ofs_y = -6},
    {.bitmap_index = 18143, .adv_w = 211, .box_w = 13, .box_h = 19, .ofs_x = 0, .ofs_y = 0},
    {.bitmap_index = 18267, .adv_w = 211, .box_w = 13, .box_h = 19, .ofs_x = 0, .ofs_y = 0},
    {.bitmap_index = 18391, .adv_w = 211, .box_w = 13, .box_h = 19, .ofs_x = 0, .ofs_y = 0},
    {.bitmap_index = 18515, .adv_w = 211, .box_w = 13, .box_h = 18, .ofs_x = 0, .ofs_y = 0},
    {.bitmap_index = 18632, .adv_w = 105, .box_w = 7, .box_h = 19, .ofs_x = -1, .ofs_y = 0},
    {.bitmap_index = 18699, .adv_w = 105, .box_w = 7, .box_h = 19, .ofs_x = 0, .ofs_y = 0},
    {.bitmap_index = 18766, .adv_w = 105, .box_w = 9, .box_h = 19, .ofs_x = -1, .ofs_y = 0},
    {.bitmap_index = 18852, .adv_w = 105, .box_w = 9, .box_h = 18, .ofs_x = -1, .ofs_y = 0},
    {.bitmap_index = 18933, .adv_w = 230, .box_w = 14, .box_h = 20, .ofs_x = 0, .ofs_y = 0},
    {.bitmap_index = 19073, .adv_w = 234, .box_w = 13, .box_h = 18, .ofs_x = 1, .ofs_y = 0},
    {.bitmap_index = 19190, .adv_w = 238, .box_w = 14, .box_h = 19, .ofs_x = 0, .ofs_y = 0},
    {.bitmap_index = 19323, .adv_w = 238, .box_w = 14, .box_h = 19, .ofs_x = 0, .ofs_y = 0},
    {.bitmap_index = 19456, .adv_w = 238, .box_w = 14, .box_h = 19, .ofs_x = 0, .ofs_y = 0},
    {.bitmap_index = 19589, .adv_w = 238, .box_w = 14, .box_h = 18, .ofs_x = 0, .ofs_y = 0},
    {.bitmap_index = 19715, .adv_w = 238, .box_w = 14, .box_h = 18, .ofs_x = 0, .ofs_y = 0},
    {.bitmap_index = 19841, .adv_w = 276, .box_w = 13, .box_h = 13, .ofs_x = 2, .ofs_y = 1},
    {.bitmap_index = 19926, .adv_w = 238, .box_w = 15, .box_h = 15, .ofs_x = 0, .ofs_y = -1},
    {.bitmap_index = 20039, .adv_w = 234, .box_w = 12, .box_h = 19, .ofs_x = 1, .ofs_y = 0},
    {.bitmap_index = 20153, .adv_w = 234, .box_w = 12, .box_h = 19, .ofs_x = 1, .ofs_y = 0},
    {.bitmap_index = 20267, .adv_w = 234, .box_w = 12, .box_h = 19, .ofs_x = 1, .ofs_y = 0},
    {.bitmap_index = 20381, .adv_w = 234, .box_w = 12, .box_h = 18, .ofs_x = 1, .ofs_y = 0},
    {.bitmap_index = 20489, .adv_w = 206, .box_w = 13, .box_h = 25, .ofs_x = 0, .ofs_y = -6},
    {.bitmap_index = 20652, .adv_w = 241, .box_w = 14, .box_h = 25, .ofs_x = 1, .ofs_y = -6},
    {.bitmap_index = 20827, .adv_w = 206, .box_w = 13, .box_h = 24, .ofs_x = 0, .ofs_y = -6},
    {.bitmap_index = 20983, .adv_w = 0, .box_w = 0, .box_h = 0, .ofs_x = 0, .ofs_y = 0},
    {.bitmap_index = 20983, .adv_w = 0, .box_w = 0, .box_h = 0, .ofs_x = 0, .ofs_y = 0},
    {.bitmap_index = 20983, .adv_w = 0, .box_w = 0, .box_h = 0, .ofs_x = 0, .ofs_y = 0},
    {.bitmap_index = 20983, .adv_w = 197, .box_w = 13, .box_h = 3, .ofs_x = 0, .ofs_y = 6},
    {.bitmap_index = 21003, .adv_w = 394, .box_w = 25, .box_h = 3, .ofs_x = 0, .ofs_y = 6},
    {.bitmap_index = 21041, .adv_w = 384, .box_w = 24, .box_h = 3, .ofs_x = 0, .ofs_y = 6},
    {.bitmap_index = 21077, .adv_w = 107, .box_w = 5, .box_h = 6, .ofs_x = 1, .ofs_y = 12},
    {.bitmap_index = 21092, .adv_w = 107, .box_w = 5, .box_h = 6, .ofs_x = 1, .ofs_y = 12},
    {.bitmap_index = 21107, .adv_w = 107, .box_w = 5, .box_h = 6, .ofs_x = 1, .ofs_y = -3},
    {.bitmap_index = 21122, .adv_w = 181, .box_w = 9, .box_h = 6, .ofs_x = 1, .ofs_y = 12},
    {.bitmap_index = 21149, .adv_w = 181, .box_w = 10, .box_h = 6, .ofs_x = 1, .ofs_y = 12},
    {.bitmap_index = 21179, .adv_w = 181, .box_w = 9, .box_h = 6, .ofs_x = 1, .ofs_y = -3},
    {.bitmap_index = 21206, .adv_w = 157, .box_w = 9, .box_h = 15, .ofs_x = 0, .ofs_y = 3},
    {.bitmap_index = 21274, .adv_w = 157, .box_w = 9, .box_h = 15, .ofs_x = 0, .ofs_y = 3},
    {.bitmap_index = 21342, .adv_w = 160, .box_w = 8, .box_h = 7, .ofs_x = 1, .ofs_y = 4},
    {.bitmap_index = 21370, .adv_w = 201, .box_w = 11, .box_h = 4, .ofs_x = 1, .ofs_y = 0},
    {.bitmap_index = 21392, .adv_w = 339, .box_w = 19, .box_h = 4, .ofs_x = 1, .ofs_y = 0},
    {.bitmap_index = 21430, .adv_w = 490, .box_w = 29, .box_h = 18, .ofs_x = 1, .ofs_y = 0},
    {.bitmap_index = 21691, .adv_w = 108, .box_w = 5, .box_h = 6, .ofs_x = 1, .ofs_y = 12},
    {.bitmap_index = 21706, .adv_w = 181, .box_w = 9, .box_h = 6, .ofs_x = 1, .ofs_y = 12},
    {.bitmap_index = 21733, .adv_w = 133, .box_w = 8, .box_h = 9, .ofs_x = 0, .ofs_y = 2},
    {.bitmap_index = 21769, .adv_w = 133, .box_w = 8, .box_h = 9, .ofs_x = 0, .ofs_y = 2},
    {.bitmap_index = 21805, .adv_w = 307, .box_w = 19, .box_h = 20, .ofs_x = 0, .ofs_y = -1},
    {.bitmap_index = 21995, .adv_w = 248, .box_w = 13, .box_h = 18, .ofs_x = 1, .ofs_y = 0},
    {.bitmap_index = 22112, .adv_w = 347, .box_w = 21, .box_h = 18, .ofs_x = 1, .ofs_y = 0},
    {.bitmap_index = 22301, .adv_w = 298, .box_w = 16, .box_h = 18, .ofs_x = 1, .ofs_y = 0},
    {.bitmap_index = 22445, .adv_w = 298, .box_w = 17, .box_h = 18, .ofs_x = 1, .ofs_y = 0},
    {.bitmap_index = 22598, .adv_w = 365, .box_w = 22, .box_h = 19, .ofs_x = 0, .ofs_y = -1},
    {.bitmap_index = 22807, .adv_w = 384, .box_w = 20, .box_h = 10, .ofs_x = 2, .ofs_y = 2},
    {.bitmap_index = 22907, .adv_w = 384, .box_w = 10, .box_h = 20, .ofs_x = 7, .ofs_y = -3},
    {.bitmap_index = 23007, .adv_w = 384, .box_w = 20, .box_h = 10, .ofs_x = 2, .ofs_y = 2},
    {.bitmap_index = 23107, .adv_w = 384, .box_w = 10, .box_h = 20, .ofs_x = 7, .ofs_y = -3},
    {.bitmap_index = 23207, .adv_w = 384, .box_w = 20, .box_h = 10, .ofs_x = 2, .ofs_y = 2},
    {.bitmap_index = 23307, .adv_w = 384, .box_w = 10, .box_h = 20, .ofs_x = 7, .ofs_y = -3},
    {.bitmap_index = 23407, .adv_w = 384, .box_w = 16, .box_h = 16, .ofs_x = 4, .ofs_y = -1},
    {.bitmap_index = 23535, .adv_w = 384, .box_w = 16, .box_h = 16, .ofs_x = 4, .ofs_y = -1},
    {.bitmap_index = 23663, .adv_w = 384, .box_w = 16, .box_h = 16, .ofs_x = 4, .ofs_y = -1},
    {.bitmap_index = 23791, .adv_w = 384, .box_w = 16, .box_h = 16, .ofs_x = 4, .ofs_y = -1},
    {.bitmap_index = 23919, .adv_w = 384, .box_w = 20, .box_h = 12, .ofs_x = 2, .ofs_y = 1},
    {.bitmap_index = 24039, .adv_w = 384, .box_w = 22, .box_h = 12, .ofs_x = 1, .ofs_y = 1},
    {.bitmap_index = 24171, .adv_w = 384, .box_w = 20, .box_h = 20, .ofs_x = 2, .ofs_y = -3},
    {.bitmap_index = 24371, .adv_w = 384, .box_w = 20, .box_h = 20, .ofs_x = 2, .ofs_y = -3},
    {.bitmap_index = 24571, .adv_w = 384, .box_w = 20, .box_h = 20, .ofs_x = 2, .ofs_y = -3},
    {.bitmap_index = 24771, .adv_w = 384, .box_w = 20, .box_h = 20, .ofs_x = 2, .ofs_y = -3},
    {.bitmap_index = 24971, .adv_w = 384, .box_w = 20, .box_h = 20, .ofs_x = 2, .ofs_y = -3},
    {.bitmap_index = 25171, .adv_w = 384, .box_w = 20, .box_h = 20, .ofs_x = 2, .ofs_y = -3},
    {.bitmap_index = 25371, .adv_w = 384, .box_w = 20, .box_h = 20, .ofs_x = 2, .ofs_y = -3},
    {.bitmap_index = 25571, .adv_w = 384, .box_w = 20, .box_h = 20, .ofs_x = 2, .ofs_y = -3},
    {.bitmap_index = 25771, .adv_w = 384, .box_w = 20, .box_h = 20, .ofs_x = 2, .ofs_y = -3},
    {.bitmap_index = 25971, .adv_w = 384, .box_w = 22, .box_h = 17, .ofs_x = 1, .ofs_y = -1},
    {.bitmap_index = 26158, .adv_w = 384, .box_w = 22, .box_h = 17, .ofs_x = 1, .ofs_y = -1},
    {.bitmap_index = 26345, .adv_w = 384, .box_w = 17, .box_h = 21, .ofs_x = 4, .ofs_y = -3},
    {.bitmap_index = 26524, .adv_w = 384, .box_w = 17, .box_h = 21, .ofs_x = 4, .ofs_y = -3},
    {.bitmap_index = 26703, .adv_w = 384, .box_w = 22, .box_h = 17, .ofs_x = 1, .ofs_y = -2},
    {.bitmap_index = 26890, .adv_w = 384, .box_w = 22, .box_h = 17, .ofs_x = 1, .ofs_y = -2},
    {.bitmap_index = 27077, .adv_w = 384, .box_w = 17, .box_h = 21, .ofs_x = 3, .ofs_y = -3},
    {.bitmap_index = 27256, .adv_w = 384, .box_w = 16, .box_h = 21, .ofs_x = 4, .ofs_y = -3},
    {.bitmap_index = 27424, .adv_w = 384, .box_w = 24, .box_h = 23, .ofs_x = 0, .ofs_y = -4},
    {.bitmap_index = 27700, .adv_w = 384, .box_w = 24, .box_h = 23, .ofs_x = 0, .ofs_y = -4},
    {.bitmap_index = 27976, .adv_w = 384, .box_w = 23, .box_h = 23, .ofs_x = 1, .ofs_y = -4},
    {.bitmap_index = 28241, .adv_w = 384, .box_w = 22, .box_h = 22, .ofs_x = 1, .ofs_y = -4},
    {.bitmap_index = 28483, .adv_w = 228, .box_w = 13, .box_h = 12, .ofs_x = 1, .ofs_y = 1},
    {.bitmap_index = 28561, .adv_w = 384, .box_w = 22, .box_h = 22, .ofs_x = 1, .ofs_y = -4},
    {.bitmap_index = 28803, .adv_w = 384, .box_w = 22, .box_h = 22, .ofs_x = 1, .ofs_y = -4},
    {.bitmap_index = 29045, .adv_w = 384, .box_w = 20, .box_h = 21, .ofs_x = 2, .ofs_y = -3},
    {.bitmap_index = 29255, .adv_w = 384, .box_w = 20, .box_h = 21, .ofs_x = 2, .ofs_y = -3},
    {.bitmap_index = 29465, .adv_w = 384, .box_w = 23, .box_h = 23, .ofs_x = 1, .ofs_y = -3},
    {.bitmap_index = 29730, .adv_w = 384, .box_w = 23, .box_h = 23, .ofs_x = 1, .ofs_y = -3},
    {.bitmap_index = 29995, .adv_w = 384, .box_w = 23, .box_h = 22, .ofs_x = 1, .ofs_y = -2},
    {.bitmap_index = 30248, .adv_w = 384, .box_w = 23, .box_h = 22, .ofs_x = 1, .ofs_y = -2},
    {.bitmap_index = 30501, .adv_w = 384, .box_w = 22, .box_h = 23, .ofs_x = 1, .ofs_y = -3},
    {.bitmap_index = 30754, .adv_w = 384, .box_w = 23, .box_h = 22, .ofs_x = 1, .ofs_y = -2},
    {.bitmap_index = 31007, .adv_w = 384, .box_w = 23, .box_h = 22, .ofs_x = 1, .ofs_y = -2},
    {.bitmap_index = 31260, .adv_w = 384, .box_w = 21, .box_h = 23, .ofs_x = 1, .ofs_y = -3},
    {.bitmap_index = 31502, .adv_w = 384, .box_w = 21, .box_h = 23, .ofs_x = 1, .ofs_y = -3},
    {.bitmap_index = 31744, .adv_w = 384, .box_w = 21, .box_h = 22, .ofs_x = 1, .ofs_y = -2},
    {.bitmap_index = 31975, .adv_w = 384, .box_w = 21, .box_h = 23, .ofs_x = 1, .ofs_y = -3},
    {.bitmap_index = 32217, .adv_w = 384, .box_w = 21, .box_h = 22, .ofs_x = 1, .ofs_y = -2},
    {.bitmap_index = 32448, .adv_w = 384, .box_w = 20, .box_h = 22, .ofs_x = 1, .ofs_y = -2},
    {.bitmap_index = 32668, .adv_w = 384, .box_w = 22, .box_h = 23, .ofs_x = 1, .ofs_y = -3},
    {.bitmap_index = 32921, .adv_w = 384, .box_w = 20, .box_h = 23, .ofs_x = 1, .ofs_y = -3},
    {.bitmap_index = 33151, .adv_w = 384, .box_w = 20, .box_h = 23, .ofs_x = 1, .ofs_y = -3},
    {.bitmap_index = 33381, .adv_w = 384, .box_w = 21, .box_h = 22, .ofs_x = 1, .ofs_y = -2},
    {.bitmap_index = 33612, .adv_w = 384, .box_w = 22, .box_h = 23, .ofs_x = 1, .ofs_y = -3},
    {.bitmap_index = 33865, .adv_w = 384, .box_w = 21, .box_h = 22, .ofs_x = 1, .ofs_y = -2},
    {.bitmap_index = 34096, .adv_w = 384, .box_w = 21, .box_h = 23, .ofs_x = 1, .ofs_y = -3},
    {.bitmap_index = 34338, .adv_w = 384, .box_w = 22, .box_h = 19, .ofs_x = 1, .ofs_y = 0},
    {.bitmap_index = 34547, .adv_w = 384, .box_w = 22, .box_h = 22, .ofs_x = 1, .ofs_y = -2},
    {.bitmap_index = 34789, .adv_w = 384, .box_w = 24, .box_h = 23, .ofs_x = 0, .ofs_y = -3},
    {.bitmap_index = 35065, .adv_w = 384, .box_w = 23, .box_h = 22, .ofs_x = 1, .ofs_y = -2},
    {.bitmap_index = 35318, .adv_w = 384, .box_w = 23, .box_h = 22, .ofs_x = 1, .ofs_y = -2},
    {.bitmap_index = 35571, .adv_w = 384, .box_w = 23, .box_h = 22, .ofs_x = 1, .ofs_y = -2},
    {.bitmap_index = 35824, .adv_w = 384, .box_w = 22, .box_h = 18, .ofs_x = 1, .ofs_y = 1},
    {.bitmap_index = 36022, .adv_w = 384, .box_w = 22, .box_h = 22, .ofs_x = 1, .ofs_y = -3},
    {.bitmap_index = 36264, .adv_w = 384, .box_w = 20, .box_h = 22, .ofs_x = 1, .ofs_y = -2},
    {.bitmap_index = 36484, .adv_w = 384, .box_w = 22, .box_h = 21, .ofs_x = 1, .ofs_y = -2},
    {.bitmap_index = 36715, .adv_w = 384, .box_w = 22, .box_h = 18, .ofs_x = 1, .ofs_y = 1},
    {.bitmap_index = 36913, .adv_w = 384, .box_w = 22, .box_h = 21, .ofs_x = 1, .ofs_y = -2},
    {.bitmap_index = 37144, .adv_w = 384, .box_w = 22, .box_h = 22, .ofs_x = 1, .ofs_y = -2},
    {.bitmap_index = 37386, .adv_w = 384, .box_w = 22, .box_h = 22, .ofs_x = 1, .ofs_y = -2},
    {.bitmap_index = 37628, .adv_w = 384, .box_w = 20, .box_h = 23, .ofs_x = 1, .ofs_y = -3},
    {.bitmap_index = 37858, .adv_w = 384, .box_w = 20, .box_h = 22, .ofs_x = 2, .ofs_y = -2},
    {.bitmap_index = 38078, .adv_w = 384, .box_w = 19, .box_h = 22, .ofs_x = 2, .ofs_y = -2},
    {.bitmap_index = 38287, .adv_w = 384, .box_w = 23, .box_h = 23, .ofs_x = 1, .ofs_y = -3},
    {.bitmap_index = 38552, .adv_w = 384, .box_w = 22, .box_h = 23, .ofs_x = 0, .ofs_y = -3},
    {.bitmap_index = 38805, .adv_w = 384, .box_w = 20, .box_h = 23, .ofs_x = 1, .ofs_y = -3},
    {.bitmap_index = 39035, .adv_w = 384, .box_w = 22, .box_h = 18, .ofs_x = 1, .ofs_y = 1},
    {.bitmap_index = 39233, .adv_w = 384, .box_w = 22, .box_h = 22, .ofs_x = 1, .ofs_y = -2},
    {.bitmap_index = 39475, .adv_w = 384, .box_w = 22, .box_h = 22, .ofs_x = 1, .ofs_y = -3},
    {.bitmap_index = 39717, .adv_w = 384, .box_w = 22, .box_h = 18, .ofs_x = 1, .ofs_y = 1},
    {.bitmap_index = 39915, .adv_w = 384, .box_w = 22, .box_h = 22, .ofs_x = 1, .ofs_y = -2},
    {.bitmap_index = 40157, .adv_w = 384, .box_w = 22, .box_h = 22, .ofs_x = 1, .ofs_y = -2},
    {.bitmap_index = 40399, .adv_w = 384, .box_w = 21, .box_h = 23, .ofs_x = 1, .ofs_y = -3},
    {.bitmap_index = 40641, .adv_w = 384, .box_w = 22, .box_h = 23, .ofs_x = 2, .ofs_y = -3},
    {.bitmap_index = 40894, .adv_w = 384, .box_w = 21, .box_h = 22, .ofs_x = 3, .ofs_y = -2},
    {.bitmap_index = 41125, .adv_w = 384, .box_w = 21, .box_h = 22, .ofs_x = 3, .ofs_y = -2},
    {.bitmap_index = 41356, .adv_w = 384, .box_w = 22, .box_h = 22, .ofs_x = 2, .ofs_y = -2},
    {.bitmap_index = 41598, .adv_w = 384, .box_w = 20, .box_h = 23, .ofs_x = 2, .ofs_y = -3},
    {.bitmap_index = 41828, .adv_w = 384, .box_w = 20, .box_h = 22, .ofs_x = 2, .ofs_y = -2},
    {.bitmap_index = 42048, .adv_w = 384, .box_w = 20, .box_h = 22, .ofs_x = 2, .ofs_y = -2},
    {.bitmap_index = 42268, .adv_w = 384, .box_w = 20, .box_h = 22, .ofs_x = 2, .ofs_y = -2},
    {.bitmap_index = 42488, .adv_w = 384, .box_w = 18, .box_h = 23, .ofs_x = 3, .ofs_y = -3},
    {.bitmap_index = 42695, .adv_w = 384, .box_w = 18, .box_h = 22, .ofs_x = 3, .ofs_y = -2},
    {.bitmap_index = 42893, .adv_w = 384, .box_w = 18, .box_h = 23, .ofs_x = 3, .ofs_y = -3},
    {.bitmap_index = 43100, .adv_w = 384, .box_w = 20, .box_h = 23, .ofs_x = 2, .ofs_y = -3},
    {.bitmap_index = 43330, .adv_w = 384, .box_w = 21, .box_h = 23, .ofs_x = 2, .ofs_y = -3},
    {.bitmap_index = 43572, .adv_w = 384, .box_w = 22, .box_h = 18, .ofs_x = 1, .ofs_y = 1},
    {.bitmap_index = 43770, .adv_w = 384, .box_w = 22, .box_h = 23, .ofs_x = 1, .ofs_y = -3},
    {.bitmap_index = 44023, .adv_w = 384, .box_w = 22, .box_h = 22, .ofs_x = 1, .ofs_y = -3},
    {.bitmap_index = 44265, .adv_w = 384, .box_w = 22, .box_h = 22, .ofs_x = 1, .ofs_y = -2},
    {.bitmap_index = 44507, .adv_w = 384, .box_w = 22, .box_h = 21, .ofs_x = 1, .ofs_y = -2},
    {.bitmap_index = 44738, .adv_w = 384, .box_w = 22, .box_h = 23, .ofs_x = 1, .ofs_y = -3},
    {.bitmap_index = 44991, .adv_w = 384, .box_w = 22, .box_h = 22, .ofs_x = 1, .ofs_y = -2},
    {.bitmap_index = 45233, .adv_w = 384, .box_w = 18, .box_h = 23, .ofs_x = 3, .ofs_y = -3},
    {.bitmap_index = 45440, .adv_w = 384, .box_w = 18, .box_h = 23, .ofs_x = 3, .ofs_y = -3},
    {.bitmap_index = 45647, .adv_w = 384, .box_w = 18, .box_h = 22, .ofs_x = 3, .ofs_y = -2},
    {.bitmap_index = 45845, .adv_w = 384, .box_w = 22, .box_h = 23, .ofs_x = 2, .ofs_y = -3},
    {.bitmap_index = 46098, .adv_w = 384, .box_w = 22, .box_h = 22, .ofs_x = 2, .ofs_y = -2},
    {.bitmap_index = 46340, .adv_w = 384, .box_w = 21, .box_h = 22, .ofs_x = 2, .ofs_y = -2},
    {.bitmap_index = 46571, .adv_w = 384, .box_w = 22, .box_h = 22, .ofs_x = 2, .ofs_y = -2},
    {.bitmap_index = 46813, .adv_w = 384, .box_w = 22, .box_h = 22, .ofs_x = 2, .ofs_y = -2},
    {.bitmap_index = 47055, .adv_w = 384, .box_w = 22, .box_h = 22, .ofs_x = 2, .ofs_y = -2},
    {.bitmap_index = 47297, .adv_w = 384, .box_w = 22, .box_h = 22, .ofs_x = 2, .ofs_y = -2},
    {.bitmap_index = 47539, .adv_w = 384, .box_w = 19, .box_h = 23, .ofs_x = 2, .ofs_y = -3},
    {.bitmap_index = 47758, .adv_w = 384, .box_w = 20, .box_h = 23, .ofs_x = 2, .ofs_y = -3},
    {.bitmap_index = 47988, .adv_w = 384, .box_w = 20, .box_h = 22, .ofs_x = 2, .ofs_y = -2},
    {.bitmap_index = 48208, .adv_w = 384, .box_w = 20, .box_h = 22, .ofs_x = 2, .ofs_y = -2},
    {.bitmap_index = 48428, .adv_w = 384, .box_w = 19, .box_h = 23, .ofs_x = 2, .ofs_y = -3},
    {.bitmap_index = 48647, .adv_w = 384, .box_w = 22, .box_h = 19, .ofs_x = 1, .ofs_y = 0},
    {.bitmap_index = 48856, .adv_w = 384, .box_w = 22, .box_h = 22, .ofs_x = 1, .ofs_y = -2},
    {.bitmap_index = 49098, .adv_w = 384, .box_w = 22, .box_h = 23, .ofs_x = 1, .ofs_y = -3},
    {.bitmap_index = 49351, .adv_w = 384, .box_w = 21, .box_h = 23, .ofs_x = 0, .ofs_y = -3},
    {.bitmap_index = 49593, .adv_w = 384, .box_w = 21, .box_h = 22, .ofs_x = 1, .ofs_y = -2},
    {.bitmap_index = 49824, .adv_w = 384, .box_w = 21, .box_h = 22, .ofs_x = 1, .ofs_y = -2},
    {.bitmap_index = 50055, .adv_w = 384, .box_w = 20, .box_h = 22, .ofs_x = 1, .ofs_y = -2},
    {.bitmap_index = 50275, .adv_w = 384, .box_w = 20, .box_h = 22, .ofs_x = 1, .ofs_y = -2},
    {.bitmap_index = 50495, .adv_w = 384, .box_w = 22, .box_h = 21, .ofs_x = 1, .ofs_y = -2},
    {.bitmap_index = 50726, .adv_w = 384, .box_w = 22, .box_h = 21, .ofs_x = 1, .ofs_y = -2},
    {.bitmap_index = 50957, .adv_w = 384, .box_w = 22, .box_h = 22, .ofs_x = 1, .ofs_y = -2},
    {.bitmap_index = 51199, .adv_w = 384, .box_w = 20, .box_h = 23, .ofs_x = 1, .ofs_y = -3},
    {.bitmap_index = 51429, .adv_w = 384, .box_w = 22, .box_h = 22, .ofs_x = 1, .ofs_y = -2},
    {.bitmap_index = 51671, .adv_w = 384, .box_w = 22, .box_h = 18, .ofs_x = 1, .ofs_y = 1},
    {.bitmap_index = 51869, .adv_w = 384, .box_w = 22, .box_h = 21, .ofs_x = 1, .ofs_y = -2},
    {.bitmap_index = 52100, .adv_w = 384, .box_w = 22, .box_h = 22, .ofs_x = 1, .ofs_y = -2},
    {.bitmap_index = 52342, .adv_w = 384, .box_w = 22, .box_h = 23, .ofs_x = 1, .ofs_y = -3},
    {.bitmap_index = 52595, .adv_w = 384, .box_w = 22, .box_h = 23, .ofs_x = 2, .ofs_y = -3},
    {.bitmap_index = 52848, .adv_w = 384, .box_w = 20, .box_h = 23, .ofs_x = 2, .ofs_y = -3},
    {.bitmap_index = 53078, .adv_w = 384, .box_w = 22, .box_h = 18, .ofs_x = 1, .ofs_y = 1},
    {.bitmap_index = 53276, .adv_w = 384, .box_w = 22, .box_h = 23, .ofs_x = 2, .ofs_y = -3},
    {.bitmap_index = 53529, .adv_w = 384, .box_w = 22, .box_h = 23, .ofs_x = 2, .ofs_y = -3},
    {.bitmap_index = 53782, .adv_w = 384, .box_w = 22, .box_h = 22, .ofs_x = 2, .ofs_y = -2},
    {.bitmap_index = 54024, .adv_w = 384, .box_w = 19, .box_h = 23, .ofs_x = 2, .ofs_y = -3},
    {.bitmap_index = 54243, .adv_w = 384, .box_w = 22, .box_h = 23, .ofs_x = 2, .ofs_y = -3},
    {.bitmap_index = 54496, .adv_w = 384, .box_w = 22, .box_h = 22, .ofs_x = 2, .ofs_y = -2},
    {.bitmap_index = 54738, .adv_w = 384, .box_w = 20, .box_h = 23, .ofs_x = 2, .ofs_y = -3},
    {.bitmap_index = 54968, .adv_w = 384, .box_w = 20, .box_h = 22, .ofs_x = 2, .ofs_y = -2},
    {.bitmap_index = 55188, .adv_w = 384, .box_w = 21, .box_h = 23, .ofs_x = 2, .ofs_y = -3},
    {.bitmap_index = 55430, .adv_w = 384, .box_w = 20, .box_h = 23, .ofs_x = 2, .ofs_y = -3},
    {.bitmap_index = 55660, .adv_w = 384, .box_w = 20, .box_h = 23, .ofs_x = 2, .ofs_y = -3},
    {.bitmap_index = 55890, .adv_w = 384, .box_w = 20, .box_h = 23, .ofs_x = 2, .ofs_y = -3},
    {.bitmap_index = 56120, .adv_w = 384, .box_w = 20, .box_h = 22, .ofs_x = 2, .ofs_y = -2},
    {.bitmap_index = 56340, .adv_w = 384, .box_w = 22, .box_h = 19, .ofs_x = 1, .ofs_y = 0},
    {.bitmap_index = 56549, .adv_w = 384, .box_w = 22, .box_h = 23, .ofs_x = 1, .ofs_y = -3},
    {.bitmap_index = 56802, .adv_w = 384, .box_w = 22, .box_h = 22, .ofs_x = 1, .ofs_y = -2},
    {.bitmap_index = 57044, .adv_w = 384, .box_w = 22, .box_h = 19, .ofs_x = 1, .ofs_y = 0},
    {.bitmap_index = 57253, .adv_w = 384, .box_w = 22, .box_h = 22, .ofs_x = 1, .ofs_y = -2},
    {.bitmap_index = 57495, .adv_w = 384, .box_w = 22, .box_h = 22, .ofs_x = 1, .ofs_y = -2},
    {.bitmap_index = 57737, .adv_w = 384, .box_w = 22, .box_h = 18, .ofs_x = 1, .ofs_y = 1},
    {.bitmap_index = 57935, .adv_w = 384, .box_w = 22, .box_h = 22, .ofs_x = 1, .ofs_y = -2},
    {.bitmap_index = 58177, .adv_w = 384, .box_w = 22, .box_h = 22, .ofs_x = 1, .ofs_y = -2},
    {.bitmap_index = 58419, .adv_w = 384, .box_w = 22, .box_h = 22, .ofs_x = 1, .ofs_y = -2},
    {.bitmap_index = 58661, .adv_w = 384, .box_w = 19, .box_h = 23, .ofs_x = 2, .ofs_y = -3},
    {.bitmap_index = 58880, .adv_w = 384, .box_w = 18, .box_h = 23, .ofs_x = 3, .ofs_y = -3},
    {.bitmap_index = 59087, .adv_w = 384, .box_w = 18, .box_h = 22, .ofs_x = 3, .ofs_y = -2},
    {.bitmap_index = 59285, .adv_w = 384, .box_w = 18, .box_h = 22, .ofs_x = 3, .ofs_y = -2},
    {.bitmap_index = 59483, .adv_w = 384, .box_w = 22, .box_h = 23, .ofs_x = 2, .ofs_y = -3},
    {.bitmap_index = 59736, .adv_w = 384, .box_w = 22, .box_h = 23, .ofs_x = 2, .ofs_y = -3},
    {.bitmap_index = 59989, .adv_w = 384, .box_w = 22, .box_h = 22, .ofs_x = 2, .ofs_y = -2},
    {.bitmap_index = 60231, .adv_w = 384, .box_w = 21, .box_h = 23, .ofs_x = 2, .ofs_y = -3},
    {.bitmap_index = 60473, .adv_w = 384, .box_w = 22, .box_h = 22, .ofs_x = 2, .ofs_y = -2},
    {.bitmap_index = 60715, .adv_w = 384, .box_w = 19, .box_h = 23, .ofs_x = 2, .ofs_y = -3},
    {.bitmap_index = 60934, .adv_w = 384, .box_w = 20, .box_h = 22, .ofs_x = 2, .ofs_y = -2},
    {.bitmap_index = 61154, .adv_w = 384, .box_w = 20, .box_h = 22, .ofs_x = 2, .ofs_y = -2},
    {.bitmap_index = 61374, .adv_w = 384, .box_w = 19, .box_h = 22, .ofs_x = 2, .ofs_y = -2},
    {.bitmap_index = 61583, .adv_w = 384, .box_w = 20, .box_h = 23, .ofs_x = 2, .ofs_y = -3},
    {.bitmap_index = 61813, .adv_w = 384, .box_w = 20, .box_h = 22, .ofs_x = 2, .ofs_y = -2},
    {.bitmap_index = 62033, .adv_w = 384, .box_w = 20, .box_h = 22, .ofs_x = 2, .ofs_y = -2},
    {.bitmap_index = 62253, .adv_w = 384, .box_w = 22, .box_h = 18, .ofs_x = 1, .ofs_y = 1},
    {.bitmap_index = 62451, .adv_w = 384, .box_w = 22, .box_h = 23, .ofs_x = 1, .ofs_y = -3},
    {.bitmap_index = 62704, .adv_w = 384, .box_w = 22, .box_h = 23, .ofs_x = 1, .ofs_y = -3},
    {.bitmap_index = 62957, .adv_w = 384, .box_w = 22, .box_h = 22, .ofs_x = 1, .ofs_y = -3},
    {.bitmap_index = 63199, .adv_w = 384, .box_w = 22, .box_h = 21, .ofs_x = 1, .ofs_y = -2},
    {.bitmap_index = 63430, .adv_w = 384, .box_w = 22, .box_h = 22, .ofs_x = 1, .ofs_y = -2},
    {.bitmap_index = 63672, .adv_w = 384, .box_w = 22, .box_h = 18, .ofs_x = 1, .ofs_y = 1},
    {.bitmap_index = 63870, .adv_w = 384, .box_w = 19, .box_h = 23, .ofs_x = 2, .ofs_y = -3},
    {.bitmap_index = 64089, .adv_w = 384, .box_w = 20, .box_h = 22, .ofs_x = 2, .ofs_y = -2},
    {.bitmap_index = 64309, .adv_w = 384, .box_w = 19, .box_h = 22, .ofs_x = 3, .ofs_y = -2},
    {.bitmap_index = 64518, .adv_w = 384, .box_w = 22, .box_h = 23, .ofs_x = 2, .ofs_y = -3},
    {.bitmap_index = 64771, .adv_w = 384, .box_w = 22, .box_h = 23, .ofs_x = 2, .ofs_y = -3},
    {.bitmap_index = 65024, .adv_w = 384, .box_w = 22, .box_h = 22, .ofs_x = 2, .ofs_y = -2},
    {.bitmap_index = 65266, .adv_w = 384, .box_w = 22, .box_h = 22, .ofs_x = 2, .ofs_y = -2},
    {.bitmap_index = 65508, .adv_w = 384, .box_w = 22, .box_h = 22, .ofs_x = 2, .ofs_y = -2},
    {.bitmap_index = 65750, .adv_w = 384, .box_w = 22, .box_h = 22, .ofs_x = 2, .ofs_y = -2},
    {.bitmap_index = 65992, .adv_w = 384, .box_w = 19, .box_h = 23, .ofs_x = 2, .ofs_y = -3},
    {.bitmap_index = 66211, .adv_w = 384, .box_w = 19, .box_h = 23, .ofs_x = 2, .ofs_y = -3},
    {.bitmap_index = 66430, .adv_w = 384, .box_w = 19, .box_h = 23, .ofs_x = 2, .ofs_y = -3},
    {.bitmap_index = 66649, .adv_w = 384, .box_w = 20, .box_h = 22, .ofs_x = 2, .ofs_y = -2},
    {.bitmap_index = 66869, .adv_w = 384, .box_w = 20, .box_h = 22, .ofs_x = 2, .ofs_y = -2},
    {.bitmap_index = 67089, .adv_w = 384, .box_w = 20, .box_h = 22, .ofs_x = 2, .ofs_y = -2},
    {.bitmap_index = 67309, .adv_w = 384, .box_w = 20, .box_h = 22, .ofs_x = 2, .ofs_y = -2},
    {.bitmap_index = 67529, .adv_w = 384, .box_w = 20, .box_h = 22, .ofs_x = 2, .ofs_y = -2},
    {.bitmap_index = 67749, .adv_w = 384, .box_w = 20, .box_h = 22, .ofs_x = 2, .ofs_y = -2},
    {.bitmap_index = 67969, .adv_w = 384, .box_w = 22, .box_h = 18, .ofs_x = 1, .ofs_y = 1},
    {.bitmap_index = 68167, .adv_w = 384, .box_w = 22, .box_h = 23, .ofs_x = 1, .ofs_y = -3},
    {.bitmap_index = 68420, .adv_w = 384, .box_w = 22, .box_h = 22, .ofs_x = 1, .ofs_y = -2},
    {.bitmap_index = 68662, .adv_w = 384, .box_w = 22, .box_h = 22, .ofs_x = 1, .ofs_y = -2},
    {.bitmap_index = 68904, .adv_w = 384, .box_w = 22, .box_h = 23, .ofs_x = 1, .ofs_y = -3},
    {.bitmap_index = 69157, .adv_w = 384, .box_w = 22, .box_h = 23, .ofs_x = 1, .ofs_y = -3},
    {.bitmap_index = 69410, .adv_w = 384, .box_w = 22, .box_h = 22, .ofs_x = 1, .ofs_y = -2},
    {.bitmap_index = 69652, .adv_w = 384, .box_w = 22, .box_h = 22, .ofs_x = 1, .ofs_y = -2},
    {.bitmap_index = 69894, .adv_w = 384, .box_w = 22, .box_h = 22, .ofs_x = 1, .ofs_y = -2},
    {.bitmap_index = 70136, .adv_w = 384, .box_w = 22, .box_h = 22, .ofs_x = 1, .ofs_y = -2},
    {.bitmap_index = 70378, .adv_w = 384, .box_w = 19, .box_h = 23, .ofs_x = 2, .ofs_y = -3},
    {.bitmap_index = 70597, .adv_w = 384, .box_w = 20, .box_h = 22, .ofs_x = 2, .ofs_y = -2},
    {.bitmap_index = 70817, .adv_w = 384, .box_w = 23, .box_h = 23, .ofs_x = 1, .ofs_y = -3},
    {.bitmap_index = 71082, .adv_w = 384, .box_w = 24, .box_h = 23, .ofs_x = 0, .ofs_y = -3},
    {.bitmap_index = 71358, .adv_w = 384, .box_w = 23, .box_h = 23, .ofs_x = 1, .ofs_y = -3},
    {.bitmap_index = 71623, .adv_w = 384, .box_w = 23, .box_h = 22, .ofs_x = 1, .ofs_y = -2},
    {.bitmap_index = 71876, .adv_w = 384, .box_w = 23, .box_h = 22, .ofs_x = 1, .ofs_y = -2},
    {.bitmap_index = 72129, .adv_w = 384, .box_w = 24, .box_h = 22, .ofs_x = 0, .ofs_y = -2},
    {.bitmap_index = 72393, .adv_w = 384, .box_w = 23, .box_h = 22, .ofs_x = 1, .ofs_y = -2},
    {.bitmap_index = 72646, .adv_w = 384, .box_w = 23, .box_h = 22, .ofs_x = 1, .ofs_y = -2},
    {.bitmap_index = 72899, .adv_w = 384, .box_w = 21, .box_h = 23, .ofs_x = 1, .ofs_y = -3},
    {.bitmap_index = 73141, .adv_w = 384, .box_w = 21, .box_h = 23, .ofs_x = 1, .ofs_y = -3},
    {.bitmap_index = 73383, .adv_w = 384, .box_w = 21, .box_h = 22, .ofs_x = 1, .ofs_y = -2},
    {.bitmap_index = 73614, .adv_w = 384, .box_w = 21, .box_h = 22, .ofs_x = 1, .ofs_y = -2},
    {.bitmap_index = 73845, .adv_w = 384, .box_w = 21, .box_h = 23, .ofs_x = 0, .ofs_y = -3},
    {.bitmap_index = 74087, .adv_w = 384, .box_w = 20, .box_h = 23, .ofs_x = 1, .ofs_y = -3},
    {.bitmap_index = 74317, .adv_w = 384, .box_w = 20, .box_h = 23, .ofs_x = 1, .ofs_y = -3},
    {.bitmap_index = 74547, .adv_w = 384, .box_w = 22, .box_h = 22, .ofs_x = 0, .ofs_y = -2},
    {.bitmap_index = 74789, .adv_w = 384, .box_w = 21, .box_h = 22, .ofs_x = 1, .ofs_y = -2},
    {.bitmap_index = 75020, .adv_w = 384, .box_w = 21, .box_h = 22, .ofs_x = 1, .ofs_y = -2},
    {.bitmap_index = 75251, .adv_w = 384, .box_w = 21, .box_h = 23, .ofs_x = 1, .ofs_y = -3},
    {.bitmap_index = 75493, .adv_w = 384, .box_w = 21, .box_h = 22, .ofs_x = 1, .ofs_y = -2},
    {.bitmap_index = 75724, .adv_w = 384, .box_w = 21, .box_h = 23, .ofs_x = 1, .ofs_y = -3},
    {.bitmap_index = 75966, .adv_w = 384, .box_w = 22, .box_h = 22, .ofs_x = 0, .ofs_y = -2},
    {.bitmap_index = 76208, .adv_w = 384, .box_w = 22, .box_h = 18, .ofs_x = 1, .ofs_y = 1},
    {.bitmap_index = 76406, .adv_w = 384, .box_w = 22, .box_h = 23, .ofs_x = 1, .ofs_y = -3},
    {.bitmap_index = 76659, .adv_w = 384, .box_w = 22, .box_h = 22, .ofs_x = 1, .ofs_y = -2},
    {.bitmap_index = 76901, .adv_w = 384, .box_w = 22, .box_h = 23, .ofs_x = 1, .ofs_y = -3},
    {.bitmap_index = 77154, .adv_w = 384, .box_w = 22, .box_h = 22, .ofs_x = 1, .ofs_y = -2},
    {.bitmap_index = 77396, .adv_w = 384, .box_w = 22, .box_h = 22, .ofs_x = 1, .ofs_y = -2},
    {.bitmap_index = 77638, .adv_w = 384, .box_w = 22, .box_h = 22, .ofs_x = 1, .ofs_y = -2},
    {.bitmap_index = 77880, .adv_w = 384, .box_w = 22, .box_h = 18, .ofs_x = 1, .ofs_y = 1},
    {.bitmap_index = 78078, .adv_w = 384, .box_w = 22, .box_h = 22, .ofs_x = 1, .ofs_y = -2},
    {.bitmap_index = 78320, .adv_w = 384, .box_w = 20, .box_h = 23, .ofs_x = 1, .ofs_y = -3},
    {.bitmap_index = 78550, .adv_w = 384, .box_w = 20, .box_h = 23, .ofs_x = 1, .ofs_y = -3},
    {.bitmap_index = 78780, .adv_w = 384, .box_w = 20, .box_h = 22, .ofs_x = 1, .ofs_y = -2},
    {.bitmap_index = 79000, .adv_w = 384, .box_w = 21, .box_h = 22, .ofs_x = 1, .ofs_y = -2},
    {.bitmap_index = 79231, .adv_w = 384, .box_w = 20, .box_h = 22, .ofs_x = 1, .ofs_y = -2},
    {.bitmap_index = 79451, .adv_w = 384, .box_w = 23, .box_h = 23, .ofs_x = 0, .ofs_y = -3},
    {.bitmap_index = 79716, .adv_w = 384, .box_w = 22, .box_h = 18, .ofs_x = 1, .ofs_y = 1},
    {.bitmap_index = 79914, .adv_w = 384, .box_w = 22, .box_h = 22, .ofs_x = 1, .ofs_y = -2},
    {.bitmap_index = 80156, .adv_w = 384, .box_w = 22, .box_h = 23, .ofs_x = 2, .ofs_y = -3},
    {.bitmap_index = 80409, .adv_w = 384, .box_w = 23, .box_h = 22, .ofs_x = 1, .ofs_y = -2},
    {.bitmap_index = 80662, .adv_w = 384, .box_w = 23, .box_h = 23, .ofs_x = 1, .ofs_y = -3},
    {.bitmap_index = 80927, .adv_w = 384, .box_w = 23, .box_h = 22, .ofs_x = 1, .ofs_y = -2},
    {.bitmap_index = 81180, .adv_w = 384, .box_w = 23, .box_h = 22, .ofs_x = 1, .ofs_y = -2},
    {.bitmap_index = 81433, .adv_w = 384, .box_w = 22, .box_h = 23, .ofs_x = 2, .ofs_y = -3},
    {.bitmap_index = 81686, .adv_w = 384, .box_w = 23, .box_h = 22, .ofs_x = 1, .ofs_y = -2},
    {.bitmap_index = 81939, .adv_w = 384, .box_w = 23, .box_h = 22, .ofs_x = 1, .ofs_y = -2},
    {.bitmap_index = 82192, .adv_w = 384, .box_w = 22, .box_h = 23, .ofs_x = 2, .ofs_y = -3},
    {.bitmap_index = 82445, .adv_w = 384, .box_w = 23, .box_h = 23, .ofs_x = 1, .ofs_y = -3},
    {.bitmap_index = 82710, .adv_w = 384, .box_w = 23, .box_h = 22, .ofs_x = 1, .ofs_y = -2},
    {.bitmap_index = 82963, .adv_w = 384, .box_w = 19, .box_h = 23, .ofs_x = 2, .ofs_y = -3},
    {.bitmap_index = 83182, .adv_w = 384, .box_w = 19, .box_h = 22, .ofs_x = 2, .ofs_y = -2},
    {.bitmap_index = 83391, .adv_w = 384, .box_w = 21, .box_h = 23, .ofs_x = 2, .ofs_y = -3},
    {.bitmap_index = 83633, .adv_w = 384, .box_w = 21, .box_h = 23, .ofs_x = 1, .ofs_y = -3},
    {.bitmap_index = 83875, .adv_w = 384, .box_w = 19, .box_h = 23, .ofs_x = 2, .ofs_y = -3},
    {.bitmap_index = 84094, .adv_w = 384, .box_w = 20, .box_h = 22, .ofs_x = 2, .ofs_y = -2},
    {.bitmap_index = 84314, .adv_w = 384, .box_w = 20, .box_h = 22, .ofs_x = 2, .ofs_y = -2},
    {.bitmap_index = 84534, .adv_w = 384, .box_w = 20, .box_h = 22, .ofs_x = 2, .ofs_y = -2},
    {.bitmap_index = 84754, .adv_w = 384, .box_w = 20, .box_h = 22, .ofs_x = 2, .ofs_y = -2},
    {.bitmap_index = 84974, .adv_w = 384, .box_w = 21, .box_h = 23, .ofs_x = 1, .ofs_y = -3},
    {.bitmap_index = 85216, .adv_w = 384, .box_w = 22, .box_h = 18, .ofs_x = 1, .ofs_y = 1},
    {.bitmap_index = 85414, .adv_w = 384, .box_w = 22, .box_h = 22, .ofs_x = 1, .ofs_y = -2},
    {.bitmap_index = 85656, .adv_w = 384, .box_w = 22, .box_h = 22, .ofs_x = 1, .ofs_y = -2},
    {.bitmap_index = 85898, .adv_w = 384, .box_w = 22, .box_h = 22, .ofs_x = 1, .ofs_y = -2},
    {.bitmap_index = 86140, .adv_w = 384, .box_w = 24, .box_h = 23, .ofs_x = 0, .ofs_y = -3},
    {.bitmap_index = 86416, .adv_w = 384, .box_w = 23, .box_h = 22, .ofs_x = 1, .ofs_y = -2},
    {.bitmap_index = 86669, .adv_w = 384, .box_w = 23, .box_h = 23, .ofs_x = 1, .ofs_y = -3},
    {.bitmap_index = 86934, .adv_w = 384, .box_w = 21, .box_h = 23, .ofs_x = 1, .ofs_y = -3},
    {.bitmap_index = 87176, .adv_w = 384, .box_w = 22, .box_h = 18, .ofs_x = 1, .ofs_y = 1},
    {.bitmap_index = 87374, .adv_w = 384, .box_w = 22, .box_h = 23, .ofs_x = 1, .ofs_y = -3},
    {.bitmap_index = 87627, .adv_w = 384, .box_w = 22, .box_h = 23, .ofs_x = 1, .ofs_y = -3},
    {.bitmap_index = 87880, .adv_w = 384, .box_w = 22, .box_h = 22, .ofs_x = 1, .ofs_y = -2},
    {.bitmap_index = 88122, .adv_w = 384, .box_w = 22, .box_h = 22, .ofs_x = 1, .ofs_y = -2},
    {.bitmap_index = 88364, .adv_w = 384, .box_w = 20, .box_h = 23, .ofs_x = 1, .ofs_y = -3},
    {.bitmap_index = 88594, .adv_w = 384, .box_w = 21, .box_h = 22, .ofs_x = 1, .ofs_y = -2},
    {.bitmap_index = 88825, .adv_w = 384, .box_w = 21, .box_h = 23, .ofs_x = 0, .ofs_y = -3},
    {.bitmap_index = 89067, .adv_w = 384, .box_w = 20, .box_h = 23, .ofs_x = 1, .ofs_y = -3},
    {.bitmap_index = 89297, .adv_w = 384, .box_w = 22, .box_h = 22, .ofs_x = 1, .ofs_y = -2},
    {.bitmap_index = 89539, .adv_w = 384, .box_w = 22, .box_h = 18, .ofs_x = 1, .ofs_y = 1},
    {.bitmap_index = 89737, .adv_w = 384, .box_w = 22, .box_h = 22, .ofs_x = 1, .ofs_y = -2},
    {.bitmap_index = 89979, .adv_w = 384, .box_w = 22, .box_h = 22, .ofs_x = 1, .ofs_y = -2},
    {.bitmap_index = 90221, .adv_w = 384, .box_w = 22, .box_h = 22, .ofs_x = 1, .ofs_y = -2},
    {.bitmap_index = 90463, .adv_w = 384, .box_w = 22, .box_h = 23, .ofs_x = 1, .ofs_y = -3},
    {.bitmap_index = 90716, .adv_w = 384, .box_w = 21, .box_h = 23, .ofs_x = 0, .ofs_y = -3},
    {.bitmap_index = 90958, .adv_w = 384, .box_w = 19, .box_h = 23, .ofs_x = 2, .ofs_y = -3},
    {.bitmap_index = 91177, .adv_w = 384, .box_w = 19, .box_h = 22, .ofs_x = 2, .ofs_y = -2},
    {.bitmap_index = 91386, .adv_w = 384, .box_w = 20, .box_h = 22, .ofs_x = 2, .ofs_y = -2},
    {.bitmap_index = 91606, .adv_w = 384, .box_w = 19, .box_h = 22, .ofs_x = 2, .ofs_y = -2},
    {.bitmap_index = 91815, .adv_w = 384, .box_w = 19, .box_h = 22, .ofs_x = 2, .ofs_y = -2},
    {.bitmap_index = 92024, .adv_w = 384, .box_w = 19, .box_h = 22, .ofs_x = 2, .ofs_y = -2},
    {.bitmap_index = 92233, .adv_w = 384, .box_w = 21, .box_h = 23, .ofs_x = 2, .ofs_y = -3},
    {.bitmap_index = 92475, .adv_w = 384, .box_w = 23, .box_h = 23, .ofs_x = 1, .ofs_y = -3},
    {.bitmap_index = 92740, .adv_w = 384, .box_w = 23, .box_h = 23, .ofs_x = 1, .ofs_y = -3},
    {.bitmap_index = 93005, .adv_w = 384, .box_w = 23, .box_h = 22, .ofs_x = 1, .ofs_y = -2},
    {.bitmap_index = 93258, .adv_w = 384, .box_w = 23, .box_h = 22, .ofs_x = 1, .ofs_y = -2},
    {.bitmap_index = 93511, .adv_w = 384, .box_w = 22, .box_h = 23, .ofs_x = 0, .ofs_y = -3},
    {.bitmap_index = 93764, .adv_w = 384, .box_w = 20, .box_h = 23, .ofs_x = 1, .ofs_y = -3},
    {.bitmap_index = 93994, .adv_w = 384, .box_w = 20, .box_h = 23, .ofs_x = 1, .ofs_y = -3},
    {.bitmap_index = 94224, .adv_w = 384, .box_w = 21, .box_h = 22, .ofs_x = 1, .ofs_y = -2},
    {.bitmap_index = 94455, .adv_w = 384, .box_w = 21, .box_h = 22, .ofs_x = 1, .ofs_y = -2},
    {.bitmap_index = 94686, .adv_w = 384, .box_w = 20, .box_h = 22, .ofs_x = 1, .ofs_y = -2},
    {.bitmap_index = 94906, .adv_w = 384, .box_w = 20, .box_h = 22, .ofs_x = 1, .ofs_y = -2},
    {.bitmap_index = 95126, .adv_w = 384, .box_w = 21, .box_h = 22, .ofs_x = 1, .ofs_y = -2},
    {.bitmap_index = 95357, .adv_w = 384, .box_w = 22, .box_h = 23, .ofs_x = 0, .ofs_y = -3},
    {.bitmap_index = 95610, .adv_w = 384, .box_w = 20, .box_h = 23, .ofs_x = 1, .ofs_y = -3},
    {.bitmap_index = 95840, .adv_w = 384, .box_w = 22, .box_h = 18, .ofs_x = 1, .ofs_y = 1},
    {.bitmap_index = 96038, .adv_w = 384, .box_w = 22, .box_h = 21, .ofs_x = 1, .ofs_y = -2},
    {.bitmap_index = 96269, .adv_w = 384, .box_w = 22, .box_h = 23, .ofs_x = 1, .ofs_y = -3},
    {.bitmap_index = 96522, .adv_w = 384, .box_w = 22, .box_h = 22, .ofs_x = 1, .ofs_y = -3},
    {.bitmap_index = 96764, .adv_w = 384, .box_w = 22, .box_h = 21, .ofs_x = 1, .ofs_y = -2},
    {.bitmap_index = 96995, .adv_w = 384, .box_w = 22, .box_h = 22, .ofs_x = 1, .ofs_y = -2},
    {.bitmap_index = 97237, .adv_w = 384, .box_w = 22, .box_h = 23, .ofs_x = 1, .ofs_y = -3},
    {.bitmap_index = 97490, .adv_w = 384, .box_w = 22, .box_h = 23, .ofs_x = 1, .ofs_y = -3},
    {.bitmap_index = 97743, .adv_w = 384, .box_w = 22, .box_h = 23, .ofs_x = 1, .ofs_y = -3},
    {.bitmap_index = 97996, .adv_w = 384, .box_w = 20, .box_h = 23, .ofs_x = 1, .ofs_y = -3},
    {.bitmap_index = 98226, .adv_w = 384, .box_w = 20, .box_h = 23, .ofs_x = 1, .ofs_y = -3},
    {.bitmap_index = 98456, .adv_w = 384, .box_w = 20, .box_h = 22, .ofs_x = 1, .ofs_y = -2},
    {.bitmap_index = 98676, .adv_w = 384, .box_w = 21, .box_h = 22, .ofs_x = 1, .ofs_y = -2},
    {.bitmap_index = 98907, .adv_w = 384, .box_w = 20, .box_h = 22, .ofs_x = 1, .ofs_y = -2},
    {.bitmap_index = 99127, .adv_w = 384, .box_w = 20, .box_h = 22, .ofs_x = 1, .ofs_y = -2},
    {.bitmap_index = 99347, .adv_w = 384, .box_w = 23, .box_h = 22, .ofs_x = 1, .ofs_y = -2},
    {.bitmap_index = 99600, .adv_w = 384, .box_w = 22, .box_h = 23, .ofs_x = 1, .ofs_y = -3},
    {.bitmap_index = 99853, .adv_w = 384, .box_w = 23, .box_h = 23, .ofs_x = 1, .ofs_y = -3},
    {.bitmap_index = 100118, .adv_w = 384, .box_w = 23, .box_h = 23, .ofs_x = 1, .ofs_y = -2},
    {.bitmap_index = 100383, .adv_w = 384, .box_w = 21, .box_h = 24, .ofs_x = 1, .ofs_y = -3},
    {.bitmap_index = 100635, .adv_w = 384, .box_w = 20, .box_h = 23, .ofs_x = 1, .ofs_y = -3},
    {.bitmap_index = 100865, .adv_w = 384, .box_w = 20, .box_h = 23, .ofs_x = 1, .ofs_y = -2},
    {.bitmap_index = 101095, .adv_w = 384, .box_w = 21, .box_h = 24, .ofs_x = 1, .ofs_y = -3},
    {.bitmap_index = 101347, .adv_w = 384, .box_w = 21, .box_h = 23, .ofs_x = 1, .ofs_y = -2},
    {.bitmap_index = 101589, .adv_w = 384, .box_w = 21, .box_h = 23, .ofs_x = 1, .ofs_y = -3},
    {.bitmap_index = 101831, .adv_w = 384, .box_w = 22, .box_h = 20, .ofs_x = 1, .ofs_y = 0},
    {.bitmap_index = 102051, .adv_w = 384, .box_w = 21, .box_h = 23, .ofs_x = 0, .ofs_y = -3},
    {.bitmap_index = 102293, .adv_w = 384, .box_w = 22, .box_h = 23, .ofs_x = 1, .ofs_y = -2},
    {.bitmap_index = 102546, .adv_w = 384, .box_w = 22, .box_h = 24, .ofs_x = 1, .ofs_y = -3},
    {.bitmap_index = 102810, .adv_w = 384, .box_w = 22, .box_h = 23, .ofs_x = 1, .ofs_y = -2},
    {.bitmap_index = 103063, .adv_w = 384, .box_w = 22, .box_h = 23, .ofs_x = 1, .ofs_y = -2},
    {.bitmap_index = 103316, .adv_w = 384, .box_w = 21, .box_h = 24, .ofs_x = 0, .ofs_y = -3},
    {.bitmap_index = 103568, .adv_w = 384, .box_w = 20, .box_h = 24, .ofs_x = 1, .ofs_y = -3},
    {.bitmap_index = 103808, .adv_w = 384, .box_w = 22, .box_h = 20, .ofs_x = 1, .ofs_y = 0},
    {.bitmap_index = 104028, .adv_w = 384, .box_w = 22, .box_h = 24, .ofs_x = 1, .ofs_y = -3},
    {.bitmap_index = 104292, .adv_w = 384, .box_w = 20, .box_h = 23, .ofs_x = 1, .ofs_y = -3},
    {.bitmap_index = 104522, .adv_w = 384, .box_w = 20, .box_h = 23, .ofs_x = 1, .ofs_y = -2},
    {.bitmap_index = 104752, .adv_w = 384, .box_w = 20, .box_h = 23, .ofs_x = 1, .ofs_y = -2},
    {.bitmap_index = 104982, .adv_w = 384, .box_w = 23, .box_h = 23, .ofs_x = 1, .ofs_y = -3},
    {.bitmap_index = 105247, .adv_w = 384, .box_w = 23, .box_h = 22, .ofs_x = 1, .ofs_y = -2},
    {.bitmap_index = 105500, .adv_w = 384, .box_w = 21, .box_h = 23, .ofs_x = 1, .ofs_y = -3},
    {.bitmap_index = 105742, .adv_w = 384, .box_w = 21, .box_h = 22, .ofs_x = 1, .ofs_y = -2},
    {.bitmap_index = 105973, .adv_w = 384, .box_w = 21, .box_h = 23, .ofs_x = 1, .ofs_y = -3},
    {.bitmap_index = 106215, .adv_w = 384, .box_w = 21, .box_h = 22, .ofs_x = 1, .ofs_y = -2},
    {.bitmap_index = 106446, .adv_w = 384, .box_w = 20, .box_h = 22, .ofs_x = 1, .ofs_y = -2},
    {.bitmap_index = 106666, .adv_w = 384, .box_w = 20, .box_h = 23, .ofs_x = 1, .ofs_y = -3},
    {.bitmap_index = 106896, .adv_w = 384, .box_w = 22, .box_h = 18, .ofs_x = 1, .ofs_y = 1},
    {.bitmap_index = 107094, .adv_w = 384, .box_w = 22, .box_h = 21, .ofs_x = 1, .ofs_y = -2},
    {.bitmap_index = 107325, .adv_w = 384, .box_w = 22, .box_h = 22, .ofs_x = 1, .ofs_y = -3},
    {.bitmap_index = 107567, .adv_w = 384, .box_w = 22, .box_h = 18, .ofs_x = 1, .ofs_y = 1},
    {.bitmap_index = 107765, .adv_w = 384, .box_w = 22, .box_h = 22, .ofs_x = 1, .ofs_y = -2},
    {.bitmap_index = 108007, .adv_w = 384, .box_w = 22, .box_h = 22, .ofs_x = 1, .ofs_y = -2},
    {.bitmap_index = 108249, .adv_w = 384, .box_w = 20, .box_h = 23, .ofs_x = 1, .ofs_y = -3},
    {.bitmap_index = 108479, .adv_w = 384, .box_w = 21, .box_h = 23, .ofs_x = 2, .ofs_y = -3},
    {.bitmap_index = 108721, .adv_w = 384, .box_w = 22, .box_h = 23, .ofs_x = 2, .ofs_y = -3},
    {.bitmap_index = 108974, .adv_w = 384, .box_w = 22, .box_h = 22, .ofs_x = 2, .ofs_y = -2},
    {.bitmap_index = 109216, .adv_w = 384, .box_w = 22, .box_h = 22, .ofs_x = 2, .ofs_y = -2},
    {.bitmap_index = 109458, .adv_w = 384, .box_w = 19, .box_h = 23, .ofs_x = 2, .ofs_y = -3},
    {.bitmap_index = 109677, .adv_w = 384, .box_w = 19, .box_h = 23, .ofs_x = 2, .ofs_y = -3},
    {.bitmap_index = 109896, .adv_w = 384, .box_w = 20, .box_h = 23, .ofs_x = 2, .ofs_y = -3},
    {.bitmap_index = 110126, .adv_w = 384, .box_w = 19, .box_h = 23, .ofs_x = 2, .ofs_y = -3},
    {.bitmap_index = 110345, .adv_w = 384, .box_w = 20, .box_h = 22, .ofs_x = 2, .ofs_y = -2},
    {.bitmap_index = 110565, .adv_w = 384, .box_w = 22, .box_h = 22, .ofs_x = 1, .ofs_y = -2},
    {.bitmap_index = 110807, .adv_w = 384, .box_w = 22, .box_h = 23, .ofs_x = 1, .ofs_y = -3},
    {.bitmap_index = 111060, .adv_w = 384, .box_w = 22, .box_h = 19, .ofs_x = 1, .ofs_y = 0},
    {.bitmap_index = 111269, .adv_w = 384, .box_w = 22, .box_h = 22, .ofs_x = 1, .ofs_y = -2},
    {.bitmap_index = 111511, .adv_w = 384, .box_w = 19, .box_h = 22, .ofs_x = 3, .ofs_y = -2},
    {.bitmap_index = 111720, .adv_w = 384, .box_w = 23, .box_h = 23, .ofs_x = 1, .ofs_y = -3},
    {.bitmap_index = 111985, .adv_w = 384, .box_w = 21, .box_h = 23, .ofs_x = 1, .ofs_y = -3},
    {.bitmap_index = 112227, .adv_w = 384, .box_w = 20, .box_h = 23, .ofs_x = 1, .ofs_y = -3},
    {.bitmap_index = 112457, .adv_w = 384, .box_w = 21, .box_h = 22, .ofs_x = 1, .ofs_y = -2},
    {.bitmap_index = 112688, .adv_w = 384, .box_w = 21, .box_h = 23, .ofs_x = 1, .ofs_y = -3},
    {.bitmap_index = 112930, .adv_w = 384, .box_w = 22, .box_h = 19, .ofs_x = 1, .ofs_y = 0},
    {.bitmap_index = 113139, .adv_w = 384, .box_w = 22, .box_h = 23, .ofs_x = 1, .ofs_y = -3},
    {.bitmap_index = 113392, .adv_w = 384, .box_w = 22, .box_h = 21, .ofs_x = 1, .ofs_y = -2},
    {.bitmap_index = 113623, .adv_w = 384, .box_w = 22, .box_h = 22, .ofs_x = 1, .ofs_y = -2},
    {.bitmap_index = 113865, .adv_w = 384, .box_w = 22, .box_h = 19, .ofs_x = 1, .ofs_y = 0},
    {.bitmap_index = 114074, .adv_w = 384, .box_w = 22, .box_h = 19, .ofs_x = 1, .ofs_y = 0},
    {.bitmap_index = 114283, .adv_w = 384, .box_w = 22, .box_h = 21, .ofs_x = 1, .ofs_y = -2},
    {.bitmap_index = 114514, .adv_w = 384, .box_w = 22, .box_h = 22, .ofs_x = 1, .ofs_y = -2},
    {.bitmap_index = 114756, .adv_w = 384, .box_w = 20, .box_h = 22, .ofs_x = 1, .ofs_y = -2},
    {.bitmap_index = 114976, .adv_w = 384, .box_w = 21, .box_h = 22, .ofs_x = 1, .ofs_y = -2},
    {.bitmap_index = 115207, .adv_w = 384, .box_w = 23, .box_h = 23, .ofs_x = 1, .ofs_y = -3},
    {.bitmap_index = 115472, .adv_w = 384, .box_w = 23, .box_h = 24, .ofs_x = 1, .ofs_y = -3},
    {.bitmap_index = 115748, .adv_w = 384, .box_w = 23, .box_h = 23, .ofs_x = 1, .ofs_y = -2},
    {.bitmap_index = 116013, .adv_w = 384, .box_w = 23, .box_h = 24, .ofs_x = 1, .ofs_y = -2},
    {.bitmap_index = 116289, .adv_w = 384, .box_w = 23, .box_h = 23, .ofs_x = 1, .ofs_y = -2},
    {.bitmap_index = 116554, .adv_w = 384, .box_w = 23, .box_h = 23, .ofs_x = 1, .ofs_y = -2},
    {.bitmap_index = 116819, .adv_w = 384, .box_w = 21, .box_h = 23, .ofs_x = 1, .ofs_y = -3},
    {.bitmap_index = 117061, .adv_w = 384, .box_w = 21, .box_h = 23, .ofs_x = 1, .ofs_y = -2},
    {.bitmap_index = 117303, .adv_w = 384, .box_w = 22, .box_h = 24, .ofs_x = 1, .ofs_y = -3},
    {.bitmap_index = 117567, .adv_w = 384, .box_w = 21, .box_h = 23, .ofs_x = 1, .ofs_y = -2},
    {.bitmap_index = 117809, .adv_w = 384, .box_w = 20, .box_h = 23, .ofs_x = 1, .ofs_y = -3},
    {.bitmap_index = 118039, .adv_w = 384, .box_w = 20, .box_h = 23, .ofs_x = 1, .ofs_y = -2},
    {.bitmap_index = 118269, .adv_w = 384, .box_w = 21, .box_h = 23, .ofs_x = 1, .ofs_y = -2},
    {.bitmap_index = 118511, .adv_w = 384, .box_w = 21, .box_h = 23, .ofs_x = 1, .ofs_y = -2},
    {.bitmap_index = 118753, .adv_w = 384, .box_w = 22, .box_h = 20, .ofs_x = 1, .ofs_y = 0},
    {.bitmap_index = 118973, .adv_w = 384, .box_w = 22, .box_h = 23, .ofs_x = 1, .ofs_y = -2},
    {.bitmap_index = 119226, .adv_w = 384, .box_w = 24, .box_h = 24, .ofs_x = 0, .ofs_y = -3},
    {.bitmap_index = 119514, .adv_w = 384, .box_w = 23, .box_h = 24, .ofs_x = 1, .ofs_y = -3},
    {.bitmap_index = 119790, .adv_w = 384, .box_w = 23, .box_h = 23, .ofs_x = 1, .ofs_y = -2},
    {.bitmap_index = 120055, .adv_w = 384, .box_w = 23, .box_h = 23, .ofs_x = 1, .ofs_y = -2},
    {.bitmap_index = 120320, .adv_w = 384, .box_w = 23, .box_h = 24, .ofs_x = 1, .ofs_y = -2},
    {.bitmap_index = 120596, .adv_w = 384, .box_w = 22, .box_h = 24, .ofs_x = 0, .ofs_y = -3},
    {.bitmap_index = 120860, .adv_w = 384, .box_w = 22, .box_h = 24, .ofs_x = 1, .ofs_y = -3},
    {.bitmap_index = 121124, .adv_w = 384, .box_w = 22, .box_h = 24, .ofs_x = 1, .ofs_y = -3},
    {.bitmap_index = 121388, .adv_w = 384, .box_w = 22, .box_h = 23, .ofs_x = 1, .ofs_y = -2},
    {.bitmap_index = 121641, .adv_w = 384, .box_w = 20, .box_h = 23, .ofs_x = 1, .ofs_y = -3},
    {.bitmap_index = 121871, .adv_w = 384, .box_w = 20, .box_h = 23, .ofs_x = 1, .ofs_y = -2}
};

/*---------------------
 *  CHARACTER MAPPING
 *--------------------*/

static const uint16_t unicode_list_2[] = {
    0x0, 0x1, 0x2, 0x8, 0x9, 0xa, 0xd, 0xe,
    0xf, 0x11, 0x12, 0x13, 0x15, 0x16, 0x17, 0x1a,
    0x1b, 0x25, 0x27, 0x28, 0x2e, 0x2f, 0x30, 0x31,
    0x3c, 0x3d, 0x3e, 0xf8, 0x185, 0x186, 0x187, 0x188,
    0x189, 0x18a, 0x18b, 0x18c, 0x18d, 0x18e, 0x1c7, 0x1c9,
    0x595, 0x596, 0x598, 0x599, 0x59a, 0x59b, 0x59c, 0x59d,
    0x59e, 0x5a7, 0x5a8, 0x5ab, 0x5ac, 0x5b1, 0x5b2, 0x5b5,
    0x5b6, 0x5bb, 0x5bc, 0x5bd, 0x5c0, 0x5c1, 0x5c3, 0x5c4,
    0x5c5, 0x5c6, 0x8bf5, 0x8bf6, 0x8bf9, 0x8bfd, 0x8c07, 0x8c0a,
    0x8c0e, 0x8c11, 0x8c12, 0x8c26, 0x8c65, 0x8c69, 0x8c75, 0x8c78,
    0x8c81, 0x8c9e, 0x8ca5, 0x8cb1, 0x8cb2, 0x8cb9, 0x8cd5, 0x8cea,
    0x8cf1, 0x8cf5, 0x8cf9, 0x8d06, 0x8d45, 0x8d61, 0x8d81, 0x8dd5,
    0x8ded, 0x8df1, 0x8dfd, 0x8dfe, 0x8e25, 0x8e2d, 0x8e35, 0x8e41,
    0x8e5d, 0x8eb1, 0x8f21, 0x8f37, 0x8fad, 0x9039, 0x903f, 0x9052,
    0x9071, 0x908d, 0x9091, 0x909d, 0x90a3, 0x90a9, 0x90ad, 0x90b1,
    0x90ba, 0x90fd, 0x910d, 0x9118, 0x9119, 0x912c, 0x916d, 0x9182,
    0x91f9, 0x9201, 0x9289, 0x929a, 0x929b, 0x92bd, 0x92be, 0x92ce,
    0x92d9, 0x92dd, 0x92e0, 0x92e1, 0x92e9, 0x92ea, 0x92ee, 0x92f5,
    0x9349, 0x934d, 0x9363, 0x9365, 0x93b9, 0x93c1, 0x93ce, 0x940d,
    0x9411, 0x9415, 0x941d, 0x941e, 0x9445, 0x9449, 0x9455, 0x9499,
    0x94bd, 0x94d1, 0x94d5, 0x94d9, 0x94e6, 0x9525, 0x9541, 0x9605,
    0x9771, 0x9772, 0x9781, 0x978d, 0x97aa, 0x97be, 0x97e1, 0x97e5,
    0x97f5, 0x97fc, 0x9819, 0x981a, 0x982e, 0x9851, 0x9852, 0x9859,
    0x98c1, 0x98dd, 0x994d, 0x9969, 0x996d, 0x9971, 0x9979, 0x99a1,
    0x99a2, 0x99b1, 0x99b2, 0x99bd, 0x99be, 0x99c1, 0x99c3, 0x99d3,
    0x99d9, 0x99dd, 0x9a31, 0x9a3d, 0x9a49, 0x9a69, 0x9a7a, 0x9a9d,
    0x9a9e, 0x9ab0, 0x9b29, 0x9b2d, 0x9b31, 0x9bb5, 0x9bed, 0x9bf5,
    0x9c02, 0x9c09, 0x9c0b, 0x9c0d, 0x9c10, 0x9c11, 0x9c1e, 0x9c25,
    0x9c26, 0x9c79, 0x9c7d, 0x9c89, 0x9c99, 0x9c9d, 0x9cb5, 0x9cb9,
    0x9ce9, 0x9cea, 0x9ced, 0x9cf1, 0x9d75, 0x9d76, 0x9d79, 0x9d7d,
    0x9d8e, 0x9e09, 0x9e39, 0x9e41, 0x9e55, 0xa0a1, 0xa0a2, 0xa0a5,
    0xa0a9, 0xa0b1, 0xa0b2, 0xa0b6, 0xa0bd, 0xa0be, 0xa0cd, 0xa0d2,
    0xa111, 0xa112, 0xa113, 0xa115, 0xa119, 0xa126, 0xa12d, 0xa131,
    0xa140, 0xa14d, 0xa181, 0xa182, 0xa185, 0xa196, 0xa20d, 0xa211,
    0xa21d, 0xa299, 0xa2aa, 0xa2d1, 0xa2d2, 0xa2d5, 0xa2d9, 0xa2e1,
    0xa308, 0xa4e5, 0xa4f5, 0xa539, 0xa53d, 0xa53f, 0xa541, 0xa54a,
    0xa54d, 0xa54e, 0xa553, 0xa571, 0xa572, 0xa586, 0xa5a9, 0xa5ba,
    0xa5bb, 0xa5c5, 0xa5e1, 0xa5e5, 0xa5e9, 0xa5f6, 0xa5fb, 0xa5fd,
    0xa619, 0xa61d, 0xa621, 0xa62a, 0xa635, 0xa639, 0xa649, 0xa66d,
    0xa689, 0xa69e, 0xa6a5, 0xa6a9, 0xa6b5, 0xa6c1, 0xa6c5, 0xa6dd,
    0xa6f9, 0xa715, 0xa731, 0xa735, 0xa739, 0xa741, 0xa746, 0xa74d,
    0xa769, 0xa76d, 0xa771, 0xa772, 0xa779, 0xa77a, 0xa77d, 0xa785,
    0xa786, 0xa796, 0xa79a, 0xa7a1, 0xa7f5, 0xa7f6, 0xa7f9, 0xa7fd,
    0xa805, 0xa806, 0xa80a, 0xa811, 0xa82d, 0xa865, 0xa869, 0xa87a,
    0xa8f1, 0xa8f5, 0xa8f9, 0xa906, 0xa97e, 0xa992, 0xa9b5, 0xa9b6,
    0xa9b9, 0xa9bd, 0xa9c5, 0xa9c6, 0xa9dc, 0xaab2, 0xac1d, 0xac33,
    0xac39, 0xac8d, 0xac9d, 0xaca0, 0xaca2, 0xaca9, 0xacfd, 0xad51,
    0xad89, 0xad8a, 0xad91, 0xad9e, 0xada5, 0xaddd, 0xae15, 0xae16,
    0xae4d, 0xae5e, 0xae62, 0xae69, 0xae6d, 0xae85, 0xae89, 0xaed9,
    0xaee1, 0xaee9, 0xaf11, 0xaf49, 0xaf4d, 0xb045, 0xb061, 0xb069,
    0xb072, 0xb099, 0xb0ac, 0xb0b5, 0xb0b9, 0xb0c5, 0xb0d1, 0xb0d2,
    0xb125, 0xb141, 0xb145, 0xb1aa, 0xb221, 0xb2ad, 0xb2b1, 0xb2fa,
    0xb301, 0xb31d, 0xb371, 0xb3ad, 0xb3be, 0xb3e1, 0xb3e2, 0xb3e5,
    0xb3e9, 0xb451, 0xb4f9, 0xb4fd, 0xb501, 0xb535, 0xb539, 0xb54d,
    0xb54e, 0xb551, 0xb555, 0xb55d, 0xb55e, 0xb569, 0xb56a, 0xb57d,
    0xb57e, 0xb5bd, 0xb5cd, 0xb5f9, 0xb60a, 0xb62d, 0xb63d, 0xb649,
    0xb64a, 0xb64d, 0xb651, 0xb65e, 0xb681, 0xb6b9, 0xb729, 0xb749,
    0xb77d, 0xb78e
};

/*Collect the unicode lists and glyph_id offsets*/
static const lv_font_fmt_txt_cmap_t cmaps[] =
{
    {
        .range_start = 32, .range_length = 95, .glyph_id_start = 1,
        .unicode_list = NULL, .glyph_id_ofs_list = NULL, .list_length = 0, .type = LV_FONT_FMT_TXT_CMAP_FORMAT0_TINY
    },
    {
        .range_start = 160, .range_length = 96, .glyph_id_start = 96,
        .unicode_list = NULL, .glyph_id_ofs_list = NULL, .list_length = 0, .type = LV_FONT_FMT_TXT_CMAP_FORMAT0_TINY
    },
    {
        .range_start = 8203, .range_length = 46991, .glyph_id_start = 192,
        .unicode_list = unicode_list_2, .glyph_id_ofs_list = NULL, .list_length = 458, .type = LV_FONT_FMT_TXT_CMAP_SPARSE_TINY
    }
};



/*--------------------
 *  ALL CUSTOM DATA
 *--------------------*/

#if LVGL_VERSION_MAJOR == 8
/*Store all the custom data of the font*/
static  lv_font_fmt_txt_glyph_cache_t cache;
#endif

#if LVGL_VERSION_MAJOR >= 8
static const lv_font_fmt_txt_dsc_t font_dsc = {
#else
static lv_font_fmt_txt_dsc_t font_dsc = {
#endif
    .glyph_bitmap = glyph_bitmap,
    .glyph_dsc = glyph_dsc,
    .cmaps = cmaps,
    .kern_dsc = NULL,
    .kern_scale = 0,
    .cmap_num = 3,
    .bpp = 4,
    .kern_classes = 0,
    .bitmap_format = 0,
#if LVGL_VERSION_MAJOR == 8
    .cache = &cache
#endif
};



/*-----------------
 *  PUBLIC FONT
 *----------------*/

/*Initialize a public general font descriptor*/
#if LVGL_VERSION_MAJOR >= 8
const lv_font_t korean_24_bold = {
#else
lv_font_t korean_24_bold = {
#endif
    .get_glyph_dsc = lv_font_get_glyph_dsc_fmt_txt,    /*Function pointer to get glyph's data*/
    .get_glyph_bitmap = lv_font_get_bitmap_fmt_txt,    /*Function pointer to get glyph's bitmap*/
    .line_height = 30,          /*The maximum line height required by the font*/
    .base_line = 6,             /*Baseline measured from the bottom of the line*/
#if !(LVGL_VERSION_MAJOR == 6 && LVGL_VERSION_MINOR == 0)
    .subpx = LV_FONT_SUBPX_NONE,
#endif
#if LV_VERSION_CHECK(7, 4, 0) || LVGL_VERSION_MAJOR >= 8
    .underline_position = -5,
    .underline_thickness = 1,
#endif
    .dsc = &font_dsc,          /*The custom font data. Will be accessed by `get_glyph_bitmap/dsc` */
#if LV_VERSION_CHECK(8, 2, 0) || LVGL_VERSION_MAJOR >= 9
    .fallback = NULL,
#endif
    .user_data = NULL,
};



#endif /*#if KOREAN_24_BOLD*/

