/*******************************************************************************
 * Size: 16 px
 * Bpp: 8
 * Opts: --bpp 8 --size 16 --no-compress --stride 1 --align 1 --font NotoSansKR-Regular.ttf --symbols 까따싸짜꺼떠써쩌게네데레메베세에제체케테페헤개내대래매배새애재채캐태패해그느드르므브스으즈츠크트프흐 저장 실패시간온도기압상태 센서 오류측정 중정지초기화됨샘플 수준비 완료인식 실패환경 데이터 대시보드인치 센서 모니터현재확인중온도·기압 측정 화면으로 이동합니다열기설정홈배터리시작누적 그래프축최근 측정 데이터안내보드는보조칩으로처리할수있습니다화면은탭자리만든상태입니다다음단계에서통신방식이확인되면실제연결기능을추가합니다자동안됨읽기℃·
가나다라마바사아자차카타파하거너더러머버서어저처커터퍼허고노도로모보소오조초코토포호구누두루무부수우주추쿠투푸후그느드르므브스으즈츠크트프흐기니디리미비시이지치키티피히
환경데이터대시보드온도기압측정시간날짜상태준비중정지초기화저장실패성공센서오류샘플수그래프최근측정값장치정보홈열기확인자동인식미사용연결됨안됨현재값보드통신누적화면으로이동합니다모니터인치시작저장준비완료저장안됨읽기실패초기화됨저장중측정중센서초기화실패최근측정데이터환경센서모니터측정화면열기현재측정값측정시간샘플수준비완료인식실패자동저장중현재배터리와이파이설정연결기능미구현설명보조칩처리일반처럼바로연결되지않을수있습니다다음단계통신방식확인되면입력붙이면됩니다
0123456789
ABCDEFGHIJKLMNOPQRSTUVWXYZabcdefghijklmnopqrstuvwxyz
 .,:;-/()%℃·_+
hPaCSVSDWiFiESP32P4DPS310GPIOSoftI2C를#밀번석함입력 오류가 심하면 천천히 한 글자씩 누르세요변튼요검색과없캔필운선택삭팅때짐항목순템권켜학교록@◀▶/표=~범위전먼집점원격분평균형둠송듈청또인백뉴탐[]|닉구복괄속업진전송 --format lvgl -o korean_16.c
 ******************************************************************************/

#ifdef __has_include
    #if __has_include("lvgl.h")
        #ifndef LV_LVGL_H_INCLUDE_SIMPLE
            #define LV_LVGL_H_INCLUDE_SIMPLE
        #endif
    #endif
#endif

#ifdef LV_LVGL_H_INCLUDE_SIMPLE
    #include "lvgl.h"
#else
    #include "lvgl/lvgl.h"
#endif



#ifndef KOREAN_16
#define KOREAN_16 1
#endif

#if KOREAN_16

/*-----------------
 *    BITMAPS
 *----------------*/

/*Store the image of the glyphs*/
static LV_ATTRIBUTE_LARGE_CONST const uint8_t glyph_bitmap[] = {
    /* U+0020 " " */

    /* U+0023 "#" */
    0x0, 0x0, 0x0, 0x32, 0xc2, 0x0, 0x32, 0xc2,
    0x0, 0x0, 0x0, 0x0, 0x0, 0x6c, 0x89, 0x0,
    0x6c, 0x89, 0x0, 0x0, 0x0, 0x0, 0x0, 0xa7,
    0x50, 0x0, 0xa7, 0x50, 0x0, 0x0, 0x18, 0xdc,
    0xdc, 0xfe, 0xdd, 0xdc, 0xfd, 0xdd, 0xdc, 0x36,
    0x0, 0x0, 0x14, 0xe4, 0x0, 0x10, 0xe3, 0x0,
    0x0, 0x0, 0x0, 0x0, 0x4c, 0xa7, 0x0, 0x4a,
    0xaa, 0x0, 0x0, 0x0, 0x8f, 0xd8, 0xec, 0xe9,
    0xd8, 0xec, 0xea, 0xd8, 0x9b, 0x0, 0x0, 0x0,
    0xb2, 0x45, 0x0, 0xb7, 0x44, 0x0, 0x0, 0x0,
    0x0, 0x0, 0xdf, 0x19, 0x0, 0xe4, 0x15, 0x0,
    0x0, 0x0, 0x0, 0xc, 0xeb, 0x0, 0x12, 0xe6,
    0x0, 0x0, 0x0, 0x0, 0x0, 0x2d, 0xa7, 0x0,
    0x33, 0xa1, 0x0, 0x0, 0x0, 0x0,

    /* U+0025 "%" */
    0x0, 0x3f, 0xd0, 0xe5, 0xba, 0x1b, 0x0, 0x0,
    0x0, 0x87, 0x90, 0x0, 0x0, 0x10, 0xe7, 0x33,
    0x0, 0x86, 0xac, 0x0, 0x0, 0x29, 0xe0, 0xe,
    0x0, 0x0, 0x47, 0xbc, 0x0, 0x0, 0x1e, 0xe8,
    0x0, 0x0, 0xc0, 0x56, 0x0, 0x0, 0x0, 0x4b,
    0xbd, 0x0, 0x0, 0x23, 0xe0, 0x0, 0x5e, 0xb9,
    0x0, 0x0, 0x0, 0x0, 0x14, 0xed, 0x3d, 0x5,
    0x96, 0x8e, 0x11, 0xe2, 0x24, 0x0, 0x0, 0x0,
    0x0, 0x0, 0x46, 0xd0, 0xe1, 0x97, 0xa, 0x98,
    0x7f, 0x0, 0x0, 0x0, 0x0, 0x0, 0x0, 0x0,
    0x0, 0x0, 0x0, 0x36, 0xd9, 0x7, 0x55, 0xd5,
    0xe7, 0x98, 0x7, 0x0, 0x0, 0x0, 0x0, 0x3,
    0xce, 0x46, 0x28, 0xe6, 0x2d, 0xd, 0xb8, 0x75,
    0x0, 0x0, 0x0, 0x0, 0x6f, 0xa8, 0x0, 0x71,
    0x92, 0x0, 0x0, 0x4d, 0xb7, 0x0, 0x0, 0x0,
    0x19, 0xe3, 0x1a, 0x0, 0x79, 0x89, 0x0, 0x0,
    0x4a, 0xb2, 0x0, 0x0, 0x0, 0xa9, 0x6e, 0x0,
    0x0, 0x39, 0xda, 0x10, 0x2, 0xaa, 0x65, 0x0,
    0x0, 0x45, 0xce, 0x3, 0x0, 0x0, 0x0, 0x70,
    0xd9, 0xd2, 0x86, 0x2,

    /* U+0028 "(" */
    0x0, 0x0, 0xbb, 0x64, 0x0, 0x61, 0xbf, 0x0,
    0x1, 0xd9, 0x44, 0x0, 0x40, 0xdb, 0x0, 0x0,
    0x82, 0x97, 0x0, 0x0, 0xb6, 0x5f, 0x0, 0x0,
    0xcd, 0x47, 0x0, 0x0, 0xdb, 0x38, 0x0, 0x0,
    0xcf, 0x46, 0x0, 0x0, 0xba, 0x5c, 0x0, 0x0,
    0x87, 0x93, 0x0, 0x0, 0x46, 0xd6, 0x0, 0x0,
    0x2, 0xdf, 0x3e, 0x0, 0x0, 0x67, 0xb9, 0x0,
    0x0, 0x1, 0xbd, 0x5f,

    /* U+0029 ")" */
    0x7d, 0xa4, 0x0, 0x0, 0x5, 0xd3, 0x4b, 0x0,
    0x0, 0x5d, 0xc6, 0x0, 0x0, 0x6, 0xed, 0x2e,
    0x0, 0x0, 0xb0, 0x6f, 0x0, 0x0, 0x78, 0xa5,
    0x0, 0x0, 0x61, 0xbb, 0x0, 0x0, 0x51, 0xca,
    0x0, 0x0, 0x5f, 0xbd, 0x0, 0x0, 0x75, 0xa9,
    0x0, 0x0, 0xac, 0x75, 0x0, 0x4, 0xea, 0x34,
    0x0, 0x57, 0xcd, 0x0, 0x3, 0xce, 0x52, 0x0,
    0x78, 0xa7, 0x0, 0x0,

    /* U+002B "+" */
    0x0, 0x0, 0x0, 0x0, 0xe4, 0x20, 0x0, 0x0,
    0x0, 0x0, 0x0, 0x0, 0x0, 0xe4, 0x20, 0x0,
    0x0, 0x0, 0x0, 0x0, 0x0, 0x0, 0xe4, 0x20,
    0x0, 0x0, 0x0, 0x22, 0xf4, 0xf4, 0xf4, 0xfe,
    0xf5, 0xf4, 0xf4, 0x5b, 0x5, 0x24, 0x24, 0x24,
    0xe7, 0x3f, 0x24, 0x24, 0xd, 0x0, 0x0, 0x0,
    0x0, 0xe4, 0x20, 0x0, 0x0, 0x0, 0x0, 0x0,
    0x0, 0x0, 0xe4, 0x20, 0x0, 0x0, 0x0, 0x0,
    0x0, 0x0, 0x0, 0xe4, 0x20, 0x0, 0x0, 0x0,
    0x0, 0x0, 0x0, 0x0, 0x7, 0x1, 0x0, 0x0,
    0x0,

    /* U+002C "," */
    0x0, 0xdb, 0x4e, 0x18, 0xf3, 0x8, 0x55, 0xaa,
    0x0, 0x92, 0x58, 0x0,

    /* U+002D "-" */
    0xca, 0xf0, 0xf0, 0xf0, 0x7f, 0x1b, 0x20, 0x20,
    0x20, 0x11,

    /* U+002E "." */
    0x2, 0xb9, 0x55, 0x5, 0xdf, 0x67,

    /* U+002F "/" */
    0x0, 0x0, 0x0, 0x0, 0x0, 0x3, 0xe5, 0x46,
    0x0, 0x0, 0x0, 0x0, 0x0, 0x4a, 0xe3, 0x2,
    0x0, 0x0, 0x0, 0x0, 0x0, 0xab, 0x84, 0x0,
    0x0, 0x0, 0x0, 0x0, 0x12, 0xf8, 0x23, 0x0,
    0x0, 0x0, 0x0, 0x0, 0x6d, 0xc1, 0x0, 0x0,
    0x0, 0x0, 0x0, 0x0, 0xce, 0x60, 0x0, 0x0,
    0x0, 0x0, 0x0, 0x2f, 0xf3, 0xb, 0x0, 0x0,
    0x0, 0x0, 0x0, 0x90, 0x9d, 0x0, 0x0, 0x0,
    0x0, 0x0, 0x5, 0xeb, 0x3b, 0x0, 0x0, 0x0,
    0x0, 0x0, 0x53, 0xda, 0x0, 0x0, 0x0, 0x0,
    0x0, 0x0, 0xb4, 0x79, 0x0, 0x0, 0x0, 0x0,
    0x0, 0x18, 0xf8, 0x1b, 0x0, 0x0, 0x0, 0x0,
    0x0, 0x76, 0xb6, 0x0, 0x0, 0x0, 0x0, 0x0,
    0x0, 0xd6, 0x55, 0x0, 0x0, 0x0, 0x0, 0x0,
    0x10, 0x7f, 0x6, 0x0, 0x0, 0x0, 0x0, 0x0,

    /* U+0030 "0" */
    0x0, 0x0, 0x4d, 0xd1, 0xf8, 0xd7, 0x53, 0x0,
    0x0, 0x0, 0x3c, 0xf8, 0x70, 0x2d, 0x7e, 0xfc,
    0x38, 0x0, 0x0, 0xbc, 0x93, 0x0, 0x0, 0x0,
    0xb2, 0xab, 0x0, 0xb, 0xfb, 0x3b, 0x0, 0x0,
    0x0, 0x5f, 0xed, 0x0, 0x31, 0xff, 0x10, 0x0,
    0x0, 0x0, 0x37, 0xff, 0x10, 0x45, 0xfd, 0x0,
    0x0, 0x0, 0x0, 0x25, 0xff, 0x1e, 0x48, 0xfa,
    0x0, 0x0, 0x0, 0x0, 0x23, 0xff, 0x1d, 0x3b,
    0xff, 0x8, 0x0, 0x0, 0x0, 0x33, 0xff, 0xc,
    0x16, 0xff, 0x2f, 0x0, 0x0, 0x0, 0x5b, 0xe1,
    0x0, 0x0, 0xd1, 0x83, 0x0, 0x0, 0x0, 0xad,
    0x96, 0x0, 0x0, 0x57, 0xf7, 0x60, 0x28, 0x7b,
    0xf0, 0x20, 0x0, 0x0, 0x0, 0x6a, 0xe1, 0xf8,
    0xc5, 0x35, 0x0, 0x0,

    /* U+0031 "1" */
    0x0, 0x0, 0x9, 0x8e, 0x93, 0xd, 0x6b, 0xe1,
    0xfc, 0x94, 0x50, 0xe7, 0x74, 0xaa, 0x94, 0xf,
    0x5, 0x0, 0xa8, 0x94, 0x0, 0x0, 0x0, 0xa8,
    0x94, 0x0, 0x0, 0x0, 0xa8, 0x94, 0x0, 0x0,
    0x0, 0xa8, 0x94, 0x0, 0x0, 0x0, 0xa8, 0x94,
    0x0, 0x0, 0x0, 0xa8, 0x94, 0x0, 0x0, 0x0,
    0xa8, 0x94, 0x0, 0x0, 0x0, 0xa8, 0x94, 0x0,
    0x0, 0x0, 0xa8, 0x94,

    /* U+0032 "2" */
    0x0, 0x16, 0x9f, 0xeb, 0xf2, 0xbe, 0x32, 0x0,
    0x0, 0xa2, 0x9c, 0x37, 0x32, 0xa4, 0xed, 0x17,
    0x0, 0x27, 0x0, 0x0, 0x0, 0x4, 0xe0, 0x64,
    0x0, 0x0, 0x0, 0x0, 0x0, 0x0, 0xbe, 0x79,
    0x0, 0x0, 0x0, 0x0, 0x0, 0x6, 0xe8, 0x4e,
    0x0, 0x0, 0x0, 0x0, 0x0, 0x87, 0xd4, 0x4,
    0x0, 0x0, 0x0, 0x4, 0x90, 0xdf, 0x23, 0x0,
    0x0, 0x0, 0x19, 0xc3, 0xbe, 0x16, 0x0, 0x0,
    0x0, 0x1a, 0xdf, 0x8a, 0x2, 0x0, 0x0, 0x0,
    0x0, 0xb0, 0x9d, 0x0, 0x0, 0x0, 0x0, 0x0,
    0x8, 0xfb, 0x70, 0x34, 0x34, 0x34, 0x34, 0x29,
    0x1a, 0xff, 0xff, 0xff, 0xff, 0xff, 0xff, 0xcc,

    /* U+0033 "3" */
    0x36, 0xba, 0xed, 0xef, 0xb3, 0x24, 0x0, 0x67,
    0x6a, 0x32, 0x3e, 0xbb, 0xdd, 0x5, 0x0, 0x0,
    0x0, 0x0, 0x1f, 0xff, 0x2d, 0x0, 0x0, 0x0,
    0x0, 0x23, 0xfe, 0x19, 0x0, 0x0, 0x4, 0x2d,
    0xbd, 0x8f, 0x0, 0x0, 0xc9, 0xfe, 0xff, 0x96,
    0x7, 0x0, 0x0, 0x20, 0x32, 0x55, 0xc3, 0xcf,
    0xc, 0x0, 0x0, 0x0, 0x0, 0x8, 0xde, 0x78,
    0x0, 0x0, 0x0, 0x0, 0x0, 0xac, 0x9f, 0x1,
    0x0, 0x0, 0x0, 0x5, 0xda, 0x7b, 0xc5, 0x5a,
    0x2c, 0x3f, 0xb3, 0xe3, 0x14, 0x86, 0xde, 0xf7,
    0xde, 0x97, 0x17, 0x0,

    /* U+0034 "4" */
    0x0, 0x0, 0x0, 0x0, 0x1, 0xcf, 0xc4, 0x0,
    0x0, 0x0, 0x0, 0x0, 0x0, 0x51, 0xff, 0xc4,
    0x0, 0x0, 0x0, 0x0, 0x0, 0x7, 0xda, 0xb9,
    0xc4, 0x0, 0x0, 0x0, 0x0, 0x0, 0x7f, 0xa9,
    0x78, 0xc4, 0x0, 0x0, 0x0, 0x0, 0x2f, 0xec,
    0x1d, 0x78, 0xc4, 0x0, 0x0, 0x0, 0x8, 0xd4,
    0x63, 0x0, 0x78, 0xc4, 0x0, 0x0, 0x0, 0x9c,
    0xb0, 0x0, 0x0, 0x78, 0xc4, 0x0, 0x0, 0x6a,
    0xe0, 0x12, 0x0, 0x0, 0x78, 0xc4, 0x0, 0x0,
    0xdf, 0xff, 0xff, 0xff, 0xff, 0xff, 0xff, 0xff,
    0x48, 0x2a, 0x30, 0x30, 0x30, 0x30, 0x91, 0xcf,
    0x30, 0xd, 0x0, 0x0, 0x0, 0x0, 0x0, 0x78,
    0xc4, 0x0, 0x0, 0x0, 0x0, 0x0, 0x0, 0x0,
    0x78, 0xc4, 0x0, 0x0,

    /* U+0035 "5" */
    0x22, 0xff, 0xff, 0xff, 0xff, 0xff, 0x2c, 0x34,
    0xfb, 0x38, 0x38, 0x38, 0x38, 0x9, 0x47, 0xe7,
    0x0, 0x0, 0x0, 0x0, 0x0, 0x5a, 0xd0, 0x0,
    0x0, 0x0, 0x0, 0x0, 0x6d, 0xfb, 0xf6, 0xed,
    0xae, 0x26, 0x0, 0x24, 0x3e, 0x33, 0x56, 0xcd,
    0xe9, 0x16, 0x0, 0x0, 0x0, 0x0, 0xe, 0xe5,
    0x7b, 0x0, 0x0, 0x0, 0x0, 0x0, 0xa3, 0xa8,
    0x0, 0x0, 0x0, 0x0, 0x0, 0xa7, 0xa2, 0x0,
    0x0, 0x0, 0x0, 0x11, 0xea, 0x69, 0x90, 0x62,
    0x2d, 0x48, 0xcc, 0xd7, 0xa, 0x70, 0xe1, 0xf9,
    0xea, 0x9e, 0x16, 0x0,

    /* U+0036 "6" */
    0x0, 0x0, 0x1, 0x6e, 0xd7, 0xf9, 0xe7, 0x52,
    0x0, 0x0, 0x0, 0x91, 0xde, 0x58, 0x2b, 0x41,
    0x33, 0x0, 0x0, 0x36, 0xf5, 0x1e, 0x0, 0x0,
    0x0, 0x0, 0x0, 0x0, 0xa0, 0x95, 0x0, 0x0,
    0x0, 0x0, 0x0, 0x0, 0x0, 0xe3, 0x5d, 0x9c,
    0xeb, 0xe3, 0x84, 0x3, 0x0, 0xa, 0xff, 0xcc,
    0x83, 0x35, 0x66, 0xf3, 0x7b, 0x0, 0x18, 0xff,
    0x97, 0x0, 0x0, 0x0, 0x73, 0xef, 0x0, 0x12,
    0xff, 0x50, 0x0, 0x0, 0x0, 0x32, 0xff, 0x19,
    0x0, 0xf1, 0x5e, 0x0, 0x0, 0x0, 0x30, 0xff,
    0x19, 0x0, 0xaf, 0xb1, 0x0, 0x0, 0x0, 0x77,
    0xdf, 0x0, 0x0, 0x35, 0xfb, 0x8a, 0x2f, 0x64,
    0xf4, 0x5c, 0x0, 0x0, 0x0, 0x4b, 0xd2, 0xf9,
    0xdb, 0x60, 0x0, 0x0,

    /* U+0037 "7" */
    0x44, 0xff, 0xff, 0xff, 0xff, 0xff, 0xff, 0xfe,
    0x6, 0xe, 0x38, 0x38, 0x38, 0x38, 0x38, 0xb4,
    0xae, 0x0, 0x0, 0x0, 0x0, 0x0, 0x0, 0x1b,
    0xf6, 0x2f, 0x0, 0x0, 0x0, 0x0, 0x0, 0x0,
    0x93, 0xab, 0x0, 0x0, 0x0, 0x0, 0x0, 0x0,
    0x13, 0xf5, 0x35, 0x0, 0x0, 0x0, 0x0, 0x0,
    0x0, 0x7c, 0xc9, 0x0, 0x0, 0x0, 0x0, 0x0,
    0x0, 0x2, 0xe1, 0x5e, 0x0, 0x0, 0x0, 0x0,
    0x0, 0x0, 0x45, 0xf6, 0xa, 0x0, 0x0, 0x0,
    0x0, 0x0, 0x0, 0x9d, 0xb0, 0x0, 0x0, 0x0,
    0x0, 0x0, 0x0, 0x1, 0xe9, 0x61, 0x0, 0x0,
    0x0, 0x0, 0x0, 0x0, 0x2d, 0xff, 0x29, 0x0,
    0x0, 0x0, 0x0, 0x0, 0x0, 0x60, 0xf5, 0x2,
    0x0, 0x0, 0x0, 0x0,

    /* U+0038 "8" */
    0x0, 0x0, 0x63, 0xd8, 0xf6, 0xcd, 0x49, 0x0,
    0x0, 0x0, 0x54, 0xfb, 0x6d, 0x2f, 0x7e, 0xfb,
    0x38, 0x0, 0x0, 0xb2, 0xa4, 0x0, 0x0, 0x0,
    0xbb, 0x93, 0x0, 0x0, 0xaf, 0x98, 0x0, 0x0,
    0x0, 0xac, 0x96, 0x0, 0x0, 0x45, 0xf1, 0x3b,
    0x0, 0x49, 0xf2, 0x2f, 0x0, 0x0, 0x0, 0x83,
    0xff, 0xf7, 0xff, 0x6c, 0x0, 0x0, 0x0, 0x65,
    0xe4, 0x56, 0x27, 0x60, 0xea, 0x4e, 0x0, 0xc,
    0xf2, 0x46, 0x0, 0x0, 0x0, 0x5b, 0xe2, 0x1,
    0x33, 0xff, 0x13, 0x0, 0x0, 0x0, 0x24, 0xff,
    0x1a, 0x1b, 0xff, 0x46, 0x0, 0x0, 0x0, 0x5d,
    0xf9, 0x9, 0x0, 0xa4, 0xe2, 0x55, 0x2a, 0x62,
    0xee, 0x8f, 0x0, 0x0, 0x5, 0x79, 0xd9, 0xf5,
    0xd5, 0x6d, 0x3, 0x0,

    /* U+0039 "9" */
    0x0, 0x2, 0x79, 0xe0, 0xf9, 0xd0, 0x43, 0x0,
    0x0, 0x8b, 0xe7, 0x57, 0x33, 0x8b, 0xf6, 0x27,
    0x10, 0xfa, 0x4b, 0x0, 0x0, 0x0, 0xae, 0x98,
    0x35, 0xff, 0x12, 0x0, 0x0, 0x0, 0x65, 0xd8,
    0x1a, 0xff, 0x39, 0x0, 0x0, 0x0, 0x76, 0xf5,
    0x0, 0xbc, 0xd0, 0x31, 0xa, 0x4b, 0xe1, 0xfb,
    0x0, 0x1a, 0xbc, 0xff, 0xff, 0xda, 0x72, 0xef,
    0x0, 0x0, 0x0, 0x12, 0x25, 0x2, 0x6a, 0xcd,
    0x0, 0x0, 0x0, 0x0, 0x0, 0x0, 0xad, 0x93,
    0x0, 0x0, 0x0, 0x0, 0x0, 0x2e, 0xfa, 0x32,
    0x0, 0x5a, 0x47, 0x27, 0x59, 0xe5, 0x91, 0x0,
    0x0, 0x6a, 0xe7, 0xf8, 0xd6, 0x6e, 0x2, 0x0,

    /* U+003A ":" */
    0x5, 0xdd, 0x6b, 0x2, 0xbb, 0x53, 0x0, 0x0,
    0x0, 0x0, 0x0, 0x0, 0x0, 0x0, 0x0, 0x0,
    0x0, 0x0, 0x0, 0x0, 0x0, 0x2, 0xb9, 0x55,
    0x5, 0xdf, 0x67,

    /* U+003B ";" */
    0x3, 0xd8, 0x73, 0x1, 0xb6, 0x5e, 0x0, 0x0,
    0x0, 0x0, 0x0, 0x0, 0x0, 0x0, 0x0, 0x0,
    0x0, 0x0, 0x0, 0x0, 0x0, 0x0, 0xc1, 0x4d,
    0xf, 0xf9, 0x10, 0x46, 0xbe, 0x0, 0x7f, 0x71,
    0x0, 0x3b, 0x16, 0x0,

    /* U+003D "=" */
    0x21, 0xf0, 0xf0, 0xf0, 0xf0, 0xf0, 0xf0, 0xf0,
    0x5a, 0x4, 0x20, 0x20, 0x20, 0x20, 0x20, 0x20,
    0x20, 0xc, 0x0, 0x0, 0x0, 0x0, 0x0, 0x0,
    0x0, 0x0, 0x0, 0x0, 0x0, 0x0, 0x0, 0x0,
    0x0, 0x0, 0x0, 0x0, 0x22, 0xf4, 0xf4, 0xf4,
    0xf4, 0xf4, 0xf4, 0xf4, 0x5b, 0x5, 0x24, 0x24,
    0x24, 0x24, 0x24, 0x24, 0x24, 0xd,

    /* U+0040 "@" */
    0x0, 0x0, 0x0, 0xe, 0x7e, 0xcf, 0xef, 0xf2,
    0xd4, 0x87, 0x16, 0x0, 0x0, 0x0, 0x0, 0x0,
    0x32, 0xe2, 0x91, 0x2b, 0x3, 0x2, 0x26, 0x81,
    0xe3, 0x42, 0x0, 0x0, 0x0, 0x20, 0xe8, 0x4a,
    0x0, 0x0, 0x0, 0x0, 0x0, 0x0, 0x37, 0xea,
    0x2d, 0x0, 0x0, 0xb6, 0x75, 0x0, 0x7, 0x95,
    0xee, 0xdd, 0x92, 0x91, 0x0, 0x72, 0xbb, 0x0,
    0x26, 0xe9, 0x7, 0x0, 0x90, 0xaf, 0xd, 0x21,
    0xeb, 0x7e, 0x0, 0xb, 0xf8, 0x16, 0x69, 0xa4,
    0x0, 0x14, 0xf2, 0x19, 0x0, 0x0, 0xab, 0x6b,
    0x0, 0x0, 0xcf, 0x42, 0x8a, 0x80, 0x0, 0x4b,
    0xc6, 0x0, 0x0, 0x0, 0xae, 0x59, 0x0, 0x0,
    0xc2, 0x4b, 0x91, 0x7a, 0x0, 0x67, 0xab, 0x0,
    0x0, 0x0, 0xca, 0x46, 0x0, 0x0, 0xd9, 0x2d,
    0x7c, 0x93, 0x0, 0x56, 0xbc, 0x0, 0x0, 0x19,
    0xfa, 0x43, 0x0, 0x21, 0xe6, 0x6, 0x44, 0xd4,
    0x0, 0x14, 0xf0, 0x3a, 0xb, 0xa2, 0xa3, 0x86,
    0xc, 0xb1, 0x70, 0x0, 0x4, 0xde, 0x49, 0x0,
    0x50, 0xdb, 0xdf, 0x54, 0x26, 0xd5, 0xe7, 0x81,
    0x1, 0x0, 0x0, 0x4a, 0xe5, 0x28, 0x0, 0x0,
    0x0, 0x0, 0x0, 0x0, 0x0, 0x0, 0x0, 0x0,
    0x0, 0x0, 0x5f, 0xea, 0x7b, 0x25, 0x3, 0x5,
    0x1c, 0x5c, 0x30, 0x0, 0x0, 0x0, 0x0, 0x0,
    0x0, 0x22, 0x91, 0xd5, 0xee, 0xea, 0xd4, 0x98,
    0x21, 0x0, 0x0, 0x0,

    /* U+0041 "A" */
    0x0, 0x0, 0x0, 0x0, 0x94, 0xfb, 0x17, 0x0,
    0x0, 0x0, 0x0, 0x0, 0x0, 0x0, 0x5, 0xeb,
    0xe0, 0x71, 0x0, 0x0, 0x0, 0x0, 0x0, 0x0,
    0x0, 0x50, 0xde, 0x6c, 0xd0, 0x0, 0x0, 0x0,
    0x0, 0x0, 0x0, 0x0, 0xaf, 0x80, 0x12, 0xf9,
    0x2f, 0x0, 0x0, 0x0, 0x0, 0x0, 0x12, 0xf8,
    0x21, 0x0, 0xab, 0x8e, 0x0, 0x0, 0x0, 0x0,
    0x0, 0x6b, 0xc1, 0x0, 0x0, 0x4b, 0xe9, 0x4,
    0x0, 0x0, 0x0, 0x0, 0xca, 0x64, 0x4, 0x4,
    0x7, 0xe8, 0x4c, 0x0, 0x0, 0x0, 0x27, 0xff,
    0xff, 0xff, 0xff, 0xff, 0xff, 0xab, 0x0, 0x0,
    0x0, 0x86, 0xb7, 0x34, 0x34, 0x34, 0x34, 0x59,
    0xf8, 0x11, 0x0, 0x2, 0xe2, 0x5d, 0x0, 0x0,
    0x0, 0x0, 0x1, 0xe2, 0x69, 0x0, 0x43, 0xfc,
    0x12, 0x0, 0x0, 0x0, 0x0, 0x0, 0x8f, 0xc8,
    0x0, 0xa1, 0xbf, 0x0, 0x0, 0x0, 0x0, 0x0,
    0x0, 0x3a, 0xff, 0x28,

    /* U+0042 "B" */
    0x78, 0xff, 0xff, 0xfe, 0xe4, 0x8f, 0xa, 0x0,
    0x78, 0xd6, 0x44, 0x49, 0x75, 0xf1, 0x97, 0x0,
    0x78, 0xc8, 0x0, 0x0, 0x0, 0x7d, 0xde, 0x0,
    0x78, 0xc8, 0x0, 0x0, 0x0, 0x82, 0xc4, 0x0,
    0x78, 0xc9, 0x8, 0x12, 0x53, 0xea, 0x42, 0x0,
    0x78, 0xff, 0xff, 0xff, 0xff, 0x8c, 0xa, 0x0,
    0x78, 0xd4, 0x38, 0x3e, 0x61, 0xd2, 0xca, 0x4,
    0x78, 0xc8, 0x0, 0x0, 0x0, 0x14, 0xf8, 0x55,
    0x78, 0xc8, 0x0, 0x0, 0x0, 0x0, 0xdb, 0x78,
    0x78, 0xc8, 0x0, 0x0, 0x0, 0x1c, 0xfa, 0x57,
    0x78, 0xd6, 0x40, 0x42, 0x63, 0xd8, 0xd3, 0x6,
    0x78, 0xff, 0xff, 0xff, 0xe2, 0x96, 0x11, 0x0,

    /* U+0043 "C" */
    0x0, 0x0, 0x0, 0x26, 0x9e, 0xe1, 0xf9, 0xec,
    0xbe, 0x2a, 0x0, 0x0, 0x53, 0xf8, 0xba, 0x5f,
    0x42, 0x58, 0x96, 0x43, 0x0, 0x2f, 0xf8, 0x79,
    0x0, 0x0, 0x0, 0x0, 0x0, 0x0, 0x0, 0xb3,
    0xbb, 0x0, 0x0, 0x0, 0x0, 0x0, 0x0, 0x0,
    0xb, 0xfa, 0x53, 0x0, 0x0, 0x0, 0x0, 0x0,
    0x0, 0x0, 0x2e, 0xff, 0x23, 0x0, 0x0, 0x0,
    0x0, 0x0, 0x0, 0x0, 0x36, 0xff, 0x1e, 0x0,
    0x0, 0x0, 0x0, 0x0, 0x0, 0x0, 0x1c, 0xff,
    0x41, 0x0, 0x0, 0x0, 0x0, 0x0, 0x0, 0x0,
    0x0, 0xda, 0x9a, 0x0, 0x0, 0x0, 0x0, 0x0,
    0x0, 0x0, 0x0, 0x63, 0xfd, 0x4b, 0x0, 0x0,
    0x0, 0x0, 0x0, 0x0, 0x0, 0x0, 0x9c, 0xfb,
    0x9b, 0x4d, 0x3f, 0x5b, 0xa5, 0x49, 0x0, 0x0,
    0x0, 0x59, 0xc2, 0xf2, 0xf6, 0xdb, 0x95, 0x1a,

    /* U+0044 "D" */
    0x78, 0xff, 0xff, 0xfe, 0xf0, 0xce, 0x88, 0x1a,
    0x0, 0x0, 0x78, 0xd6, 0x40, 0x41, 0x50, 0x82,
    0xe2, 0xee, 0x3a, 0x0, 0x78, 0xc8, 0x0, 0x0,
    0x0, 0x0, 0xc, 0xbb, 0xe6, 0x9, 0x78, 0xc8,
    0x0, 0x0, 0x0, 0x0, 0x0, 0x1b, 0xfa, 0x5d,
    0x78, 0xc8, 0x0, 0x0, 0x0, 0x0, 0x0, 0x0,
    0xc3, 0x96, 0x78, 0xc8, 0x0, 0x0, 0x0, 0x0,
    0x0, 0x0, 0xa3, 0xac, 0x78, 0xc8, 0x0, 0x0,
    0x0, 0x0, 0x0, 0x0, 0xa8, 0xa5, 0x78, 0xc8,
    0x0, 0x0, 0x0, 0x0, 0x0, 0x0, 0xd2, 0x80,
    0x78, 0xc8, 0x0, 0x0, 0x0, 0x0, 0x0, 0x35,
    0xfe, 0x2f, 0x78, 0xc8, 0x0, 0x0, 0x0, 0x0,
    0x1d, 0xd9, 0xa1, 0x0, 0x78, 0xd5, 0x3c, 0x3d,
    0x50, 0x8d, 0xf0, 0xb1, 0x8, 0x0, 0x78, 0xff,
    0xff, 0xfd, 0xeb, 0xb6, 0x54, 0x1, 0x0, 0x0,

    /* U+0045 "E" */
    0x78, 0xff, 0xff, 0xff, 0xff, 0xff, 0x50, 0x78,
    0xd6, 0x40, 0x40, 0x40, 0x40, 0x14, 0x78, 0xc8,
    0x0, 0x0, 0x0, 0x0, 0x0, 0x78, 0xc8, 0x0,
    0x0, 0x0, 0x0, 0x0, 0x78, 0xc9, 0x8, 0x8,
    0x8, 0x7, 0x0, 0x78, 0xff, 0xff, 0xff, 0xff,
    0xf8, 0x0, 0x78, 0xd4, 0x38, 0x38, 0x38, 0x36,
    0x0, 0x78, 0xc8, 0x0, 0x0, 0x0, 0x0, 0x0,
    0x78, 0xc8, 0x0, 0x0, 0x0, 0x0, 0x0, 0x78,
    0xc8, 0x0, 0x0, 0x0, 0x0, 0x0, 0x78, 0xd5,
    0x3c, 0x3c, 0x3c, 0x3c, 0x21, 0x78, 0xff, 0xff,
    0xff, 0xff, 0xff, 0x90,

    /* U+0046 "F" */
    0x78, 0xff, 0xff, 0xff, 0xff, 0xff, 0x50, 0x78,
    0xd6, 0x40, 0x40, 0x40, 0x40, 0x14, 0x78, 0xc8,
    0x0, 0x0, 0x0, 0x0, 0x0, 0x78, 0xc8, 0x0,
    0x0, 0x0, 0x0, 0x0, 0x78, 0xc9, 0x8, 0x8,
    0x8, 0x7, 0x0, 0x78, 0xff, 0xff, 0xff, 0xff,
    0xf8, 0x0, 0x78, 0xd4, 0x38, 0x38, 0x38, 0x36,
    0x0, 0x78, 0xc8, 0x0, 0x0, 0x0, 0x0, 0x0,
    0x78, 0xc8, 0x0, 0x0, 0x0, 0x0, 0x0, 0x78,
    0xc8, 0x0, 0x0, 0x0, 0x0, 0x0, 0x78, 0xc8,
    0x0, 0x0, 0x0, 0x0, 0x0, 0x78, 0xc8, 0x0,
    0x0, 0x0, 0x0, 0x0,

    /* U+0047 "G" */
    0x0, 0x0, 0x0, 0x20, 0x97, 0xde, 0xf8, 0xec,
    0xca, 0x6a, 0x0, 0x0, 0x0, 0x4c, 0xf4, 0xbe,
    0x62, 0x46, 0x59, 0x81, 0xb1, 0x0, 0x0, 0x2c,
    0xf6, 0x7b, 0x0, 0x0, 0x0, 0x0, 0x0, 0x0,
    0x0, 0x0, 0xb2, 0xb7, 0x0, 0x0, 0x0, 0x0,
    0x0, 0x0, 0x0, 0x0, 0xc, 0xfa, 0x4f, 0x0,
    0x0, 0x0, 0x2, 0x4, 0x4, 0x4, 0x0, 0x2e,
    0xff, 0x22, 0x0, 0x0, 0x0, 0xbc, 0xff, 0xff,
    0xff, 0x10, 0x35, 0xff, 0x1f, 0x0, 0x0, 0x0,
    0x26, 0x34, 0x5d, 0xff, 0x10, 0x1a, 0xff, 0x42,
    0x0, 0x0, 0x0, 0x0, 0x0, 0x34, 0xff, 0x10,
    0x0, 0xd7, 0x99, 0x0, 0x0, 0x0, 0x0, 0x0,
    0x34, 0xff, 0x10, 0x0, 0x5f, 0xfc, 0x4c, 0x0,
    0x0, 0x0, 0x0, 0x34, 0xff, 0x10, 0x0, 0x0,
    0x93, 0xfc, 0xa0, 0x54, 0x43, 0x62, 0xc4, 0xff,
    0xf, 0x0, 0x0, 0x0, 0x51, 0xbc, 0xf0, 0xfb,
    0xe2, 0xa5, 0x3e, 0x0,

    /* U+0048 "H" */
    0x78, 0xc8, 0x0, 0x0, 0x0, 0x0, 0x0, 0x30,
    0xff, 0x14, 0x78, 0xc8, 0x0, 0x0, 0x0, 0x0,
    0x0, 0x30, 0xff, 0x14, 0x78, 0xc8, 0x0, 0x0,
    0x0, 0x0, 0x0, 0x30, 0xff, 0x14, 0x78, 0xc8,
    0x0, 0x0, 0x0, 0x0, 0x0, 0x30, 0xff, 0x14,
    0x78, 0xc8, 0x4, 0x4, 0x4, 0x4, 0x4, 0x33,
    0xff, 0x14, 0x78, 0xff, 0xff, 0xff, 0xff, 0xff,
    0xff, 0xff, 0xff, 0x14, 0x78, 0xd3, 0x34, 0x34,
    0x34, 0x34, 0x34, 0x5a, 0xff, 0x14, 0x78, 0xc8,
    0x0, 0x0, 0x0, 0x0, 0x0, 0x30, 0xff, 0x14,
    0x78, 0xc8, 0x0, 0x0, 0x0, 0x0, 0x0, 0x30,
    0xff, 0x14, 0x78, 0xc8, 0x0, 0x0, 0x0, 0x0,
    0x0, 0x30, 0xff, 0x14, 0x78, 0xc8, 0x0, 0x0,
    0x0, 0x0, 0x0, 0x30, 0xff, 0x14, 0x78, 0xc8,
    0x0, 0x0, 0x0, 0x0, 0x0, 0x30, 0xff, 0x14,

    /* U+0049 "I" */
    0x78, 0xcc, 0x78, 0xcc, 0x78, 0xcc, 0x78, 0xcc,
    0x78, 0xcc, 0x78, 0xcc, 0x78, 0xcc, 0x78, 0xcc,
    0x78, 0xcc, 0x78, 0xcc, 0x78, 0xcc, 0x78, 0xcc,

    /* U+004A "J" */
    0x0, 0x0, 0x0, 0xec, 0x58, 0x0, 0x0, 0x0,
    0xec, 0x58, 0x0, 0x0, 0x0, 0xec, 0x58, 0x0,
    0x0, 0x0, 0xec, 0x58, 0x0, 0x0, 0x0, 0xec,
    0x58, 0x0, 0x0, 0x0, 0xec, 0x58, 0x0, 0x0,
    0x0, 0xec, 0x58, 0x0, 0x0, 0x0, 0xed, 0x55,
    0x0, 0x0, 0x2, 0xfc, 0x3d, 0x0, 0x0, 0x36,
    0xfc, 0x17, 0x4b, 0x4a, 0xce, 0xa6, 0x0, 0xbd,
    0xf6, 0xad, 0x11, 0x0,

    /* U+004B "K" */
    0x78, 0xc8, 0x0, 0x0, 0x0, 0x10, 0xd9, 0xa4,
    0x0, 0x78, 0xc8, 0x0, 0x0, 0x4, 0xba, 0xc0,
    0x6, 0x0, 0x78, 0xc8, 0x0, 0x0, 0x94, 0xd7,
    0x11, 0x0, 0x0, 0x78, 0xc8, 0x0, 0x68, 0xe9,
    0x21, 0x0, 0x0, 0x0, 0x78, 0xc8, 0x41, 0xf1,
    0x37, 0x0, 0x0, 0x0, 0x0, 0x78, 0xe0, 0xed,
    0x5d, 0x0, 0x0, 0x0, 0x0, 0x0, 0x78, 0xd2,
    0xd3, 0xb7, 0x3, 0x0, 0x0, 0x0, 0x0, 0x78,
    0xc8, 0x21, 0xec, 0x95, 0x0, 0x0, 0x0, 0x0,
    0x78, 0xc8, 0x0, 0x40, 0xfb, 0x70, 0x0, 0x0,
    0x0, 0x78, 0xc8, 0x0, 0x0, 0x6a, 0xfd, 0x4c,
    0x0, 0x0, 0x78, 0xc8, 0x0, 0x0, 0x0, 0x97,
    0xf3, 0x30, 0x0, 0x78, 0xc8, 0x0, 0x0, 0x0,
    0x5, 0xc0, 0xe3, 0x1a,

    /* U+004C "L" */
    0x78, 0xc8, 0x0, 0x0, 0x0, 0x0, 0x0, 0x78,
    0xc8, 0x0, 0x0, 0x0, 0x0, 0x0, 0x78, 0xc8,
    0x0, 0x0, 0x0, 0x0, 0x0, 0x78, 0xc8, 0x0,
    0x0, 0x0, 0x0, 0x0, 0x78, 0xc8, 0x0, 0x0,
    0x0, 0x0, 0x0, 0x78, 0xc8, 0x0, 0x0, 0x0,
    0x0, 0x0, 0x78, 0xc8, 0x0, 0x0, 0x0, 0x0,
    0x0, 0x78, 0xc8, 0x0, 0x0, 0x0, 0x0, 0x0,
    0x78, 0xc8, 0x0, 0x0, 0x0, 0x0, 0x0, 0x78,
    0xc8, 0x0, 0x0, 0x0, 0x0, 0x0, 0x78, 0xd5,
    0x3c, 0x3c, 0x3c, 0x3c, 0x1a, 0x78, 0xff, 0xff,
    0xff, 0xff, 0xff, 0x70,

    /* U+004D "M" */
    0x78, 0xff, 0x61, 0x0, 0x0, 0x0, 0x0, 0x0,
    0x0, 0x0, 0xa0, 0xff, 0x28, 0x78, 0xf7, 0xce,
    0x0, 0x0, 0x0, 0x0, 0x0, 0x0, 0x17, 0xf0,
    0xff, 0x28, 0x78, 0xca, 0xf8, 0x3b, 0x0, 0x0,
    0x0, 0x0, 0x0, 0x80, 0xc2, 0xff, 0x28, 0x78,
    0xbf, 0xa0, 0xa8, 0x0, 0x0, 0x0, 0x0, 0x6,
    0xe8, 0x64, 0xff, 0x28, 0x78, 0xc0, 0x31, 0xfa,
    0x1a, 0x0, 0x0, 0x0, 0x60, 0xdb, 0x1d, 0xff,
    0x28, 0x78, 0xc0, 0x0, 0xc2, 0x82, 0x0, 0x0,
    0x0, 0xcf, 0x6e, 0x1c, 0xff, 0x28, 0x78, 0xc0,
    0x0, 0x53, 0xe8, 0x6, 0x0, 0x3f, 0xf2, 0xd,
    0x1c, 0xff, 0x28, 0x78, 0xc0, 0x0, 0x3, 0xe0,
    0x5b, 0x0, 0xaf, 0x91, 0x0, 0x1c, 0xff, 0x28,
    0x78, 0xc0, 0x0, 0x0, 0x75, 0xc7, 0x1f, 0xfb,
    0x24, 0x0, 0x1c, 0xff, 0x28, 0x78, 0xc0, 0x0,
    0x0, 0x11, 0xf5, 0xad, 0xb4, 0x0, 0x0, 0x1c,
    0xff, 0x28, 0x78, 0xc0, 0x0, 0x0, 0x0, 0x97,
    0xff, 0x45, 0x0, 0x0, 0x1c, 0xff, 0x28, 0x78,
    0xc0, 0x0, 0x0, 0x0, 0x29, 0xd5, 0x0, 0x0,
    0x0, 0x1c, 0xff, 0x28,

    /* U+004E "N" */
    0x78, 0xff, 0x81, 0x0, 0x0, 0x0, 0x0, 0x0,
    0x90, 0xb8, 0x78, 0xf0, 0xf8, 0x25, 0x0, 0x0,
    0x0, 0x0, 0x90, 0xb8, 0x78, 0xc8, 0xbc, 0xba,
    0x0, 0x0, 0x0, 0x0, 0x90, 0xb8, 0x78, 0xcb,
    0x27, 0xf9, 0x56, 0x0, 0x0, 0x0, 0x90, 0xb8,
    0x78, 0xcc, 0x0, 0x81, 0xe5, 0xd, 0x0, 0x0,
    0x90, 0xb8, 0x78, 0xcc, 0x0, 0x7, 0xdb, 0x8f,
    0x0, 0x0, 0x90, 0xb8, 0x78, 0xcc, 0x0, 0x0,
    0x44, 0xfb, 0x2f, 0x0, 0x90, 0xb8, 0x78, 0xcc,
    0x0, 0x0, 0x0, 0xa6, 0xc5, 0x1, 0x90, 0xb8,
    0x78, 0xcc, 0x0, 0x0, 0x0, 0x17, 0xef, 0x64,
    0x8f, 0xb8, 0x78, 0xcc, 0x0, 0x0, 0x0, 0x0,
    0x69, 0xec, 0x9c, 0xb8, 0x78, 0xcc, 0x0, 0x0,
    0x0, 0x0, 0x2, 0xc8, 0xf6, 0xb8, 0x78, 0xcc,
    0x0, 0x0, 0x0, 0x0, 0x0, 0x2f, 0xfb, 0xb8,

    /* U+004F "O" */
    0x0, 0x0, 0x0, 0x4b, 0xb8, 0xed, 0xf8, 0xdb,
    0x8a, 0x11, 0x0, 0x0, 0x0, 0x0, 0x89, 0xfd,
    0xa1, 0x51, 0x43, 0x6c, 0xd9, 0xdc, 0x1d, 0x0,
    0x0, 0x52, 0xff, 0x58, 0x0, 0x0, 0x0, 0x0,
    0xb, 0xc8, 0xbe, 0x0, 0x0, 0xcb, 0xa7, 0x0,
    0x0, 0x0, 0x0, 0x0, 0x0, 0x31, 0xff, 0x37,
    0x12, 0xfe, 0x49, 0x0, 0x0, 0x0, 0x0, 0x0,
    0x0, 0x0, 0xdf, 0x79, 0x31, 0xff, 0x21, 0x0,
    0x0, 0x0, 0x0, 0x0, 0x0, 0x0, 0xbd, 0x94,
    0x35, 0xff, 0x1f, 0x0, 0x0, 0x0, 0x0, 0x0,
    0x0, 0x0, 0xbc, 0x90, 0x1a, 0xff, 0x44, 0x0,
    0x0, 0x0, 0x0, 0x0, 0x0, 0x0, 0xde, 0x70,
    0x0, 0xd7, 0x9d, 0x0, 0x0, 0x0, 0x0, 0x0,
    0x0, 0x31, 0xff, 0x2b, 0x0, 0x5f, 0xfd, 0x48,
    0x0, 0x0, 0x0, 0x0, 0xd, 0xcb, 0xb3, 0x0,
    0x0, 0x0, 0x98, 0xfa, 0x93, 0x49, 0x3f, 0x6d,
    0xdc, 0xd7, 0x17, 0x0, 0x0, 0x0, 0x0, 0x57,
    0xc1, 0xf2, 0xf8, 0xd6, 0x82, 0xe, 0x0, 0x0,

    /* U+0050 "P" */
    0x78, 0xff, 0xff, 0xfd, 0xe0, 0x9d, 0x1a, 0x0,
    0x78, 0xd6, 0x40, 0x45, 0x69, 0xda, 0xdf, 0xb,
    0x78, 0xc8, 0x0, 0x0, 0x0, 0x1f, 0xfe, 0x58,
    0x78, 0xc8, 0x0, 0x0, 0x0, 0x0, 0xe7, 0x71,
    0x78, 0xc8, 0x0, 0x0, 0x0, 0x19, 0xfd, 0x4f,
    0x78, 0xca, 0xc, 0x15, 0x41, 0xcb, 0xd3, 0x5,
    0x78, 0xff, 0xff, 0xff, 0xff, 0xb3, 0x19, 0x0,
    0x78, 0xd5, 0x3c, 0x37, 0x16, 0x0, 0x0, 0x0,
    0x78, 0xc8, 0x0, 0x0, 0x0, 0x0, 0x0, 0x0,
    0x78, 0xc8, 0x0, 0x0, 0x0, 0x0, 0x0, 0x0,
    0x78, 0xc8, 0x0, 0x0, 0x0, 0x0, 0x0, 0x0,
    0x78, 0xc8, 0x0, 0x0, 0x0, 0x0, 0x0, 0x0,

    /* U+0051 "Q" */
    0x0, 0x0, 0x0, 0x4b, 0xb8, 0xed, 0xf9, 0xdc,
    0x8c, 0x13, 0x0, 0x0, 0x0, 0x0, 0x0, 0x89,
    0xfd, 0xa1, 0x51, 0x43, 0x6c, 0xd9, 0xde, 0x1e,
    0x0, 0x0, 0x0, 0x52, 0xff, 0x58, 0x0, 0x0,
    0x0, 0x0, 0xb, 0xc8, 0xc2, 0x0, 0x0, 0x0,
    0xcb, 0xa7, 0x0, 0x0, 0x0, 0x0, 0x0, 0x0,
    0x31, 0xff, 0x39, 0x0, 0x12, 0xfe, 0x49, 0x0,
    0x0, 0x0, 0x0, 0x0, 0x0, 0x0, 0xdf, 0x7a,
    0x0, 0x31, 0xff, 0x21, 0x0, 0x0, 0x0, 0x0,
    0x0, 0x0, 0x0, 0xbd, 0x94, 0x0, 0x35, 0xff,
    0x1f, 0x0, 0x0, 0x0, 0x0, 0x0, 0x0, 0x0,
    0xbc, 0x8c, 0x0, 0x1a, 0xff, 0x44, 0x0, 0x0,
    0x0, 0x0, 0x0, 0x0, 0x0, 0xde, 0x6d, 0x0,
    0x0, 0xd7, 0x9d, 0x0, 0x0, 0x0, 0x0, 0x0,
    0x0, 0x31, 0xff, 0x24, 0x0, 0x0, 0x5f, 0xfd,
    0x48, 0x0, 0x0, 0x0, 0x0, 0xd, 0xcb, 0xa7,
    0x0, 0x0, 0x0, 0x0, 0x98, 0xfa, 0x93, 0x49,
    0x3f, 0x6d, 0xdc, 0xcc, 0x12, 0x0, 0x0, 0x0,
    0x0, 0x0, 0x57, 0xc1, 0xf2, 0xf8, 0xd1, 0xeb,
    0xdb, 0x2d, 0x0, 0x0, 0x0, 0x0, 0x0, 0x0,
    0x0, 0x0, 0x0, 0x0, 0x21, 0xd3, 0xf5, 0x5c,
    0x0, 0x0, 0x0, 0x0, 0x0, 0x0, 0x0, 0x0,
    0x0, 0x0, 0xd, 0x79, 0x7f, 0x24,

    /* U+0052 "R" */
    0x78, 0xff, 0xff, 0xff, 0xe7, 0xa4, 0x18, 0x0,
    0x0, 0x78, 0xd6, 0x44, 0x45, 0x68, 0xe1, 0xcc,
    0x4, 0x0, 0x78, 0xc8, 0x0, 0x0, 0x0, 0x35,
    0xff, 0x36, 0x0, 0x78, 0xc8, 0x0, 0x0, 0x0,
    0x4, 0xfe, 0x52, 0x0, 0x78, 0xc8, 0x0, 0x0,
    0x0, 0x32, 0xff, 0x2c, 0x0, 0x78, 0xc9, 0x8,
    0xa, 0x36, 0xd2, 0xaa, 0x0, 0x0, 0x78, 0xff,
    0xff, 0xff, 0xf9, 0x75, 0x5, 0x0, 0x0, 0x78,
    0xd4, 0x38, 0x52, 0xd5, 0xae, 0x2, 0x0, 0x0,
    0x78, 0xc8, 0x0, 0x0, 0x1a, 0xec, 0x70, 0x0,
    0x0, 0x78, 0xc8, 0x0, 0x0, 0x0, 0x61, 0xf4,
    0x20, 0x0, 0x78, 0xc8, 0x0, 0x0, 0x0, 0x1,
    0xc3, 0xb7, 0x0, 0x78, 0xc8, 0x0, 0x0, 0x0,
    0x0, 0x2c, 0xfa, 0x5a,

    /* U+0053 "S" */
    0x0, 0x0, 0x57, 0xc5, 0xef, 0xf5, 0xd7, 0x41,
    0x0, 0x7c, 0xf8, 0x85, 0x4b, 0x55, 0x8b, 0x58,
    0x0, 0xeb, 0x7a, 0x0, 0x0, 0x0, 0x0, 0x0,
    0x0, 0xed, 0x6e, 0x0, 0x0, 0x0, 0x0, 0x0,
    0x0, 0x8c, 0xe9, 0x3f, 0x0, 0x0, 0x0, 0x0,
    0x0, 0x2, 0x84, 0xfa, 0xb0, 0x2b, 0x0, 0x0,
    0x0, 0x0, 0x0, 0x28, 0xb1, 0xfb, 0x80, 0x0,
    0x0, 0x0, 0x0, 0x0, 0x0, 0x49, 0xf5, 0x6f,
    0x0, 0x0, 0x0, 0x0, 0x0, 0x0, 0x83, 0xd1,
    0x0, 0xa, 0x0, 0x0, 0x0, 0x0, 0x8e, 0xd0,
    0x4, 0xe2, 0x81, 0x4a, 0x47, 0x80, 0xf9, 0x6f,
    0x1, 0x88, 0xd3, 0xf8, 0xec, 0xc5, 0x5a, 0x0,

    /* U+0054 "T" */
    0xa8, 0xff, 0xff, 0xff, 0xff, 0xff, 0xff, 0xff,
    0x3c, 0x2a, 0x40, 0x40, 0x85, 0xf1, 0x40, 0x40,
    0x40, 0xf, 0x0, 0x0, 0x0, 0x5c, 0xec, 0x0,
    0x0, 0x0, 0x0, 0x0, 0x0, 0x0, 0x5c, 0xec,
    0x0, 0x0, 0x0, 0x0, 0x0, 0x0, 0x0, 0x5c,
    0xec, 0x0, 0x0, 0x0, 0x0, 0x0, 0x0, 0x0,
    0x5c, 0xec, 0x0, 0x0, 0x0, 0x0, 0x0, 0x0,
    0x0, 0x5c, 0xec, 0x0, 0x0, 0x0, 0x0, 0x0,
    0x0, 0x0, 0x5c, 0xec, 0x0, 0x0, 0x0, 0x0,
    0x0, 0x0, 0x0, 0x5c, 0xec, 0x0, 0x0, 0x0,
    0x0, 0x0, 0x0, 0x0, 0x5c, 0xec, 0x0, 0x0,
    0x0, 0x0, 0x0, 0x0, 0x0, 0x5c, 0xec, 0x0,
    0x0, 0x0, 0x0, 0x0, 0x0, 0x0, 0x5c, 0xec,
    0x0, 0x0, 0x0, 0x0,

    /* U+0055 "U" */
    0x9c, 0xa4, 0x0, 0x0, 0x0, 0x0, 0x0, 0x64,
    0xe0, 0x9c, 0xa4, 0x0, 0x0, 0x0, 0x0, 0x0,
    0x64, 0xe0, 0x9c, 0xa4, 0x0, 0x0, 0x0, 0x0,
    0x0, 0x64, 0xe0, 0x9c, 0xa4, 0x0, 0x0, 0x0,
    0x0, 0x0, 0x64, 0xe0, 0x9c, 0xa4, 0x0, 0x0,
    0x0, 0x0, 0x0, 0x64, 0xe0, 0x9c, 0xa4, 0x0,
    0x0, 0x0, 0x0, 0x0, 0x64, 0xe0, 0x9c, 0xa4,
    0x0, 0x0, 0x0, 0x0, 0x0, 0x64, 0xe0, 0x98,
    0xaf, 0x0, 0x0, 0x0, 0x0, 0x0, 0x6c, 0xd8,
    0x82, 0xd0, 0x0, 0x0, 0x0, 0x0, 0x0, 0x8c,
    0xbe, 0x45, 0xff, 0x39, 0x0, 0x0, 0x0, 0x8,
    0xe4, 0x7c, 0x2, 0xc4, 0xef, 0x74, 0x44, 0x5b,
    0xcd, 0xe3, 0x12, 0x0, 0xf, 0x94, 0xe4, 0xfb,
    0xe9, 0xa2, 0x1d, 0x0,

    /* U+0056 "V" */
    0xac, 0xba, 0x0, 0x0, 0x0, 0x0, 0x0, 0x0,
    0x89, 0xd1, 0x52, 0xfc, 0x14, 0x0, 0x0, 0x0,
    0x0, 0x1, 0xdf, 0x76, 0x7, 0xf1, 0x67, 0x0,
    0x0, 0x0, 0x0, 0x3a, 0xfe, 0x1d, 0x0, 0xa0,
    0xbd, 0x0, 0x0, 0x0, 0x0, 0x92, 0xbf, 0x0,
    0x0, 0x46, 0xfc, 0x17, 0x0, 0x0, 0x2, 0xe7,
    0x64, 0x0, 0x0, 0x3, 0xe9, 0x6a, 0x0, 0x0,
    0x43, 0xf8, 0x10, 0x0, 0x0, 0x0, 0x94, 0xc0,
    0x0, 0x0, 0x9c, 0xad, 0x0, 0x0, 0x0, 0x0,
    0x3a, 0xfd, 0x19, 0x5, 0xee, 0x52, 0x0, 0x0,
    0x0, 0x0, 0x1, 0xe0, 0x6d, 0x4d, 0xef, 0x7,
    0x0, 0x0, 0x0, 0x0, 0x0, 0x88, 0xc1, 0xa3,
    0x9b, 0x0, 0x0, 0x0, 0x0, 0x0, 0x0, 0x2e,
    0xf8, 0xe9, 0x40, 0x0, 0x0, 0x0, 0x0, 0x0,
    0x0, 0x0, 0xd4, 0xe3, 0x2, 0x0, 0x0, 0x0,

    /* U+0057 "W" */
    0xa4, 0xbd, 0x0, 0x0, 0x0, 0x0, 0x6, 0xf4,
    0x7d, 0x0, 0x0, 0x0, 0x0, 0x75, 0xeb, 0x1,
    0x5c, 0xf8, 0xa, 0x0, 0x0, 0x0, 0x42, 0xff,
    0xc1, 0x0, 0x0, 0x0, 0x0, 0xb7, 0xa7, 0x0,
    0x15, 0xfe, 0x47, 0x0, 0x0, 0x0, 0x89, 0xca,
    0xf9, 0xa, 0x0, 0x0, 0x4, 0xf3, 0x61, 0x0,
    0x0, 0xcb, 0x8c, 0x0, 0x0, 0x0, 0xcf, 0x6c,
    0xf8, 0x48, 0x0, 0x0, 0x3a, 0xff, 0x1c, 0x0,
    0x0, 0x83, 0xd1, 0x0, 0x0, 0x16, 0xfe, 0x1e,
    0xbc, 0x8b, 0x0, 0x0, 0x7c, 0xd6, 0x0, 0x0,
    0x0, 0x3b, 0xfe, 0x17, 0x0, 0x5c, 0xd8, 0x0,
    0x76, 0xcf, 0x0, 0x0, 0xbd, 0x90, 0x0, 0x0,
    0x0, 0x3, 0xee, 0x5b, 0x0, 0xa3, 0x92, 0x0,
    0x30, 0xfe, 0x14, 0x7, 0xf7, 0x4a, 0x0, 0x0,
    0x0, 0x0, 0xaa, 0x9f, 0x1, 0xe8, 0x4d, 0x0,
    0x1, 0xe9, 0x56, 0x40, 0xf9, 0xb, 0x0, 0x0,
    0x0, 0x0, 0x62, 0xe4, 0x30, 0xfa, 0xc, 0x0,
    0x0, 0xa5, 0x99, 0x82, 0xbf, 0x0, 0x0, 0x0,
    0x0, 0x0, 0x1a, 0xff, 0x95, 0xc1, 0x0, 0x0,
    0x0, 0x5f, 0xda, 0xc2, 0x79, 0x0, 0x0, 0x0,
    0x0, 0x0, 0x0, 0xd1, 0xef, 0x7c, 0x0, 0x0,
    0x0, 0x19, 0xfd, 0xf6, 0x34, 0x0, 0x0, 0x0,
    0x0, 0x0, 0x0, 0x88, 0xff, 0x36, 0x0, 0x0,
    0x0, 0x0, 0xd3, 0xec, 0x2, 0x0, 0x0, 0x0,

    /* U+0058 "X" */
    0x2f, 0xfc, 0x5b, 0x0, 0x0, 0x0, 0x0, 0x70,
    0xed, 0x14, 0x0, 0x94, 0xe2, 0x9, 0x0, 0x0,
    0x16, 0xf0, 0x66, 0x0, 0x0, 0x11, 0xea, 0x7b,
    0x0, 0x0, 0x9d, 0xc9, 0x2, 0x0, 0x0, 0x0,
    0x64, 0xf3, 0x18, 0x35, 0xfb, 0x33, 0x0, 0x0,
    0x0, 0x0, 0x1, 0xca, 0x97, 0xc6, 0x95, 0x0,
    0x0, 0x0, 0x0, 0x0, 0x0, 0x35, 0xfc, 0xea,
    0x10, 0x0, 0x0, 0x0, 0x0, 0x0, 0x0, 0x43,
    0xf7, 0xf0, 0x17, 0x0, 0x0, 0x0, 0x0, 0x0,
    0x9, 0xdc, 0x75, 0xc9, 0xa3, 0x0, 0x0, 0x0,
    0x0, 0x0, 0x8b, 0xd7, 0x5, 0x38, 0xfd, 0x3e,
    0x0, 0x0, 0x0, 0x32, 0xfc, 0x45, 0x0, 0x0,
    0xa3, 0xd3, 0x4, 0x0, 0x4, 0xce, 0xac, 0x0,
    0x0, 0x0, 0x1a, 0xf4, 0x73, 0x0, 0x76, 0xf5,
    0x1e, 0x0, 0x0, 0x0, 0x0, 0x7a, 0xf3, 0x1b,

    /* U+0059 "Y" */
    0x9a, 0xd3, 0x1, 0x0, 0x0, 0x0, 0x0, 0xad,
    0xab, 0x21, 0xfb, 0x4f, 0x0, 0x0, 0x0, 0x2d,
    0xfc, 0x2c, 0x0, 0x9f, 0xc9, 0x0, 0x0, 0x0,
    0xad, 0xaa, 0x0, 0x0, 0x25, 0xfc, 0x44, 0x0,
    0x2e, 0xfc, 0x2b, 0x0, 0x0, 0x0, 0xa5, 0xbf,
    0x0, 0xae, 0xa9, 0x0, 0x0, 0x0, 0x0, 0x2a,
    0xfd, 0x64, 0xfc, 0x2b, 0x0, 0x0, 0x0, 0x0,
    0x0, 0xab, 0xfa, 0xa8, 0x0, 0x0, 0x0, 0x0,
    0x0, 0x0, 0x39, 0xff, 0x34, 0x0, 0x0, 0x0,
    0x0, 0x0, 0x0, 0x24, 0xff, 0x20, 0x0, 0x0,
    0x0, 0x0, 0x0, 0x0, 0x24, 0xff, 0x20, 0x0,
    0x0, 0x0, 0x0, 0x0, 0x0, 0x24, 0xff, 0x20,
    0x0, 0x0, 0x0, 0x0, 0x0, 0x0, 0x24, 0xff,
    0x20, 0x0, 0x0, 0x0,

    /* U+005A "Z" */
    0x30, 0xff, 0xff, 0xff, 0xff, 0xff, 0xff, 0xff,
    0xcf, 0xc, 0x40, 0x40, 0x40, 0x40, 0x40, 0x71,
    0xfc, 0x33, 0x0, 0x0, 0x0, 0x0, 0x0, 0x4,
    0xce, 0x89, 0x0, 0x0, 0x0, 0x0, 0x0, 0x0,
    0x77, 0xda, 0x8, 0x0, 0x0, 0x0, 0x0, 0x0,
    0x25, 0xf5, 0x3f, 0x0, 0x0, 0x0, 0x0, 0x0,
    0x1, 0xbf, 0x98, 0x0, 0x0, 0x0, 0x0, 0x0,
    0x0, 0x66, 0xe4, 0xe, 0x0, 0x0, 0x0, 0x0,
    0x0, 0x1a, 0xf0, 0x4d, 0x0, 0x0, 0x0, 0x0,
    0x0, 0x0, 0xb0, 0xa7, 0x0, 0x0, 0x0, 0x0,
    0x0, 0x0, 0x56, 0xeb, 0x15, 0x0, 0x0, 0x0,
    0x0, 0x0, 0x12, 0xe8, 0x90, 0x3c, 0x3c, 0x3c,
    0x3c, 0x3c, 0x30, 0x97, 0xff, 0xff, 0xff, 0xff,
    0xff, 0xff, 0xff, 0xd0,

    /* U+005B "[" */
    0x68, 0xfe, 0xfc, 0x7e, 0x68, 0xb8, 0x0, 0x0,
    0x68, 0xb8, 0x0, 0x0, 0x68, 0xb8, 0x0, 0x0,
    0x68, 0xb8, 0x0, 0x0, 0x68, 0xb8, 0x0, 0x0,
    0x68, 0xb8, 0x0, 0x0, 0x68, 0xb8, 0x0, 0x0,
    0x68, 0xb8, 0x0, 0x0, 0x68, 0xb8, 0x0, 0x0,
    0x68, 0xb8, 0x0, 0x0, 0x68, 0xb8, 0x0, 0x0,
    0x68, 0xb8, 0x0, 0x0, 0x68, 0xb8, 0x0, 0x0,
    0x66, 0xfa, 0xf8, 0x7c,

    /* U+005D "]" */
    0x91, 0xfc, 0xff, 0x50, 0x0, 0x0, 0xcc, 0x50,
    0x0, 0x0, 0xcc, 0x50, 0x0, 0x0, 0xcc, 0x50,
    0x0, 0x0, 0xcc, 0x50, 0x0, 0x0, 0xcc, 0x50,
    0x0, 0x0, 0xcc, 0x50, 0x0, 0x0, 0xcc, 0x50,
    0x0, 0x0, 0xcc, 0x50, 0x0, 0x0, 0xcc, 0x50,
    0x0, 0x0, 0xcc, 0x50, 0x0, 0x0, 0xcc, 0x50,
    0x0, 0x0, 0xcc, 0x50, 0x0, 0x0, 0xcc, 0x50,
    0x8f, 0xf8, 0xfb, 0x4e,

    /* U+005F "_" */
    0xec, 0xec, 0xec, 0xec, 0xec, 0xec, 0xbf, 0x1c,
    0x1c, 0x1c, 0x1c, 0x1c, 0x1c, 0x16,

    /* U+0061 "a" */
    0x0, 0x21, 0xa1, 0xe2, 0xf4, 0xc1, 0x2a, 0x0,
    0x0, 0x70, 0x90, 0x37, 0x30, 0xbb, 0xd0, 0x0,
    0x0, 0x7, 0x0, 0x0, 0x0, 0x35, 0xff, 0x13,
    0x0, 0x0, 0x3, 0x33, 0x5c, 0x8e, 0xff, 0x2b,
    0x0, 0x57, 0xed, 0xe7, 0xbb, 0xa0, 0xff, 0x2c,
    0x14, 0xf7, 0x6c, 0x0, 0x0, 0x1b, 0xff, 0x2c,
    0x39, 0xff, 0x12, 0x0, 0x0, 0x4e, 0xff, 0x2c,
    0x15, 0xf8, 0x6a, 0x0, 0x29, 0xc8, 0xff, 0x2c,
    0x0, 0x53, 0xda, 0xee, 0xc5, 0x3f, 0xff, 0x2c,

    /* U+0062 "b" */
    0xa8, 0x98, 0x0, 0x0, 0x0, 0x0, 0x0, 0x0,
    0xa8, 0x98, 0x0, 0x0, 0x0, 0x0, 0x0, 0x0,
    0xa8, 0x98, 0x0, 0x0, 0x0, 0x0, 0x0, 0x0,
    0xa8, 0x98, 0x0, 0x0, 0x0, 0x0, 0x0, 0x0,
    0xa8, 0x98, 0x4c, 0xd3, 0xf8, 0xd2, 0x46, 0x0,
    0xa8, 0xcb, 0xc9, 0x43, 0x2f, 0x9e, 0xf9, 0x21,
    0xa8, 0xf2, 0x15, 0x0, 0x0, 0x1, 0xd0, 0x91,
    0xa8, 0xb1, 0x0, 0x0, 0x0, 0x0, 0x86, 0xbf,
    0xa8, 0x98, 0x0, 0x0, 0x0, 0x0, 0x74, 0xd2,
    0xa8, 0x9e, 0x0, 0x0, 0x0, 0x0, 0x8e, 0xb9,
    0xa8, 0xd3, 0x1, 0x0, 0x0, 0x2, 0xdb, 0x76,
    0xa8, 0xf4, 0x8a, 0x9, 0xd, 0x92, 0xe1, 0xe,
    0xa8, 0x9a, 0x89, 0xe8, 0xf2, 0xb3, 0x22, 0x0,

    /* U+0063 "c" */
    0x0, 0x0, 0x37, 0xba, 0xf3, 0xf2, 0xaf, 0x0,
    0x3b, 0xf8, 0x98, 0x34, 0x33, 0x7f, 0x0, 0xca,
    0xa1, 0x0, 0x0, 0x0, 0x0, 0x15, 0xff, 0x35,
    0x0, 0x0, 0x0, 0x0, 0x2f, 0xff, 0x15, 0x0,
    0x0, 0x0, 0x0, 0x22, 0xff, 0x2c, 0x0, 0x0,
    0x0, 0x0, 0x1, 0xe2, 0x89, 0x0, 0x0, 0x0,
    0x0, 0x0, 0x5b, 0xfc, 0x84, 0x32, 0x3c, 0x8e,
    0x0, 0x0, 0x55, 0xd0, 0xf9, 0xe4, 0x89,

    /* U+0064 "d" */
    0x0, 0x0, 0x0, 0x0, 0x0, 0x0, 0x0, 0xf0,
    0x48, 0x0, 0x0, 0x0, 0x0, 0x0, 0x0, 0x0,
    0xf0, 0x48, 0x0, 0x0, 0x0, 0x0, 0x0, 0x0,
    0x0, 0xf0, 0x48, 0x0, 0x0, 0x0, 0x0, 0x0,
    0x0, 0x0, 0xf0, 0x48, 0x0, 0x0, 0x52, 0xd3,
    0xf8, 0xd4, 0x42, 0xf0, 0x48, 0x0, 0x4b, 0xfb,
    0x7e, 0x2c, 0x51, 0xd7, 0xf9, 0x48, 0x0, 0xd3,
    0x90, 0x0, 0x0, 0x0, 0x41, 0xff, 0x48, 0x17,
    0xff, 0x33, 0x0, 0x0, 0x0, 0x2, 0xf8, 0x48,
    0x2e, 0xff, 0x15, 0x0, 0x0, 0x0, 0x0, 0xf0,
    0x48, 0x1a, 0xff, 0x23, 0x0, 0x0, 0x0, 0x5,
    0xfb, 0x48, 0x1, 0xea, 0x67, 0x0, 0x0, 0x0,
    0x45, 0xff, 0x48, 0x0, 0x73, 0xe8, 0x3b, 0x1,
    0x31, 0xc6, 0xf7, 0x48, 0x0, 0x2, 0x82, 0xe9,
    0xef, 0xbf, 0x2d, 0xf0, 0x48,

    /* U+0065 "e" */
    0x0, 0x0, 0x4a, 0xd0, 0xf8, 0xd9, 0x53, 0x0,
    0x0, 0x46, 0xfa, 0x7c, 0x2e, 0x74, 0xfa, 0x2c,
    0x0, 0xd3, 0x95, 0x0, 0x0, 0x0, 0xab, 0x9b,
    0x1a, 0xff, 0x37, 0x0, 0x0, 0x0, 0x73, 0xc8,
    0x2e, 0xff, 0xfc, 0xfc, 0xfc, 0xfc, 0xfd, 0xe1,
    0x14, 0xff, 0x4b, 0x2c, 0x2c, 0x2c, 0x2c, 0x27,
    0x0, 0xe0, 0x6b, 0x0, 0x0, 0x0, 0x0, 0x0,
    0x0, 0x62, 0xf3, 0x6f, 0x2d, 0x3c, 0x8a, 0x4e,
    0x0, 0x0, 0x6d, 0xdd, 0xf8, 0xdd, 0x91, 0x14,

    /* U+0066 "f" */
    0x0, 0x0, 0x35, 0xce, 0xf4, 0x49, 0x0, 0x1,
    0xe1, 0x91, 0x31, 0x19, 0x0, 0x1e, 0xff, 0x19,
    0x0, 0x0, 0x0, 0x28, 0xff, 0x10, 0x0, 0x0,
    0x90, 0xff, 0xff, 0xff, 0xfc, 0x0, 0x16, 0x49,
    0xff, 0x35, 0x27, 0x0, 0x0, 0x28, 0xff, 0x10,
    0x0, 0x0, 0x0, 0x28, 0xff, 0x10, 0x0, 0x0,
    0x0, 0x28, 0xff, 0x10, 0x0, 0x0, 0x0, 0x28,
    0xff, 0x10, 0x0, 0x0, 0x0, 0x28, 0xff, 0x10,
    0x0, 0x0, 0x0, 0x28, 0xff, 0x10, 0x0, 0x0,
    0x0, 0x28, 0xff, 0x10, 0x0, 0x0,

    /* U+0067 "g" */
    0x0, 0x0, 0x55, 0xd5, 0xf8, 0xd3, 0x41, 0xf0,
    0x48, 0x0, 0x4e, 0xfb, 0x7b, 0x2c, 0x4f, 0xd4,
    0xf9, 0x48, 0x0, 0xd3, 0x8c, 0x0, 0x0, 0x0,
    0x3c, 0xff, 0x48, 0x16, 0xff, 0x31, 0x0, 0x0,
    0x0, 0x1, 0xf7, 0x48, 0x2e, 0xff, 0x14, 0x0,
    0x0, 0x0, 0x0, 0xf0, 0x48, 0x1b, 0xff, 0x27,
    0x0, 0x0, 0x0, 0x9, 0xfe, 0x48, 0x1, 0xea,
    0x7b, 0x0, 0x0, 0x0, 0x59, 0xff, 0x48, 0x0,
    0x71, 0xf8, 0x6e, 0x2d, 0x63, 0xc8, 0xf5, 0x48,
    0x0, 0x1, 0x7f, 0xe8, 0xf5, 0xb5, 0x20, 0xf6,
    0x42, 0x0, 0x0, 0x0, 0x0, 0x0, 0x0, 0x16,
    0xff, 0x29, 0x0, 0x0, 0x0, 0x0, 0x0, 0x0,
    0x76, 0xe7, 0x2, 0x0, 0x8d, 0x78, 0x3c, 0x3c,
    0x84, 0xfa, 0x66, 0x0, 0x0, 0x53, 0xc9, 0xf2,
    0xf7, 0xcb, 0x5a, 0x0, 0x0,

    /* U+0068 "h" */
    0xa8, 0x98, 0x0, 0x0, 0x0, 0x0, 0x0, 0x0,
    0xa8, 0x98, 0x0, 0x0, 0x0, 0x0, 0x0, 0x0,
    0xa8, 0x98, 0x0, 0x0, 0x0, 0x0, 0x0, 0x0,
    0xa8, 0x98, 0x0, 0x0, 0x0, 0x0, 0x0, 0x0,
    0xa8, 0x98, 0x5a, 0xdb, 0xf3, 0xb7, 0x1b, 0x0,
    0xa8, 0xd4, 0xb7, 0x34, 0x40, 0xdd, 0xae, 0x0,
    0xa8, 0xe8, 0xb, 0x0, 0x0, 0x5c, 0xf7, 0x0,
    0xa8, 0xaa, 0x0, 0x0, 0x0, 0x2f, 0xff, 0x13,
    0xa8, 0x98, 0x0, 0x0, 0x0, 0x24, 0xff, 0x18,
    0xa8, 0x98, 0x0, 0x0, 0x0, 0x24, 0xff, 0x18,
    0xa8, 0x98, 0x0, 0x0, 0x0, 0x24, 0xff, 0x18,
    0xa8, 0x98, 0x0, 0x0, 0x0, 0x24, 0xff, 0x18,
    0xa8, 0x98, 0x0, 0x0, 0x0, 0x24, 0xff, 0x18,

    /* U+0069 "i" */
    0x9f, 0x9e, 0x6d, 0x6b, 0x0, 0x0, 0x0, 0x0,
    0xa4, 0x98, 0xa4, 0x98, 0xa4, 0x98, 0xa4, 0x98,
    0xa4, 0x98, 0xa4, 0x98, 0xa4, 0x98, 0xa4, 0x98,
    0xa4, 0x98,

    /* U+006A "j" */
    0x0, 0x0, 0x0, 0xa2, 0x9e, 0x0, 0x0, 0x0,
    0x70, 0x6b, 0x0, 0x0, 0x0, 0x0, 0x0, 0x0,
    0x0, 0x0, 0x0, 0x0, 0x0, 0x0, 0x0, 0xa8,
    0x94, 0x0, 0x0, 0x0, 0xa8, 0x94, 0x0, 0x0,
    0x0, 0xa8, 0x94, 0x0, 0x0, 0x0, 0xa8, 0x94,
    0x0, 0x0, 0x0, 0xa8, 0x94, 0x0, 0x0, 0x0,
    0xa8, 0x94, 0x0, 0x0, 0x0, 0xa8, 0x94, 0x0,
    0x0, 0x0, 0xa8, 0x94, 0x0, 0x0, 0x0, 0xa9,
    0x8f, 0x0, 0x0, 0x0, 0xba, 0x77, 0x0, 0x0,
    0x3, 0xe8, 0x4c, 0x3c, 0x35, 0x96, 0xe0, 0x3,
    0x86, 0xf9, 0xcb, 0x30, 0x0,

    /* U+006B "k" */
    0xa8, 0x98, 0x0, 0x0, 0x0, 0x0, 0x0, 0x0,
    0xa8, 0x98, 0x0, 0x0, 0x0, 0x0, 0x0, 0x0,
    0xa8, 0x98, 0x0, 0x0, 0x0, 0x0, 0x0, 0x0,
    0xa8, 0x98, 0x0, 0x0, 0x0, 0x0, 0x0, 0x0,
    0xa8, 0x98, 0x0, 0x0, 0x4f, 0xfb, 0x54, 0x0,
    0xa8, 0x98, 0x0, 0x31, 0xf4, 0x70, 0x0, 0x0,
    0xa8, 0x98, 0x1a, 0xe4, 0x8d, 0x0, 0x0, 0x0,
    0xa8, 0xa2, 0xcd, 0xa8, 0x1, 0x0, 0x0, 0x0,
    0xa8, 0xf0, 0xfd, 0x28, 0x0, 0x0, 0x0, 0x0,
    0xa8, 0x99, 0xac, 0xd9, 0x14, 0x0, 0x0, 0x0,
    0xa8, 0x98, 0x9, 0xc9, 0xc9, 0xa, 0x0, 0x0,
    0xa8, 0x98, 0x0, 0x17, 0xe0, 0xb5, 0x4, 0x0,
    0xa8, 0x98, 0x0, 0x0, 0x2c, 0xf1, 0x9f, 0x0,

    /* U+006C "l" */
    0xa4, 0x98, 0xa4, 0x98, 0xa4, 0x98, 0xa4, 0x98,
    0xa4, 0x98, 0xa4, 0x98, 0xa4, 0x98, 0xa4, 0x98,
    0xa4, 0x98, 0xa4, 0x98, 0xa4, 0x98, 0xa4, 0x98,
    0xa4, 0x98,

    /* U+006D "m" */
    0xa8, 0x98, 0x7c, 0xe1, 0xf2, 0x91, 0x4, 0x75,
    0xdf, 0xee, 0xa4, 0xc, 0xa8, 0xec, 0x76, 0x3,
    0x34, 0xf3, 0xbd, 0xa8, 0xa, 0x18, 0xd8, 0x84,
    0xa8, 0xd6, 0x0, 0x0, 0x0, 0xa1, 0xf6, 0x12,
    0x0, 0x0, 0x77, 0xcd, 0xa8, 0xa3, 0x0, 0x0,
    0x0, 0x81, 0xcc, 0x0, 0x0, 0x0, 0x5b, 0xe7,
    0xa8, 0x98, 0x0, 0x0, 0x0, 0x7c, 0xc0, 0x0,
    0x0, 0x0, 0x54, 0xec, 0xa8, 0x98, 0x0, 0x0,
    0x0, 0x7c, 0xc0, 0x0, 0x0, 0x0, 0x54, 0xec,
    0xa8, 0x98, 0x0, 0x0, 0x0, 0x7c, 0xc0, 0x0,
    0x0, 0x0, 0x54, 0xec, 0xa8, 0x98, 0x0, 0x0,
    0x0, 0x7c, 0xc0, 0x0, 0x0, 0x0, 0x54, 0xec,
    0xa8, 0x98, 0x0, 0x0, 0x0, 0x7c, 0xc0, 0x0,
    0x0, 0x0, 0x54, 0xec,

    /* U+006E "n" */
    0xa8, 0x98, 0x6b, 0xdb, 0xf0, 0xb2, 0x16, 0x0,
    0xa8, 0xe4, 0x91, 0x9, 0x13, 0xc9, 0xa6, 0x0,
    0xa8, 0xdd, 0x3, 0x0, 0x0, 0x52, 0xf6, 0x0,
    0xa8, 0xa5, 0x0, 0x0, 0x0, 0x2d, 0xff, 0x12,
    0xa8, 0x98, 0x0, 0x0, 0x0, 0x24, 0xff, 0x18,
    0xa8, 0x98, 0x0, 0x0, 0x0, 0x24, 0xff, 0x18,
    0xa8, 0x98, 0x0, 0x0, 0x0, 0x24, 0xff, 0x18,
    0xa8, 0x98, 0x0, 0x0, 0x0, 0x24, 0xff, 0x18,
    0xa8, 0x98, 0x0, 0x0, 0x0, 0x24, 0xff, 0x18,

    /* U+006F "o" */
    0x0, 0x0, 0x43, 0xc3, 0xf6, 0xf2, 0xb1, 0x24,
    0x0, 0x0, 0x49, 0xfa, 0x84, 0x2f, 0x3d, 0xbb,
    0xe7, 0x15, 0x0, 0xd5, 0x8d, 0x0, 0x0, 0x0,
    0x7, 0xe4, 0x7f, 0x19, 0xff, 0x2f, 0x0, 0x0,
    0x0, 0x0, 0x94, 0xba, 0x2f, 0xff, 0x14, 0x0,
    0x0, 0x0, 0x0, 0x7c, 0xcb, 0x1f, 0xff, 0x2e,
    0x0, 0x0, 0x0, 0x0, 0x93, 0xb6, 0x0, 0xde,
    0x8e, 0x0, 0x0, 0x0, 0x6, 0xe2, 0x6f, 0x0,
    0x55, 0xfc, 0x87, 0x32, 0x3f, 0xb9, 0xd4, 0xa,
    0x0, 0x0, 0x50, 0xcd, 0xf9, 0xeb, 0x9d, 0x14,
    0x0,

    /* U+0070 "p" */
    0xa8, 0x98, 0x5c, 0xd7, 0xf2, 0xd2, 0x46, 0x0,
    0xa8, 0xdc, 0xa9, 0x13, 0x5, 0x6f, 0xf9, 0x21,
    0xa8, 0xe5, 0x9, 0x0, 0x0, 0x0, 0xbc, 0x91,
    0xa8, 0xa9, 0x0, 0x0, 0x0, 0x0, 0x80, 0xbf,
    0xa8, 0x98, 0x0, 0x0, 0x0, 0x0, 0x77, 0xd2,
    0xa8, 0xa4, 0x0, 0x0, 0x0, 0x0, 0x97, 0xb9,
    0xa8, 0xe2, 0x8, 0x0, 0x0, 0x9, 0xeb, 0x76,
    0xa8, 0xe5, 0xb7, 0x39, 0x3d, 0xbe, 0xe1, 0xe,
    0xa8, 0x98, 0x75, 0xe9, 0xf5, 0xb3, 0x22, 0x0,
    0xa8, 0x98, 0x0, 0x0, 0x0, 0x0, 0x0, 0x0,
    0xa8, 0x98, 0x0, 0x0, 0x0, 0x0, 0x0, 0x0,
    0xa8, 0x98, 0x0, 0x0, 0x0, 0x0, 0x0, 0x0,
    0xa8, 0x98, 0x0, 0x0, 0x0, 0x0, 0x0, 0x0,

    /* U+0071 "q" */
    0x0, 0x0, 0x56, 0xd4, 0xf8, 0xd5, 0x45, 0xf0,
    0x48, 0x0, 0x51, 0xfa, 0x78, 0x2b, 0x4f, 0xd5,
    0xf9, 0x48, 0x0, 0xd6, 0x89, 0x0, 0x0, 0x0,
    0x3d, 0xff, 0x48, 0x18, 0xff, 0x30, 0x0, 0x0,
    0x0, 0x1, 0xf7, 0x48, 0x2e, 0xff, 0x14, 0x0,
    0x0, 0x0, 0x0, 0xf0, 0x48, 0x1a, 0xff, 0x26,
    0x0, 0x0, 0x0, 0x8, 0xfd, 0x48, 0x1, 0xeb,
    0x76, 0x0, 0x0, 0x0, 0x56, 0xff, 0x48, 0x0,
    0x75, 0xf6, 0x6a, 0x2c, 0x61, 0xc8, 0xf4, 0x48,
    0x0, 0x2, 0x84, 0xe9, 0xf6, 0xbb, 0x23, 0xf0,
    0x48, 0x0, 0x0, 0x0, 0x0, 0x0, 0x0, 0x0,
    0xf0, 0x48, 0x0, 0x0, 0x0, 0x0, 0x0, 0x0,
    0x0, 0xf0, 0x48, 0x0, 0x0, 0x0, 0x0, 0x0,
    0x0, 0x0, 0xf0, 0x48, 0x0, 0x0, 0x0, 0x0,
    0x0, 0x0, 0x0, 0xf0, 0x48,

    /* U+0072 "r" */
    0x0, 0x0, 0x0, 0x0, 0x2, 0xa8, 0x98, 0x75,
    0xf1, 0x90, 0xa8, 0xcf, 0xa0, 0x23, 0x21, 0xa8,
    0xeb, 0x7, 0x0, 0x0, 0xa8, 0xaf, 0x0, 0x0,
    0x0, 0xa8, 0x99, 0x0, 0x0, 0x0, 0xa8, 0x98,
    0x0, 0x0, 0x0, 0xa8, 0x98, 0x0, 0x0, 0x0,
    0xa8, 0x98, 0x0, 0x0, 0x0, 0xa8, 0x98, 0x0,
    0x0, 0x0,

    /* U+0073 "s" */
    0x0, 0x22, 0xaf, 0xee, 0xf2, 0xa5, 0x0, 0x1,
    0xdc, 0x9e, 0x2b, 0x3b, 0x78, 0x0, 0x1c, 0xff,
    0x2d, 0x0, 0x0, 0x0, 0x0, 0x4, 0xde, 0xbe,
    0x2b, 0x0, 0x0, 0x0, 0x0, 0x1e, 0xae, 0xfd,
    0xb3, 0x25, 0x0, 0x0, 0x0, 0x0, 0x28, 0xbb,
    0xe5, 0x9, 0x0, 0x0, 0x0, 0x0, 0x1b, 0xff,
    0x2c, 0x28, 0x99, 0x41, 0x2c, 0x89, 0xe9, 0x7,
    0x16, 0xbb, 0xf1, 0xf0, 0xb8, 0x2e, 0x0,

    /* U+0074 "t" */
    0x0, 0xb, 0x67, 0x0, 0x0, 0x0, 0x0, 0x3c,
    0xff, 0x0, 0x0, 0x0, 0x0, 0x3c, 0xff, 0x0,
    0x0, 0x0, 0xa8, 0xff, 0xff, 0xff, 0xff, 0x14,
    0x1a, 0x5a, 0xff, 0x28, 0x28, 0x3, 0x0, 0x3c,
    0xff, 0x0, 0x0, 0x0, 0x0, 0x3c, 0xff, 0x0,
    0x0, 0x0, 0x0, 0x3c, 0xff, 0x0, 0x0, 0x0,
    0x0, 0x3c, 0xff, 0x0, 0x0, 0x0, 0x0, 0x37,
    0xff, 0x6, 0x0, 0x0, 0x0, 0x16, 0xfc, 0x6c,
    0x32, 0x7, 0x0, 0x0, 0x77, 0xee, 0xe7, 0xe,

    /* U+0075 "u" */
    0xd4, 0x68, 0x0, 0x0, 0x0, 0x54, 0xec, 0xd4,
    0x68, 0x0, 0x0, 0x0, 0x54, 0xec, 0xd4, 0x68,
    0x0, 0x0, 0x0, 0x54, 0xec, 0xd4, 0x68, 0x0,
    0x0, 0x0, 0x54, 0xec, 0xd4, 0x68, 0x0, 0x0,
    0x0, 0x54, 0xec, 0xcc, 0x70, 0x0, 0x0, 0x0,
    0x5f, 0xec, 0xb0, 0x95, 0x0, 0x0, 0x0, 0x96,
    0xec, 0x5d, 0xf0, 0x34, 0x1, 0x4d, 0xe5, 0xec,
    0x2, 0x83, 0xe4, 0xed, 0xa8, 0x64, 0xec,

    /* U+0076 "v" */
    0xb4, 0xa4, 0x0, 0x0, 0x0, 0x0, 0xc3, 0x88,
    0x5c, 0xf0, 0x6, 0x0, 0x0, 0x1a, 0xfd, 0x2b,
    0xc, 0xf6, 0x49, 0x0, 0x0, 0x6f, 0xcd, 0x0,
    0x0, 0xab, 0x9b, 0x0, 0x0, 0xc4, 0x6f, 0x0,
    0x0, 0x52, 0xea, 0x3, 0x1b, 0xf9, 0x16, 0x0,
    0x0, 0x8, 0xf1, 0x40, 0x70, 0xb4, 0x0, 0x0,
    0x0, 0x0, 0xa1, 0x90, 0xc3, 0x56, 0x0, 0x0,
    0x0, 0x0, 0x49, 0xd6, 0xe8, 0x8, 0x0, 0x0,
    0x0, 0x0, 0x4, 0xeb, 0x9a, 0x0, 0x0, 0x0,

    /* U+0077 "w" */
    0xa9, 0xa0, 0x0, 0x0, 0x0, 0xa9, 0xbb, 0x0,
    0x0, 0x0, 0xc4, 0x74, 0x61, 0xe1, 0x0, 0x0,
    0x2, 0xe8, 0xf4, 0x6, 0x0, 0x9, 0xf9, 0x2e,
    0x1b, 0xff, 0x22, 0x0, 0x39, 0xc8, 0xdc, 0x3d,
    0x0, 0x44, 0xe7, 0x0, 0x0, 0xd3, 0x63, 0x0,
    0x81, 0x80, 0x9c, 0x7e, 0x0, 0x83, 0xa2, 0x0,
    0x0, 0x8c, 0xa4, 0x0, 0xc9, 0x37, 0x58, 0xbf,
    0x0, 0xc3, 0x5b, 0x0, 0x0, 0x45, 0xe5, 0x14,
    0xe9, 0x2, 0x16, 0xf6, 0x11, 0xf7, 0x16, 0x0,
    0x0, 0x8, 0xf6, 0x7f, 0xa5, 0x0, 0x0, 0xd1,
    0x83, 0xcf, 0x0, 0x0, 0x0, 0x0, 0xb7, 0xe5,
    0x5c, 0x0, 0x0, 0x8e, 0xe5, 0x89, 0x0, 0x0,
    0x0, 0x0, 0x70, 0xfe, 0x15, 0x0, 0x0, 0x4a,
    0xff, 0x43, 0x0, 0x0,

    /* U+0078 "x" */
    0x5e, 0xf3, 0x15, 0x0, 0x0, 0x6b, 0xe0, 0xa,
    0x1, 0xc6, 0x8d, 0x0, 0xd, 0xe9, 0x51, 0x0,
    0x0, 0x34, 0xf4, 0x1a, 0x84, 0xb7, 0x0, 0x0,
    0x0, 0x0, 0x9c, 0xac, 0xee, 0x24, 0x0, 0x0,
    0x0, 0x0, 0x20, 0xff, 0x9f, 0x0, 0x0, 0x0,
    0x0, 0x0, 0x8c, 0xc4, 0xef, 0x17, 0x0, 0x0,
    0x0, 0x33, 0xf1, 0x1c, 0xa8, 0xa4, 0x0, 0x0,
    0x4, 0xcf, 0x7f, 0x0, 0x22, 0xf8, 0x41, 0x0,
    0x76, 0xe3, 0xa, 0x0, 0x0, 0x8e, 0xd7, 0x6,

    /* U+0079 "y" */
    0xb2, 0xa9, 0x0, 0x0, 0x0, 0x0, 0xa9, 0x9c,
    0x55, 0xf4, 0x9, 0x0, 0x0, 0xb, 0xf5, 0x3e,
    0x8, 0xf0, 0x51, 0x0, 0x0, 0x59, 0xde, 0x1,
    0x0, 0x9b, 0xa5, 0x0, 0x0, 0xb2, 0x81, 0x0,
    0x0, 0x3e, 0xf1, 0x7, 0x10, 0xf8, 0x23, 0x0,
    0x0, 0x1, 0xdf, 0x4d, 0x63, 0xc4, 0x0, 0x0,
    0x0, 0x0, 0x84, 0xa1, 0xba, 0x66, 0x0, 0x0,
    0x0, 0x0, 0x27, 0xed, 0xf2, 0x10, 0x0, 0x0,
    0x0, 0x0, 0x0, 0xcd, 0xa9, 0x0, 0x0, 0x0,
    0x0, 0x0, 0x5, 0xe9, 0x4b, 0x0, 0x0, 0x0,
    0x0, 0x0, 0x56, 0xe2, 0x4, 0x0, 0x0, 0x0,
    0x27, 0x43, 0xdf, 0x65, 0x0, 0x0, 0x0, 0x0,
    0x93, 0xef, 0x83, 0x0, 0x0, 0x0, 0x0, 0x0,

    /* U+007A "z" */
    0x44, 0xff, 0xff, 0xff, 0xff, 0xff, 0xe0, 0x2,
    0xa, 0x28, 0x28, 0x28, 0x44, 0xf9, 0x46, 0x0,
    0x0, 0x0, 0x0, 0x0, 0xb5, 0x9e, 0x0, 0x0,
    0x0, 0x0, 0x0, 0x5e, 0xe6, 0x10, 0x0, 0x0,
    0x0, 0x0, 0x17, 0xed, 0x4f, 0x0, 0x0, 0x0,
    0x0, 0x0, 0xad, 0xa7, 0x0, 0x0, 0x0, 0x0,
    0x0, 0x56, 0xeb, 0x14, 0x0, 0x0, 0x0, 0x0,
    0x13, 0xe9, 0x79, 0x24, 0x24, 0x24, 0x22, 0x0,
    0x98, 0xff, 0xff, 0xff, 0xff, 0xff, 0xf8, 0x0,

    /* U+007C "|" */
    0x52, 0x40, 0xa4, 0x80, 0xa4, 0x80, 0xa4, 0x80,
    0xa4, 0x80, 0xa4, 0x80, 0xa4, 0x80, 0xa4, 0x80,
    0xa4, 0x80, 0xa4, 0x80, 0xa4, 0x80, 0xa4, 0x80,
    0xa4, 0x80, 0xa4, 0x80, 0xa4, 0x80, 0xa4, 0x80,
    0xa4, 0x80, 0xa4, 0x80,

    /* U+007E "~" */
    0x0, 0x4c, 0xde, 0xd2, 0x3b, 0x0, 0x0, 0x89,
    0x75, 0xa, 0xea, 0x53, 0x68, 0xee, 0x69, 0x11,
    0xd8, 0x42, 0x39, 0xcd, 0x0, 0x0, 0x36, 0xde,
    0xff, 0xa7, 0x0, 0xa, 0x1a, 0x0, 0x0, 0x0,
    0x3, 0x14, 0x0, 0x0,

    /* U+00B7 "·" */
    0x6, 0xbc, 0x59, 0x9, 0xe2, 0x6f,

    /* U+2103 "℃" */
    0x1, 0x80, 0xc9, 0x88, 0x2, 0x0, 0x0, 0x0,
    0x35, 0x96, 0xc8, 0xd6, 0xc5, 0x94, 0xa, 0x58,
    0x98, 0x3, 0x86, 0x64, 0x0, 0x3, 0x91, 0xf8,
    0x9e, 0x5a, 0x4b, 0x65, 0xb1, 0x15, 0x88, 0x46,
    0x0, 0x37, 0x94, 0x0, 0x8c, 0xe7, 0x2e, 0x0,
    0x0, 0x0, 0x0, 0x0, 0x0, 0x4b, 0xae, 0x21,
    0xa2, 0x57, 0x27, 0xfd, 0x45, 0x0, 0x0, 0x0,
    0x0, 0x0, 0x0, 0x0, 0x0, 0x66, 0xb2, 0x6e,
    0x0, 0x7f, 0xd4, 0x0, 0x0, 0x0, 0x0, 0x0,
    0x0, 0x0, 0x0, 0x0, 0x0, 0x0, 0x0, 0x0,
    0xad, 0x9f, 0x0, 0x0, 0x0, 0x0, 0x0, 0x0,
    0x0, 0x0, 0x0, 0x0, 0x0, 0x0, 0x0, 0xba,
    0x95, 0x0, 0x0, 0x0, 0x0, 0x0, 0x0, 0x0,
    0x0, 0x0, 0x0, 0x0, 0x0, 0x0, 0xa6, 0xb0,
    0x0, 0x0, 0x0, 0x0, 0x0, 0x0, 0x0, 0x0,
    0x0, 0x0, 0x0, 0x0, 0x0, 0x6a, 0xf0, 0xd,
    0x0, 0x0, 0x0, 0x0, 0x0, 0x0, 0x0, 0x0,
    0x0, 0x0, 0x0, 0x0, 0xe, 0xeb, 0x99, 0x0,
    0x0, 0x0, 0x0, 0x0, 0x0, 0x0, 0x0, 0x0,
    0x0, 0x0, 0x0, 0x0, 0x44, 0xf6, 0xb0, 0x34,
    0x1, 0x0, 0x15, 0x5e, 0xd, 0x0, 0x0, 0x0,
    0x0, 0x0, 0x0, 0x0, 0x2e, 0xb4, 0xfa, 0xfb,
    0xf8, 0xfd, 0xc3, 0xe, 0x0, 0x0, 0x0, 0x0,
    0x0, 0x0, 0x0, 0x0, 0x0, 0xa, 0x27, 0x23,
    0xa, 0x0, 0x0,

    /* U+25B6 "▶" */
    0xf, 0x0, 0x0, 0x0, 0x0, 0x0, 0x0, 0x0,
    0x0, 0x0, 0x0, 0xd2, 0x62, 0x0, 0x0, 0x0,
    0x0, 0x0, 0x0, 0x0, 0x0, 0x0, 0xe4, 0xff,
    0xbc, 0x22, 0x0, 0x0, 0x0, 0x0, 0x0, 0x0,
    0x0, 0xe4, 0xff, 0xff, 0xf6, 0x74, 0x3, 0x0,
    0x0, 0x0, 0x0, 0x0, 0xe4, 0xff, 0xff, 0xff,
    0xff, 0xcc, 0x2f, 0x0, 0x0, 0x0, 0x0, 0xe4,
    0xff, 0xff, 0xff, 0xff, 0xff, 0xfb, 0x86, 0x8,
    0x0, 0x0, 0xe4, 0xff, 0xff, 0xff, 0xff, 0xff,
    0xff, 0xff, 0xd9, 0x3e, 0x0, 0xe4, 0xff, 0xff,
    0xff, 0xff, 0xff, 0xff, 0xff, 0xff, 0xa3, 0x5,
    0xe4, 0xff, 0xff, 0xff, 0xff, 0xff, 0xff, 0xe0,
    0x48, 0x0, 0x0, 0xe4, 0xff, 0xff, 0xff, 0xff,
    0xfd, 0x91, 0xb, 0x0, 0x0, 0x0, 0xe4, 0xff,
    0xff, 0xff, 0xd2, 0x37, 0x0, 0x0, 0x0, 0x0,
    0x0, 0xe4, 0xff, 0xf8, 0x7d, 0x5, 0x0, 0x0,
    0x0, 0x0, 0x0, 0x0, 0xe4, 0xc2, 0x27, 0x0,
    0x0, 0x0, 0x0, 0x0, 0x0, 0x0, 0x0, 0x55,
    0x1, 0x0, 0x0, 0x0, 0x0, 0x0, 0x0, 0x0,
    0x0, 0x0,

    /* U+25C0 "◀" */
    0x0, 0x0, 0x0, 0x0, 0x0, 0x0, 0x0, 0x0,
    0x0, 0x0, 0x14, 0x1, 0x0, 0x0, 0x0, 0x0,
    0x0, 0x0, 0x0, 0x0, 0x0, 0x5c, 0xeb, 0x4,
    0x0, 0x0, 0x0, 0x0, 0x0, 0x0, 0x0, 0x21,
    0xb9, 0xff, 0xff, 0x4, 0x0, 0x0, 0x0, 0x0,
    0x0, 0x3, 0x73, 0xf5, 0xff, 0xff, 0xff, 0x4,
    0x0, 0x0, 0x0, 0x0, 0x31, 0xcd, 0xff, 0xff,
    0xff, 0xff, 0xff, 0x4, 0x0, 0x0, 0xa, 0x8a,
    0xfc, 0xff, 0xff, 0xff, 0xff, 0xff, 0xff, 0x4,
    0x0, 0x44, 0xdd, 0xff, 0xff, 0xff, 0xff, 0xff,
    0xff, 0xff, 0xff, 0x4, 0x3, 0x8b, 0xfc, 0xff,
    0xff, 0xff, 0xff, 0xff, 0xff, 0xff, 0xff, 0x4,
    0x0, 0x0, 0x32, 0xcd, 0xff, 0xff, 0xff, 0xff,
    0xff, 0xff, 0xff, 0x4, 0x0, 0x0, 0x0, 0x3,
    0x73, 0xf4, 0xff, 0xff, 0xff, 0xff, 0xff, 0x4,
    0x0, 0x0, 0x0, 0x0, 0x0, 0x20, 0xb7, 0xff,
    0xff, 0xff, 0xff, 0x4, 0x0, 0x0, 0x0, 0x0,
    0x0, 0x0, 0x0, 0x5a, 0xe9, 0xff, 0xff, 0x4,
    0x0, 0x0, 0x0, 0x0, 0x0, 0x0, 0x0, 0x0,
    0x12, 0x9e, 0xff, 0x4, 0x0, 0x0, 0x0, 0x0,
    0x0, 0x0, 0x0, 0x0, 0x0, 0x0, 0x41, 0x2,

    /* U+AC00 "가" */
    0x0, 0x0, 0x0, 0x0, 0x0, 0x0, 0x0, 0x0,
    0x0, 0x0, 0x35, 0xd2, 0x0, 0x0, 0x0, 0x0,
    0x0, 0x0, 0x0, 0x0, 0x0, 0x0, 0x0, 0x0,
    0x0, 0x3c, 0xec, 0x0, 0x0, 0x0, 0x4, 0xff,
    0xff, 0xff, 0xff, 0xff, 0xff, 0xfa, 0x1, 0x0,
    0x3c, 0xec, 0x0, 0x0, 0x0, 0x0, 0xc, 0xc,
    0xc, 0xc, 0xc, 0x58, 0xde, 0x0, 0x0, 0x3c,
    0xec, 0x0, 0x0, 0x0, 0x0, 0x0, 0x0, 0x0,
    0x0, 0x0, 0x89, 0xa5, 0x0, 0x0, 0x3c, 0xec,
    0x0, 0x0, 0x0, 0x0, 0x0, 0x0, 0x0, 0x0,
    0x4, 0xe2, 0x4f, 0x0, 0x0, 0x3c, 0xec, 0x0,
    0x0, 0x0, 0x0, 0x0, 0x0, 0x0, 0x0, 0x6d,
    0xd6, 0x3, 0x0, 0x0, 0x3c, 0xf1, 0x4c, 0x4c,
    0x2f, 0x0, 0x0, 0x0, 0x0, 0x2e, 0xf3, 0x41,
    0x0, 0x0, 0x0, 0x3c, 0xfa, 0xb4, 0xb4, 0x70,
    0x0, 0x0, 0x0, 0x28, 0xe7, 0x76, 0x0, 0x0,
    0x0, 0x0, 0x3c, 0xec, 0x0, 0x0, 0x0, 0x0,
    0x0, 0x4e, 0xee, 0x7b, 0x0, 0x0, 0x0, 0x0,
    0x0, 0x3c, 0xec, 0x0, 0x0, 0x0, 0x2c, 0xaf,
    0xee, 0x50, 0x0, 0x0, 0x0, 0x0, 0x0, 0x0,
    0x3c, 0xec, 0x0, 0x0, 0x0, 0x24, 0x94, 0x16,
    0x0, 0x0, 0x0, 0x0, 0x0, 0x0, 0x0, 0x3c,
    0xec, 0x0, 0x0, 0x0, 0x0, 0x0, 0x0, 0x0,
    0x0, 0x0, 0x0, 0x0, 0x0, 0x0, 0x3c, 0xec,
    0x0, 0x0, 0x0, 0x0, 0x0, 0x0, 0x0, 0x0,
    0x0, 0x0, 0x0, 0x0, 0x0, 0x3c, 0xec, 0x0,
    0x0, 0x0, 0x0, 0x0, 0x0, 0x0, 0x0, 0x0,
    0x0, 0x0, 0x0, 0x0, 0x3c, 0xec, 0x0, 0x0,
    0x0, 0x0, 0x0, 0x0, 0x0, 0x0, 0x0, 0x0,
    0x0, 0x0, 0x0, 0xb, 0x2c, 0x0, 0x0, 0x0,

    /* U+AC04 "간" */
    0x0, 0x0, 0x0, 0x0, 0x0, 0x0, 0x0, 0x0,
    0x0, 0x0, 0x35, 0xd2, 0x0, 0x0, 0x0, 0x0,
    0xd0, 0xff, 0xff, 0xff, 0xff, 0xff, 0xce, 0x0,
    0x0, 0x3c, 0xec, 0x0, 0x0, 0x0, 0x0, 0x9,
    0xc, 0xc, 0xc, 0xc, 0x9f, 0xa0, 0x0, 0x0,
    0x3c, 0xec, 0x0, 0x0, 0x0, 0x0, 0x0, 0x0,
    0x0, 0x0, 0x7, 0xe8, 0x51, 0x0, 0x0, 0x3c,
    0xec, 0x0, 0x0, 0x0, 0x0, 0x0, 0x0, 0x0,
    0x0, 0x78, 0xd9, 0x4, 0x0, 0x0, 0x3c, 0xec,
    0x0, 0x0, 0x0, 0x0, 0x0, 0x0, 0x0, 0x3d,
    0xf6, 0x44, 0x0, 0x0, 0x0, 0x3c, 0xff, 0xf4,
    0xf4, 0x31, 0x0, 0x0, 0x0, 0x3e, 0xf0, 0x71,
    0x0, 0x0, 0x0, 0x0, 0x3c, 0xef, 0x28, 0x28,
    0x8, 0x0, 0x4, 0x74, 0xf7, 0x6e, 0x0, 0x0,
    0x0, 0x0, 0x0, 0x3c, 0xec, 0x0, 0x0, 0x0,
    0x4a, 0xd7, 0xe1, 0x43, 0x0, 0x0, 0x0, 0x0,
    0x0, 0x0, 0x3c, 0xec, 0x0, 0x0, 0x0, 0x1e,
    0x70, 0xb, 0x0, 0x0, 0x0, 0x0, 0x0, 0x0,
    0x0, 0x3c, 0xec, 0x0, 0x0, 0x0, 0x0, 0x0,
    0x23, 0x8c, 0x0, 0x0, 0x0, 0x0, 0x0, 0x0,
    0x3c, 0xec, 0x0, 0x0, 0x0, 0x0, 0x0, 0x3c,
    0xec, 0x0, 0x0, 0x0, 0x0, 0x0, 0x0, 0x7,
    0x1d, 0x0, 0x0, 0x0, 0x0, 0x0, 0x3c, 0xec,
    0x0, 0x0, 0x0, 0x0, 0x0, 0x0, 0x0, 0x0,
    0x0, 0x0, 0x0, 0x0, 0x0, 0x3c, 0xed, 0x10,
    0x10, 0x10, 0x10, 0x10, 0x10, 0x10, 0x10, 0x5,
    0x0, 0x0, 0x0, 0x0, 0x3c, 0xff, 0xff, 0xff,
    0xff, 0xff, 0xff, 0xff, 0xff, 0xff, 0x58, 0x0,
    0x0,

    /* U+AC12 "값" */
    0x0, 0x0, 0x0, 0x0, 0x0, 0x0, 0x0, 0x0,
    0x0, 0x0, 0x3f, 0x8c, 0x0, 0x0, 0x0, 0x0,
    0xec, 0xff, 0xff, 0xff, 0xff, 0xff, 0xaa, 0x0,
    0x0, 0x5c, 0xcc, 0x0, 0x0, 0x0, 0x0, 0x7,
    0x8, 0x8, 0x8, 0x8, 0xbe, 0x77, 0x0, 0x0,
    0x5c, 0xcc, 0x0, 0x0, 0x0, 0x0, 0x0, 0x0,
    0x0, 0x0, 0x2c, 0xf4, 0x1a, 0x0, 0x0, 0x5c,
    0xcc, 0x0, 0x0, 0x0, 0x0, 0x0, 0x0, 0x0,
    0xd, 0xd0, 0x77, 0x0, 0x0, 0x0, 0x5c, 0xff,
    0xff, 0xff, 0x14, 0x0, 0x0, 0x0, 0x17, 0xc6,
    0xa5, 0x2, 0x0, 0x0, 0x0, 0x5c, 0xcd, 0x8,
    0x8, 0x0, 0x0, 0x6, 0x66, 0xea, 0x89, 0x3,
    0x0, 0x0, 0x0, 0x0, 0x5c, 0xcc, 0x0, 0x0,
    0x0, 0x69, 0xe7, 0xc6, 0x38, 0x0, 0x0, 0x0,
    0x0, 0x0, 0x0, 0x5c, 0xcc, 0x0, 0x0, 0x0,
    0x1e, 0x3b, 0x13, 0x2, 0x0, 0x5, 0x11, 0x0,
    0x0, 0x3, 0x2e, 0x9, 0x0, 0x0, 0x0, 0x0,
    0x0, 0xf4, 0x24, 0x0, 0x40, 0xdc, 0x0, 0x0,
    0x14, 0xf8, 0x0, 0x0, 0x0, 0x0, 0x0, 0x0,
    0xf4, 0x24, 0x0, 0x40, 0xdc, 0x0, 0x0, 0x2b,
    0xff, 0xe, 0x0, 0x0, 0x0, 0x0, 0x0, 0xf4,
    0xf2, 0xf0, 0xf4, 0xdc, 0x0, 0x0, 0x6a, 0xff,
    0x4d, 0x0, 0x0, 0x0, 0x0, 0x0, 0xf4, 0x27,
    0x4, 0x43, 0xdc, 0x0, 0xf, 0xde, 0x82, 0xca,
    0x6, 0x0, 0x0, 0x0, 0x0, 0xf4, 0x24, 0x0,
    0x40, 0xdc, 0x17, 0xc1, 0x87, 0x0, 0xa6, 0xa8,
    0xb, 0x0, 0x0, 0x0, 0xf4, 0xfc, 0xfc, 0xfd,
    0xdc, 0x8d, 0x8c, 0x1, 0x0, 0x7, 0xab, 0x60,
    0x0, 0x0, 0x0, 0x0, 0x0, 0x0, 0x0, 0x0,
    0x0, 0x0, 0x0, 0x0, 0x0, 0x0, 0x0, 0x0,

    /* U+AC1C "개" */
    0x0, 0x0, 0x0, 0x0, 0x0, 0x0, 0x0, 0x0,
    0x0, 0x0, 0x0, 0x0, 0x4a, 0xc0, 0x0, 0x0,
    0x0, 0x0, 0x0, 0x0, 0x0, 0x0, 0x0, 0x58,
    0xcc, 0x0, 0x54, 0xd8, 0x0, 0x24, 0xff, 0xff,
    0xff, 0xff, 0xff, 0x83, 0x0, 0x58, 0xcc, 0x0,
    0x54, 0xd8, 0x0, 0x1, 0x8, 0x8, 0x8, 0x8,
    0xc0, 0x67, 0x0, 0x58, 0xcc, 0x0, 0x54, 0xd8,
    0x0, 0x0, 0x0, 0x0, 0x0, 0x1, 0xea, 0x35,
    0x0, 0x58, 0xcc, 0x0, 0x54, 0xd8, 0x0, 0x0,
    0x0, 0x0, 0x0, 0x3b, 0xe9, 0x3, 0x0, 0x58,
    0xcc, 0x0, 0x54, 0xd8, 0x0, 0x0, 0x0, 0x0,
    0x0, 0xab, 0x8c, 0x0, 0x0, 0x58, 0xcc, 0x0,
    0x54, 0xd8, 0x0, 0x0, 0x0, 0x0, 0x3f, 0xf3,
    0x19, 0x0, 0x0, 0x58, 0xf8, 0xdc, 0xe7, 0xd8,
    0x0, 0x0, 0x0, 0x13, 0xe1, 0x6c, 0x0, 0x0,
    0x0, 0x58, 0xd4, 0x28, 0x6e, 0xd8, 0x0, 0x0,
    0xe, 0xc8, 0xa3, 0x0, 0x0, 0x0, 0x0, 0x58,
    0xcc, 0x0, 0x54, 0xd8, 0x0, 0x2f, 0xd6, 0xa6,
    0x4, 0x0, 0x0, 0x0, 0x0, 0x58, 0xcc, 0x0,
    0x54, 0xd8, 0x0, 0x94, 0x7a, 0x1, 0x0, 0x0,
    0x0, 0x0, 0x0, 0x58, 0xcc, 0x0, 0x54, 0xd8,
    0x0, 0x0, 0x0, 0x0, 0x0, 0x0, 0x0, 0x0,
    0x0, 0x58, 0xcc, 0x0, 0x54, 0xd8, 0x0, 0x0,
    0x0, 0x0, 0x0, 0x0, 0x0, 0x0, 0x0, 0x58,
    0xcc, 0x0, 0x54, 0xd8, 0x0, 0x0, 0x0, 0x0,
    0x0, 0x0, 0x0, 0x0, 0x0, 0x58, 0xcc, 0x0,
    0x54, 0xd8, 0x0, 0x0, 0x0, 0x0, 0x0, 0x0,
    0x0, 0x0, 0x0, 0x0, 0x0, 0x0, 0xf, 0x28,

    /* U+AC70 "거" */
    0x0, 0x0, 0x0, 0x0, 0x0, 0x0, 0x0, 0x0,
    0x0, 0x0, 0x0, 0xd2, 0x35, 0x0, 0x0, 0x0,
    0x0, 0x0, 0x0, 0x0, 0x0, 0x0, 0x0, 0x0,
    0xec, 0x3c, 0x2c, 0xff, 0xff, 0xff, 0xff, 0xff,
    0xff, 0xd3, 0x0, 0x0, 0x0, 0xec, 0x3c, 0x2,
    0xc, 0xc, 0xc, 0xc, 0xc, 0x7f, 0xb6, 0x0,
    0x0, 0x0, 0xec, 0x3c, 0x0, 0x0, 0x0, 0x0,
    0x0, 0x0, 0xb3, 0x7c, 0x0, 0x0, 0x0, 0xec,
    0x3c, 0x0, 0x0, 0x0, 0x0, 0x0, 0x18, 0xf9,
    0x27, 0x0, 0x0, 0x0, 0xec, 0x3c, 0x0, 0x0,
    0x0, 0x0, 0x0, 0x9b, 0xb2, 0x3b, 0x84, 0x84,
    0x84, 0xf6, 0x3c, 0x0, 0x0, 0x0, 0x0, 0x51,
    0xf2, 0x23, 0x36, 0x78, 0x78, 0x78, 0xf5, 0x3c,
    0x0, 0x0, 0x0, 0x43, 0xf3, 0x51, 0x0, 0x0,
    0x0, 0x0, 0x0, 0xec, 0x3c, 0x0, 0x1, 0x6a,
    0xf4, 0x57, 0x0, 0x0, 0x0, 0x0, 0x0, 0x0,
    0xec, 0x3c, 0x3d, 0xc3, 0xdf, 0x36, 0x0, 0x0,
    0x0, 0x0, 0x0, 0x0, 0x0, 0xec, 0x3c, 0x3d,
    0x85, 0xa, 0x0, 0x0, 0x0, 0x0, 0x0, 0x0,
    0x0, 0x0, 0xec, 0x3c, 0x0, 0x0, 0x0, 0x0,
    0x0, 0x0, 0x0, 0x0, 0x0, 0x0, 0x0, 0xec,
    0x3c, 0x0, 0x0, 0x0, 0x0, 0x0, 0x0, 0x0,
    0x0, 0x0, 0x0, 0x0, 0xec, 0x3c, 0x0, 0x0,
    0x0, 0x0, 0x0, 0x0, 0x0, 0x0, 0x0, 0x0,
    0x0, 0xec, 0x3c, 0x0, 0x0, 0x0, 0x0, 0x0,
    0x0, 0x0, 0x0, 0x0, 0x0, 0x0, 0x2c, 0xb,

    /* U+AC80 "검" */
    0x0, 0x0, 0x0, 0x0, 0x0, 0x0, 0x0, 0x0,
    0x0, 0x0, 0x0, 0x61, 0x26, 0x0, 0xa4, 0xff,
    0xff, 0xff, 0xff, 0xff, 0xf7, 0x0, 0x0, 0x0,
    0xd8, 0x54, 0x0, 0x7, 0xc, 0xc, 0xc, 0xc,
    0x9d, 0xd2, 0x0, 0x0, 0x0, 0xd8, 0x54, 0x0,
    0x0, 0x0, 0x0, 0x0, 0x4, 0xe5, 0x84, 0x0,
    0x0, 0x0, 0xd8, 0x54, 0x0, 0x0, 0x0, 0x0,
    0x0, 0x73, 0xf4, 0x3a, 0x70, 0x70, 0x70, 0xe9,
    0x54, 0x0, 0x0, 0x0, 0x0, 0x3b, 0xf8, 0x66,
    0x34, 0xa8, 0xa8, 0xa8, 0xf2, 0x54, 0x0, 0x0,
    0x0, 0x52, 0xf4, 0x91, 0x0, 0x0, 0x0, 0x0,
    0x0, 0xd8, 0x54, 0x0, 0x16, 0x8d, 0xfc, 0x7e,
    0x0, 0x0, 0x0, 0x0, 0x0, 0x0, 0xd8, 0x54,
    0x51, 0xf6, 0xcf, 0x3a, 0x0, 0x0, 0x0, 0x0,
    0x0, 0x0, 0x0, 0xca, 0x4e, 0x6, 0x43, 0x0,
    0x2d, 0x3c, 0x3c, 0x3c, 0x3c, 0x3c, 0x3c, 0x3c,
    0x3c, 0x13, 0x0, 0x0, 0x0, 0xc0, 0xe1, 0xd0,
    0xd0, 0xd0, 0xd0, 0xd0, 0xd0, 0xf7, 0x54, 0x0,
    0x0, 0x0, 0xc0, 0x5c, 0x0, 0x0, 0x0, 0x0,
    0x0, 0x0, 0xd4, 0x54, 0x0, 0x0, 0x0, 0xc0,
    0x5c, 0x0, 0x0, 0x0, 0x0, 0x0, 0x0, 0xd4,
    0x54, 0x0, 0x0, 0x0, 0xc0, 0x61, 0x8, 0x8,
    0x8, 0x8, 0x8, 0x8, 0xd5, 0x54, 0x0, 0x0,
    0x0, 0xc0, 0xff, 0xff, 0xff, 0xff, 0xff, 0xff,
    0xff, 0xff, 0x54,

    /* U+AC8C "게" */
    0x0, 0x0, 0x0, 0x0, 0x0, 0x0, 0x0, 0x0,
    0x0, 0x0, 0x0, 0x39, 0xd2, 0x0, 0x0, 0x0,
    0x0, 0x0, 0x0, 0x0, 0x0, 0x28, 0xff, 0x0,
    0x40, 0xec, 0x0, 0xff, 0xff, 0xff, 0xff, 0xff,
    0xa7, 0x0, 0x28, 0xff, 0x0, 0x40, 0xec, 0x0,
    0x8, 0x8, 0x8, 0x8, 0x9d, 0x8b, 0x0, 0x28,
    0xff, 0x0, 0x40, 0xec, 0x0, 0x0, 0x0, 0x0,
    0x0, 0xc8, 0x5a, 0x0, 0x28, 0xff, 0x0, 0x40,
    0xec, 0x0, 0x0, 0x0, 0x0, 0x18, 0xf9, 0x16,
    0x0, 0x28, 0xff, 0x0, 0x40, 0xec, 0x0, 0x0,
    0x0, 0x0, 0x86, 0xb1, 0xe8, 0xe8, 0xeb, 0xff,
    0x0, 0x40, 0xec, 0x0, 0x0, 0x0, 0x21, 0xf5,
    0x35, 0x20, 0x20, 0x43, 0xff, 0x0, 0x40, 0xec,
    0x0, 0x0, 0x5, 0xc7, 0x93, 0x0, 0x0, 0x0,
    0x28, 0xff, 0x0, 0x40, 0xec, 0x0, 0x4, 0xaa,
    0xc5, 0x7, 0x0, 0x0, 0x0, 0x28, 0xff, 0x0,
    0x40, 0xec, 0x1b, 0xbd, 0xc5, 0x10, 0x0, 0x0,
    0x0, 0x0, 0x28, 0xff, 0x0, 0x40, 0xec, 0x79,
    0x9c, 0x9, 0x0, 0x0, 0x0, 0x0, 0x0, 0x28,
    0xff, 0x0, 0x40, 0xec, 0x0, 0x0, 0x0, 0x0,
    0x0, 0x0, 0x0, 0x0, 0x28, 0xff, 0x0, 0x40,
    0xec, 0x0, 0x0, 0x0, 0x0, 0x0, 0x0, 0x0,
    0x0, 0x28, 0xff, 0x0, 0x40, 0xec, 0x0, 0x0,
    0x0, 0x0, 0x0, 0x0, 0x0, 0x0, 0x28, 0xff,
    0x0, 0x40, 0xec, 0x0, 0x0, 0x0, 0x0, 0x0,
    0x0, 0x0, 0x0, 0x0, 0x0, 0x0, 0xc, 0x2c,

    /* U+ACA9 "격" */
    0x0, 0x0, 0x0, 0x0, 0x0, 0x0, 0x0, 0x0,
    0x0, 0x0, 0x0, 0x61, 0x26, 0x0, 0xa4, 0xff,
    0xff, 0xff, 0xff, 0xff, 0xf7, 0x0, 0x0, 0x0,
    0xd8, 0x54, 0x0, 0x7, 0xc, 0xc, 0xc, 0xc,
    0x85, 0xd2, 0x41, 0x4c, 0x4c, 0xe3, 0x54, 0x0,
    0x0, 0x0, 0x0, 0x0, 0x0, 0xd3, 0x84, 0xab,
    0xc8, 0xc8, 0xf7, 0x54, 0x0, 0x0, 0x0, 0x0,
    0x0, 0x5f, 0xf4, 0x17, 0x0, 0x0, 0x0, 0xd8,
    0x54, 0x0, 0x0, 0x0, 0x0, 0x2f, 0xf2, 0x66,
    0x0, 0x0, 0x0, 0x0, 0xd8, 0x54, 0x0, 0x0,
    0x0, 0x4a, 0xf0, 0x91, 0x0, 0x3, 0xec, 0xec,
    0xec, 0xfc, 0x54, 0x0, 0x15, 0x8a, 0xfb, 0x7e,
    0x0, 0x0, 0x0, 0x28, 0x28, 0x28, 0xde, 0x54,
    0x51, 0xf6, 0xcf, 0x3a, 0x0, 0x0, 0x0, 0x0,
    0x0, 0x0, 0x0, 0xca, 0x4e, 0x6, 0x43, 0x19,
    0x3c, 0x3c, 0x3c, 0x3c, 0x3c, 0x3c, 0x3c, 0x3c,
    0x3c, 0x13, 0x0, 0x0, 0x56, 0xd4, 0xd4, 0xd4,
    0xd4, 0xd4, 0xd4, 0xd4, 0xd4, 0xf9, 0x54, 0x0,
    0x0, 0x0, 0x0, 0x0, 0x0, 0x0, 0x0, 0x0,
    0x0, 0x0, 0xd8, 0x54, 0x0, 0x0, 0x0, 0x0,
    0x0, 0x0, 0x0, 0x0, 0x0, 0x0, 0x0, 0xd8,
    0x54, 0x0, 0x0, 0x0, 0x0, 0x0, 0x0, 0x0,
    0x0, 0x0, 0x0, 0x0, 0xd8, 0x54, 0x0, 0x0,
    0x0, 0x0, 0x0, 0x0, 0x0, 0x0, 0x0, 0x0,
    0x0, 0xd8, 0x54, 0x0, 0x0, 0x0, 0x0, 0x0,
    0x0, 0x0, 0x0, 0x0, 0x0, 0x0, 0x87, 0x34,

    /* U+ACB0 "결" */
    0x0, 0x0, 0x0, 0x0, 0x0, 0x0, 0x0, 0x0,
    0x0, 0x0, 0x0, 0x97, 0x29, 0x0, 0xf0, 0xff,
    0xff, 0xff, 0xff, 0xff, 0xa4, 0x0, 0x0, 0x0,
    0xec, 0x40, 0x0, 0x7, 0x8, 0x8, 0x8, 0x8,
    0xc2, 0x6c, 0x38, 0x3c, 0x3c, 0xf0, 0x40, 0x0,
    0x0, 0x0, 0x0, 0x0, 0x2d, 0xf7, 0x18, 0xbb,
    0xc8, 0xc8, 0xfb, 0x40, 0x0, 0x0, 0x0, 0x0,
    0x5, 0xc6, 0x8c, 0x0, 0x0, 0x0, 0x0, 0xec,
    0x40, 0x0, 0x0, 0x0, 0x4, 0xa6, 0xce, 0x8,
    0x5, 0x20, 0x20, 0x20, 0xee, 0x40, 0x0, 0x0,
    0x1f, 0xbf, 0xd0, 0x15, 0x0, 0x27, 0xe4, 0xe4,
    0xe4, 0xfd, 0x40, 0x23, 0x8d, 0xf5, 0x9a, 0xa,
    0x0, 0x0, 0x0, 0x0, 0x0, 0x0, 0xec, 0x40,
    0x80, 0xae, 0x34, 0x0, 0x0, 0x0, 0x0, 0x0,
    0x0, 0x0, 0x0, 0x3b, 0x10, 0x0, 0x0, 0x0,
    0xe8, 0xff, 0xff, 0xff, 0xff, 0xff, 0xff, 0xff,
    0xff, 0x40, 0x0, 0x0, 0x0, 0x0, 0x0, 0x0,
    0x0, 0x0, 0x0, 0x0, 0x0, 0xec, 0x40, 0x0,
    0x0, 0x0, 0x3a, 0x40, 0x40, 0x40, 0x40, 0x40,
    0x40, 0x40, 0xf1, 0x40, 0x0, 0x0, 0x0, 0xe8,
    0xd0, 0xc0, 0xc0, 0xc0, 0xc0, 0xc0, 0xc0, 0xc0,
    0x30, 0x0, 0x0, 0x0, 0xe8, 0x40, 0x0, 0x0,
    0x0, 0x0, 0x0, 0x0, 0x0, 0x0, 0x0, 0x0,
    0x0, 0xe8, 0xff, 0xff, 0xff, 0xff, 0xff, 0xff,
    0xff, 0xff, 0xbc,

    /* U+ACBD "경" */
    0x0, 0x0, 0x0, 0x0, 0x0, 0x0, 0x0, 0x0,
    0x0, 0x0, 0x0, 0xac, 0x42, 0x0, 0xa4, 0xff,
    0xff, 0xff, 0xff, 0xff, 0xf4, 0x0, 0x0, 0x0,
    0xd8, 0x54, 0x0, 0x7, 0xc, 0xc, 0xc, 0xc,
    0x7d, 0xc7, 0x0, 0x0, 0x0, 0xd8, 0x54, 0x0,
    0x0, 0x0, 0x0, 0x0, 0x1, 0xd2, 0x73, 0xd5,
    0xf8, 0xf8, 0xfe, 0x54, 0x0, 0x0, 0x0, 0x0,
    0x0, 0x68, 0xe7, 0xc, 0x14, 0x18, 0x18, 0xdb,
    0x54, 0x0, 0x0, 0x0, 0x0, 0x45, 0xf5, 0x44,
    0x0, 0x0, 0x0, 0x0, 0xd8, 0x54, 0x0, 0x0,
    0x1, 0x74, 0xf7, 0x5a, 0x0, 0x3, 0xf4, 0xf4,
    0xf4, 0xfe, 0x54, 0x0, 0x44, 0xbd, 0xe8, 0x42,
    0x0, 0x0, 0x0, 0x1c, 0x1c, 0x1c, 0xdc, 0x54,
    0x53, 0xf6, 0x92, 0x11, 0x0, 0x0, 0x0, 0x0,
    0x0, 0x0, 0x0, 0xd8, 0x54, 0x0, 0xd, 0x0,
    0x0, 0x49, 0xa0, 0xcb, 0xd8, 0xcf, 0xab, 0x5f,
    0xe, 0x3, 0x0, 0x0, 0x0, 0x94, 0xec, 0x7c,
    0x3d, 0x2a, 0x39, 0x6b, 0xda, 0xc2, 0x7, 0x0,
    0x0, 0x23, 0xff, 0x34, 0x0, 0x0, 0x0, 0x0,
    0x0, 0x10, 0xf1, 0x59, 0x0, 0x0, 0x29, 0xff,
    0x25, 0x0, 0x0, 0x0, 0x0, 0x0, 0x6, 0xec,
    0x60, 0x0, 0x0, 0x0, 0xaf, 0xd9, 0x56, 0x18,
    0x5, 0x14, 0x45, 0xc0, 0xd7, 0xd, 0x0, 0x0,
    0x0, 0x4, 0x6a, 0xc3, 0xef, 0xfd, 0xf4, 0xcf,
    0x81, 0xf, 0x0,

    /* U+ACC4 "계" */
    0x0, 0x0, 0x0, 0x0, 0x0, 0x0, 0x0, 0x0,
    0x0, 0x0, 0x0, 0x39, 0xd2, 0x0, 0x0, 0x0,
    0x0, 0x0, 0x0, 0x0, 0x0, 0x10, 0xff, 0x18,
    0x40, 0xec, 0x0, 0xe8, 0xff, 0xff, 0xff, 0xff,
    0xc0, 0x0, 0x10, 0xff, 0x18, 0x40, 0xec, 0x0,
    0x7, 0x8, 0x8, 0x8, 0x85, 0xa4, 0x0, 0x10,
    0xff, 0x18, 0x40, 0xec, 0x0, 0x0, 0x0, 0x0,
    0x0, 0xb0, 0xe2, 0xc0, 0xc4, 0xff, 0x18, 0x40,
    0xec, 0x0, 0x0, 0x0, 0x0, 0xb, 0xf2, 0x5a,
    0x44, 0x4f, 0xff, 0x18, 0x40, 0xec, 0x0, 0x0,
    0x0, 0x0, 0x6e, 0xc3, 0x0, 0x0, 0x10, 0xff,
    0x18, 0x40, 0xec, 0x0, 0x0, 0x0, 0x13, 0xec,
    0x49, 0x0, 0x0, 0x10, 0xff, 0x18, 0x40, 0xec,
    0x0, 0x0, 0x1, 0xb4, 0xa8, 0x19, 0xa0, 0xa0,
    0xa6, 0xff, 0x18, 0x40, 0xec, 0x0, 0x1, 0x95,
    0xd1, 0xf, 0x10, 0x68, 0x68, 0x71, 0xff, 0x18,
    0x40, 0xec, 0x13, 0xad, 0xd5, 0x18, 0x0, 0x0,
    0x0, 0x0, 0x10, 0xff, 0x18, 0x40, 0xec, 0x63,
    0xa9, 0xc, 0x0, 0x0, 0x0, 0x0, 0x0, 0x10,
    0xff, 0x18, 0x40, 0xec, 0x0, 0x0, 0x0, 0x0,
    0x0, 0x0, 0x0, 0x0, 0x10, 0xff, 0x18, 0x40,
    0xec, 0x0, 0x0, 0x0, 0x0, 0x0, 0x0, 0x0,
    0x0, 0x10, 0xff, 0x18, 0x40, 0xec, 0x0, 0x0,
    0x0, 0x0, 0x0, 0x0, 0x0, 0x0, 0x10, 0xff,
    0x18, 0x40, 0xec, 0x0, 0x0, 0x0, 0x0, 0x0,
    0x0, 0x0, 0x0, 0x0, 0x0, 0x0, 0xc, 0x2c,

    /* U+ACE0 "고" */
    0x0, 0x0, 0xf4, 0xff, 0xff, 0xff, 0xff, 0xff,
    0xff, 0xff, 0xff, 0xb8, 0x0, 0x0, 0x0, 0x0,
    0xf, 0x10, 0x10, 0x10, 0x10, 0x10, 0x10, 0x10,
    0x7c, 0xb8, 0x0, 0x0, 0x0, 0x0, 0x0, 0x0,
    0x0, 0x0, 0x0, 0x0, 0x0, 0x0, 0x74, 0xb8,
    0x0, 0x0, 0x0, 0x0, 0x0, 0x0, 0x0, 0x0,
    0x0, 0x0, 0x0, 0x0, 0x75, 0xb6, 0x0, 0x0,
    0x0, 0x0, 0x0, 0x0, 0x0, 0x3, 0x5, 0x0,
    0x0, 0x0, 0x7d, 0xae, 0x0, 0x0, 0x0, 0x0,
    0x0, 0x0, 0x0, 0x6c, 0xbc, 0x0, 0x0, 0x0,
    0x85, 0xa5, 0x0, 0x0, 0x0, 0x0, 0x0, 0x0,
    0x0, 0x6c, 0xbc, 0x0, 0x0, 0x0, 0x99, 0x92,
    0x0, 0x0, 0x0, 0x0, 0x0, 0x0, 0x0, 0x6c,
    0xbc, 0x0, 0x0, 0x0, 0xad, 0x79, 0x0, 0x0,
    0x0, 0x0, 0x0, 0x0, 0x0, 0x6c, 0xbc, 0x0,
    0x0, 0x0, 0x1, 0x6, 0x0, 0x0, 0x1f, 0x20,
    0x20, 0x20, 0x20, 0x7e, 0xc4, 0x20, 0x20, 0x20,
    0x20, 0x20, 0x20, 0x20, 0xec, 0xf0, 0xf0, 0xf0,
    0xf0, 0xf0, 0xf0, 0xf0, 0xf0, 0xf0, 0xf0, 0xf0,
    0xf0, 0xf0,

    /* U+ACF5 "공" */
    0x0, 0x0, 0x90, 0xff, 0xff, 0xff, 0xff, 0xff,
    0xff, 0xff, 0xff, 0xf2, 0x0, 0x0, 0x0, 0x0,
    0x6, 0xc, 0xc, 0xc, 0xc, 0xc, 0xc, 0xc,
    0x43, 0xef, 0x0, 0x0, 0x0, 0x0, 0x0, 0x0,
    0x0, 0x1, 0x1c, 0x2, 0x0, 0x0, 0x3f, 0xe9,
    0x0, 0x0, 0x0, 0x0, 0x0, 0x0, 0x0, 0xc,
    0xff, 0x18, 0x0, 0x0, 0x48, 0xde, 0x0, 0x0,
    0x0, 0x0, 0x0, 0x0, 0x0, 0xc, 0xff, 0x18,
    0x0, 0x0, 0x42, 0xa7, 0x0, 0x0, 0xf, 0x10,
    0x10, 0x10, 0x10, 0x1b, 0xff, 0x26, 0x10, 0x10,
    0x10, 0x10, 0x10, 0x10, 0xf8, 0xfc, 0xfc, 0xfc,
    0xfc, 0xfc, 0xfc, 0xfc, 0xfc, 0xfc, 0xfc, 0xfc,
    0xfc, 0xfc, 0x0, 0x0, 0x0, 0x0, 0x0, 0x0,
    0x0, 0x0, 0x0, 0x0, 0x0, 0x0, 0x0, 0x0,
    0x0, 0x0, 0x0, 0x21, 0x86, 0xbc, 0xd2, 0xd1,
    0xb9, 0x80, 0x1b, 0x0, 0x0, 0x0, 0x0, 0x0,
    0x48, 0xf5, 0x9f, 0x4b, 0x2e, 0x30, 0x4e, 0xa7,
    0xf2, 0x3c, 0x0, 0x0, 0x0, 0x0, 0xd1, 0x8a,
    0x0, 0x0, 0x0, 0x0, 0x0, 0x0, 0x97, 0xc0,
    0x0, 0x0, 0x0, 0x0, 0xda, 0x76, 0x0, 0x0,
    0x0, 0x0, 0x0, 0x0, 0x83, 0xca, 0x0, 0x0,
    0x0, 0x0, 0x65, 0xf5, 0x73, 0x21, 0x6, 0x7,
    0x24, 0x7b, 0xf7, 0x55, 0x0, 0x0, 0x0, 0x0,
    0x0, 0x44, 0xb0, 0xe5, 0xfa, 0xfa, 0xe2, 0xaa,
    0x3a, 0x0, 0x0, 0x0,

    /* U+ACFC "과" */
    0x0, 0x0, 0x0, 0x0, 0x0, 0x0, 0x0, 0x0,
    0x0, 0x0, 0x0, 0x3c, 0xce, 0x0, 0x0, 0x0,
    0x0, 0x0, 0x0, 0x0, 0x0, 0x0, 0x0, 0x0,
    0x0, 0x0, 0x0, 0x44, 0xe8, 0x0, 0x0, 0x0,
    0x0, 0x38, 0xff, 0xff, 0xff, 0xff, 0xff, 0xff,
    0xff, 0x5a, 0x0, 0x44, 0xe8, 0x0, 0x0, 0x0,
    0x0, 0x2, 0xc, 0xc, 0xc, 0xc, 0xc, 0xc,
    0xd3, 0x58, 0x0, 0x44, 0xe8, 0x0, 0x0, 0x0,
    0x0, 0x0, 0x0, 0x0, 0x0, 0x0, 0x0, 0x0,
    0xd6, 0x53, 0x0, 0x44, 0xe8, 0x0, 0x0, 0x0,
    0x0, 0x0, 0x0, 0x0, 0x0, 0x0, 0x0, 0x0,
    0xde, 0x4c, 0x0, 0x44, 0xe8, 0x0, 0x0, 0x0,
    0x0, 0x0, 0x0, 0x0, 0x65, 0x27, 0x0, 0x0,
    0xe7, 0x43, 0x0, 0x44, 0xf2, 0x74, 0x74, 0x2b,
    0x0, 0x0, 0x0, 0x0, 0xd8, 0x54, 0x0, 0x0,
    0xf2, 0x37, 0x0, 0x44, 0xf7, 0x98, 0x98, 0x39,
    0x0, 0x0, 0x0, 0x0, 0xd8, 0x54, 0x0, 0x1,
    0xfd, 0x27, 0x0, 0x44, 0xec, 0x0, 0x0, 0x0,
    0x0, 0x0, 0x0, 0x0, 0xd8, 0x54, 0x0, 0x8,
    0xb6, 0x11, 0x0, 0x44, 0xec, 0x0, 0x0, 0x0,
    0x0, 0x0, 0x0, 0x0, 0xd8, 0x54, 0x0, 0x0,
    0x0, 0x0, 0x0, 0x44, 0xec, 0x0, 0x0, 0x0,
    0x39, 0x61, 0x63, 0x65, 0xe8, 0x9e, 0x74, 0x7c,
    0x83, 0x8b, 0x57, 0x44, 0xec, 0x0, 0x0, 0x0,
    0x51, 0x93, 0x92, 0x90, 0x8c, 0x88, 0x81, 0x7a,
    0x72, 0x67, 0x3b, 0x44, 0xec, 0x0, 0x0, 0x0,
    0x0, 0x0, 0x0, 0x0, 0x0, 0x0, 0x0, 0x0,
    0x0, 0x0, 0x0, 0x44, 0xec, 0x0, 0x0, 0x0,
    0x0, 0x0, 0x0, 0x0, 0x0, 0x0, 0x0, 0x0,
    0x0, 0x0, 0x0, 0x44, 0xec, 0x0, 0x0, 0x0,
    0x0, 0x0, 0x0, 0x0, 0x0, 0x0, 0x0, 0x0,
    0x0, 0x0, 0x0, 0xc, 0x2c, 0x0, 0x0, 0x0,

    /* U+AD04 "괄" */
    0x0, 0x0, 0x0, 0x0, 0x0, 0x0, 0x0, 0x0,
    0x0, 0x0, 0x0, 0x97, 0x1f, 0x0, 0x0, 0x0,
    0x7c, 0xff, 0xff, 0xff, 0xff, 0xff, 0xff, 0xe3,
    0x0, 0x0, 0xf8, 0x34, 0x0, 0x0, 0x0, 0x5,
    0xc, 0xc, 0xc, 0xc, 0xc, 0x4c, 0xdc, 0x0,
    0x0, 0xf8, 0x34, 0x0, 0x0, 0x0, 0x0, 0x0,
    0x0, 0x0, 0x0, 0x0, 0x4f, 0xd1, 0x0, 0x0,
    0xf8, 0x34, 0x0, 0x0, 0x0, 0x0, 0x0, 0x25,
    0xdc, 0x0, 0x0, 0x63, 0xbb, 0x0, 0x0, 0xf8,
    0xe6, 0xe0, 0x65, 0x0, 0x0, 0x0, 0x2c, 0xff,
    0x0, 0x0, 0x25, 0x3f, 0x0, 0x0, 0xf8, 0x57,
    0x2c, 0x13, 0x7, 0x9, 0xc, 0x3a, 0xff, 0x1b,
    0x21, 0x27, 0x32, 0x26, 0x0, 0xf8, 0x34, 0x0,
    0x0, 0xcd, 0xfc, 0xf9, 0xf5, 0xf2, 0xec, 0xe2,
    0xd7, 0xcd, 0x84, 0x0, 0xf8, 0x34, 0x0, 0x0,
    0x0, 0x0, 0x0, 0x0, 0x0, 0x0, 0x0, 0x0,
    0x0, 0x0, 0x0, 0x55, 0x11, 0x0, 0x0, 0x0,
    0x0, 0x4d, 0xf8, 0xf8, 0xf8, 0xf8, 0xf8, 0xf8,
    0xf8, 0xf8, 0xf8, 0x32, 0x0, 0x0, 0x0, 0x0,
    0x5, 0x10, 0x10, 0x10, 0x10, 0x10, 0x10, 0x10,
    0x10, 0xf4, 0x34, 0x0, 0x0, 0x0, 0x0, 0x3d,
    0xc4, 0xc4, 0xc4, 0xc4, 0xc4, 0xc4, 0xc4, 0xc4,
    0xfd, 0x34, 0x0, 0x0, 0x0, 0x0, 0x50, 0xe4,
    0x3c, 0x3c, 0x3c, 0x3c, 0x3c, 0x3c, 0x3c, 0x3c,
    0xc, 0x0, 0x0, 0x0, 0x0, 0x50, 0xdd, 0x8,
    0x8, 0x8, 0x8, 0x8, 0x8, 0x8, 0x8, 0x4,
    0x0, 0x0, 0x0, 0x0, 0x50, 0xff, 0xff, 0xff,
    0xff, 0xff, 0xff, 0xff, 0xff, 0xff, 0x98, 0x0,
    0x0,

    /* U+AD50 "교" */
    0x0, 0x2c, 0xff, 0xff, 0xff, 0xff, 0xff, 0xff,
    0xff, 0xff, 0xff, 0xff, 0x0, 0x0, 0x0, 0x2,
    0x10, 0x10, 0x10, 0x10, 0x10, 0x10, 0x10, 0x10,
    0x40, 0xff, 0x0, 0x0, 0x0, 0x0, 0x0, 0x0,
    0x0, 0x0, 0x0, 0x0, 0x0, 0x0, 0x34, 0xff,
    0x0, 0x0, 0x0, 0x0, 0x0, 0x0, 0x0, 0x0,
    0x0, 0x0, 0x0, 0x0, 0x35, 0xfd, 0x0, 0x0,
    0x0, 0x0, 0x0, 0x15, 0x2b, 0x0, 0x0, 0x1e,
    0x22, 0x0, 0x3c, 0xf5, 0x0, 0x0, 0x0, 0x0,
    0x0, 0x60, 0xc8, 0x0, 0x0, 0x8c, 0x9c, 0x0,
    0x42, 0xeb, 0x0, 0x0, 0x0, 0x0, 0x0, 0x60,
    0xc8, 0x0, 0x0, 0x8c, 0x9c, 0x0, 0x52, 0xd8,
    0x0, 0x0, 0x0, 0x0, 0x0, 0x60, 0xc8, 0x0,
    0x0, 0x8c, 0x9c, 0x0, 0x5c, 0xbf, 0x0, 0x0,
    0x0, 0x0, 0x0, 0x60, 0xc8, 0x0, 0x0, 0x8c,
    0x9c, 0x0, 0x0, 0x1, 0x0, 0x0, 0x1b, 0x1c,
    0x1c, 0x71, 0xce, 0x1c, 0x1c, 0x98, 0xa6, 0x1c,
    0x1c, 0x1c, 0x1c, 0x1c, 0xf0, 0xf4, 0xf4, 0xf4,
    0xf4, 0xf4, 0xf4, 0xf4, 0xf4, 0xf4, 0xf4, 0xf4,
    0xf4, 0xf4,

    /* U+AD6C "구" */
    0x0, 0x0, 0xb8, 0xff, 0xff, 0xff, 0xff, 0xff,
    0xff, 0xff, 0xff, 0xd2, 0x0, 0x0, 0x0, 0x0,
    0x8, 0xc, 0xc, 0xc, 0xc, 0xc, 0xc, 0xc,
    0x5d, 0xd0, 0x0, 0x0, 0x0, 0x0, 0x0, 0x0,
    0x0, 0x0, 0x0, 0x0, 0x0, 0x0, 0x57, 0xcb,
    0x0, 0x0, 0x0, 0x0, 0x0, 0x0, 0x0, 0x0,
    0x0, 0x0, 0x0, 0x0, 0x5c, 0xc4, 0x0, 0x0,
    0x0, 0x0, 0x0, 0x0, 0x0, 0x0, 0x0, 0x0,
    0x0, 0x0, 0x65, 0xb8, 0x0, 0x0, 0x0, 0x0,
    0x0, 0x0, 0x0, 0x0, 0x0, 0x0, 0x0, 0x0,
    0x73, 0xa7, 0x0, 0x0, 0xd4, 0xd8, 0xd8, 0xd8,
    0xd8, 0xd8, 0xd8, 0xd8, 0xd8, 0xd8, 0xeb, 0xf0,
    0xd8, 0xd8, 0x33, 0x34, 0x34, 0x34, 0x34, 0x34,
    0xc6, 0x90, 0x34, 0x34, 0x34, 0x34, 0x34, 0x34,
    0x0, 0x0, 0x0, 0x0, 0x0, 0x0, 0xb8, 0x74,
    0x0, 0x0, 0x0, 0x0, 0x0, 0x0, 0x0, 0x0,
    0x0, 0x0, 0x0, 0x0, 0xb8, 0x74, 0x0, 0x0,
    0x0, 0x0, 0x0, 0x0, 0x0, 0x0, 0x0, 0x0,
    0x0, 0x0, 0xb8, 0x74, 0x0, 0x0, 0x0, 0x0,
    0x0, 0x0, 0x0, 0x0, 0x0, 0x0, 0x0, 0x0,
    0xb8, 0x74, 0x0, 0x0, 0x0, 0x0, 0x0, 0x0,
    0x0, 0x0, 0x0, 0x0, 0x0, 0x0, 0xb8, 0x74,
    0x0, 0x0, 0x0, 0x0, 0x0, 0x0, 0x0, 0x0,
    0x0, 0x0, 0x0, 0x0, 0xb8, 0x74, 0x0, 0x0,
    0x0, 0x0, 0x0, 0x0, 0x0, 0x0, 0x0, 0x0,
    0x0, 0x0, 0x22, 0x15, 0x0, 0x0, 0x0, 0x0,
    0x0, 0x0,

    /* U+AD8C "권" */
    0x0, 0x0, 0x0, 0x0, 0x0, 0x0, 0x0, 0x0,
    0x0, 0x0, 0x0, 0x35, 0x96, 0x0, 0x0, 0x34,
    0xff, 0xff, 0xff, 0xff, 0xff, 0xff, 0xee, 0x0,
    0x0, 0x50, 0xe0, 0x0, 0x0, 0x2, 0xc, 0xc,
    0xc, 0xc, 0xc, 0x46, 0xed, 0x0, 0x0, 0x50,
    0xe0, 0x0, 0x0, 0x0, 0x0, 0x0, 0x0, 0x0,
    0x0, 0x40, 0xea, 0x0, 0x0, 0x50, 0xe0, 0x0,
    0x0, 0x0, 0x0, 0x0, 0x0, 0x0, 0x0, 0x44,
    0xe5, 0x0, 0x0, 0x50, 0xe0, 0x0, 0x0, 0x0,
    0x0, 0x0, 0x0, 0x0, 0x0, 0x4e, 0xdd, 0x0,
    0x0, 0x50, 0xe0, 0x0, 0x6e, 0xc9, 0xcb, 0xcd,
    0xd0, 0xd6, 0xdc, 0xeb, 0xfd, 0xf7, 0x47, 0x50,
    0xe0, 0x0, 0x28, 0x56, 0x50, 0x49, 0x4c, 0xff,
    0x40, 0x23, 0x19, 0xd, 0x0, 0x50, 0xe0, 0x0,
    0x0, 0x0, 0x0, 0x0, 0x10, 0xff, 0x18, 0x0,
    0x3c, 0x68, 0x68, 0x97, 0xe0, 0x0, 0x0, 0x0,
    0x0, 0x0, 0x10, 0xff, 0x18, 0x0, 0x5a, 0x9c,
    0x9c, 0xbb, 0xe0, 0x0, 0x0, 0x0, 0x22, 0x7d,
    0x10, 0xff, 0x18, 0x0, 0x0, 0x0, 0x0, 0x50,
    0xe0, 0x0, 0x0, 0x0, 0x40, 0xec, 0x4, 0x44,
    0x6, 0x0, 0x0, 0x0, 0x0, 0x50, 0xe0, 0x0,
    0x0, 0x0, 0x40, 0xec, 0x0, 0x0, 0x0, 0x0,
    0x0, 0x0, 0x0, 0x3, 0xa, 0x0, 0x0, 0x0,
    0x40, 0xec, 0xc, 0xc, 0xc, 0xc, 0xc, 0xc,
    0xc, 0xc, 0xc, 0x0, 0x0, 0x0, 0x40, 0xff,
    0xff, 0xff, 0xff, 0xff, 0xff, 0xff, 0xff, 0xff,
    0xff, 0x4,

    /* U+ADE0 "균" */
    0x0, 0x0, 0xa4, 0xff, 0xff, 0xff, 0xff, 0xff,
    0xff, 0xff, 0xff, 0xba, 0x0, 0x0, 0x0, 0x0,
    0x7, 0xc, 0xc, 0xc, 0xc, 0xc, 0xc, 0xc,
    0x77, 0xb9, 0x0, 0x0, 0x0, 0x0, 0x0, 0x0,
    0x0, 0x0, 0x0, 0x0, 0x0, 0x0, 0x72, 0xb6,
    0x0, 0x0, 0x0, 0x0, 0x0, 0x0, 0x0, 0x0,
    0x0, 0x0, 0x0, 0x0, 0x76, 0xb1, 0x0, 0x0,
    0x0, 0x0, 0x0, 0x0, 0x0, 0x0, 0x0, 0x0,
    0x0, 0x0, 0x7c, 0xa8, 0x0, 0x0, 0x17, 0x18,
    0x18, 0x18, 0x18, 0x18, 0x18, 0x18, 0x18, 0x18,
    0x93, 0xa4, 0x18, 0x18, 0xf0, 0xf4, 0xf4, 0xf4,
    0xf5, 0xff, 0xf4, 0xf4, 0xf6, 0xff, 0xf4, 0xf4,
    0xf4, 0xf4, 0x0, 0x0, 0x0, 0x0, 0x20, 0xff,
    0x4, 0x0, 0x3c, 0xec, 0x0, 0x0, 0x0, 0x0,
    0x0, 0x0, 0x0, 0x0, 0x20, 0xff, 0x4, 0x0,
    0x3c, 0xec, 0x0, 0x0, 0x0, 0x0, 0x0, 0x0,
    0x97, 0x5e, 0x20, 0xff, 0x4, 0x0, 0x3c, 0xec,
    0x0, 0x0, 0x0, 0x0, 0x0, 0x0, 0xb4, 0x70,
    0x20, 0xff, 0x4, 0x0, 0x3c, 0xec, 0x0, 0x0,
    0x0, 0x0, 0x0, 0x0, 0xb4, 0x70, 0x4, 0x20,
    0x0, 0x0, 0x7, 0x1d, 0x0, 0x0, 0x0, 0x0,
    0x0, 0x0, 0xb4, 0x76, 0xc, 0xc, 0xc, 0xc,
    0xc, 0xc, 0xc, 0xc, 0x0, 0x0, 0x0, 0x0,
    0xb4, 0xff, 0xff, 0xff, 0xff, 0xff, 0xff, 0xff,
    0xff, 0xff, 0x8, 0x0,

    /* U+ADF8 "그" */
    0x0, 0x0, 0xdc, 0xff, 0xff, 0xff, 0xff, 0xff,
    0xff, 0xff, 0xff, 0x98, 0x0, 0x0, 0x0, 0x0,
    0xa, 0xc, 0xc, 0xc, 0xc, 0xc, 0xc, 0xc,
    0x99, 0x98, 0x0, 0x0, 0x0, 0x0, 0x0, 0x0,
    0x0, 0x0, 0x0, 0x0, 0x0, 0x0, 0x94, 0x98,
    0x0, 0x0, 0x0, 0x0, 0x0, 0x0, 0x0, 0x0,
    0x0, 0x0, 0x0, 0x0, 0x94, 0x97, 0x0, 0x0,
    0x0, 0x0, 0x0, 0x0, 0x0, 0x0, 0x0, 0x0,
    0x0, 0x0, 0x95, 0x92, 0x0, 0x0, 0x0, 0x0,
    0x0, 0x0, 0x0, 0x0, 0x0, 0x0, 0x0, 0x0,
    0x9d, 0x89, 0x0, 0x0, 0x0, 0x0, 0x0, 0x0,
    0x0, 0x0, 0x0, 0x0, 0x0, 0x0, 0xa6, 0x7d,
    0x0, 0x0, 0x0, 0x0, 0x0, 0x0, 0x0, 0x0,
    0x0, 0x0, 0x0, 0x0, 0xba, 0x66, 0x0, 0x0,
    0x0, 0x0, 0x0, 0x0, 0x0, 0x0, 0x0, 0x0,
    0x0, 0x0, 0xd5, 0x4f, 0x0, 0x0, 0xcc, 0xd0,
    0xd0, 0xd0, 0xd0, 0xd0, 0xd0, 0xd0, 0xd0, 0xd0,
    0xfb, 0xdc, 0xd0, 0xd0, 0x37, 0x38, 0x38, 0x38,
    0x38, 0x38, 0x38, 0x38, 0x38, 0x38, 0x38, 0x38,
    0x38, 0x38,

    /* U+ADFC "근" */
    0x0, 0x0, 0xa4, 0xff, 0xff, 0xff, 0xff, 0xff,
    0xff, 0xff, 0xff, 0xc2, 0x0, 0x0, 0x0, 0x0,
    0x7, 0xc, 0xc, 0xc, 0xc, 0xc, 0xc, 0xc,
    0x70, 0xc1, 0x0, 0x0, 0x0, 0x0, 0x0, 0x0,
    0x0, 0x0, 0x0, 0x0, 0x0, 0x0, 0x6b, 0xbd,
    0x0, 0x0, 0x0, 0x0, 0x0, 0x0, 0x0, 0x0,
    0x0, 0x0, 0x0, 0x0, 0x70, 0xb7, 0x0, 0x0,
    0x0, 0x0, 0x0, 0x0, 0x0, 0x0, 0x0, 0x0,
    0x0, 0x0, 0x7b, 0xad, 0x0, 0x0, 0x0, 0x0,
    0x0, 0x0, 0x0, 0x0, 0x0, 0x0, 0x0, 0x0,
    0x8a, 0x9d, 0x0, 0x0, 0xf0, 0xf4, 0xf4, 0xf4,
    0xf4, 0xf4, 0xf4, 0xf4, 0xf4, 0xf4, 0xfa, 0xfa,
    0xf4, 0xf4, 0x17, 0x18, 0x18, 0x18, 0x18, 0x18,
    0x18, 0x18, 0x18, 0x18, 0x18, 0x18, 0x18, 0x18,
    0x0, 0x0, 0x8, 0xa, 0x0, 0x0, 0x0, 0x0,
    0x0, 0x0, 0x0, 0x0, 0x0, 0x0, 0x0, 0x0,
    0x88, 0xa4, 0x0, 0x0, 0x0, 0x0, 0x0, 0x0,
    0x0, 0x0, 0x0, 0x0, 0x0, 0x0, 0x88, 0xa4,
    0x0, 0x0, 0x0, 0x0, 0x0, 0x0, 0x0, 0x0,
    0x0, 0x0, 0x0, 0x0, 0x88, 0xa4, 0x0, 0x0,
    0x0, 0x0, 0x0, 0x0, 0x0, 0x0, 0x0, 0x0,
    0x0, 0x0, 0x88, 0xa9, 0x10, 0x10, 0x10, 0x10,
    0x10, 0x10, 0x10, 0xf, 0x0, 0x0, 0x0, 0x0,
    0x88, 0xff, 0xff, 0xff, 0xff, 0xff, 0xff, 0xff,
    0xff, 0xf8, 0x0, 0x0,

    /* U+AE00 "글" */
    0x0, 0x0, 0xa4, 0xff, 0xff, 0xff, 0xff, 0xff,
    0xff, 0xff, 0xff, 0xc2, 0x0, 0x0, 0x0, 0x0,
    0x7, 0xc, 0xc, 0xc, 0xc, 0xc, 0xc, 0xc,
    0x70, 0xc1, 0x0, 0x0, 0x0, 0x0, 0x0, 0x0,
    0x0, 0x0, 0x0, 0x0, 0x0, 0x0, 0x6a, 0xbd,
    0x0, 0x0, 0x0, 0x0, 0x0, 0x0, 0x0, 0x0,
    0x0, 0x0, 0x0, 0x0, 0x6e, 0xb6, 0x0, 0x0,
    0x13, 0x14, 0x14, 0x14, 0x14, 0x14, 0x14, 0x14,
    0x14, 0x14, 0x82, 0xb2, 0x14, 0x14, 0xf0, 0xf4,
    0xf4, 0xf4, 0xf4, 0xf4, 0xf4, 0xf4, 0xf4, 0xf4,
    0xf4, 0xf4, 0xf4, 0xf4, 0x0, 0x0, 0x0, 0x0,
    0x0, 0x0, 0x0, 0x0, 0x0, 0x0, 0x0, 0x0,
    0x0, 0x0, 0x0, 0x0, 0x1c, 0x30, 0x30, 0x30,
    0x30, 0x30, 0x30, 0x30, 0x30, 0x21, 0x0, 0x0,
    0x0, 0x0, 0x80, 0xd8, 0xd8, 0xd8, 0xd8, 0xd8,
    0xd8, 0xd8, 0xea, 0xb0, 0x0, 0x0, 0x0, 0x0,
    0x0, 0x0, 0x0, 0x0, 0x0, 0x0, 0x0, 0x0,
    0x78, 0xb0, 0x0, 0x0, 0x0, 0x0, 0x92, 0xf6,
    0xf5, 0xf4, 0xf3, 0xf2, 0xf1, 0xf0, 0xf7, 0xb0,
    0x0, 0x0, 0x0, 0x0, 0x98, 0x95, 0xc, 0xc,
    0xc, 0xc, 0xc, 0xc, 0xc, 0x8, 0x0, 0x0,
    0x0, 0x0, 0x98, 0x93, 0x8, 0x8, 0x8, 0x8,
    0x8, 0x8, 0x8, 0x8, 0x0, 0x0, 0x0, 0x0,
    0x98, 0xff, 0xff, 0xff, 0xff, 0xff, 0xff, 0xff,
    0xff, 0xff, 0x18, 0x0,

    /* U+AE30 "기" */
    0x0, 0x0, 0x0, 0x0, 0x0, 0x0, 0x0, 0x0,
    0x0, 0x0, 0x0, 0xd2, 0x35, 0x0, 0x0, 0x0,
    0x0, 0x0, 0x0, 0x0, 0x0, 0x0, 0x0, 0x0,
    0xec, 0x3c, 0x0, 0xec, 0xff, 0xff, 0xff, 0xff,
    0xff, 0xff, 0x18, 0x0, 0x0, 0xec, 0x3c, 0x0,
    0xb, 0xc, 0xc, 0xc, 0xc, 0x3e, 0xf8, 0x3,
    0x0, 0x0, 0xec, 0x3c, 0x0, 0x0, 0x0, 0x0,
    0x0, 0x0, 0x6f, 0xc3, 0x0, 0x0, 0x0, 0xec,
    0x3c, 0x0, 0x0, 0x0, 0x0, 0x0, 0x0, 0xcb,
    0x6b, 0x0, 0x0, 0x0, 0xec, 0x3c, 0x0, 0x0,
    0x0, 0x0, 0x0, 0x50, 0xe8, 0xd, 0x0, 0x0,
    0x0, 0xec, 0x3c, 0x0, 0x0, 0x0, 0x0, 0x1a,
    0xe8, 0x59, 0x0, 0x0, 0x0, 0x0, 0xec, 0x3c,
    0x0, 0x0, 0x0, 0x16, 0xd4, 0x93, 0x0, 0x0,
    0x0, 0x0, 0x0, 0xec, 0x3c, 0x0, 0x0, 0x35,
    0xe0, 0x9a, 0x2, 0x0, 0x0, 0x0, 0x0, 0x0,
    0xec, 0x3c, 0x1e, 0x99, 0xf6, 0x6d, 0x0, 0x0,
    0x0, 0x0, 0x0, 0x0, 0x0, 0xec, 0x3c, 0x18,
    0x9f, 0x26, 0x0, 0x0, 0x0, 0x0, 0x0, 0x0,
    0x0, 0x0, 0xec, 0x3c, 0x0, 0x0, 0x0, 0x0,
    0x0, 0x0, 0x0, 0x0, 0x0, 0x0, 0x0, 0xec,
    0x3c, 0x0, 0x0, 0x0, 0x0, 0x0, 0x0, 0x0,
    0x0, 0x0, 0x0, 0x0, 0xec, 0x3c, 0x0, 0x0,
    0x0, 0x0, 0x0, 0x0, 0x0, 0x0, 0x0, 0x0,
    0x0, 0xec, 0x3c, 0x0, 0x0, 0x0, 0x0, 0x0,
    0x0, 0x0, 0x0, 0x0, 0x0, 0x0, 0x2c, 0xb,

    /* U+AE4C "까" */
    0x0, 0x0, 0x0, 0x0, 0x0, 0x0, 0x0, 0x0,
    0x0, 0x0, 0x0, 0x35, 0xd2, 0x0, 0x0, 0x0,
    0x0, 0x0, 0x0, 0x0, 0x0, 0x0, 0x0, 0x0,
    0x0, 0x0, 0x0, 0x3c, 0xec, 0x0, 0x0, 0x0,
    0x0, 0x70, 0xff, 0xff, 0xff, 0x8d, 0xff, 0xff,
    0xff, 0x5e, 0x0, 0x3c, 0xec, 0x0, 0x0, 0x0,
    0x0, 0x5, 0xc, 0xc, 0xd3, 0x48, 0xc, 0xc,
    0xcf, 0x50, 0x0, 0x3c, 0xec, 0x0, 0x0, 0x0,
    0x0, 0x0, 0x0, 0x0, 0xec, 0x30, 0x0, 0x0,
    0xe0, 0x3e, 0x0, 0x3c, 0xec, 0x0, 0x0, 0x0,
    0x0, 0x0, 0x0, 0x1d, 0xf6, 0xa, 0x0, 0x0,
    0xf4, 0x28, 0x0, 0x3c, 0xec, 0x0, 0x0, 0x0,
    0x0, 0x0, 0x0, 0x73, 0xb7, 0x0, 0x0, 0x29,
    0xf0, 0x2, 0x0, 0x3c, 0xf3, 0x5c, 0x5c, 0x23,
    0x0, 0x0, 0x6, 0xda, 0x5b, 0x0, 0x0, 0x67,
    0xb7, 0x0, 0x0, 0x3c, 0xf8, 0xa0, 0xa0, 0x3e,
    0x0, 0x0, 0x79, 0xce, 0x1, 0x0, 0x0, 0xb5,
    0x6c, 0x0, 0x0, 0x3c, 0xec, 0x0, 0x0, 0x0,
    0x0, 0x4a, 0xf0, 0x35, 0x0, 0x0, 0x25, 0xef,
    0xd, 0x0, 0x0, 0x3c, 0xec, 0x0, 0x0, 0x0,
    0x2, 0xb2, 0x50, 0x0, 0x0, 0x0, 0xa0, 0x8a,
    0x0, 0x0, 0x0, 0x3c, 0xec, 0x0, 0x0, 0x0,
    0x0, 0x0, 0x0, 0x0, 0x0, 0x53, 0xdb, 0xb,
    0x0, 0x0, 0x0, 0x3c, 0xec, 0x0, 0x0, 0x0,
    0x0, 0x0, 0x0, 0x0, 0x0, 0x5d, 0x38, 0x0,
    0x0, 0x0, 0x0, 0x3c, 0xec, 0x0, 0x0, 0x0,
    0x0, 0x0, 0x0, 0x0, 0x0, 0x0, 0x0, 0x0,
    0x0, 0x0, 0x0, 0x3c, 0xec, 0x0, 0x0, 0x0,
    0x0, 0x0, 0x0, 0x0, 0x0, 0x0, 0x0, 0x0,
    0x0, 0x0, 0x0, 0x3c, 0xec, 0x0, 0x0, 0x0,
    0x0, 0x0, 0x0, 0x0, 0x0, 0x0, 0x0, 0x0,
    0x0, 0x0, 0x0, 0xb, 0x2c, 0x0, 0x0, 0x0,

    /* U+AEBC "꺼" */
    0x0, 0x0, 0x0, 0x0, 0x0, 0x0, 0x0, 0x0,
    0x0, 0x0, 0x0, 0x43, 0xc0, 0x0, 0x0, 0x0,
    0x0, 0x0, 0x0, 0x0, 0x0, 0x0, 0x0, 0x0,
    0x4c, 0xd8, 0xc, 0xff, 0xff, 0xff, 0xb9, 0x8c,
    0xff, 0xff, 0xfd, 0x0, 0x0, 0x4c, 0xd8, 0x0,
    0xc, 0xc, 0x76, 0xa5, 0x6, 0xc, 0x39, 0xf2,
    0x0, 0x0, 0x4c, 0xd8, 0x0, 0x0, 0x0, 0x8f,
    0x8d, 0x0, 0x0, 0x48, 0xdd, 0x0, 0x0, 0x4c,
    0xd8, 0x0, 0x0, 0x0, 0xc9, 0x52, 0x0, 0x0,
    0x66, 0xb7, 0x0, 0x0, 0x4c, 0xd8, 0x0, 0x0,
    0x26, 0xfc, 0x10, 0x0, 0x0, 0xa9, 0xeb, 0xc8,
    0xc8, 0xd8, 0xd8, 0x0, 0x0, 0x9a, 0xac, 0x0,
    0x0, 0x2, 0xed, 0x68, 0x38, 0x38, 0x73, 0xd8,
    0x0, 0x35, 0xf8, 0x2a, 0x0, 0x0, 0x4b, 0xea,
    0x4, 0x0, 0x0, 0x4c, 0xd8, 0x1a, 0xdd, 0x7b,
    0x0, 0x0, 0x0, 0xc2, 0x7e, 0x0, 0x0, 0x0,
    0x4c, 0xd8, 0xa2, 0xab, 0x1, 0x0, 0x0, 0x5e,
    0xe6, 0xf, 0x0, 0x0, 0x0, 0x4c, 0xd8, 0x2,
    0x5, 0x0, 0x0, 0x38, 0xf3, 0x4f, 0x0, 0x0,
    0x0, 0x0, 0x4c, 0xd8, 0x0, 0x0, 0x0, 0x0,
    0x11, 0x55, 0x0, 0x0, 0x0, 0x0, 0x0, 0x4c,
    0xd8, 0x0, 0x0, 0x0, 0x0, 0x0, 0x0, 0x0,
    0x0, 0x0, 0x0, 0x0, 0x4c, 0xd8, 0x0, 0x0,
    0x0, 0x0, 0x0, 0x0, 0x0, 0x0, 0x0, 0x0,
    0x0, 0x4c, 0xd8, 0x0, 0x0, 0x0, 0x0, 0x0,
    0x0, 0x0, 0x0, 0x0, 0x0, 0x0, 0xe, 0x28,

    /* U+B098 "나" */
    0x0, 0x0, 0x0, 0x0, 0x0, 0x0, 0x0, 0x0,
    0x0, 0x35, 0xd2, 0x0, 0x0, 0x0, 0x0, 0x0,
    0x0, 0x0, 0x0, 0x0, 0x0, 0x0, 0x0, 0x3c,
    0xec, 0x0, 0x0, 0x0, 0xec, 0x40, 0x0, 0x0,
    0x0, 0x0, 0x0, 0x0, 0x0, 0x3c, 0xec, 0x0,
    0x0, 0x0, 0xec, 0x40, 0x0, 0x0, 0x0, 0x0,
    0x0, 0x0, 0x0, 0x3c, 0xec, 0x0, 0x0, 0x0,
    0xec, 0x40, 0x0, 0x0, 0x0, 0x0, 0x0, 0x0,
    0x0, 0x3c, 0xec, 0x0, 0x0, 0x0, 0xec, 0x40,
    0x0, 0x0, 0x0, 0x0, 0x0, 0x0, 0x0, 0x3c,
    0xec, 0x0, 0x0, 0x0, 0xec, 0x40, 0x0, 0x0,
    0x0, 0x0, 0x0, 0x0, 0x0, 0x3c, 0xf2, 0x58,
    0x58, 0x2e, 0xec, 0x40, 0x0, 0x0, 0x0, 0x0,
    0x0, 0x0, 0x0, 0x3c, 0xf8, 0xa4, 0xa4, 0x57,
    0xec, 0x40, 0x0, 0x0, 0x0, 0x0, 0x0, 0x0,
    0x0, 0x3c, 0xec, 0x0, 0x0, 0x0, 0xec, 0x5d,
    0x25, 0x24, 0x24, 0x27, 0x31, 0x44, 0x1d, 0x3c,
    0xec, 0x0, 0x0, 0x0, 0xc7, 0xd8, 0xd7, 0xd6,
    0xd4, 0xd1, 0xc9, 0xb5, 0x40, 0x3c, 0xec, 0x0,
    0x0, 0x0, 0x0, 0x0, 0x0, 0x0, 0x0, 0x0,
    0x0, 0x0, 0x0, 0x3c, 0xec, 0x0, 0x0, 0x0,
    0x0, 0x0, 0x0, 0x0, 0x0, 0x0, 0x0, 0x0,
    0x0, 0x3c, 0xec, 0x0, 0x0, 0x0, 0x0, 0x0,
    0x0, 0x0, 0x0, 0x0, 0x0, 0x0, 0x0, 0x3c,
    0xec, 0x0, 0x0, 0x0, 0x0, 0x0, 0x0, 0x0,
    0x0, 0x0, 0x0, 0x0, 0x0, 0x3c, 0xec, 0x0,
    0x0, 0x0, 0x0, 0x0, 0x0, 0x0, 0x0, 0x0,
    0x0, 0x0, 0x0, 0xb, 0x2c, 0x0, 0x0, 0x0,

    /* U+B0A0 "날" */
    0x0, 0x0, 0x0, 0x0, 0x0, 0x0, 0x0, 0x0,
    0x0, 0x29, 0x8a, 0x0, 0x0, 0x0, 0xec, 0x3c,
    0x0, 0x0, 0x0, 0x0, 0x0, 0x0, 0x0, 0x44,
    0xe4, 0x0, 0x0, 0x0, 0xec, 0x3c, 0x0, 0x0,
    0x0, 0x0, 0x0, 0x0, 0x0, 0x44, 0xe4, 0x0,
    0x0, 0x0, 0xec, 0x3c, 0x0, 0x0, 0x0, 0x0,
    0x0, 0x0, 0x0, 0x44, 0xe9, 0x34, 0x34, 0x8,
    0xec, 0x3c, 0x0, 0x0, 0x0, 0x0, 0x0, 0x0,
    0x0, 0x44, 0xfc, 0xdc, 0xdc, 0x25, 0xec, 0x60,
    0x30, 0x32, 0x35, 0x3d, 0x49, 0x5b, 0x46, 0x44,
    0xe4, 0x0, 0x0, 0x0, 0xca, 0xdb, 0xd9, 0xd5,
    0xcf, 0xc7, 0xbb, 0xa7, 0x60, 0x44, 0xe4, 0x0,
    0x0, 0x0, 0x0, 0x0, 0x0, 0x0, 0x0, 0x0,
    0x0, 0x0, 0x0, 0x28, 0x87, 0x0, 0x0, 0x0,
    0x0, 0x57, 0xc0, 0xc0, 0xc0, 0xc0, 0xc0, 0xc0,
    0xc0, 0xc0, 0xab, 0x0, 0x0, 0x0, 0x0, 0x20,
    0x48, 0x48, 0x48, 0x48, 0x48, 0x48, 0x48, 0x76,
    0xe4, 0x0, 0x0, 0x0, 0x0, 0x0, 0x0, 0x0,
    0x0, 0x0, 0x0, 0x0, 0x0, 0x40, 0xe4, 0x0,
    0x0, 0x0, 0x0, 0x6e, 0xf4, 0xf4, 0xf4, 0xf4,
    0xf4, 0xf4, 0xf4, 0xf7, 0xe4, 0x0, 0x0, 0x0,
    0x0, 0x74, 0xc0, 0x10, 0x10, 0x10, 0x10, 0x10,
    0x10, 0x10, 0xe, 0x0, 0x0, 0x0, 0x0, 0x74,
    0xbf, 0xc, 0xc, 0xc, 0xc, 0xc, 0xc, 0xc,
    0xc, 0x2, 0x0, 0x0, 0x0, 0x74, 0xff, 0xff,
    0xff, 0xff, 0xff, 0xff, 0xff, 0xff, 0xff, 0x3c,
    0x0, 0x0,

    /* U+B0B4 "내" */
    0x0, 0x0, 0x0, 0x0, 0x0, 0x0, 0x0, 0x0,
    0x0, 0x0, 0x40, 0xcb, 0x0, 0x0, 0x0, 0x0,
    0x0, 0x0, 0x0, 0xe0, 0x4c, 0x0, 0x48, 0xe4,
    0xec, 0x3c, 0x0, 0x0, 0x0, 0x0, 0x0, 0xe0,
    0x4c, 0x0, 0x48, 0xe4, 0xec, 0x3c, 0x0, 0x0,
    0x0, 0x0, 0x0, 0xe0, 0x4c, 0x0, 0x48, 0xe4,
    0xec, 0x3c, 0x0, 0x0, 0x0, 0x0, 0x0, 0xe0,
    0x4c, 0x0, 0x48, 0xe4, 0xec, 0x3c, 0x0, 0x0,
    0x0, 0x0, 0x0, 0xe0, 0x4c, 0x0, 0x48, 0xe4,
    0xec, 0x3c, 0x0, 0x0, 0x0, 0x0, 0x0, 0xe0,
    0x4c, 0x0, 0x48, 0xe4, 0xec, 0x3c, 0x0, 0x0,
    0x0, 0x0, 0x0, 0xe0, 0xe3, 0xd8, 0xe3, 0xe4,
    0xec, 0x3c, 0x0, 0x0, 0x0, 0x0, 0x0, 0xe0,
    0x6a, 0x2c, 0x67, 0xe4, 0xec, 0x3c, 0x0, 0x0,
    0x0, 0x0, 0x0, 0xe0, 0x4c, 0x0, 0x48, 0xe4,
    0xec, 0xcf, 0xc2, 0xc8, 0xd3, 0xe5, 0x3b, 0xe0,
    0x4c, 0x0, 0x48, 0xe4, 0x3e, 0x42, 0x3e, 0x38,
    0x2e, 0x1c, 0x2, 0xe0, 0x4c, 0x0, 0x48, 0xe4,
    0x0, 0x0, 0x0, 0x0, 0x0, 0x0, 0x0, 0xe0,
    0x4c, 0x0, 0x48, 0xe4, 0x0, 0x0, 0x0, 0x0,
    0x0, 0x0, 0x0, 0xe0, 0x4c, 0x0, 0x48, 0xe4,
    0x0, 0x0, 0x0, 0x0, 0x0, 0x0, 0x0, 0xe0,
    0x4c, 0x0, 0x48, 0xe4, 0x0, 0x0, 0x0, 0x0,
    0x0, 0x0, 0x0, 0x0, 0x0, 0x0, 0xd, 0x2a,

    /* U+B108 "너" */
    0x0, 0x0, 0x0, 0x0, 0x0, 0x0, 0x0, 0x0,
    0x0, 0x0, 0xd5, 0x31, 0x0, 0x0, 0x0, 0x0,
    0x0, 0x0, 0x0, 0x0, 0x0, 0x0, 0xf0, 0x38,
    0xec, 0x3c, 0x0, 0x0, 0x0, 0x0, 0x0, 0x0,
    0x0, 0x0, 0xf0, 0x38, 0xec, 0x3c, 0x0, 0x0,
    0x0, 0x0, 0x0, 0x0, 0x0, 0x0, 0xf0, 0x38,
    0xec, 0x3c, 0x0, 0x0, 0x0, 0x0, 0x0, 0x0,
    0x0, 0x0, 0xf0, 0x38, 0xec, 0x3c, 0x0, 0x0,
    0x0, 0x66, 0x80, 0x80, 0x80, 0x80, 0xf8, 0x38,
    0xec, 0x3c, 0x0, 0x0, 0x0, 0x62, 0x7c, 0x7c,
    0x7c, 0x7c, 0xf7, 0x38, 0xec, 0x3c, 0x0, 0x0,
    0x0, 0x0, 0x0, 0x0, 0x0, 0x0, 0xf0, 0x38,
    0xec, 0x3c, 0x0, 0x0, 0x0, 0x0, 0x0, 0x0,
    0x0, 0x0, 0xf0, 0x38, 0xec, 0x3c, 0x0, 0x0,
    0x0, 0x0, 0x0, 0x9, 0xb, 0x0, 0xf0, 0x38,
    0xec, 0xe7, 0xe0, 0xe2, 0xe4, 0xeb, 0xf6, 0xf0,
    0x5c, 0x0, 0xf0, 0x38, 0x1d, 0x20, 0x1e, 0x1b,
    0x18, 0x12, 0x5, 0x0, 0x0, 0x0, 0xf0, 0x38,
    0x0, 0x0, 0x0, 0x0, 0x0, 0x0, 0x0, 0x0,
    0x0, 0x0, 0xf0, 0x38, 0x0, 0x0, 0x0, 0x0,
    0x0, 0x0, 0x0, 0x0, 0x0, 0x0, 0xf0, 0x38,
    0x0, 0x0, 0x0, 0x0, 0x0, 0x0, 0x0, 0x0,
    0x0, 0x0, 0xf0, 0x38, 0x0, 0x0, 0x0, 0x0,
    0x0, 0x0, 0x0, 0x0, 0x0, 0x0, 0x2d, 0xa,

    /* U+B124 "네" */
    0x0, 0x0, 0x0, 0x0, 0x0, 0x0, 0x0, 0x0,
    0x0, 0x0, 0x39, 0xd2, 0x0, 0x0, 0x0, 0x0,
    0x0, 0x0, 0x0, 0x3c, 0xec, 0x0, 0x40, 0xec,
    0xec, 0x3c, 0x0, 0x0, 0x0, 0x0, 0x0, 0x3c,
    0xec, 0x0, 0x40, 0xec, 0xec, 0x3c, 0x0, 0x0,
    0x0, 0x0, 0x0, 0x3c, 0xec, 0x0, 0x40, 0xec,
    0xec, 0x3c, 0x0, 0x0, 0x0, 0x0, 0x0, 0x3c,
    0xec, 0x0, 0x40, 0xec, 0xec, 0x3c, 0x0, 0x0,
    0x37, 0x4c, 0x4c, 0x76, 0xec, 0x0, 0x40, 0xec,
    0xec, 0x3c, 0x0, 0x0, 0x81, 0xb0, 0xb0, 0xc2,
    0xec, 0x0, 0x40, 0xec, 0xec, 0x3c, 0x0, 0x0,
    0x0, 0x0, 0x0, 0x3c, 0xec, 0x0, 0x40, 0xec,
    0xec, 0x3c, 0x0, 0x0, 0x0, 0x0, 0x0, 0x3c,
    0xec, 0x0, 0x40, 0xec, 0xec, 0x3c, 0x0, 0x0,
    0x0, 0x0, 0x0, 0x3c, 0xec, 0x0, 0x40, 0xec,
    0xec, 0xb9, 0xa5, 0xa8, 0xaf, 0xbd, 0x6c, 0x3c,
    0xec, 0x0, 0x40, 0xec, 0x54, 0x5a, 0x57, 0x51,
    0x47, 0x38, 0x14, 0x3c, 0xec, 0x0, 0x40, 0xec,
    0x0, 0x0, 0x0, 0x0, 0x0, 0x0, 0x0, 0x3c,
    0xec, 0x0, 0x40, 0xec, 0x0, 0x0, 0x0, 0x0,
    0x0, 0x0, 0x0, 0x3c, 0xec, 0x0, 0x40, 0xec,
    0x0, 0x0, 0x0, 0x0, 0x0, 0x0, 0x0, 0x3c,
    0xec, 0x0, 0x40, 0xec, 0x0, 0x0, 0x0, 0x0,
    0x0, 0x0, 0x0, 0x0, 0x0, 0x0, 0xc, 0x2c,

    /* U+B178 "노" */
    0x0, 0x0, 0xc8, 0x60, 0x0, 0x0, 0x0, 0x0,
    0x0, 0x0, 0x0, 0x0, 0x0, 0x0, 0x0, 0x0,
    0xc8, 0x60, 0x0, 0x0, 0x0, 0x0, 0x0, 0x0,
    0x0, 0x0, 0x0, 0x0, 0x0, 0x0, 0xc8, 0x60,
    0x0, 0x0, 0x0, 0x0, 0x0, 0x0, 0x0, 0x0,
    0x0, 0x0, 0x0, 0x0, 0xc8, 0x60, 0x0, 0x0,
    0x0, 0x0, 0x0, 0x0, 0x0, 0x0, 0x0, 0x0,
    0x0, 0x0, 0xc8, 0x6f, 0x18, 0x18, 0x18, 0x18,
    0x18, 0x18, 0x18, 0x18, 0x2, 0x0, 0x0, 0x0,
    0xc1, 0xf8, 0xf8, 0xf8, 0xfc, 0xfc, 0xf8, 0xf8,
    0xf8, 0xf8, 0x1b, 0x0, 0x0, 0x0, 0x0, 0x0,
    0x0, 0x0, 0x94, 0x9c, 0x0, 0x0, 0x0, 0x0,
    0x0, 0x0, 0x0, 0x0, 0x0, 0x0, 0x0, 0x0,
    0x94, 0x9c, 0x0, 0x0, 0x0, 0x0, 0x0, 0x0,
    0x0, 0x0, 0x0, 0x0, 0x0, 0x0, 0x94, 0x9c,
    0x0, 0x0, 0x0, 0x0, 0x0, 0x0, 0x13, 0x14,
    0x14, 0x14, 0x14, 0x14, 0x9c, 0xa3, 0x14, 0x14,
    0x14, 0x14, 0x14, 0x14, 0xf4, 0xf8, 0xf8, 0xf8,
    0xf8, 0xf8, 0xf8, 0xf8, 0xf8, 0xf8, 0xf8, 0xf8,
    0xf8, 0xf8,

    /* U+B204 "누" */
    0x0, 0x0, 0x9c, 0x90, 0x0, 0x0, 0x0, 0x0,
    0x0, 0x0, 0x0, 0x0, 0x0, 0x0, 0x0, 0x0,
    0x9c, 0x90, 0x0, 0x0, 0x0, 0x0, 0x0, 0x0,
    0x0, 0x0, 0x0, 0x0, 0x0, 0x0, 0x9c, 0x90,
    0x0, 0x0, 0x0, 0x0, 0x0, 0x0, 0x0, 0x0,
    0x0, 0x0, 0x0, 0x0, 0x9c, 0x93, 0x8, 0x8,
    0x8, 0x8, 0x8, 0x8, 0x8, 0x8, 0x0, 0x0,
    0x0, 0x0, 0x9c, 0xff, 0xff, 0xff, 0xff, 0xff,
    0xff, 0xff, 0xff, 0xff, 0x8, 0x0, 0x0, 0x0,
    0x0, 0x0, 0x0, 0x0, 0x0, 0x0, 0x0, 0x0,
    0x0, 0x0, 0x0, 0x0, 0x0, 0x0, 0x0, 0x0,
    0x0, 0x0, 0x0, 0x0, 0x0, 0x0, 0x0, 0x0,
    0x0, 0x0, 0xcc, 0xd0, 0xd0, 0xd0, 0xd0, 0xd0,
    0xd0, 0xd0, 0xd0, 0xd0, 0xd0, 0xd0, 0xd0, 0xd0,
    0x3b, 0x3c, 0x3c, 0x3c, 0x3c, 0x3c, 0xad, 0xb0,
    0x3c, 0x3c, 0x3c, 0x3c, 0x3c, 0x3c, 0x0, 0x0,
    0x0, 0x0, 0x0, 0x0, 0x94, 0x98, 0x0, 0x0,
    0x0, 0x0, 0x0, 0x0, 0x0, 0x0, 0x0, 0x0,
    0x0, 0x0, 0x94, 0x98, 0x0, 0x0, 0x0, 0x0,
    0x0, 0x0, 0x0, 0x0, 0x0, 0x0, 0x0, 0x0,
    0x94, 0x98, 0x0, 0x0, 0x0, 0x0, 0x0, 0x0,
    0x0, 0x0, 0x0, 0x0, 0x0, 0x0, 0x94, 0x98,
    0x0, 0x0, 0x0, 0x0, 0x0, 0x0, 0x0, 0x0,
    0x0, 0x0, 0x0, 0x0, 0x94, 0x98, 0x0, 0x0,
    0x0, 0x0, 0x0, 0x0, 0x0, 0x0, 0x0, 0x0,
    0x0, 0x0, 0x1b, 0x1c, 0x0, 0x0, 0x0, 0x0,
    0x0, 0x0,

    /* U+B274 "뉴" */
    0x0, 0x0, 0xb4, 0x74, 0x0, 0x0, 0x0, 0x0,
    0x0, 0x0, 0x0, 0x0, 0x0, 0x0, 0x0, 0x0,
    0xb4, 0x74, 0x0, 0x0, 0x0, 0x0, 0x0, 0x0,
    0x0, 0x0, 0x0, 0x0, 0x0, 0x0, 0xb4, 0x74,
    0x0, 0x0, 0x0, 0x0, 0x0, 0x0, 0x0, 0x0,
    0x0, 0x0, 0x0, 0x0, 0xb4, 0x74, 0x0, 0x0,
    0x0, 0x0, 0x0, 0x0, 0x0, 0x0, 0x0, 0x0,
    0x0, 0x0, 0xb4, 0xf9, 0xf4, 0xf4, 0xf4, 0xf4,
    0xf4, 0xf4, 0xf4, 0xe4, 0x0, 0x0, 0x0, 0x0,
    0x10, 0x18, 0x18, 0x18, 0x18, 0x18, 0x18, 0x18,
    0x18, 0x16, 0x0, 0x0, 0x0, 0x0, 0x0, 0x0,
    0x0, 0x0, 0x0, 0x0, 0x0, 0x0, 0x0, 0x0,
    0x0, 0x0, 0xe0, 0xe4, 0xe4, 0xe4, 0xe4, 0xe4,
    0xe4, 0xe4, 0xe4, 0xe4, 0xe4, 0xe4, 0xe4, 0xe4,
    0x27, 0x28, 0x28, 0x43, 0xff, 0x2e, 0x28, 0x28,
    0x28, 0xe1, 0x6b, 0x28, 0x28, 0x28, 0x0, 0x0,
    0x0, 0x20, 0xff, 0x8, 0x0, 0x0, 0x0, 0xdc,
    0x50, 0x0, 0x0, 0x0, 0x0, 0x0, 0x0, 0x20,
    0xff, 0x8, 0x0, 0x0, 0x0, 0xdc, 0x50, 0x0,
    0x0, 0x0, 0x0, 0x0, 0x0, 0x20, 0xff, 0x8,
    0x0, 0x0, 0x0, 0xdc, 0x50, 0x0, 0x0, 0x0,
    0x0, 0x0, 0x0, 0x20, 0xff, 0x8, 0x0, 0x0,
    0x0, 0xdc, 0x50, 0x0, 0x0, 0x0, 0x0, 0x0,
    0x0, 0x20, 0xff, 0x8, 0x0, 0x0, 0x0, 0xdc,
    0x50, 0x0, 0x0, 0x0, 0x0, 0x0, 0x0, 0x6,
    0x30, 0x1, 0x0, 0x0, 0x0, 0x29, 0xf, 0x0,
    0x0, 0x0,

    /* U+B290 "느" */
    0x0, 0x0, 0xbc, 0x6c, 0x0, 0x0, 0x0, 0x0,
    0x0, 0x0, 0x0, 0x0, 0x0, 0x0, 0x0, 0x0,
    0xbc, 0x6c, 0x0, 0x0, 0x0, 0x0, 0x0, 0x0,
    0x0, 0x0, 0x0, 0x0, 0x0, 0x0, 0xbc, 0x6c,
    0x0, 0x0, 0x0, 0x0, 0x0, 0x0, 0x0, 0x0,
    0x0, 0x0, 0x0, 0x0, 0xbc, 0x6c, 0x0, 0x0,
    0x0, 0x0, 0x0, 0x0, 0x0, 0x0, 0x0, 0x0,
    0x0, 0x0, 0xbc, 0x79, 0x18, 0x18, 0x18, 0x18,
    0x18, 0x18, 0x18, 0x18, 0x3, 0x0, 0x0, 0x0,
    0xb0, 0xf0, 0xf0, 0xf0, 0xf0, 0xf0, 0xf0, 0xf0,
    0xf0, 0xf0, 0x1e, 0x0, 0x0, 0x0, 0x0, 0x0,
    0x0, 0x0, 0x0, 0x0, 0x0, 0x0, 0x0, 0x0,
    0x0, 0x0, 0x0, 0x0, 0x0, 0x0, 0x0, 0x0,
    0x0, 0x0, 0x0, 0x0, 0x0, 0x0, 0x0, 0x0,
    0x0, 0x0, 0x0, 0x0, 0x0, 0x0, 0x0, 0x0,
    0x0, 0x0, 0x0, 0x0, 0x0, 0x0, 0x17, 0x18,
    0x18, 0x18, 0x18, 0x18, 0x18, 0x18, 0x18, 0x18,
    0x18, 0x18, 0x18, 0x18, 0xf0, 0xf4, 0xf4, 0xf4,
    0xf4, 0xf4, 0xf4, 0xf4, 0xf4, 0xf4, 0xf4, 0xf4,
    0xf4, 0xf4,

    /* U+B294 "는" */
    0x0, 0x0, 0x78, 0xb4, 0x0, 0x0, 0x0, 0x0,
    0x0, 0x0, 0x0, 0x0, 0x0, 0x0, 0x0, 0x0,
    0x78, 0xb4, 0x0, 0x0, 0x0, 0x0, 0x0, 0x0,
    0x0, 0x0, 0x0, 0x0, 0x0, 0x0, 0x78, 0xb4,
    0x0, 0x0, 0x0, 0x0, 0x0, 0x0, 0x0, 0x0,
    0x0, 0x0, 0x0, 0x0, 0x78, 0xbb, 0x18, 0x18,
    0x18, 0x18, 0x18, 0x18, 0x18, 0x16, 0x0, 0x0,
    0x0, 0x0, 0x72, 0xf4, 0xf4, 0xf4, 0xf4, 0xf4,
    0xf4, 0xf4, 0xf4, 0xe4, 0x0, 0x0, 0x0, 0x0,
    0x0, 0x0, 0x0, 0x0, 0x0, 0x0, 0x0, 0x0,
    0x0, 0x0, 0x0, 0x0, 0x0, 0x0, 0x0, 0x0,
    0x0, 0x0, 0x0, 0x0, 0x0, 0x0, 0x0, 0x0,
    0x0, 0x0, 0xf8, 0xfc, 0xfc, 0xfc, 0xfc, 0xfc,
    0xfc, 0xfc, 0xfc, 0xfc, 0xfc, 0xfc, 0xfc, 0xfc,
    0xf, 0x10, 0x10, 0x10, 0x10, 0x10, 0x10, 0x10,
    0x10, 0x10, 0x10, 0x10, 0x10, 0x10, 0x0, 0x0,
    0x43, 0x4f, 0x0, 0x0, 0x0, 0x0, 0x0, 0x0,
    0x0, 0x0, 0x0, 0x0, 0x0, 0x0, 0x8c, 0xa4,
    0x0, 0x0, 0x0, 0x0, 0x0, 0x0, 0x0, 0x0,
    0x0, 0x0, 0x0, 0x0, 0x8c, 0xa4, 0x0, 0x0,
    0x0, 0x0, 0x0, 0x0, 0x0, 0x0, 0x0, 0x0,
    0x0, 0x0, 0x8c, 0xa9, 0x10, 0x10, 0x10, 0x10,
    0x10, 0x10, 0x10, 0xf, 0x0, 0x0, 0x0, 0x0,
    0x8c, 0xff, 0xff, 0xff, 0xff, 0xff, 0xff, 0xff,
    0xff, 0xf8, 0x0, 0x0,

    /* U+B2A5 "능" */
    0x0, 0x0, 0x78, 0xb4, 0x0, 0x0, 0x0, 0x0,
    0x0, 0x0, 0x0, 0x0, 0x0, 0x0, 0x0, 0x0,
    0x78, 0xb4, 0x0, 0x0, 0x0, 0x0, 0x0, 0x0,
    0x0, 0x0, 0x0, 0x0, 0x0, 0x0, 0x78, 0xb4,
    0x0, 0x0, 0x0, 0x0, 0x0, 0x0, 0x0, 0x0,
    0x0, 0x0, 0x0, 0x0, 0x78, 0xf1, 0xd0, 0xd0,
    0xd0, 0xd0, 0xd0, 0xd0, 0xd0, 0xc6, 0x0, 0x0,
    0x0, 0x0, 0x1c, 0x3c, 0x3c, 0x3c, 0x3c, 0x3c,
    0x3c, 0x3c, 0x3c, 0x39, 0x0, 0x0, 0x0, 0x0,
    0x0, 0x0, 0x0, 0x0, 0x0, 0x0, 0x0, 0x0,
    0x0, 0x0, 0x0, 0x0, 0xf0, 0xf4, 0xf4, 0xf4,
    0xf4, 0xf4, 0xf4, 0xf4, 0xf4, 0xf4, 0xf4, 0xf4,
    0xf4, 0xf4, 0x17, 0x18, 0x18, 0x18, 0x18, 0x18,
    0x18, 0x18, 0x18, 0x18, 0x18, 0x18, 0x18, 0x18,
    0x0, 0x0, 0x0, 0x0, 0x0, 0x12, 0x26, 0x26,
    0x12, 0x0, 0x0, 0x0, 0x0, 0x0, 0x0, 0x0,
    0x8, 0x83, 0xe2, 0xf1, 0xdd, 0xdd, 0xf1, 0xe2,
    0x83, 0x9, 0x0, 0x0, 0x0, 0x0, 0xa2, 0xd1,
    0x36, 0x1, 0x0, 0x0, 0x1, 0x35, 0xcf, 0xa5,
    0x0, 0x0, 0x0, 0x0, 0xde, 0x6b, 0x0, 0x0,
    0x0, 0x0, 0x0, 0x0, 0x67, 0xe2, 0x0, 0x0,
    0x0, 0x0, 0x86, 0xe5, 0x5d, 0x1a, 0x5, 0x5,
    0x1a, 0x5d, 0xe4, 0x88, 0x0, 0x0, 0x0, 0x0,
    0x0, 0x5b, 0xb9, 0xe8, 0xfa, 0xfb, 0xe8, 0xb8,
    0x5b, 0x0, 0x0, 0x0,

    /* U+B2C8 "니" */
    0x0, 0x0, 0x0, 0x0, 0x0, 0x0, 0x0, 0x0,
    0x0, 0x0, 0x43, 0xc7, 0x0, 0x0, 0x0, 0x0,
    0x0, 0x0, 0x0, 0x0, 0x0, 0x0, 0x4c, 0xe0,
    0x40, 0xec, 0x0, 0x0, 0x0, 0x0, 0x0, 0x0,
    0x0, 0x0, 0x4c, 0xe0, 0x40, 0xec, 0x0, 0x0,
    0x0, 0x0, 0x0, 0x0, 0x0, 0x0, 0x4c, 0xe0,
    0x40, 0xec, 0x0, 0x0, 0x0, 0x0, 0x0, 0x0,
    0x0, 0x0, 0x4c, 0xe0, 0x40, 0xec, 0x0, 0x0,
    0x0, 0x0, 0x0, 0x0, 0x0, 0x0, 0x4c, 0xe0,
    0x40, 0xec, 0x0, 0x0, 0x0, 0x0, 0x0, 0x0,
    0x0, 0x0, 0x4c, 0xe0, 0x40, 0xec, 0x0, 0x0,
    0x0, 0x0, 0x0, 0x0, 0x0, 0x0, 0x4c, 0xe0,
    0x40, 0xec, 0x0, 0x0, 0x0, 0x0, 0x0, 0x0,
    0x0, 0x0, 0x4c, 0xe0, 0x40, 0xec, 0x8, 0x9,
    0xb, 0xf, 0x18, 0x25, 0x3b, 0x20, 0x4c, 0xe0,
    0x3e, 0xf8, 0xf7, 0xf5, 0xf1, 0xec, 0xe4, 0xda,
    0xc7, 0x53, 0x4c, 0xe0, 0x0, 0x0, 0x0, 0x0,
    0x0, 0x0, 0x0, 0x0, 0x0, 0x0, 0x4c, 0xe0,
    0x0, 0x0, 0x0, 0x0, 0x0, 0x0, 0x0, 0x0,
    0x0, 0x0, 0x4c, 0xe0, 0x0, 0x0, 0x0, 0x0,
    0x0, 0x0, 0x0, 0x0, 0x0, 0x0, 0x4c, 0xe0,
    0x0, 0x0, 0x0, 0x0, 0x0, 0x0, 0x0, 0x0,
    0x0, 0x0, 0x4c, 0xe0, 0x0, 0x0, 0x0, 0x0,
    0x0, 0x0, 0x0, 0x0, 0x0, 0x0, 0xe, 0x2a,

    /* U+B2C9 "닉" */
    0x0, 0x0, 0x0, 0x0, 0x0, 0x0, 0x0, 0x0,
    0x0, 0x0, 0x66, 0x2a, 0x2c, 0xff, 0x0, 0x0,
    0x0, 0x0, 0x0, 0x0, 0x0, 0x0, 0xd4, 0x58,
    0x2c, 0xff, 0x0, 0x0, 0x0, 0x0, 0x0, 0x0,
    0x0, 0x0, 0xd4, 0x58, 0x2c, 0xff, 0x0, 0x0,
    0x0, 0x0, 0x0, 0x0, 0x0, 0x0, 0xd4, 0x58,
    0x2c, 0xff, 0x0, 0x0, 0x0, 0x0, 0x0, 0x0,
    0x0, 0x0, 0xd4, 0x58, 0x2c, 0xff, 0x0, 0x0,
    0x0, 0x0, 0x0, 0x0, 0x0, 0x0, 0xd4, 0x58,
    0x2c, 0xff, 0x79, 0x7b, 0x7e, 0x86, 0x90, 0xa2,
    0xaa, 0x0, 0xd4, 0x58, 0x1a, 0x98, 0x96, 0x93,
    0x8f, 0x87, 0x7b, 0x6a, 0x49, 0x0, 0xd4, 0x58,
    0x0, 0x0, 0x0, 0x0, 0x0, 0x0, 0x0, 0x0,
    0x0, 0x0, 0xca, 0x53, 0x0, 0x12, 0x30, 0x30,
    0x30, 0x30, 0x30, 0x30, 0x30, 0x30, 0x30, 0x10,
    0x0, 0x57, 0xe0, 0xe0, 0xe0, 0xe0, 0xe0, 0xe0,
    0xe0, 0xe0, 0xfa, 0x58, 0x0, 0x0, 0x0, 0x0,
    0x0, 0x0, 0x0, 0x0, 0x0, 0x0, 0xd4, 0x58,
    0x0, 0x0, 0x0, 0x0, 0x0, 0x0, 0x0, 0x0,
    0x0, 0x0, 0xd4, 0x58, 0x0, 0x0, 0x0, 0x0,
    0x0, 0x0, 0x0, 0x0, 0x0, 0x0, 0xd4, 0x58,
    0x0, 0x0, 0x0, 0x0, 0x0, 0x0, 0x0, 0x0,
    0x0, 0x0, 0xd4, 0x58, 0x0, 0x0, 0x0, 0x0,
    0x0, 0x0, 0x0, 0x0, 0x0, 0x0, 0x84, 0x37,

    /* U+B2E4 "다" */
    0x0, 0x0, 0x0, 0x0, 0x0, 0x0, 0x0, 0x0,
    0x0, 0x35, 0xd2, 0x0, 0x0, 0x0, 0x0, 0x0,
    0x0, 0x0, 0x0, 0x0, 0x0, 0x0, 0x0, 0x3c,
    0xec, 0x0, 0x0, 0x0, 0xec, 0xff, 0xff, 0xff,
    0xff, 0xff, 0xff, 0x20, 0x0, 0x3c, 0xec, 0x0,
    0x0, 0x0, 0xec, 0x49, 0xc, 0xc, 0xc, 0xc,
    0xc, 0x1, 0x0, 0x3c, 0xec, 0x0, 0x0, 0x0,
    0xec, 0x40, 0x0, 0x0, 0x0, 0x0, 0x0, 0x0,
    0x0, 0x3c, 0xec, 0x0, 0x0, 0x0, 0xec, 0x40,
    0x0, 0x0, 0x0, 0x0, 0x0, 0x0, 0x0, 0x3c,
    0xec, 0x0, 0x0, 0x0, 0xec, 0x40, 0x0, 0x0,
    0x0, 0x0, 0x0, 0x0, 0x0, 0x3c, 0xf6, 0x8c,
    0x8c, 0x50, 0xec, 0x40, 0x0, 0x0, 0x0, 0x0,
    0x0, 0x0, 0x0, 0x3c, 0xf5, 0x78, 0x78, 0x45,
    0xec, 0x40, 0x0, 0x0, 0x0, 0x0, 0x0, 0x0,
    0x0, 0x3c, 0xec, 0x0, 0x0, 0x0, 0xec, 0x40,
    0x0, 0x0, 0x0, 0x0, 0x0, 0x3, 0x1, 0x3c,
    0xec, 0x0, 0x0, 0x0, 0xec, 0xeb, 0xe4, 0xe5,
    0xe7, 0xec, 0xf2, 0xef, 0x20, 0x3c, 0xec, 0x0,
    0x0, 0x0, 0x19, 0x1c, 0x1b, 0x1a, 0x18, 0x13,
    0x3, 0x0, 0x0, 0x3c, 0xec, 0x0, 0x0, 0x0,
    0x0, 0x0, 0x0, 0x0, 0x0, 0x0, 0x0, 0x0,
    0x0, 0x3c, 0xec, 0x0, 0x0, 0x0, 0x0, 0x0,
    0x0, 0x0, 0x0, 0x0, 0x0, 0x0, 0x0, 0x3c,
    0xec, 0x0, 0x0, 0x0, 0x0, 0x0, 0x0, 0x0,
    0x0, 0x0, 0x0, 0x0, 0x0, 0x3c, 0xec, 0x0,
    0x0, 0x0, 0x0, 0x0, 0x0, 0x0, 0x0, 0x0,
    0x0, 0x0, 0x0, 0xb, 0x2c, 0x0, 0x0, 0x0,

    /* U+B2E8 "단" */
    0x0, 0x0, 0x0, 0x0, 0x0, 0x0, 0x0, 0x0,
    0x0, 0x35, 0xd2, 0x0, 0x0, 0x0, 0x0, 0x0,
    0x0, 0x0, 0x0, 0x0, 0x0, 0x0, 0x0, 0x3c,
    0xec, 0x0, 0x0, 0x0, 0xec, 0xff, 0xff, 0xff,
    0xff, 0xff, 0xff, 0x2c, 0x0, 0x3c, 0xec, 0x0,
    0x0, 0x0, 0xec, 0x46, 0x8, 0x8, 0x8, 0x8,
    0x8, 0x1, 0x0, 0x3c, 0xec, 0x0, 0x0, 0x0,
    0xec, 0x40, 0x0, 0x0, 0x0, 0x0, 0x0, 0x0,
    0x0, 0x3c, 0xec, 0x0, 0x0, 0x0, 0xec, 0x40,
    0x0, 0x0, 0x0, 0x0, 0x0, 0x0, 0x0, 0x3c,
    0xf6, 0x80, 0x80, 0x1a, 0xec, 0x40, 0x0, 0x0,
    0x0, 0x0, 0x0, 0x0, 0x0, 0x3c, 0xf5, 0x74,
    0x74, 0x17, 0xec, 0x9d, 0x7c, 0x7e, 0x81, 0x86,
    0x8e, 0x69, 0x0, 0x3c, 0xec, 0x0, 0x0, 0x0,
    0x6e, 0x78, 0x76, 0x75, 0x71, 0x6b, 0x63, 0x3f,
    0x0, 0x3c, 0xec, 0x0, 0x0, 0x0, 0x0, 0x0,
    0x0, 0x0, 0x0, 0x0, 0x0, 0x0, 0x0, 0x3c,
    0xec, 0x0, 0x0, 0x0, 0x0, 0x5a, 0xb1, 0x0,
    0x0, 0x0, 0x0, 0x0, 0x0, 0x3c, 0xec, 0x0,
    0x0, 0x0, 0x0, 0x64, 0xc4, 0x0, 0x0, 0x0,
    0x0, 0x0, 0x0, 0x7, 0x1d, 0x0, 0x0, 0x0,
    0x0, 0x64, 0xc4, 0x0, 0x0, 0x0, 0x0, 0x0,
    0x0, 0x0, 0x0, 0x0, 0x0, 0x0, 0x0, 0x64,
    0xc6, 0xc, 0xc, 0xc, 0xc, 0xc, 0xc, 0xc,
    0xc, 0x2, 0x0, 0x0, 0x0, 0x64, 0xff, 0xff,
    0xff, 0xff, 0xff, 0xff, 0xff, 0xff, 0xff, 0x3c,
    0x0, 0x0,

    /* U+B300 "대" */
    0x0, 0x0, 0x0, 0x0, 0x0, 0x0, 0x0, 0x0,
    0x0, 0x0, 0x39, 0xd2, 0x0, 0x0, 0x0, 0x0,
    0x0, 0x0, 0x0, 0x38, 0xec, 0x0, 0x40, 0xec,
    0xf0, 0xff, 0xff, 0xff, 0xff, 0xd8, 0x0, 0x38,
    0xec, 0x0, 0x40, 0xec, 0xf0, 0x41, 0xc, 0xc,
    0xc, 0xa, 0x0, 0x38, 0xec, 0x0, 0x40, 0xec,
    0xf0, 0x38, 0x0, 0x0, 0x0, 0x0, 0x0, 0x38,
    0xec, 0x0, 0x40, 0xec, 0xf0, 0x38, 0x0, 0x0,
    0x0, 0x0, 0x0, 0x38, 0xec, 0x0, 0x40, 0xec,
    0xf0, 0x38, 0x0, 0x0, 0x0, 0x0, 0x0, 0x38,
    0xf0, 0x38, 0x6a, 0xec, 0xf0, 0x38, 0x0, 0x0,
    0x0, 0x0, 0x0, 0x38, 0xfb, 0xcc, 0xd9, 0xec,
    0xf0, 0x38, 0x0, 0x0, 0x0, 0x0, 0x0, 0x38,
    0xec, 0x0, 0x40, 0xec, 0xf0, 0x38, 0x0, 0x0,
    0x0, 0x0, 0x0, 0x38, 0xec, 0x0, 0x40, 0xec,
    0xf0, 0xa2, 0x88, 0x8c, 0x91, 0xa1, 0x54, 0x38,
    0xec, 0x0, 0x40, 0xec, 0x73, 0x7a, 0x76, 0x6f,
    0x65, 0x56, 0x24, 0x38, 0xec, 0x0, 0x40, 0xec,
    0x0, 0x0, 0x0, 0x0, 0x0, 0x0, 0x0, 0x38,
    0xec, 0x0, 0x40, 0xec, 0x0, 0x0, 0x0, 0x0,
    0x0, 0x0, 0x0, 0x38, 0xec, 0x0, 0x40, 0xec,
    0x0, 0x0, 0x0, 0x0, 0x0, 0x0, 0x0, 0x38,
    0xec, 0x0, 0x40, 0xec, 0x0, 0x0, 0x0, 0x0,
    0x0, 0x0, 0x0, 0x0, 0x0, 0x0, 0xc, 0x2c,

    /* U+B354 "더" */
    0x0, 0x0, 0x0, 0x0, 0x0, 0x0, 0x0, 0x0,
    0x0, 0x0, 0xe0, 0x27, 0x0, 0x0, 0x0, 0x0,
    0x0, 0x0, 0x0, 0x0, 0x0, 0x0, 0xfc, 0x2c,
    0xe4, 0xff, 0xff, 0xff, 0xff, 0xff, 0xff, 0x64,
    0x0, 0x0, 0xfc, 0x2c, 0xe4, 0x4f, 0x10, 0x10,
    0x10, 0x10, 0x10, 0x6, 0x0, 0x0, 0xfc, 0x2c,
    0xe4, 0x44, 0x0, 0x0, 0x0, 0x0, 0x0, 0x0,
    0x0, 0x0, 0xfc, 0x2c, 0xe4, 0x44, 0x0, 0x0,
    0x0, 0x0, 0x0, 0x0, 0x0, 0x0, 0xfc, 0x2c,
    0xe4, 0x44, 0x0, 0x0, 0x0, 0x60, 0xe4, 0xe4,
    0xe4, 0xe4, 0xff, 0x2c, 0xe4, 0x44, 0x0, 0x0,
    0x0, 0xa, 0x18, 0x18, 0x18, 0x18, 0xfc, 0x2c,
    0xe4, 0x44, 0x0, 0x0, 0x0, 0x0, 0x0, 0x0,
    0x0, 0x0, 0xfc, 0x2c, 0xe4, 0x44, 0x0, 0x0,
    0x0, 0x0, 0x0, 0x0, 0x0, 0x0, 0xfc, 0x2c,
    0xe4, 0xb9, 0xa0, 0xa1, 0xa3, 0xa8, 0xaf, 0xbc,
    0x22, 0x0, 0xfc, 0x2c, 0x51, 0x5c, 0x5b, 0x5a,
    0x58, 0x53, 0x44, 0x32, 0x8, 0x0, 0xfc, 0x2c,
    0x0, 0x0, 0x0, 0x0, 0x0, 0x0, 0x0, 0x0,
    0x0, 0x0, 0xfc, 0x2c, 0x0, 0x0, 0x0, 0x0,
    0x0, 0x0, 0x0, 0x0, 0x0, 0x0, 0xfc, 0x2c,
    0x0, 0x0, 0x0, 0x0, 0x0, 0x0, 0x0, 0x0,
    0x0, 0x0, 0xfc, 0x2c, 0x0, 0x0, 0x0, 0x0,
    0x0, 0x0, 0x0, 0x0, 0x0, 0x0, 0x2f, 0x8,

    /* U+B370 "데" */
    0x0, 0x0, 0x0, 0x0, 0x0, 0x0, 0x0, 0x0,
    0x0, 0x0, 0xb9, 0x51, 0x0, 0x0, 0x0, 0x0,
    0x0, 0x0, 0x0, 0x3c, 0xec, 0x0, 0xd0, 0x5c,
    0xec, 0xff, 0xff, 0xff, 0xff, 0xa4, 0x0, 0x3c,
    0xec, 0x0, 0xd0, 0x5c, 0xec, 0x41, 0xc, 0xc,
    0xc, 0x7, 0x0, 0x3c, 0xec, 0x0, 0xd0, 0x5c,
    0xec, 0x38, 0x0, 0x0, 0x0, 0x0, 0x0, 0x3c,
    0xec, 0x0, 0xd0, 0x5c, 0xec, 0x38, 0x0, 0x0,
    0x0, 0x0, 0x0, 0x3c, 0xec, 0x0, 0xd0, 0x5c,
    0xec, 0x38, 0x0, 0x0, 0x4d, 0xd8, 0xd8, 0xe1,
    0xec, 0x0, 0xd0, 0x5c, 0xec, 0x38, 0x0, 0x0,
    0xe, 0x28, 0x28, 0x5a, 0xec, 0x0, 0xd0, 0x5c,
    0xec, 0x38, 0x0, 0x0, 0x0, 0x0, 0x0, 0x3c,
    0xec, 0x0, 0xd0, 0x5c, 0xec, 0x38, 0x0, 0x0,
    0x0, 0x0, 0x0, 0x3c, 0xec, 0x0, 0xd0, 0x5c,
    0xec, 0x7f, 0x5d, 0x60, 0x67, 0x74, 0x18, 0x3c,
    0xec, 0x0, 0xd0, 0x5c, 0x96, 0xa2, 0x9f, 0x9a,
    0x92, 0x84, 0x1b, 0x3c, 0xec, 0x0, 0xd0, 0x5c,
    0x0, 0x0, 0x0, 0x0, 0x0, 0x0, 0x0, 0x3c,
    0xec, 0x0, 0xd0, 0x5c, 0x0, 0x0, 0x0, 0x0,
    0x0, 0x0, 0x0, 0x3c, 0xec, 0x0, 0xd0, 0x5c,
    0x0, 0x0, 0x0, 0x0, 0x0, 0x0, 0x0, 0x3c,
    0xec, 0x0, 0xd0, 0x5c, 0x0, 0x0, 0x0, 0x0,
    0x0, 0x0, 0x0, 0x0, 0x0, 0x0, 0x27, 0x11,

    /* U+B3C4 "도" */
    0x0, 0x0, 0xa0, 0xff, 0xff, 0xff, 0xff, 0xff,
    0xff, 0xff, 0xff, 0xa0, 0x0, 0x0, 0x0, 0x0,
    0xa0, 0x91, 0xc, 0xc, 0xc, 0xc, 0xc, 0xc,
    0xc, 0x7, 0x0, 0x0, 0x0, 0x0, 0xa0, 0x8c,
    0x0, 0x0, 0x0, 0x0, 0x0, 0x0, 0x0, 0x0,
    0x0, 0x0, 0x0, 0x0, 0xa0, 0x8c, 0x0, 0x0,
    0x0, 0x0, 0x0, 0x0, 0x0, 0x0, 0x0, 0x0,
    0x0, 0x0, 0xa0, 0x8c, 0x0, 0x0, 0x0, 0x0,
    0x0, 0x0, 0x0, 0x0, 0x0, 0x0, 0x0, 0x0,
    0xa0, 0xac, 0x48, 0x48, 0x48, 0x48, 0x48, 0x48,
    0x48, 0x3f, 0x0, 0x0, 0x0, 0x0, 0x7a, 0xc4,
    0xc4, 0xc4, 0xe7, 0xe7, 0xc4, 0xc4, 0xc4, 0xab,
    0x0, 0x0, 0x0, 0x0, 0x0, 0x0, 0x0, 0x0,
    0x98, 0x98, 0x0, 0x0, 0x0, 0x0, 0x0, 0x0,
    0x0, 0x0, 0x0, 0x0, 0x0, 0x0, 0x98, 0x98,
    0x0, 0x0, 0x0, 0x0, 0x0, 0x0, 0x0, 0x0,
    0x0, 0x0, 0x0, 0x0, 0x98, 0x98, 0x0, 0x0,
    0x0, 0x0, 0x0, 0x0, 0xf4, 0xf8, 0xf8, 0xf8,
    0xf8, 0xf8, 0xfc, 0xfc, 0xf8, 0xf8, 0xf8, 0xf8,
    0xf8, 0xf8, 0xf, 0x10, 0x10, 0x10, 0x10, 0x10,
    0x10, 0x10, 0x10, 0x10, 0x10, 0x10, 0x10, 0x10,

    /* U+B3D9 "동" */
    0x0, 0x0, 0xa8, 0xff, 0xff, 0xff, 0xff, 0xff,
    0xff, 0xff, 0xff, 0xb4, 0x0, 0x0, 0x0, 0x0,
    0xa8, 0x8b, 0x8, 0x8, 0x8, 0x8, 0x8, 0x8,
    0x8, 0x5, 0x0, 0x0, 0x0, 0x0, 0xa8, 0x88,
    0x0, 0x0, 0x0, 0x0, 0x0, 0x0, 0x0, 0x0,
    0x0, 0x0, 0x0, 0x0, 0xa8, 0x95, 0x1c, 0x1c,
    0x1c, 0x1c, 0x1c, 0x1c, 0x1c, 0x18, 0x0, 0x0,
    0x0, 0x0, 0x9a, 0xec, 0xec, 0xec, 0xf7, 0xf7,
    0xec, 0xec, 0xec, 0xd2, 0x0, 0x0, 0x0, 0x0,
    0x0, 0x0, 0x0, 0x0, 0x98, 0x98, 0x0, 0x0,
    0x0, 0x0, 0x0, 0x0, 0x1f, 0x20, 0x20, 0x20,
    0x20, 0x20, 0xa5, 0xa5, 0x20, 0x20, 0x20, 0x20,
    0x20, 0x20, 0xe8, 0xec, 0xec, 0xec, 0xec, 0xec,
    0xec, 0xec, 0xec, 0xec, 0xec, 0xec, 0xec, 0xec,
    0x0, 0x0, 0x0, 0x0, 0x0, 0xc, 0x1e, 0x1f,
    0xc, 0x0, 0x0, 0x0, 0x0, 0x0, 0x0, 0x0,
    0x7, 0x7f, 0xdd, 0xf7, 0xe5, 0xe5, 0xf7, 0xdd,
    0x7f, 0x8, 0x0, 0x0, 0x0, 0x0, 0xa0, 0xd3,
    0x3b, 0x3, 0x0, 0x0, 0x3, 0x3b, 0xd2, 0xa2,
    0x0, 0x0, 0x0, 0x0, 0xdf, 0x6b, 0x0, 0x0,
    0x0, 0x0, 0x0, 0x0, 0x68, 0xe2, 0x0, 0x0,
    0x0, 0x0, 0x87, 0xe4, 0x5b, 0x1a, 0x4, 0x5,
    0x1a, 0x5b, 0xe3, 0x8a, 0x0, 0x0, 0x0, 0x0,
    0x0, 0x5b, 0xb9, 0xe8, 0xfa, 0xfb, 0xe8, 0xba,
    0x5d, 0x1, 0x0, 0x0,

    /* U+B418 "되" */
    0x0, 0x0, 0x0, 0x0, 0x0, 0x0, 0x0, 0x0,
    0x0, 0x0, 0x0, 0x39, 0xd2, 0x0, 0x0, 0x0,
    0x0, 0x0, 0x0, 0x0, 0x0, 0x0, 0x0, 0x0,
    0x40, 0xec, 0x0, 0x40, 0xff, 0xff, 0xff, 0xff,
    0xff, 0xff, 0xff, 0x2c, 0x0, 0x40, 0xec, 0x0,
    0x40, 0xec, 0xc, 0xc, 0xc, 0xc, 0xc, 0xc,
    0x2, 0x0, 0x40, 0xec, 0x0, 0x40, 0xec, 0x0,
    0x0, 0x0, 0x0, 0x0, 0x0, 0x0, 0x0, 0x40,
    0xec, 0x0, 0x40, 0xec, 0x0, 0x0, 0x0, 0x0,
    0x0, 0x0, 0x0, 0x0, 0x40, 0xec, 0x0, 0x40,
    0xec, 0x0, 0x0, 0x0, 0x0, 0x0, 0x0, 0x0,
    0x0, 0x40, 0xec, 0x0, 0x40, 0xfd, 0xe4, 0xe4,
    0xe4, 0xe4, 0xe4, 0xe4, 0x51, 0x0, 0x40, 0xec,
    0x0, 0x7, 0x1c, 0x1c, 0x1c, 0xfc, 0x46, 0x1c,
    0x1c, 0xa, 0x0, 0x40, 0xec, 0x0, 0x0, 0x0,
    0x0, 0x0, 0xfc, 0x30, 0x0, 0x0, 0x0, 0x0,
    0x40, 0xec, 0x0, 0x0, 0x0, 0x0, 0x0, 0xfc,
    0x30, 0x0, 0x0, 0x0, 0x0, 0x40, 0xec, 0x31,
    0x64, 0x64, 0x66, 0x69, 0xfd, 0x8f, 0x78, 0x7f,
    0x89, 0x56, 0x40, 0xec, 0x42, 0x97, 0x94, 0x91,
    0x8d, 0x89, 0x84, 0x7c, 0x74, 0x6b, 0x3c, 0x40,
    0xec, 0x0, 0x0, 0x0, 0x0, 0x0, 0x0, 0x0,
    0x0, 0x0, 0x0, 0x0, 0x40, 0xec, 0x0, 0x0,
    0x0, 0x0, 0x0, 0x0, 0x0, 0x0, 0x0, 0x0,
    0x0, 0x40, 0xec, 0x0, 0x0, 0x0, 0x0, 0x0,
    0x0, 0x0, 0x0, 0x0, 0x0, 0x0, 0xc, 0x2c,

    /* U+B428 "됨" */
    0x0, 0x0, 0x0, 0x0, 0x0, 0x0, 0x0, 0x0,
    0x0, 0x0, 0x0, 0xb1, 0x2d, 0x0, 0x40, 0xff,
    0xff, 0xff, 0xff, 0xff, 0xff, 0xf4, 0x0, 0x0,
    0xec, 0x3c, 0x0, 0x40, 0xec, 0xc, 0xc, 0xc,
    0xc, 0xc, 0xb, 0x0, 0x0, 0xec, 0x3c, 0x0,
    0x40, 0xec, 0x0, 0x0, 0x0, 0x0, 0x0, 0x0,
    0x0, 0x0, 0xec, 0x3c, 0x0, 0x40, 0xed, 0x18,
    0x18, 0x18, 0x18, 0x18, 0x18, 0x2, 0x0, 0xec,
    0x3c, 0x0, 0x3c, 0xf0, 0xf0, 0xf1, 0xff, 0xf1,
    0xf0, 0xf0, 0x1a, 0x0, 0xec, 0x3c, 0x0, 0x0,
    0x0, 0x0, 0x1c, 0xff, 0x10, 0x0, 0x0, 0x0,
    0x0, 0xec, 0x3c, 0x11, 0x21, 0x22, 0x25, 0x41,
    0xff, 0x40, 0x3b, 0x44, 0x50, 0x4, 0xec, 0x3c,
    0x72, 0xeb, 0xe8, 0xe4, 0xdf, 0xd9, 0xd2, 0xc9,
    0xbf, 0xb2, 0xe, 0xec, 0x3c, 0x0, 0x0, 0x0,
    0x0, 0x0, 0x0, 0x0, 0x0, 0x0, 0x0, 0x0,
    0x51, 0x14, 0x0, 0x0, 0x2d, 0xf4, 0xf4, 0xf4,
    0xf4, 0xf4, 0xf4, 0xf4, 0xf4, 0xf4, 0x39, 0x0,
    0x0, 0x30, 0xf8, 0x14, 0x14, 0x14, 0x14, 0x14,
    0x14, 0x14, 0xe9, 0x3c, 0x0, 0x0, 0x30, 0xf8,
    0x0, 0x0, 0x0, 0x0, 0x0, 0x0, 0x0, 0xe8,
    0x3c, 0x0, 0x0, 0x30, 0xf8, 0xc, 0xc, 0xc,
    0xc, 0xc, 0xc, 0xc, 0xe9, 0x3c, 0x0, 0x0,
    0x30, 0xff, 0xff, 0xff, 0xff, 0xff, 0xff, 0xff,
    0xff, 0xff, 0x3c,

    /* U+B429 "됩" */
    0x0, 0x0, 0x0, 0x0, 0x0, 0x0, 0x0, 0x0,
    0x0, 0x0, 0x0, 0x8c, 0x23, 0x0, 0x38, 0xff,
    0xff, 0xff, 0xff, 0xff, 0xff, 0xd4, 0x0, 0x0,
    0xec, 0x3c, 0x0, 0x38, 0xf0, 0x8, 0x8, 0x8,
    0x8, 0x8, 0x6, 0x0, 0x0, 0xec, 0x3c, 0x0,
    0x38, 0xf0, 0x0, 0x0, 0x0, 0x0, 0x0, 0x0,
    0x0, 0x0, 0xec, 0x3c, 0x0, 0x38, 0xf5, 0x5c,
    0x5c, 0x5c, 0x5c, 0x5c, 0x5a, 0x0, 0x0, 0xec,
    0x3c, 0x0, 0x25, 0xac, 0xac, 0xb9, 0xff, 0xad,
    0xac, 0xa9, 0x0, 0x0, 0xec, 0x3c, 0x0, 0x0,
    0x0, 0x0, 0x28, 0xff, 0x4, 0x0, 0x0, 0x0,
    0x0, 0xec, 0x3c, 0x3f, 0x61, 0x62, 0x66, 0x81,
    0xff, 0x78, 0x7c, 0x84, 0x90, 0xe, 0xec, 0x3c,
    0x67, 0xa9, 0xa5, 0xa2, 0x9e, 0x9a, 0x90, 0x85,
    0x7a, 0x6f, 0xd, 0xe0, 0x39, 0x0, 0x0, 0x15,
    0x54, 0x0, 0x0, 0x0, 0x0, 0x0, 0x0, 0x0,
    0x53, 0x15, 0x0, 0x0, 0x3c, 0xec, 0x0, 0x0,
    0x0, 0x0, 0x0, 0x0, 0x0, 0xe8, 0x3c, 0x0,
    0x0, 0x3c, 0xf1, 0x4c, 0x4c, 0x4c, 0x4c, 0x4c,
    0x4c, 0x4c, 0xef, 0x3c, 0x0, 0x0, 0x3c, 0xfa,
    0xbc, 0xbc, 0xbc, 0xbc, 0xbc, 0xbc, 0xbc, 0xf9,
    0x3c, 0x0, 0x0, 0x3c, 0xec, 0xc, 0xc, 0xc,
    0xc, 0xc, 0xc, 0xc, 0xe9, 0x3c, 0x0, 0x0,
    0x3c, 0xff, 0xff, 0xff, 0xff, 0xff, 0xff, 0xff,
    0xff, 0xff, 0x3c,

    /* U+B450 "두" */
    0x0, 0x0, 0xbc, 0xff, 0xff, 0xff, 0xff, 0xff,
    0xff, 0xff, 0xff, 0xbc, 0x0, 0x0, 0x0, 0x0,
    0xbc, 0x76, 0xc, 0xc, 0xc, 0xc, 0xc, 0xc,
    0xc, 0x8, 0x0, 0x0, 0x0, 0x0, 0xbc, 0x70,
    0x0, 0x0, 0x0, 0x0, 0x0, 0x0, 0x0, 0x0,
    0x0, 0x0, 0x0, 0x0, 0xbc, 0x70, 0x0, 0x0,
    0x0, 0x0, 0x0, 0x0, 0x0, 0x0, 0x0, 0x0,
    0x0, 0x0, 0xbc, 0x94, 0x40, 0x40, 0x40, 0x40,
    0x40, 0x40, 0x40, 0x3f, 0x0, 0x0, 0x0, 0x0,
    0x95, 0xcc, 0xcc, 0xcc, 0xcc, 0xcc, 0xcc, 0xcc,
    0xcc, 0xc8, 0x0, 0x0, 0x0, 0x0, 0x0, 0x0,
    0x0, 0x0, 0x0, 0x0, 0x0, 0x0, 0x0, 0x0,
    0x0, 0x0, 0x1b, 0x1c, 0x1c, 0x1c, 0x1c, 0x1c,
    0x1c, 0x1c, 0x1c, 0x1c, 0x1c, 0x1c, 0x1c, 0x1c,
    0xe8, 0xec, 0xec, 0xec, 0xec, 0xec, 0xf7, 0xf7,
    0xec, 0xec, 0xec, 0xec, 0xec, 0xec, 0x0, 0x0,
    0x0, 0x0, 0x0, 0x0, 0x98, 0x98, 0x0, 0x0,
    0x0, 0x0, 0x0, 0x0, 0x0, 0x0, 0x0, 0x0,
    0x0, 0x0, 0x98, 0x98, 0x0, 0x0, 0x0, 0x0,
    0x0, 0x0, 0x0, 0x0, 0x0, 0x0, 0x0, 0x0,
    0x98, 0x98, 0x0, 0x0, 0x0, 0x0, 0x0, 0x0,
    0x0, 0x0, 0x0, 0x0, 0x0, 0x0, 0x98, 0x98,
    0x0, 0x0, 0x0, 0x0, 0x0, 0x0, 0x0, 0x0,
    0x0, 0x0, 0x0, 0x0, 0x98, 0x98, 0x0, 0x0,
    0x0, 0x0, 0x0, 0x0,

    /* U+B460 "둠" */
    0x0, 0x0, 0xa0, 0xff, 0xff, 0xff, 0xff, 0xff,
    0xff, 0xff, 0xff, 0xac, 0x0, 0x0, 0x0, 0x0,
    0xa0, 0x8f, 0x8, 0x8, 0x8, 0x8, 0x8, 0x8,
    0x8, 0x5, 0x0, 0x0, 0x0, 0x0, 0xa0, 0x8c,
    0x0, 0x0, 0x0, 0x0, 0x0, 0x0, 0x0, 0x0,
    0x0, 0x0, 0x0, 0x0, 0xa0, 0x95, 0x14, 0x14,
    0x14, 0x14, 0x14, 0x14, 0x14, 0x10, 0x0, 0x0,
    0x0, 0x0, 0x98, 0xf4, 0xf4, 0xf4, 0xf4, 0xf4,
    0xf4, 0xf4, 0xf4, 0xca, 0x0, 0x0, 0x0, 0x0,
    0x0, 0x0, 0x0, 0x0, 0x0, 0x0, 0x0, 0x0,
    0x0, 0x0, 0x0, 0x0, 0xdc, 0xe0, 0xe0, 0xe0,
    0xe0, 0xe0, 0xe0, 0xe0, 0xe0, 0xe0, 0xe0, 0xe0,
    0xe0, 0xe0, 0x27, 0x28, 0x28, 0x28, 0x28, 0x28,
    0xa4, 0xab, 0x28, 0x28, 0x28, 0x28, 0x28, 0x28,
    0x0, 0x0, 0x0, 0x0, 0x0, 0x0, 0x94, 0x9c,
    0x0, 0x0, 0x0, 0x0, 0x0, 0x0, 0x0, 0x0,
    0xaf, 0xf4, 0xf4, 0xf4, 0xfa, 0xfb, 0xf4, 0xf4,
    0xf4, 0xb7, 0x0, 0x0, 0x0, 0x0, 0xb8, 0x79,
    0x10, 0x10, 0x10, 0x10, 0x10, 0x10, 0x71, 0xc0,
    0x0, 0x0, 0x0, 0x0, 0xb8, 0x70, 0x0, 0x0,
    0x0, 0x0, 0x0, 0x0, 0x68, 0xc0, 0x0, 0x0,
    0x0, 0x0, 0xb8, 0x74, 0x8, 0x8, 0x8, 0x8,
    0x8, 0x8, 0x6c, 0xc0, 0x0, 0x0, 0x0, 0x0,
    0xb8, 0xff, 0xff, 0xff, 0xff, 0xff, 0xff, 0xff,
    0xff, 0xc0, 0x0, 0x0,

    /* U+B4C8 "듈" */
    0x0, 0x0, 0xa0, 0xff, 0xff, 0xff, 0xff, 0xff,
    0xff, 0xff, 0xff, 0xa8, 0x0, 0x0, 0x0, 0x0,
    0xa0, 0x89, 0x4, 0x4, 0x4, 0x4, 0x4, 0x4,
    0x4, 0x2, 0x0, 0x0, 0x0, 0x0, 0xa0, 0x88,
    0x0, 0x0, 0x0, 0x0, 0x0, 0x0, 0x0, 0x0,
    0x0, 0x0, 0x0, 0x0, 0xa0, 0xfa, 0xf4, 0xf4,
    0xf4, 0xf4, 0xf4, 0xf4, 0xf4, 0xca, 0x0, 0x0,
    0x0, 0x0, 0xc, 0x14, 0x14, 0x14, 0x14, 0x14,
    0x14, 0x14, 0x14, 0x10, 0x0, 0x0, 0x1b, 0x1c,
    0x1c, 0x1c, 0x1c, 0x1c, 0x1c, 0x1c, 0x1c, 0x1c,
    0x1c, 0x1c, 0x1c, 0x1c, 0xe4, 0xe8, 0xe8, 0xe8,
    0xff, 0xec, 0xe8, 0xe8, 0xec, 0xff, 0xe8, 0xe8,
    0xe8, 0xe8, 0x0, 0x0, 0x0, 0x0, 0xf8, 0x30,
    0x0, 0x0, 0x2c, 0xfc, 0x0, 0x0, 0x0, 0x0,
    0x0, 0x0, 0xab, 0xe4, 0xff, 0xe9, 0xe4, 0xe4,
    0xe8, 0xff, 0xe4, 0xab, 0x0, 0x0, 0x0, 0x0,
    0x18, 0x20, 0x20, 0x20, 0x20, 0x20, 0x20, 0x20,
    0x7b, 0xc0, 0x0, 0x0, 0x0, 0x0, 0x18, 0x20,
    0x20, 0x20, 0x20, 0x20, 0x20, 0x20, 0x7b, 0xc0,
    0x0, 0x0, 0x0, 0x0, 0xc0, 0xef, 0xe4, 0xe4,
    0xe4, 0xe4, 0xe4, 0xe4, 0xe4, 0xab, 0x0, 0x0,
    0x0, 0x0, 0xc0, 0x6f, 0xc, 0xc, 0xc, 0xc,
    0xc, 0xc, 0xc, 0xc, 0x1, 0x0, 0x0, 0x0,
    0xc0, 0xff, 0xff, 0xff, 0xff, 0xff, 0xff, 0xff,
    0xff, 0xff, 0x28, 0x0,

    /* U+B4DC "드" */
    0x0, 0x0, 0xa0, 0xff, 0xff, 0xff, 0xff, 0xff,
    0xff, 0xff, 0xff, 0xa0, 0x0, 0x0, 0x0, 0x0,
    0xa0, 0x91, 0xc, 0xc, 0xc, 0xc, 0xc, 0xc,
    0xc, 0x7, 0x0, 0x0, 0x0, 0x0, 0xa0, 0x8c,
    0x0, 0x0, 0x0, 0x0, 0x0, 0x0, 0x0, 0x0,
    0x0, 0x0, 0x0, 0x0, 0xa0, 0x8c, 0x0, 0x0,
    0x0, 0x0, 0x0, 0x0, 0x0, 0x0, 0x0, 0x0,
    0x0, 0x0, 0xa0, 0x8c, 0x0, 0x0, 0x0, 0x0,
    0x0, 0x0, 0x0, 0x0, 0x0, 0x0, 0x0, 0x0,
    0xa0, 0xe3, 0xc0, 0xc0, 0xc0, 0xc0, 0xc0, 0xc0,
    0xc0, 0xa8, 0x0, 0x0, 0x0, 0x0, 0x2f, 0x4c,
    0x4c, 0x4c, 0x4c, 0x4c, 0x4c, 0x4c, 0x4c, 0x42,
    0x0, 0x0, 0x0, 0x0, 0x0, 0x0, 0x0, 0x0,
    0x0, 0x0, 0x0, 0x0, 0x0, 0x0, 0x0, 0x0,
    0x0, 0x0, 0x0, 0x0, 0x0, 0x0, 0x0, 0x0,
    0x0, 0x0, 0x0, 0x0, 0x0, 0x0, 0x17, 0x18,
    0x18, 0x18, 0x18, 0x18, 0x18, 0x18, 0x18, 0x18,
    0x18, 0x18, 0x18, 0x18, 0xf0, 0xf4, 0xf4, 0xf4,
    0xf4, 0xf4, 0xf4, 0xf4, 0xf4, 0xf4, 0xf4, 0xf4,
    0xf4, 0xf4,

    /* U+B4E0 "든" */
    0x0, 0x0, 0xa4, 0xff, 0xff, 0xff, 0xff, 0xff,
    0xff, 0xff, 0xff, 0xa4, 0x0, 0x0, 0x0, 0x0,
    0xa4, 0x8d, 0xc, 0xc, 0xc, 0xc, 0xc, 0xc,
    0xc, 0x7, 0x0, 0x0, 0x0, 0x0, 0xa4, 0x88,
    0x0, 0x0, 0x0, 0x0, 0x0, 0x0, 0x0, 0x0,
    0x0, 0x0, 0x0, 0x0, 0xa4, 0x88, 0x0, 0x0,
    0x0, 0x0, 0x0, 0x0, 0x0, 0x0, 0x0, 0x0,
    0x0, 0x0, 0xa4, 0xfa, 0xf4, 0xf4, 0xf4, 0xf4,
    0xf4, 0xf4, 0xf4, 0xc2, 0x0, 0x0, 0x0, 0x0,
    0xf, 0x18, 0x18, 0x18, 0x18, 0x18, 0x18, 0x18,
    0x18, 0x13, 0x0, 0x0, 0x0, 0x0, 0x0, 0x0,
    0x0, 0x0, 0x0, 0x0, 0x0, 0x0, 0x0, 0x0,
    0x0, 0x0, 0xf0, 0xf4, 0xf4, 0xf4, 0xf4, 0xf4,
    0xf4, 0xf4, 0xf4, 0xf4, 0xf4, 0xf4, 0xf4, 0xf4,
    0x17, 0x18, 0x18, 0x18, 0x18, 0x18, 0x18, 0x18,
    0x18, 0x18, 0x18, 0x18, 0x18, 0x18, 0x0, 0x0,
    0x32, 0x21, 0x0, 0x0, 0x0, 0x0, 0x0, 0x0,
    0x0, 0x0, 0x0, 0x0, 0x0, 0x0, 0xb4, 0x78,
    0x0, 0x0, 0x0, 0x0, 0x0, 0x0, 0x0, 0x0,
    0x0, 0x0, 0x0, 0x0, 0xb4, 0x78, 0x0, 0x0,
    0x0, 0x0, 0x0, 0x0, 0x0, 0x0, 0x0, 0x0,
    0x0, 0x0, 0xb4, 0x7e, 0xc, 0xc, 0xc, 0xc,
    0xc, 0xc, 0xc, 0xc, 0x0, 0x0, 0x0, 0x0,
    0xb4, 0xff, 0xff, 0xff, 0xff, 0xff, 0xff, 0xff,
    0xff, 0xff, 0x4, 0x0,

    /* U+B514 "디" */
    0x0, 0x0, 0x0, 0x0, 0x0, 0x0, 0x0, 0x0,
    0x0, 0x0, 0x39, 0xd2, 0x0, 0x0, 0x0, 0x0,
    0x0, 0x0, 0x0, 0x0, 0x0, 0x0, 0x40, 0xec,
    0x40, 0xff, 0xff, 0xff, 0xff, 0xff, 0xff, 0xff,
    0x4, 0x0, 0x40, 0xec, 0x40, 0xec, 0xc, 0xc,
    0xc, 0xc, 0xc, 0xc, 0x0, 0x0, 0x40, 0xec,
    0x40, 0xec, 0x0, 0x0, 0x0, 0x0, 0x0, 0x0,
    0x0, 0x0, 0x40, 0xec, 0x40, 0xec, 0x0, 0x0,
    0x0, 0x0, 0x0, 0x0, 0x0, 0x0, 0x40, 0xec,
    0x40, 0xec, 0x0, 0x0, 0x0, 0x0, 0x0, 0x0,
    0x0, 0x0, 0x40, 0xec, 0x40, 0xec, 0x0, 0x0,
    0x0, 0x0, 0x0, 0x0, 0x0, 0x0, 0x40, 0xec,
    0x40, 0xec, 0x0, 0x0, 0x0, 0x0, 0x0, 0x0,
    0x0, 0x0, 0x40, 0xec, 0x40, 0xec, 0x0, 0x0,
    0x0, 0x0, 0x0, 0x0, 0x0, 0x0, 0x40, 0xec,
    0x40, 0xf9, 0xb0, 0xb0, 0xb2, 0xb6, 0xbc, 0xc5,
    0xb4, 0x0, 0x40, 0xec, 0x14, 0x50, 0x50, 0x4f,
    0x4d, 0x4a, 0x43, 0x35, 0x1b, 0x0, 0x40, 0xec,
    0x0, 0x0, 0x0, 0x0, 0x0, 0x0, 0x0, 0x0,
    0x0, 0x0, 0x40, 0xec, 0x0, 0x0, 0x0, 0x0,
    0x0, 0x0, 0x0, 0x0, 0x0, 0x0, 0x40, 0xec,
    0x0, 0x0, 0x0, 0x0, 0x0, 0x0, 0x0, 0x0,
    0x0, 0x0, 0x40, 0xec, 0x0, 0x0, 0x0, 0x0,
    0x0, 0x0, 0x0, 0x0, 0x0, 0x0, 0xc, 0x2c,

    /* U+B530 "따" */
    0x0, 0x0, 0x0, 0x0, 0x0, 0x0, 0x0, 0x0,
    0x0, 0x0, 0x7, 0xe4, 0x20, 0x0, 0x0, 0x0,
    0x0, 0x0, 0x0, 0x0, 0x0, 0x0, 0x0, 0x0,
    0x0, 0x8, 0xff, 0x24, 0x0, 0x0, 0x38, 0xff,
    0xff, 0xff, 0xac, 0x3c, 0xff, 0xff, 0xff, 0xb8,
    0x8, 0xff, 0x24, 0x0, 0x0, 0x38, 0xec, 0x8,
    0x8, 0x5, 0x3c, 0xec, 0x8, 0x8, 0x5, 0x8,
    0xff, 0x24, 0x0, 0x0, 0x38, 0xec, 0x0, 0x0,
    0x0, 0x3c, 0xec, 0x0, 0x0, 0x0, 0x8, 0xff,
    0x24, 0x0, 0x0, 0x38, 0xec, 0x0, 0x0, 0x0,
    0x3c, 0xec, 0x0, 0x0, 0x0, 0x8, 0xff, 0x24,
    0x0, 0x0, 0x38, 0xec, 0x0, 0x0, 0x0, 0x3c,
    0xec, 0x0, 0x0, 0x0, 0x8, 0xff, 0x87, 0x74,
    0x4f, 0x38, 0xec, 0x0, 0x0, 0x0, 0x3c, 0xec,
    0x0, 0x0, 0x0, 0x8, 0xff, 0x9c, 0x8c, 0x60,
    0x38, 0xec, 0x0, 0x0, 0x0, 0x3c, 0xec, 0x0,
    0x0, 0x0, 0x8, 0xff, 0x24, 0x0, 0x0, 0x38,
    0xec, 0x0, 0x0, 0x0, 0x3c, 0xec, 0x0, 0x0,
    0x0, 0x8, 0xff, 0x24, 0x0, 0x0, 0x38, 0xfa,
    0xb9, 0xc3, 0xd4, 0x3c, 0xfa, 0xb5, 0xbd, 0xd1,
    0x33, 0xff, 0x24, 0x0, 0x0, 0xe, 0x42, 0x3b,
    0x2b, 0xf, 0x10, 0x47, 0x43, 0x38, 0x25, 0xc,
    0xff, 0x24, 0x0, 0x0, 0x0, 0x0, 0x0, 0x0,
    0x0, 0x0, 0x0, 0x0, 0x0, 0x0, 0x8, 0xff,
    0x24, 0x0, 0x0, 0x0, 0x0, 0x0, 0x0, 0x0,
    0x0, 0x0, 0x0, 0x0, 0x0, 0x8, 0xff, 0x24,
    0x0, 0x0, 0x0, 0x0, 0x0, 0x0, 0x0, 0x0,
    0x0, 0x0, 0x0, 0x0, 0x8, 0xff, 0x24, 0x0,
    0x0, 0x0, 0x0, 0x0, 0x0, 0x0, 0x0, 0x0,
    0x0, 0x0, 0x0, 0x1, 0x30, 0x6, 0x0, 0x0,

    /* U+B54C "때" */
    0x0, 0x0, 0x0, 0x0, 0x0, 0x0, 0x0, 0x0,
    0x0, 0x0, 0x0, 0x2a, 0xe0, 0x0, 0x0, 0x0,
    0x0, 0x0, 0x0, 0x0, 0x0, 0x0, 0xfc, 0x30,
    0x30, 0xfc, 0x28, 0xff, 0xff, 0xff, 0x20, 0xff,
    0xff, 0xf8, 0x0, 0xfc, 0x30, 0x30, 0xfc, 0x28,
    0xff, 0x4, 0x4, 0x20, 0xff, 0x7, 0x3, 0x0,
    0xfc, 0x30, 0x30, 0xfc, 0x28, 0xff, 0x0, 0x0,
    0x20, 0xff, 0x4, 0x0, 0x0, 0xfc, 0x30, 0x30,
    0xfc, 0x28, 0xff, 0x0, 0x0, 0x20, 0xff, 0x4,
    0x0, 0x0, 0xfc, 0x30, 0x30, 0xfc, 0x28, 0xff,
    0x0, 0x0, 0x20, 0xff, 0x4, 0x0, 0x0, 0xfc,
    0x46, 0x46, 0xfc, 0x28, 0xff, 0x0, 0x0, 0x20,
    0xff, 0x4, 0x0, 0x0, 0xfc, 0xe2, 0xe2, 0xfc,
    0x28, 0xff, 0x0, 0x0, 0x20, 0xff, 0x4, 0x0,
    0x0, 0xfc, 0x30, 0x30, 0xfc, 0x28, 0xff, 0x0,
    0x0, 0x20, 0xff, 0x4, 0x0, 0x0, 0xfc, 0x30,
    0x30, 0xfc, 0x28, 0xff, 0x6c, 0x7b, 0x52, 0xff,
    0x6e, 0x7a, 0x38, 0xfc, 0x30, 0x30, 0xfc, 0x16,
    0x8f, 0x88, 0x78, 0x39, 0x8f, 0x89, 0x79, 0x2d,
    0xfc, 0x30, 0x30, 0xfc, 0x0, 0x0, 0x0, 0x0,
    0x0, 0x0, 0x0, 0x0, 0x0, 0xfc, 0x30, 0x30,
    0xfc, 0x0, 0x0, 0x0, 0x0, 0x0, 0x0, 0x0,
    0x0, 0x0, 0xfc, 0x30, 0x30, 0xfc, 0x0, 0x0,
    0x0, 0x0, 0x0, 0x0, 0x0, 0x0, 0x0, 0xfc,
    0x30, 0x30, 0xfc, 0x0, 0x0, 0x0, 0x0, 0x0,
    0x0, 0x0, 0x0, 0x0, 0x0, 0x0, 0x9, 0x2f,

    /* U+B5A0 "떠" */
    0x0, 0x0, 0x0, 0x0, 0x0, 0x0, 0x0, 0x0,
    0x0, 0x0, 0x0, 0x4e, 0xc0, 0x0, 0x0, 0x0,
    0x0, 0x0, 0x0, 0x0, 0x0, 0x0, 0x0, 0x0,
    0x58, 0xd8, 0x38, 0xff, 0xff, 0xff, 0x6c, 0x54,
    0xff, 0xff, 0xff, 0xdc, 0x0, 0x58, 0xd8, 0x38,
    0xec, 0x8, 0x8, 0x3, 0x54, 0xd5, 0x8, 0x8,
    0x6, 0x0, 0x58, 0xd8, 0x38, 0xec, 0x0, 0x0,
    0x0, 0x54, 0xd4, 0x0, 0x0, 0x0, 0x0, 0x58,
    0xd8, 0x38, 0xec, 0x0, 0x0, 0x0, 0x54, 0xd4,
    0x0, 0x0, 0x0, 0x0, 0x58, 0xd8, 0x38, 0xec,
    0x0, 0x0, 0x0, 0x54, 0xd4, 0x0, 0x37, 0xfc,
    0xfc, 0xfd, 0xd8, 0x38, 0xec, 0x0, 0x0, 0x0,
    0x54, 0xd4, 0x0, 0x1, 0x8, 0x8, 0x5d, 0xd8,
    0x38, 0xec, 0x0, 0x0, 0x0, 0x54, 0xd4, 0x0,
    0x0, 0x0, 0x0, 0x58, 0xd8, 0x38, 0xec, 0x0,
    0x0, 0x0, 0x54, 0xd4, 0x0, 0x0, 0x0, 0x0,
    0x58, 0xd8, 0x38, 0xfa, 0xb9, 0xc6, 0xa7, 0x54,
    0xf2, 0xb5, 0xbc, 0xcd, 0x52, 0x58, 0xd8, 0xe,
    0x42, 0x3a, 0x28, 0x9, 0x17, 0x47, 0x43, 0x3a,
    0x29, 0x8, 0x58, 0xd8, 0x0, 0x0, 0x0, 0x0,
    0x0, 0x0, 0x0, 0x0, 0x0, 0x0, 0x0, 0x58,
    0xd8, 0x0, 0x0, 0x0, 0x0, 0x0, 0x0, 0x0,
    0x0, 0x0, 0x0, 0x0, 0x58, 0xd8, 0x0, 0x0,
    0x0, 0x0, 0x0, 0x0, 0x0, 0x0, 0x0, 0x0,
    0x0, 0x58, 0xd8, 0x0, 0x0, 0x0, 0x0, 0x0,
    0x0, 0x0, 0x0, 0x0, 0x0, 0x0, 0x10, 0x28,

    /* U+B610 "또" */
    0x0, 0xa0, 0xff, 0xff, 0xff, 0xff, 0x4c, 0xc8,
    0xff, 0xff, 0xff, 0xff, 0x68, 0x0, 0x0, 0xa0,
    0x91, 0xc, 0xc, 0xc, 0x3, 0xc8, 0x63, 0xc,
    0xc, 0xc, 0x4, 0x0, 0x0, 0xa0, 0x8c, 0x0,
    0x0, 0x0, 0x0, 0xc8, 0x5c, 0x0, 0x0, 0x0,
    0x0, 0x0, 0x0, 0xa0, 0x8c, 0x0, 0x0, 0x0,
    0x0, 0xc8, 0x5c, 0x0, 0x0, 0x0, 0x0, 0x0,
    0x0, 0xa0, 0x8c, 0x0, 0x0, 0x0, 0x0, 0xc8,
    0x5c, 0x0, 0x0, 0x0, 0x0, 0x0, 0x0, 0xa0,
    0xfa, 0xf4, 0xf4, 0xf4, 0x7d, 0xc8, 0xf8, 0xf4,
    0xf4, 0xf4, 0x94, 0x0, 0x0, 0xc, 0x14, 0x14,
    0x14, 0x14, 0xa, 0xf, 0x14, 0x14, 0x14, 0x14,
    0xc, 0x0, 0x0, 0x0, 0x0, 0x0, 0x0, 0x0,
    0x98, 0x98, 0x0, 0x0, 0x0, 0x0, 0x0, 0x0,
    0x0, 0x0, 0x0, 0x0, 0x0, 0x0, 0x98, 0x98,
    0x0, 0x0, 0x0, 0x0, 0x0, 0x0, 0x3, 0x4,
    0x4, 0x4, 0x4, 0x4, 0x99, 0x99, 0x4, 0x4,
    0x4, 0x4, 0x4, 0x4, 0xfc, 0xff, 0xff, 0xff,
    0xff, 0xff, 0xff, 0xff, 0xff, 0xff, 0xff, 0xff,
    0xff, 0xff, 0x3, 0x4, 0x4, 0x4, 0x4, 0x4,
    0x4, 0x4, 0x4, 0x4, 0x4, 0x4, 0x4, 0x4,

    /* U+B77C "라" */
    0x0, 0x0, 0x0, 0x0, 0x0, 0x0, 0x0, 0x0,
    0x0, 0x35, 0xd2, 0x0, 0x0, 0x0, 0x0, 0x0,
    0x0, 0x0, 0x0, 0x0, 0x0, 0x0, 0x0, 0x3c,
    0xec, 0x0, 0x0, 0x0, 0xfc, 0xff, 0xff, 0xff,
    0xff, 0xff, 0xe4, 0x0, 0x0, 0x3c, 0xec, 0x0,
    0x0, 0x0, 0xb, 0xc, 0xc, 0xc, 0xc, 0x4c,
    0xe4, 0x0, 0x0, 0x3c, 0xec, 0x0, 0x0, 0x0,
    0x0, 0x0, 0x0, 0x0, 0x0, 0x44, 0xe4, 0x0,
    0x0, 0x3c, 0xec, 0x0, 0x0, 0x0, 0x0, 0x0,
    0x0, 0x0, 0x0, 0x44, 0xe4, 0x0, 0x0, 0x3c,
    0xec, 0x0, 0x0, 0x0, 0xbd, 0xc0, 0xc0, 0xc0,
    0xc0, 0xd1, 0xe4, 0x0, 0x0, 0x3c, 0xef, 0x2c,
    0x2c, 0x17, 0xfc, 0x60, 0x3c, 0x3c, 0x3c, 0x3c,
    0x35, 0x0, 0x0, 0x3c, 0xfc, 0xd8, 0xd8, 0x72,
    0xfc, 0x30, 0x0, 0x0, 0x0, 0x0, 0x0, 0x0,
    0x0, 0x3c, 0xec, 0x0, 0x0, 0x0, 0xfc, 0x30,
    0x0, 0x0, 0x0, 0x0, 0x0, 0x0, 0x0, 0x3c,
    0xec, 0x0, 0x0, 0x0, 0xfc, 0x3a, 0xe, 0x10,
    0x17, 0x1f, 0x2d, 0x42, 0x23, 0x3c, 0xec, 0x0,
    0x0, 0x0, 0xec, 0xef, 0xec, 0xe8, 0xe2, 0xd9,
    0xcc, 0xb9, 0x4f, 0x3c, 0xec, 0x0, 0x0, 0x0,
    0x0, 0x0, 0x0, 0x0, 0x0, 0x0, 0x0, 0x0,
    0x0, 0x3c, 0xec, 0x0, 0x0, 0x0, 0x0, 0x0,
    0x0, 0x0, 0x0, 0x0, 0x0, 0x0, 0x0, 0x3c,
    0xec, 0x0, 0x0, 0x0, 0x0, 0x0, 0x0, 0x0,
    0x0, 0x0, 0x0, 0x0, 0x0, 0x3c, 0xec, 0x0,
    0x0, 0x0, 0x0, 0x0, 0x0, 0x0, 0x0, 0x0,
    0x0, 0x0, 0x0, 0xb, 0x2c, 0x0, 0x0, 0x0,

    /* U+B798 "래" */
    0x0, 0x0, 0x0, 0x0, 0x0, 0x0, 0x0, 0x0,
    0x0, 0x0, 0x0, 0x39, 0xd2, 0x0, 0x0, 0x0,
    0x0, 0x0, 0x0, 0x0, 0x0, 0x38, 0xec, 0x0,
    0x40, 0xec, 0x18, 0xff, 0xff, 0xff, 0xff, 0xff,
    0xe8, 0x0, 0x38, 0xec, 0x0, 0x40, 0xec, 0x1,
    0xc, 0xc, 0xc, 0xc, 0x4c, 0xe8, 0x0, 0x38,
    0xec, 0x0, 0x40, 0xec, 0x0, 0x0, 0x0, 0x0,
    0x0, 0x44, 0xe8, 0x0, 0x38, 0xec, 0x0, 0x40,
    0xec, 0x0, 0x0, 0x0, 0x0, 0x0, 0x44, 0xe8,
    0x0, 0x38, 0xec, 0x0, 0x40, 0xec, 0x10, 0xb0,
    0xb0, 0xb0, 0xb0, 0xc5, 0xe8, 0x0, 0x38, 0xec,
    0x0, 0x40, 0xec, 0x18, 0xff, 0x5a, 0x4c, 0x4c,
    0x4c, 0x44, 0x0, 0x38, 0xfe, 0xe8, 0xee, 0xec,
    0x18, 0xff, 0x14, 0x0, 0x0, 0x0, 0x0, 0x0,
    0x38, 0xee, 0x1c, 0x55, 0xec, 0x18, 0xff, 0x14,
    0x0, 0x0, 0x0, 0x0, 0x0, 0x38, 0xec, 0x0,
    0x40, 0xec, 0x18, 0xff, 0x14, 0x0, 0x0, 0x0,
    0x0, 0x7, 0x38, 0xec, 0x0, 0x40, 0xec, 0x18,
    0xff, 0xf1, 0xf0, 0xf0, 0xf3, 0xfa, 0xe4, 0x38,
    0xec, 0x0, 0x40, 0xec, 0x1, 0x10, 0x10, 0xf,
    0xd, 0xb, 0x4, 0x0, 0x38, 0xec, 0x0, 0x40,
    0xec, 0x0, 0x0, 0x0, 0x0, 0x0, 0x0, 0x0,
    0x0, 0x38, 0xec, 0x0, 0x40, 0xec, 0x0, 0x0,
    0x0, 0x0, 0x0, 0x0, 0x0, 0x0, 0x38, 0xec,
    0x0, 0x40, 0xec, 0x0, 0x0, 0x0, 0x0, 0x0,
    0x0, 0x0, 0x0, 0x0, 0x0, 0x0, 0xc, 0x2c,

    /* U+B7EC "러" */
    0x0, 0x0, 0x0, 0x0, 0x0, 0x0, 0x0, 0x0,
    0x0, 0x0, 0xd2, 0x39, 0x0, 0x0, 0x0, 0x0,
    0x0, 0x0, 0x0, 0x0, 0x0, 0x0, 0xec, 0x40,
    0xe0, 0xff, 0xff, 0xff, 0xff, 0xff, 0xe8, 0x0,
    0x0, 0x0, 0xec, 0x40, 0xa, 0xc, 0xc, 0xc,
    0xc, 0x4c, 0xe8, 0x0, 0x0, 0x0, 0xec, 0x40,
    0x0, 0x0, 0x0, 0x0, 0x0, 0x44, 0xe8, 0x0,
    0x0, 0x0, 0xec, 0x40, 0x0, 0x0, 0x0, 0x0,
    0x0, 0x44, 0xe8, 0x0, 0x0, 0x0, 0xec, 0x40,
    0xae, 0xc0, 0xc0, 0xc0, 0xc0, 0xd1, 0xe8, 0x31,
    0x4c, 0x4c, 0xf1, 0x40, 0xe8, 0x6a, 0x38, 0x38,
    0x38, 0x38, 0x32, 0x73, 0xb0, 0xb0, 0xf9, 0x40,
    0xe8, 0x40, 0x0, 0x0, 0x0, 0x0, 0x0, 0x0,
    0x0, 0x0, 0xec, 0x40, 0xe8, 0x40, 0x0, 0x0,
    0x0, 0x0, 0x0, 0x0, 0x0, 0x0, 0xec, 0x40,
    0xe8, 0x43, 0x4, 0x4, 0x6, 0x9, 0x19, 0x2a,
    0x0, 0x0, 0xec, 0x40, 0xe0, 0xf7, 0xf4, 0xf0,
    0xe7, 0xdd, 0xcc, 0xaa, 0x0, 0x0, 0xec, 0x40,
    0x0, 0x0, 0x0, 0x0, 0x0, 0x0, 0x0, 0x0,
    0x0, 0x0, 0xec, 0x40, 0x0, 0x0, 0x0, 0x0,
    0x0, 0x0, 0x0, 0x0, 0x0, 0x0, 0xec, 0x40,
    0x0, 0x0, 0x0, 0x0, 0x0, 0x0, 0x0, 0x0,
    0x0, 0x0, 0xec, 0x40, 0x0, 0x0, 0x0, 0x0,
    0x0, 0x0, 0x0, 0x0, 0x0, 0x0, 0x2c, 0xc,

    /* U+B7FC "럼" */
    0x0, 0x0, 0x0, 0x0, 0x0, 0x0, 0x0, 0x0,
    0x0, 0x0, 0x31, 0x93, 0x40, 0xff, 0xff, 0xff,
    0xff, 0xff, 0xf8, 0x0, 0x0, 0x0, 0x4c, 0xe0,
    0x2, 0x8, 0x8, 0x8, 0x8, 0x3e, 0xf8, 0x0,
    0x0, 0x0, 0x4c, 0xe0, 0x4, 0x10, 0x10, 0x10,
    0x10, 0x44, 0xf8, 0x0, 0x0, 0x0, 0x4c, 0xe0,
    0x40, 0xfe, 0xf0, 0xf0, 0xf0, 0xf0, 0xe8, 0x13,
    0xf4, 0xf4, 0xf7, 0xe0, 0x40, 0xec, 0x0, 0x0,
    0x0, 0x0, 0x0, 0x1, 0x14, 0x14, 0x5a, 0xe0,
    0x40, 0xec, 0x0, 0x0, 0x0, 0x0, 0x2, 0x19,
    0x2, 0x0, 0x4c, 0xe0, 0x40, 0xfe, 0xec, 0xec,
    0xed, 0xf3, 0xf7, 0xe2, 0x1d, 0x0, 0x4c, 0xe0,
    0x6, 0x18, 0x17, 0x15, 0x13, 0xd, 0x0, 0x0,
    0x0, 0x0, 0x4a, 0xdc, 0x0, 0x0, 0xa, 0x10,
    0x10, 0x10, 0x10, 0x10, 0x10, 0x10, 0x10, 0xe,
    0x0, 0x0, 0xa0, 0xfa, 0xf4, 0xf4, 0xf4, 0xf4,
    0xf4, 0xf4, 0xf7, 0xe0, 0x0, 0x0, 0xa0, 0x88,
    0x0, 0x0, 0x0, 0x0, 0x0, 0x0, 0x4c, 0xe0,
    0x0, 0x0, 0xa0, 0x88, 0x0, 0x0, 0x0, 0x0,
    0x0, 0x0, 0x4c, 0xe0, 0x0, 0x0, 0xa0, 0x8b,
    0x8, 0x8, 0x8, 0x8, 0x8, 0x8, 0x51, 0xe0,
    0x0, 0x0, 0xa0, 0xff, 0xff, 0xff, 0xff, 0xff,
    0xff, 0xff, 0xff, 0xe0,

    /* U+B808 "레" */
    0x0, 0x0, 0x0, 0x0, 0x0, 0x0, 0x0, 0x0,
    0x0, 0x0, 0x0, 0x3c, 0xd2, 0x0, 0x0, 0x0,
    0x0, 0x0, 0x0, 0x0, 0x0, 0x0, 0xff, 0x28,
    0x44, 0xec, 0x14, 0xff, 0xff, 0xff, 0xff, 0xff,
    0x40, 0x0, 0x0, 0xff, 0x28, 0x44, 0xec, 0x0,
    0xc, 0xc, 0xc, 0xc, 0xec, 0x40, 0x0, 0x0,
    0xff, 0x28, 0x44, 0xec, 0x0, 0x0, 0x0, 0x0,
    0x0, 0xec, 0x40, 0x0, 0x0, 0xff, 0x28, 0x44,
    0xec, 0x0, 0x0, 0x0, 0x0, 0x0, 0xec, 0x40,
    0x0, 0x0, 0xff, 0x28, 0x44, 0xec, 0xc, 0xa4,
    0xa4, 0xa4, 0xa4, 0xf8, 0x43, 0x1c, 0x1c, 0xff,
    0x28, 0x44, 0xec, 0x14, 0xff, 0x67, 0x58, 0x58,
    0x58, 0x36, 0xe8, 0xe8, 0xff, 0x28, 0x44, 0xec,
    0x14, 0xff, 0x18, 0x0, 0x0, 0x0, 0x0, 0x0,
    0x0, 0xff, 0x28, 0x44, 0xec, 0x14, 0xff, 0x18,
    0x0, 0x0, 0x0, 0x0, 0x0, 0x0, 0xff, 0x28,
    0x44, 0xec, 0x14, 0xff, 0x18, 0x0, 0x0, 0x0,
    0x0, 0x0, 0x0, 0xff, 0x28, 0x44, 0xec, 0x14,
    0xff, 0xca, 0xc6, 0xca, 0xd3, 0xe3, 0x44, 0x0,
    0xff, 0x28, 0x44, 0xec, 0x5, 0x43, 0x42, 0x3d,
    0x37, 0x2d, 0x1b, 0x3, 0x0, 0xff, 0x28, 0x44,
    0xec, 0x0, 0x0, 0x0, 0x0, 0x0, 0x0, 0x0,
    0x0, 0x0, 0xff, 0x28, 0x44, 0xec, 0x0, 0x0,
    0x0, 0x0, 0x0, 0x0, 0x0, 0x0, 0x0, 0xff,
    0x28, 0x44, 0xec, 0x0, 0x0, 0x0, 0x0, 0x0,
    0x0, 0x0, 0x0, 0x0, 0x0, 0x0, 0xc, 0x2c,

    /* U+B825 "력" */
    0x0, 0x0, 0x0, 0x0, 0x0, 0x0, 0x0, 0x0,
    0x0, 0x0, 0x2a, 0x9a, 0x4c, 0xff, 0xff, 0xff,
    0xff, 0xff, 0xec, 0x0, 0x0, 0x0, 0x40, 0xec,
    0x2, 0x8, 0x8, 0x8, 0x8, 0x42, 0xec, 0x0,
    0x1c, 0x1c, 0x55, 0xec, 0x0, 0x0, 0x0, 0x0,
    0x0, 0x3c, 0xec, 0x0, 0xe4, 0xe4, 0xeb, 0xec,
    0x31, 0xa8, 0xa8, 0xa8, 0xa8, 0xbc, 0xec, 0x0,
    0x0, 0x0, 0x40, 0xec, 0x4c, 0xea, 0x54, 0x54,
    0x54, 0x54, 0x4d, 0x2, 0x48, 0x48, 0x76, 0xec,
    0x4c, 0xe0, 0x0, 0x0, 0x0, 0x0, 0x0, 0x5,
    0xbc, 0xbc, 0xcd, 0xec, 0x4c, 0xe8, 0x44, 0x44,
    0x46, 0x4d, 0x5d, 0x60, 0x0, 0x0, 0x40, 0xec,
    0x3a, 0xc4, 0xc3, 0xc1, 0xbf, 0xb6, 0x9e, 0x77,
    0x0, 0x0, 0x40, 0xec, 0x0, 0x0, 0x0, 0x0,
    0x0, 0x0, 0x0, 0x0, 0x0, 0x0, 0x16, 0x51,
    0x0, 0x0, 0xd9, 0xf4, 0xf4, 0xf4, 0xf4, 0xf4,
    0xf4, 0xf4, 0xf4, 0xe0, 0x0, 0x0, 0x11, 0x14,
    0x14, 0x14, 0x14, 0x14, 0x14, 0x14, 0x4f, 0xec,
    0x0, 0x0, 0x0, 0x0, 0x0, 0x0, 0x0, 0x0,
    0x0, 0x0, 0x40, 0xec, 0x0, 0x0, 0x0, 0x0,
    0x0, 0x0, 0x0, 0x0, 0x0, 0x0, 0x40, 0xec,
    0x0, 0x0, 0x0, 0x0, 0x0, 0x0, 0x0, 0x0,
    0x0, 0x0, 0x40, 0xec, 0x0, 0x0, 0x0, 0x0,
    0x0, 0x0, 0x0, 0x0, 0x0, 0x0, 0x19, 0x5c,

    /* U+B85C "로" */
    0x0, 0x0, 0xd8, 0xff, 0xff, 0xff, 0xff, 0xff,
    0xff, 0xff, 0xff, 0xd0, 0x0, 0x0, 0x0, 0x0,
    0x6, 0x8, 0x8, 0x8, 0x8, 0x8, 0x8, 0x8,
    0x5d, 0xd0, 0x0, 0x0, 0x0, 0x0, 0xe, 0x10,
    0x10, 0x10, 0x10, 0x10, 0x10, 0x10, 0x62, 0xd0,
    0x0, 0x0, 0x0, 0x0, 0xe0, 0xf7, 0xf4, 0xf4,
    0xf4, 0xf4, 0xf4, 0xf4, 0xf4, 0xc6, 0x0, 0x0,
    0x0, 0x0, 0xe0, 0x50, 0x0, 0x0, 0x0, 0x0,
    0x0, 0x0, 0x0, 0x0, 0x0, 0x0, 0x0, 0x0,
    0xe0, 0x50, 0x0, 0x0, 0x0, 0x0, 0x0, 0x0,
    0x0, 0x0, 0x0, 0x0, 0x0, 0x0, 0xe0, 0xe1,
    0xd4, 0xd4, 0xd4, 0xd4, 0xd4, 0xd4, 0xd4, 0xd4,
    0x35, 0x0, 0x0, 0x0, 0x31, 0x38, 0x38, 0x38,
    0xab, 0xae, 0x38, 0x38, 0x38, 0x38, 0xe, 0x0,
    0x0, 0x0, 0x0, 0x0, 0x0, 0x0, 0x94, 0x98,
    0x0, 0x0, 0x0, 0x0, 0x0, 0x0, 0x0, 0x0,
    0x0, 0x0, 0x0, 0x0, 0x94, 0x98, 0x0, 0x0,
    0x0, 0x0, 0x0, 0x0, 0xf0, 0xf4, 0xf4, 0xf4,
    0xf4, 0xf4, 0xfa, 0xfb, 0xf4, 0xf4, 0xf4, 0xf4,
    0xf4, 0xf4, 0x17, 0x18, 0x18, 0x18, 0x18, 0x18,
    0x18, 0x18, 0x18, 0x18, 0x18, 0x18, 0x18, 0x18,

    /* U+B85D "록" */
    0x0, 0x0, 0xa0, 0xff, 0xff, 0xff, 0xff, 0xff,
    0xff, 0xff, 0xff, 0xa8, 0x0, 0x0, 0x0, 0x0,
    0x2, 0x4, 0x4, 0x4, 0x4, 0x4, 0x4, 0x4,
    0x82, 0xa8, 0x0, 0x0, 0x0, 0x0, 0x98, 0xf4,
    0xf4, 0xf4, 0xf4, 0xf4, 0xf4, 0xf4, 0xfa, 0xa8,
    0x0, 0x0, 0x0, 0x0, 0xa0, 0x8f, 0x10, 0x10,
    0x10, 0x10, 0x10, 0x10, 0x10, 0xa, 0x0, 0x0,
    0x0, 0x0, 0xa0, 0x9e, 0x30, 0x30, 0x30, 0x30,
    0x30, 0x30, 0x30, 0x30, 0x0, 0x0, 0x0, 0x0,
    0x87, 0xd8, 0xd8, 0xd8, 0xef, 0xf0, 0xd8, 0xd8,
    0xd8, 0xd8, 0x0, 0x0, 0x0, 0x0, 0x0, 0x0,
    0x0, 0x0, 0x94, 0x9c, 0x0, 0x0, 0x0, 0x0,
    0x0, 0x0, 0xf0, 0xf4, 0xf4, 0xf4, 0xf4, 0xf4,
    0xfa, 0xfb, 0xf4, 0xf4, 0xf4, 0xf4, 0xf4, 0xf4,
    0x13, 0x14, 0x14, 0x14, 0x14, 0x14, 0x14, 0x14,
    0x14, 0x14, 0x14, 0x14, 0x14, 0x14, 0x0, 0x0,
    0x18, 0x18, 0x18, 0x18, 0x18, 0x18, 0x18, 0x18,
    0x18, 0x10, 0x0, 0x0, 0x0, 0x0, 0xf4, 0xf4,
    0xf4, 0xf4, 0xf4, 0xf4, 0xf4, 0xf4, 0xf9, 0xb4,
    0x0, 0x0, 0x0, 0x0, 0x0, 0x0, 0x0, 0x0,
    0x0, 0x0, 0x0, 0x0, 0x74, 0xb4, 0x0, 0x0,
    0x0, 0x0, 0x0, 0x0, 0x0, 0x0, 0x0, 0x0,
    0x0, 0x0, 0x74, 0xb4, 0x0, 0x0, 0x0, 0x0,
    0x0, 0x0, 0x0, 0x0, 0x0, 0x0, 0x0, 0x0,
    0x74, 0xb4, 0x0, 0x0, 0x0, 0x0, 0x0, 0x0,
    0x0, 0x0, 0x0, 0x0, 0x0, 0x0, 0x41, 0x65,
    0x0, 0x0,

    /* U+B8CC "료" */
    0x0, 0x0, 0xe0, 0xff, 0xff, 0xff, 0xff, 0xff,
    0xff, 0xff, 0xff, 0xe0, 0x0, 0x0, 0x0, 0x0,
    0xa, 0xc, 0xc, 0xc, 0xc, 0xc, 0xc, 0xc,
    0x58, 0xe0, 0x0, 0x0, 0x0, 0x0, 0xa, 0xc,
    0xc, 0xc, 0xc, 0xc, 0xc, 0xc, 0x58, 0xe0,
    0x0, 0x0, 0x0, 0x0, 0xe8, 0xf7, 0xf4, 0xf4,
    0xf4, 0xf4, 0xf4, 0xf4, 0xf4, 0xd5, 0x0, 0x0,
    0x0, 0x0, 0xe8, 0x48, 0x0, 0x0, 0x0, 0x0,
    0x0, 0x0, 0x0, 0x0, 0x0, 0x0, 0x0, 0x0,
    0xe8, 0x48, 0x0, 0x0, 0x0, 0x0, 0x0, 0x0,
    0x0, 0x0, 0x0, 0x0, 0x0, 0x0, 0xe8, 0xf7,
    0xf4, 0xf4, 0xf4, 0xf4, 0xf4, 0xf4, 0xf4, 0xf4,
    0x35, 0x0, 0x0, 0x0, 0x12, 0x14, 0xf1, 0x4b,
    0x14, 0x14, 0x47, 0xf4, 0x14, 0x14, 0x4, 0x0,
    0x0, 0x0, 0x0, 0x0, 0xf0, 0x3c, 0x0, 0x0,
    0x38, 0xf4, 0x0, 0x0, 0x0, 0x0, 0x0, 0x0,
    0x0, 0x0, 0xf0, 0x3c, 0x0, 0x0, 0x38, 0xf4,
    0x0, 0x0, 0x0, 0x0, 0xf0, 0xf4, 0xf4, 0xf4,
    0xff, 0xf6, 0xf4, 0xf4, 0xf6, 0xff, 0xf4, 0xf4,
    0xf4, 0xf4, 0x13, 0x14, 0x14, 0x14, 0x14, 0x14,
    0x14, 0x14, 0x14, 0x14, 0x14, 0x14, 0x14, 0x14,

    /* U+B8E8 "루" */
    0x0, 0x0, 0xac, 0xff, 0xff, 0xff, 0xff, 0xff,
    0xff, 0xff, 0xff, 0xb4, 0x0, 0x0, 0x0, 0x0,
    0x8, 0xc, 0xc, 0xc, 0xc, 0xc, 0xc, 0xc,
    0x7a, 0xb4, 0x0, 0x0, 0x0, 0x0, 0x7e, 0xbc,
    0xbc, 0xbc, 0xbc, 0xbc, 0xbc, 0xbc, 0xda, 0xb4,
    0x0, 0x0, 0x0, 0x0, 0xac, 0x9c, 0x44, 0x44,
    0x44, 0x44, 0x44, 0x44, 0x44, 0x2f, 0x0, 0x0,
    0x0, 0x0, 0xac, 0x78, 0x0, 0x0, 0x0, 0x0,
    0x0, 0x0, 0x0, 0x0, 0x0, 0x0, 0x0, 0x0,
    0xac, 0xf9, 0xf4, 0xf4, 0xf4, 0xf4, 0xf4, 0xf4,
    0xf4, 0xf4, 0xb, 0x0, 0x0, 0x0, 0x10, 0x18,
    0x18, 0x18, 0x18, 0x18, 0x18, 0x18, 0x18, 0x18,
    0x1, 0x0, 0x0, 0x0, 0x0, 0x0, 0x0, 0x0,
    0x0, 0x0, 0x0, 0x0, 0x0, 0x0, 0x0, 0x0,
    0xf4, 0xf8, 0xf8, 0xf8, 0xf8, 0xf8, 0xf8, 0xf8,
    0xf8, 0xf8, 0xf8, 0xf8, 0xf8, 0xf8, 0x17, 0x18,
    0x18, 0x18, 0x18, 0x18, 0x9e, 0xa5, 0x18, 0x18,
    0x18, 0x18, 0x18, 0x18, 0x0, 0x0, 0x0, 0x0,
    0x0, 0x0, 0x94, 0x9c, 0x0, 0x0, 0x0, 0x0,
    0x0, 0x0, 0x0, 0x0, 0x0, 0x0, 0x0, 0x0,
    0x94, 0x9c, 0x0, 0x0, 0x0, 0x0, 0x0, 0x0,
    0x0, 0x0, 0x0, 0x0, 0x0, 0x0, 0x94, 0x9c,
    0x0, 0x0, 0x0, 0x0, 0x0, 0x0, 0x0, 0x0,
    0x0, 0x0, 0x0, 0x0, 0x94, 0x9c, 0x0, 0x0,
    0x0, 0x0, 0x0, 0x0, 0x0, 0x0, 0x0, 0x0,
    0x0, 0x0, 0x3c, 0x3f, 0x0, 0x0, 0x0, 0x0,
    0x0, 0x0,

    /* U+B958 "류" */
    0x0, 0x0, 0xac, 0xff, 0xff, 0xff, 0xff, 0xff,
    0xff, 0xff, 0xff, 0xb4, 0x0, 0x0, 0x0, 0x0,
    0x8, 0xc, 0xc, 0xc, 0xc, 0xc, 0xc, 0xc,
    0x7a, 0xb4, 0x0, 0x0, 0x0, 0x0, 0x7e, 0xbc,
    0xbc, 0xbc, 0xbc, 0xbc, 0xbc, 0xbc, 0xda, 0xb4,
    0x0, 0x0, 0x0, 0x0, 0xac, 0x9c, 0x44, 0x44,
    0x44, 0x44, 0x44, 0x44, 0x44, 0x2f, 0x0, 0x0,
    0x0, 0x0, 0xac, 0x78, 0x0, 0x0, 0x0, 0x0,
    0x0, 0x0, 0x0, 0x0, 0x0, 0x0, 0x0, 0x0,
    0xac, 0xf9, 0xf4, 0xf4, 0xf4, 0xf4, 0xf4, 0xf4,
    0xf4, 0xf4, 0xb, 0x0, 0x0, 0x0, 0x10, 0x18,
    0x18, 0x18, 0x18, 0x18, 0x18, 0x18, 0x18, 0x18,
    0x1, 0x0, 0x3, 0x4, 0x4, 0x4, 0x4, 0x4,
    0x4, 0x4, 0x4, 0x4, 0x4, 0x4, 0x4, 0x4,
    0xfc, 0xff, 0xff, 0xff, 0xff, 0xff, 0xff, 0xff,
    0xff, 0xff, 0xff, 0xff, 0xff, 0xff, 0x7, 0x8,
    0x8, 0x4d, 0xe4, 0x8, 0x8, 0x8, 0x8, 0xdd,
    0x55, 0x8, 0x8, 0x8, 0x0, 0x0, 0x0, 0x48,
    0xe4, 0x0, 0x0, 0x0, 0x0, 0xdc, 0x50, 0x0,
    0x0, 0x0, 0x0, 0x0, 0x0, 0x48, 0xe4, 0x0,
    0x0, 0x0, 0x0, 0xdc, 0x50, 0x0, 0x0, 0x0,
    0x0, 0x0, 0x0, 0x48, 0xe4, 0x0, 0x0, 0x0,
    0x0, 0xdc, 0x50, 0x0, 0x0, 0x0, 0x0, 0x0,
    0x0, 0x48, 0xe4, 0x0, 0x0, 0x0, 0x0, 0xdc,
    0x50, 0x0, 0x0, 0x0, 0x0, 0x0, 0x0, 0x1d,
    0x5c, 0x0, 0x0, 0x0, 0x0, 0x59, 0x20, 0x0,
    0x0, 0x0,

    /* U+B974 "르" */
    0x0, 0x0, 0xc0, 0xff, 0xff, 0xff, 0xff, 0xff,
    0xff, 0xff, 0xff, 0xc8, 0x0, 0x0, 0x0, 0x0,
    0x6, 0x8, 0x8, 0x8, 0x8, 0x8, 0x8, 0x8,
    0x65, 0xc8, 0x0, 0x0, 0x0, 0x0, 0x9, 0xc,
    0xc, 0xc, 0xc, 0xc, 0xc, 0xc, 0x67, 0xc8,
    0x0, 0x0, 0x0, 0x0, 0xc4, 0xf8, 0xf4, 0xf4,
    0xf4, 0xf4, 0xf4, 0xf4, 0xf4, 0xbe, 0x0, 0x0,
    0x0, 0x0, 0xc4, 0x68, 0x0, 0x0, 0x0, 0x0,
    0x0, 0x0, 0x0, 0x0, 0x0, 0x0, 0x0, 0x0,
    0xc4, 0x68, 0x0, 0x0, 0x0, 0x0, 0x0, 0x0,
    0x0, 0x0, 0x0, 0x0, 0x0, 0x0, 0xc4, 0xed,
    0xe0, 0xe0, 0xe0, 0xe0, 0xe0, 0xe0, 0xe0, 0xe0,
    0x31, 0x0, 0x0, 0x0, 0x1e, 0x28, 0x28, 0x28,
    0x28, 0x28, 0x28, 0x28, 0x28, 0x28, 0x8, 0x0,
    0x0, 0x0, 0x0, 0x0, 0x0, 0x0, 0x0, 0x0,
    0x0, 0x0, 0x0, 0x0, 0x0, 0x0, 0x0, 0x0,
    0x0, 0x0, 0x0, 0x0, 0x0, 0x0, 0x0, 0x0,
    0x0, 0x0, 0x0, 0x0, 0xf0, 0xf4, 0xf4, 0xf4,
    0xf4, 0xf4, 0xf4, 0xf4, 0xf4, 0xf4, 0xf4, 0xf4,
    0xf4, 0xf4, 0x13, 0x14, 0x14, 0x14, 0x14, 0x14,
    0x14, 0x14, 0x14, 0x14, 0x14, 0x14, 0x14, 0x14,

    /* U+B97C "를" */
    0x0, 0x0, 0xb1, 0xfc, 0xfc, 0xfc, 0xfc, 0xfc,
    0xfc, 0xfc, 0xfd, 0xbc, 0x0, 0x0, 0x0, 0x0,
    0x0, 0x0, 0x0, 0x0, 0x0, 0x0, 0x0, 0x0,
    0x6c, 0xbc, 0x0, 0x0, 0x0, 0x0, 0xb4, 0xf2,
    0xe8, 0xe8, 0xe8, 0xe8, 0xe8, 0xe8, 0xe8, 0xaa,
    0x0, 0x0, 0x0, 0x0, 0xb4, 0x70, 0x0, 0x0,
    0x0, 0x0, 0x0, 0x0, 0x0, 0x0, 0x0, 0x0,
    0x0, 0x0, 0xb4, 0xf9, 0xf4, 0xf4, 0xf4, 0xf4,
    0xf4, 0xf4, 0xf4, 0xf4, 0xf, 0x0, 0x0, 0x0,
    0x8, 0xc, 0xc, 0xc, 0xc, 0xc, 0xc, 0xc,
    0xc, 0xc, 0x0, 0x0, 0xcc, 0xd0, 0xd0, 0xd0,
    0xd0, 0xd0, 0xd0, 0xd0, 0xd0, 0xd0, 0xd0, 0xd0,
    0xd0, 0xd0, 0x2b, 0x2c, 0x2c, 0x2c, 0x2c, 0x2c,
    0x2c, 0x2c, 0x2c, 0x2c, 0x2c, 0x2c, 0x2c, 0x2c,
    0x0, 0x0, 0x18, 0x20, 0x20, 0x20, 0x20, 0x20,
    0x20, 0x20, 0x20, 0x18, 0x0, 0x0, 0x0, 0x0,
    0xa8, 0xe0, 0xe0, 0xe0, 0xe0, 0xe0, 0xe0, 0xe0,
    0xec, 0xc4, 0x0, 0x0, 0x0, 0x0, 0x0, 0x0,
    0x0, 0x0, 0x0, 0x0, 0x0, 0x0, 0x64, 0xc4,
    0x0, 0x0, 0x0, 0x0, 0xc0, 0xf3, 0xec, 0xec,
    0xec, 0xec, 0xec, 0xec, 0xec, 0xb4, 0x0, 0x0,
    0x0, 0x0, 0xc0, 0x64, 0x0, 0x0, 0x0, 0x0,
    0x0, 0x0, 0x0, 0x0, 0x0, 0x0, 0x0, 0x0,
    0xc0, 0xfd, 0xfc, 0xfc, 0xfc, 0xfc, 0xfc, 0xfc,
    0xfc, 0xfc, 0x17, 0x0,

    /* U+B9AC "리" */
    0x0, 0x0, 0x0, 0x0, 0x0, 0x0, 0x0, 0x0,
    0x0, 0x0, 0xd2, 0x35, 0x0, 0x0, 0x0, 0x0,
    0x0, 0x0, 0x0, 0x0, 0x0, 0x0, 0xec, 0x3c,
    0xec, 0xff, 0xff, 0xff, 0xff, 0xff, 0xfc, 0x0,
    0x0, 0x0, 0xec, 0x3c, 0xb, 0xc, 0xc, 0xc,
    0xc, 0x39, 0xfc, 0x0, 0x0, 0x0, 0xec, 0x3c,
    0x0, 0x0, 0x0, 0x0, 0x0, 0x30, 0xfc, 0x0,
    0x0, 0x0, 0xec, 0x3c, 0x0, 0x0, 0x0, 0x0,
    0x0, 0x30, 0xfc, 0x0, 0x0, 0x0, 0xec, 0x3c,
    0x93, 0xa0, 0xa0, 0xa0, 0xa0, 0xb2, 0xfc, 0x0,
    0x0, 0x0, 0xec, 0x3c, 0xec, 0x7f, 0x54, 0x54,
    0x54, 0x54, 0x52, 0x0, 0x0, 0x0, 0xec, 0x3c,
    0xec, 0x40, 0x0, 0x0, 0x0, 0x0, 0x0, 0x0,
    0x0, 0x0, 0xec, 0x3c, 0xec, 0x40, 0x0, 0x0,
    0x0, 0x0, 0x0, 0x0, 0x0, 0x0, 0xec, 0x3c,
    0xec, 0x40, 0x0, 0x0, 0x0, 0x0, 0x4, 0x18,
    0x13, 0x0, 0xec, 0x3c, 0xec, 0xee, 0xe8, 0xeb,
    0xf0, 0xf6, 0xf2, 0xdf, 0x61, 0x0, 0xec, 0x3c,
    0x12, 0x13, 0x11, 0xd, 0x7, 0x0, 0x0, 0x0,
    0x0, 0x0, 0xec, 0x3c, 0x0, 0x0, 0x0, 0x0,
    0x0, 0x0, 0x0, 0x0, 0x0, 0x0, 0xec, 0x3c,
    0x0, 0x0, 0x0, 0x0, 0x0, 0x0, 0x0, 0x0,
    0x0, 0x0, 0xec, 0x3c, 0x0, 0x0, 0x0, 0x0,
    0x0, 0x0, 0x0, 0x0, 0x0, 0x0, 0x2c, 0xb,

    /* U+B9C8 "마" */
    0x0, 0x0, 0x0, 0x0, 0x0, 0x0, 0x0, 0x0,
    0x0, 0x35, 0xd2, 0x0, 0x0, 0x0, 0x0, 0x0,
    0x0, 0x0, 0x0, 0x0, 0x0, 0x0, 0x0, 0x3c,
    0xec, 0x0, 0x0, 0x0, 0xff, 0xff, 0xff, 0xff,
    0xff, 0xff, 0xff, 0x20, 0x0, 0x3c, 0xec, 0x0,
    0x0, 0x0, 0xff, 0x32, 0x8, 0x8, 0x8, 0xf,
    0xff, 0x20, 0x0, 0x3c, 0xec, 0x0, 0x0, 0x0,
    0xff, 0x2c, 0x0, 0x0, 0x0, 0x8, 0xff, 0x20,
    0x0, 0x3c, 0xec, 0x0, 0x0, 0x0, 0xff, 0x2c,
    0x0, 0x0, 0x0, 0x8, 0xff, 0x20, 0x0, 0x3c,
    0xec, 0x0, 0x0, 0x0, 0xff, 0x2c, 0x0, 0x0,
    0x0, 0x8, 0xff, 0x20, 0x0, 0x3c, 0xf4, 0x70,
    0x70, 0x3b, 0xff, 0x2c, 0x0, 0x0, 0x0, 0x8,
    0xff, 0x20, 0x0, 0x3c, 0xf7, 0x90, 0x90, 0x4c,
    0xff, 0x2c, 0x0, 0x0, 0x0, 0x8, 0xff, 0x20,
    0x0, 0x3c, 0xec, 0x0, 0x0, 0x0, 0xff, 0x32,
    0x8, 0x8, 0x8, 0xf, 0xff, 0x20, 0x0, 0x3c,
    0xec, 0x0, 0x0, 0x0, 0xf4, 0xf4, 0xf4, 0xf4,
    0xf4, 0xf4, 0xf4, 0x1e, 0x0, 0x3c, 0xec, 0x0,
    0x0, 0x0, 0x0, 0x0, 0x0, 0x0, 0x0, 0x0,
    0x0, 0x0, 0x0, 0x3c, 0xec, 0x0, 0x0, 0x0,
    0x0, 0x0, 0x0, 0x0, 0x0, 0x0, 0x0, 0x0,
    0x0, 0x3c, 0xec, 0x0, 0x0, 0x0, 0x0, 0x0,
    0x0, 0x0, 0x0, 0x0, 0x0, 0x0, 0x0, 0x3c,
    0xec, 0x0, 0x0, 0x0, 0x0, 0x0, 0x0, 0x0,
    0x0, 0x0, 0x0, 0x0, 0x0, 0x3c, 0xec, 0x0,
    0x0, 0x0, 0x0, 0x0, 0x0, 0x0, 0x0, 0x0,
    0x0, 0x0, 0x0, 0xb, 0x2c, 0x0, 0x0, 0x0,

    /* U+B9CC "만" */
    0x0, 0x0, 0x0, 0x0, 0x0, 0x0, 0x0, 0x0,
    0x0, 0x0, 0x35, 0xd2, 0x0, 0x0, 0x0, 0x18,
    0xff, 0xff, 0xff, 0xff, 0xff, 0xff, 0xec, 0x0,
    0x0, 0x3c, 0xec, 0x0, 0x0, 0x0, 0x18, 0xff,
    0x17, 0x8, 0x8, 0x8, 0x3e, 0xec, 0x0, 0x0,
    0x3c, 0xec, 0x0, 0x0, 0x0, 0x18, 0xff, 0x10,
    0x0, 0x0, 0x0, 0x38, 0xec, 0x0, 0x0, 0x3c,
    0xec, 0x0, 0x0, 0x0, 0x18, 0xff, 0x10, 0x0,
    0x0, 0x0, 0x38, 0xec, 0x0, 0x0, 0x3c, 0xed,
    0x14, 0x14, 0x4, 0x18, 0xff, 0x10, 0x0, 0x0,
    0x0, 0x38, 0xec, 0x0, 0x0, 0x3c, 0xff, 0xff,
    0xff, 0x34, 0x18, 0xff, 0x10, 0x0, 0x0, 0x0,
    0x38, 0xec, 0x0, 0x0, 0x3c, 0xec, 0x8, 0x8,
    0x1, 0x18, 0xff, 0xa6, 0xa0, 0xa0, 0xa0, 0xb5,
    0xec, 0x0, 0x0, 0x3c, 0xec, 0x0, 0x0, 0x0,
    0xb, 0x7c, 0x7c, 0x7c, 0x7c, 0x7c, 0x7c, 0x72,
    0x0, 0x0, 0x3c, 0xec, 0x0, 0x0, 0x0, 0x0,
    0x0, 0x0, 0x0, 0x0, 0x0, 0x0, 0x0, 0x0,
    0x0, 0x3c, 0xec, 0x0, 0x0, 0x0, 0x0, 0x0,
    0x41, 0xaf, 0x0, 0x0, 0x0, 0x0, 0x0, 0x0,
    0x3c, 0xec, 0x0, 0x0, 0x0, 0x0, 0x0, 0x54,
    0xe0, 0x0, 0x0, 0x0, 0x0, 0x0, 0x0, 0x8,
    0x21, 0x0, 0x0, 0x0, 0x0, 0x0, 0x54, 0xe0,
    0x0, 0x0, 0x0, 0x0, 0x0, 0x0, 0x0, 0x0,
    0x0, 0x0, 0x0, 0x0, 0x0, 0x54, 0xe2, 0x10,
    0x10, 0x10, 0x10, 0x10, 0x10, 0x10, 0x10, 0x3,
    0x0, 0x0, 0x0, 0x0, 0x54, 0xff, 0xff, 0xff,
    0xff, 0xff, 0xff, 0xff, 0xff, 0xff, 0x3c, 0x0,
    0x0,

    /* U+B9E4 "매" */
    0x0, 0x0, 0x0, 0x0, 0x0, 0x0, 0x0, 0x0,
    0x0, 0x0, 0x0, 0x39, 0xd2, 0x0, 0x0, 0x0,
    0x0, 0x0, 0x0, 0x0, 0x0, 0x38, 0xec, 0x0,
    0x40, 0xec, 0x18, 0xff, 0xff, 0xff, 0xff, 0xff,
    0xf0, 0x0, 0x38, 0xec, 0x0, 0x40, 0xec, 0x18,
    0xff, 0x17, 0x8, 0x8, 0x3e, 0xf0, 0x0, 0x38,
    0xec, 0x0, 0x40, 0xec, 0x18, 0xff, 0x10, 0x0,
    0x0, 0x38, 0xf0, 0x0, 0x38, 0xec, 0x0, 0x40,
    0xec, 0x18, 0xff, 0x10, 0x0, 0x0, 0x38, 0xf0,
    0x0, 0x38, 0xec, 0x0, 0x40, 0xec, 0x18, 0xff,
    0x10, 0x0, 0x0, 0x38, 0xf0, 0x0, 0x38, 0xf1,
    0x44, 0x73, 0xec, 0x18, 0xff, 0x10, 0x0, 0x0,
    0x38, 0xf0, 0x0, 0x38, 0xfb, 0xc4, 0xd3, 0xec,
    0x18, 0xff, 0x10, 0x0, 0x0, 0x38, 0xf0, 0x0,
    0x38, 0xec, 0x0, 0x40, 0xec, 0x18, 0xff, 0x10,
    0x0, 0x0, 0x38, 0xf0, 0x0, 0x38, 0xec, 0x0,
    0x40, 0xec, 0x18, 0xff, 0xda, 0xd8, 0xd8, 0xe0,
    0xf0, 0x0, 0x38, 0xec, 0x0, 0x40, 0xec, 0x3,
    0x28, 0x28, 0x28, 0x28, 0x28, 0x25, 0x0, 0x38,
    0xec, 0x0, 0x40, 0xec, 0x0, 0x0, 0x0, 0x0,
    0x0, 0x0, 0x0, 0x0, 0x38, 0xec, 0x0, 0x40,
    0xec, 0x0, 0x0, 0x0, 0x0, 0x0, 0x0, 0x0,
    0x0, 0x38, 0xec, 0x0, 0x40, 0xec, 0x0, 0x0,
    0x0, 0x0, 0x0, 0x0, 0x0, 0x0, 0x38, 0xec,
    0x0, 0x40, 0xec, 0x0, 0x0, 0x0, 0x0, 0x0,
    0x0, 0x0, 0x0, 0x0, 0x0, 0x0, 0xc, 0x2c,

    /* U+BA38 "머" */
    0x0, 0x0, 0x0, 0x0, 0x0, 0x0, 0x0, 0x0,
    0x0, 0x0, 0xd2, 0x35, 0x0, 0x0, 0x0, 0x0,
    0x0, 0x0, 0x0, 0x0, 0x0, 0x0, 0xec, 0x3c,
    0xf4, 0xff, 0xff, 0xff, 0xff, 0xff, 0xff, 0x30,
    0x0, 0x0, 0xec, 0x3c, 0xf4, 0x41, 0xc, 0xc,
    0xc, 0xc, 0xfc, 0x30, 0x0, 0x0, 0xec, 0x3c,
    0xf4, 0x38, 0x0, 0x0, 0x0, 0x0, 0xfc, 0x30,
    0x0, 0x0, 0xec, 0x3c, 0xf4, 0x38, 0x0, 0x0,
    0x0, 0x0, 0xfc, 0x30, 0x0, 0x0, 0xec, 0x3c,
    0xf4, 0x38, 0x0, 0x0, 0x0, 0x0, 0xfc, 0xec,
    0xe8, 0xe8, 0xfe, 0x3c, 0xf4, 0x38, 0x0, 0x0,
    0x0, 0x0, 0xfc, 0x43, 0x18, 0x18, 0xed, 0x3c,
    0xf4, 0x38, 0x0, 0x0, 0x0, 0x0, 0xfc, 0x30,
    0x0, 0x0, 0xec, 0x3c, 0xf4, 0x38, 0x0, 0x0,
    0x0, 0x0, 0xfc, 0x30, 0x0, 0x0, 0xec, 0x3c,
    0xf4, 0xfc, 0xfc, 0xfc, 0xfc, 0xfc, 0xff, 0x30,
    0x0, 0x0, 0xec, 0x3c, 0x3, 0x4, 0x4, 0x4,
    0x4, 0x4, 0x4, 0x0, 0x0, 0x0, 0xec, 0x3c,
    0x0, 0x0, 0x0, 0x0, 0x0, 0x0, 0x0, 0x0,
    0x0, 0x0, 0xec, 0x3c, 0x0, 0x0, 0x0, 0x0,
    0x0, 0x0, 0x0, 0x0, 0x0, 0x0, 0xec, 0x3c,
    0x0, 0x0, 0x0, 0x0, 0x0, 0x0, 0x0, 0x0,
    0x0, 0x0, 0xec, 0x3c, 0x0, 0x0, 0x0, 0x0,
    0x0, 0x0, 0x0, 0x0, 0x0, 0x0, 0x2c, 0xb,

    /* U+BA3C "먼" */
    0x0, 0x0, 0x0, 0x0, 0x0, 0x0, 0x0, 0x0,
    0x0, 0x0, 0xa1, 0x25, 0x0, 0x0, 0x0, 0x0,
    0x0, 0x0, 0x0, 0x0, 0x0, 0x0, 0xf0, 0x38,
    0xec, 0xff, 0xff, 0xff, 0xff, 0xff, 0xf0, 0x0,
    0x0, 0x0, 0xf0, 0x38, 0xec, 0x3e, 0x8, 0x8,
    0x8, 0x3e, 0xf0, 0x0, 0x0, 0x0, 0xf0, 0x38,
    0xec, 0x38, 0x0, 0x0, 0x0, 0x38, 0xf0, 0xc,
    0xc, 0xc, 0xf0, 0x38, 0xec, 0x38, 0x0, 0x0,
    0x0, 0x38, 0xfe, 0xe8, 0xe8, 0xe8, 0xfe, 0x38,
    0xec, 0x38, 0x0, 0x0, 0x0, 0x38, 0xf0, 0x0,
    0x0, 0x0, 0xf0, 0x38, 0xec, 0x60, 0x34, 0x34,
    0x34, 0x60, 0xf0, 0x0, 0x0, 0x0, 0xf0, 0x38,
    0xb4, 0xc4, 0xc4, 0xc4, 0xc4, 0xc4, 0xb7, 0x0,
    0x0, 0x0, 0xf0, 0x38, 0x0, 0x0, 0x0, 0x0,
    0x0, 0x0, 0x0, 0x0, 0x0, 0x0, 0xf0, 0x38,
    0x0, 0xc, 0xcc, 0x19, 0x0, 0x0, 0x0, 0x0,
    0x0, 0x0, 0xf0, 0x38, 0x0, 0x10, 0xff, 0x20,
    0x0, 0x0, 0x0, 0x0, 0x0, 0x0, 0xb, 0x2,
    0x0, 0x10, 0xff, 0x20, 0x0, 0x0, 0x0, 0x0,
    0x0, 0x0, 0x0, 0x0, 0x0, 0x10, 0xff, 0x27,
    0x8, 0x8, 0x8, 0x8, 0x8, 0x8, 0x8, 0x6,
    0x0, 0x10, 0xff, 0xff, 0xff, 0xff, 0xff, 0xff,
    0xff, 0xff, 0xff, 0xc8,

    /* U+BA54 "메" */
    0x0, 0x0, 0x0, 0x0, 0x0, 0x0, 0x0, 0x0,
    0x0, 0x0, 0x0, 0x3c, 0xd2, 0x0, 0x0, 0x0,
    0x0, 0x0, 0x0, 0x0, 0x0, 0x0, 0xff, 0x28,
    0x44, 0xec, 0x14, 0xff, 0xff, 0xff, 0xff, 0xff,
    0xec, 0x0, 0x0, 0xff, 0x28, 0x44, 0xec, 0x14,
    0xff, 0x22, 0xc, 0xc, 0x49, 0xec, 0x0, 0x0,
    0xff, 0x28, 0x44, 0xec, 0x14, 0xff, 0x18, 0x0,
    0x0, 0x40, 0xec, 0x0, 0x0, 0xff, 0x28, 0x44,
    0xec, 0x14, 0xff, 0x18, 0x0, 0x0, 0x40, 0xec,
    0x0, 0x0, 0xff, 0x28, 0x44, 0xec, 0x14, 0xff,
    0x18, 0x0, 0x0, 0x40, 0xfb, 0xcc, 0xcc, 0xff,
    0x28, 0x44, 0xec, 0x14, 0xff, 0x18, 0x0, 0x0,
    0x40, 0xf0, 0x38, 0x38, 0xff, 0x28, 0x44, 0xec,
    0x14, 0xff, 0x18, 0x0, 0x0, 0x40, 0xec, 0x0,
    0x0, 0xff, 0x28, 0x44, 0xec, 0x14, 0xff, 0x18,
    0x0, 0x0, 0x40, 0xec, 0x0, 0x0, 0xff, 0x28,
    0x44, 0xec, 0x14, 0xff, 0xc9, 0xc4, 0xc4, 0xd3,
    0xec, 0x0, 0x0, 0xff, 0x28, 0x44, 0xec, 0x5,
    0x48, 0x48, 0x48, 0x48, 0x48, 0x42, 0x0, 0x0,
    0xff, 0x28, 0x44, 0xec, 0x0, 0x0, 0x0, 0x0,
    0x0, 0x0, 0x0, 0x0, 0x0, 0xff, 0x28, 0x44,
    0xec, 0x0, 0x0, 0x0, 0x0, 0x0, 0x0, 0x0,
    0x0, 0x0, 0xff, 0x28, 0x44, 0xec, 0x0, 0x0,
    0x0, 0x0, 0x0, 0x0, 0x0, 0x0, 0x0, 0xff,
    0x28, 0x44, 0xec, 0x0, 0x0, 0x0, 0x0, 0x0,
    0x0, 0x0, 0x0, 0x0, 0x0, 0x0, 0xc, 0x2c,

    /* U+BA74 "면" */
    0x0, 0x0, 0x0, 0x0, 0x0, 0x0, 0x0, 0x0,
    0x0, 0x0, 0x39, 0xd2, 0x0, 0x50, 0xff, 0xff,
    0xff, 0xff, 0xff, 0xff, 0xd0, 0x0, 0x0, 0x40,
    0xec, 0x0, 0x50, 0xdd, 0x8, 0x8, 0x8, 0x8,
    0x5d, 0xe8, 0x84, 0x84, 0xa3, 0xec, 0x0, 0x50,
    0xdc, 0x0, 0x0, 0x0, 0x0, 0x58, 0xe8, 0x84,
    0x84, 0xa3, 0xec, 0x0, 0x50, 0xdc, 0x0, 0x0,
    0x0, 0x0, 0x58, 0xd0, 0x0, 0x0, 0x40, 0xec,
    0x0, 0x50, 0xdc, 0x0, 0x0, 0x0, 0x0, 0x58,
    0xd0, 0x0, 0x0, 0x40, 0xec, 0x0, 0x50, 0xdc,
    0x0, 0x0, 0x0, 0x0, 0x58, 0xff, 0xfc, 0xfc,
    0xfd, 0xec, 0x0, 0x50, 0xee, 0x80, 0x80, 0x80,
    0x80, 0xac, 0xd2, 0xc, 0xc, 0x49, 0xec, 0x0,
    0x2d, 0x90, 0x90, 0x90, 0x90, 0x90, 0x90, 0x75,
    0x0, 0x0, 0x40, 0xec, 0x0, 0x0, 0x0, 0x0,
    0x0, 0x0, 0x0, 0x0, 0x0, 0x0, 0x0, 0x40,
    0xec, 0x0, 0x0, 0x0, 0x4f, 0xa2, 0x0, 0x0,
    0x0, 0x0, 0x0, 0x0, 0x40, 0xec, 0x0, 0x0,
    0x0, 0x68, 0xd4, 0x0, 0x0, 0x0, 0x0, 0x0,
    0x0, 0x8, 0x1d, 0x0, 0x0, 0x0, 0x68, 0xd4,
    0x0, 0x0, 0x0, 0x0, 0x0, 0x0, 0x0, 0x0,
    0x0, 0x0, 0x0, 0x68, 0xd6, 0xc, 0xc, 0xc,
    0xc, 0xc, 0xc, 0xc, 0xc, 0x0, 0x0, 0x0,
    0x68, 0xff, 0xff, 0xff, 0xff, 0xff, 0xff, 0xff,
    0xff, 0xff, 0x4,

    /* U+BA85 "명" */
    0x0, 0x0, 0x0, 0x0, 0x0, 0x0, 0x0, 0x0,
    0x0, 0x0, 0x2c, 0xa2, 0x0, 0x50, 0xff, 0xff,
    0xff, 0xff, 0xff, 0xff, 0xd4, 0x0, 0x0, 0x40,
    0xec, 0x0, 0x50, 0xdd, 0xc, 0xc, 0xc, 0xc,
    0x58, 0xdf, 0x40, 0x40, 0x70, 0xec, 0x0, 0x50,
    0xdc, 0x0, 0x0, 0x0, 0x0, 0x50, 0xf5, 0xc0,
    0xc0, 0xd0, 0xec, 0x0, 0x50, 0xdc, 0x0, 0x0,
    0x0, 0x0, 0x50, 0xd4, 0x0, 0x0, 0x40, 0xec,
    0x0, 0x50, 0xdc, 0x0, 0x0, 0x0, 0x0, 0x50,
    0xdf, 0x44, 0x44, 0x73, 0xec, 0x0, 0x50, 0xdc,
    0x0, 0x0, 0x0, 0x0, 0x50, 0xf0, 0xa8, 0xa8,
    0xbe, 0xec, 0x0, 0x50, 0xfe, 0xf4, 0xf4, 0xf4,
    0xf4, 0xf7, 0xd4, 0x0, 0x0, 0x40, 0xec, 0x0,
    0x7, 0x18, 0x18, 0x18, 0x18, 0x18, 0x18, 0x13,
    0x0, 0x0, 0x40, 0xec, 0x0, 0x0, 0x0, 0x0,
    0x19, 0x7b, 0xb2, 0xc9, 0xca, 0xb5, 0x81, 0x36,
    0x49, 0x0, 0x0, 0x0, 0x44, 0xf3, 0xab, 0x55,
    0x39, 0x35, 0x4f, 0x9b, 0xf5, 0x58, 0x0, 0x0,
    0x0, 0xd3, 0x95, 0x0, 0x0, 0x0, 0x0, 0x0,
    0x0, 0x6f, 0xed, 0x1, 0x0, 0x0, 0xdf, 0x7f,
    0x0, 0x0, 0x0, 0x0, 0x0, 0x0, 0x57, 0xf7,
    0x3, 0x0, 0x0, 0x65, 0xf8, 0x7d, 0x28, 0xb,
    0x8, 0x21, 0x6c, 0xef, 0x7d, 0x0, 0x0, 0x0,
    0x0, 0x3f, 0xab, 0xe2, 0xfa, 0xfa, 0xe5, 0xb2,
    0x4b, 0x0, 0x0,

    /* U+BAA8 "모" */
    0x0, 0x0, 0xa8, 0xff, 0xff, 0xff, 0xff, 0xff,
    0xff, 0xff, 0xff, 0xac, 0x0, 0x0, 0x0, 0x0,
    0xa8, 0x8f, 0x10, 0x10, 0x10, 0x10, 0x10, 0x10,
    0x88, 0xac, 0x0, 0x0, 0x0, 0x0, 0xa8, 0x88,
    0x0, 0x0, 0x0, 0x0, 0x0, 0x0, 0x80, 0xac,
    0x0, 0x0, 0x0, 0x0, 0xa8, 0x88, 0x0, 0x0,
    0x0, 0x0, 0x0, 0x0, 0x80, 0xac, 0x0, 0x0,
    0x0, 0x0, 0xa8, 0x88, 0x0, 0x0, 0x0, 0x0,
    0x0, 0x0, 0x80, 0xac, 0x0, 0x0, 0x0, 0x0,
    0xa8, 0xa9, 0x48, 0x48, 0x48, 0x48, 0x48, 0x48,
    0xa4, 0xac, 0x0, 0x0, 0x0, 0x0, 0x83, 0xc8,
    0xc8, 0xc8, 0xe8, 0xea, 0xc8, 0xc8, 0xc8, 0x86,
    0x0, 0x0, 0x0, 0x0, 0x0, 0x0, 0x0, 0x0,
    0x94, 0x9c, 0x0, 0x0, 0x0, 0x0, 0x0, 0x0,
    0x0, 0x0, 0x0, 0x0, 0x0, 0x0, 0x94, 0x9c,
    0x0, 0x0, 0x0, 0x0, 0x0, 0x0, 0x0, 0x0,
    0x0, 0x0, 0x0, 0x0, 0x94, 0x9c, 0x0, 0x0,
    0x0, 0x0, 0x0, 0x0, 0xf0, 0xf4, 0xf4, 0xf4,
    0xf4, 0xf4, 0xfa, 0xfb, 0xf4, 0xf4, 0xf4, 0xf4,
    0xf4, 0xf4, 0x17, 0x18, 0x18, 0x18, 0x18, 0x18,
    0x18, 0x18, 0x18, 0x18, 0x18, 0x18, 0x18, 0x18,

    /* U+BAA9 "목" */
    0x0, 0x0, 0xa0, 0xff, 0xff, 0xff, 0xff, 0xff,
    0xff, 0xff, 0xff, 0xa8, 0x0, 0x0, 0x0, 0x0,
    0xa0, 0x89, 0x4, 0x4, 0x4, 0x4, 0x4, 0x4,
    0x82, 0xa8, 0x0, 0x0, 0x0, 0x0, 0xa0, 0x88,
    0x0, 0x0, 0x0, 0x0, 0x0, 0x0, 0x80, 0xa8,
    0x0, 0x0, 0x0, 0x0, 0xa0, 0x91, 0x14, 0x14,
    0x14, 0x14, 0x14, 0x14, 0x8a, 0xa8, 0x0, 0x0,
    0x0, 0x0, 0x98, 0xf4, 0xf4, 0xf4, 0xfa, 0xfb,
    0xf4, 0xf4, 0xf4, 0xa0, 0x0, 0x0, 0x0, 0x0,
    0x0, 0x0, 0x0, 0x0, 0x94, 0x9c, 0x0, 0x0,
    0x0, 0x0, 0x0, 0x0, 0x1b, 0x1c, 0x1c, 0x1c,
    0x1c, 0x1c, 0x9f, 0xa8, 0x20, 0x20, 0x20, 0x20,
    0x20, 0x20, 0xec, 0xf0, 0xf0, 0xf0, 0xf0, 0xf0,
    0xf0, 0xf0, 0xf0, 0xf0, 0xf0, 0xf0, 0xf0, 0xf0,
    0x0, 0x0, 0x0, 0x0, 0x0, 0x0, 0x0, 0x0,
    0x0, 0x0, 0x0, 0x0, 0x0, 0x0, 0x0, 0x0,
    0xf4, 0xf4, 0xf4, 0xf4, 0xf4, 0xf4, 0xf4, 0xf4,
    0xf4, 0xab, 0x0, 0x0, 0x0, 0x0, 0x18, 0x18,
    0x18, 0x18, 0x18, 0x18, 0x18, 0x18, 0x81, 0xb4,
    0x0, 0x0, 0x0, 0x0, 0x0, 0x0, 0x0, 0x0,
    0x0, 0x0, 0x0, 0x0, 0x74, 0xb4, 0x0, 0x0,
    0x0, 0x0, 0x0, 0x0, 0x0, 0x0, 0x0, 0x0,
    0x0, 0x0, 0x74, 0xb4, 0x0, 0x0, 0x0, 0x0,
    0x0, 0x0, 0x0, 0x0, 0x0, 0x0, 0x0, 0x0,
    0x74, 0xb4, 0x0, 0x0, 0x0, 0x0, 0x0, 0x0,
    0x0, 0x0, 0x0, 0x0, 0x0, 0x0, 0x1e, 0x2f,
    0x0, 0x0,

    /* U+BB34 "무" */
    0x0, 0x0, 0xa8, 0xff, 0xff, 0xff, 0xff, 0xff,
    0xff, 0xff, 0xff, 0xac, 0x0, 0x0, 0x0, 0x0,
    0xa8, 0x82, 0xc, 0xc, 0xc, 0xc, 0xc, 0xc,
    0x82, 0xac, 0x0, 0x0, 0x0, 0x0, 0xa8, 0x7c,
    0x0, 0x0, 0x0, 0x0, 0x0, 0x0, 0x7c, 0xac,
    0x0, 0x0, 0x0, 0x0, 0xa8, 0x7c, 0x0, 0x0,
    0x0, 0x0, 0x0, 0x0, 0x7c, 0xac, 0x0, 0x0,
    0x0, 0x0, 0xa8, 0x8c, 0x20, 0x20, 0x20, 0x20,
    0x20, 0x20, 0x8c, 0xac, 0x0, 0x0, 0x0, 0x0,
    0x9a, 0xec, 0xec, 0xec, 0xec, 0xec, 0xec, 0xec,
    0xec, 0x9e, 0x0, 0x0, 0x0, 0x0, 0x0, 0x0,
    0x0, 0x0, 0x0, 0x0, 0x0, 0x0, 0x0, 0x0,
    0x0, 0x0, 0x13, 0x14, 0x14, 0x14, 0x14, 0x14,
    0x14, 0x14, 0x14, 0x14, 0x14, 0x14, 0x14, 0x14,
    0xf0, 0xf4, 0xf4, 0xf4, 0xf4, 0xf4, 0xfa, 0xfb,
    0xf4, 0xf4, 0xf4, 0xf4, 0xf4, 0xf4, 0x0, 0x0,
    0x0, 0x0, 0x0, 0x0, 0x94, 0x9c, 0x0, 0x0,
    0x0, 0x0, 0x0, 0x0, 0x0, 0x0, 0x0, 0x0,
    0x0, 0x0, 0x94, 0x9c, 0x0, 0x0, 0x0, 0x0,
    0x0, 0x0, 0x0, 0x0, 0x0, 0x0, 0x0, 0x0,
    0x94, 0x9c, 0x0, 0x0, 0x0, 0x0, 0x0, 0x0,
    0x0, 0x0, 0x0, 0x0, 0x0, 0x0, 0x94, 0x9c,
    0x0, 0x0, 0x0, 0x0, 0x0, 0x0, 0x0, 0x0,
    0x0, 0x0, 0x0, 0x0, 0x94, 0x9c, 0x0, 0x0,
    0x0, 0x0, 0x0, 0x0, 0x0, 0x0, 0x0, 0x0,
    0x0, 0x0, 0x57, 0x5c, 0x0, 0x0, 0x0, 0x0,
    0x0, 0x0,

    /* U+BBC0 "므" */
    0x0, 0x0, 0xa4, 0xff, 0xff, 0xff, 0xff, 0xff,
    0xff, 0xff, 0xff, 0xac, 0x0, 0x0, 0x0, 0x0,
    0xa4, 0x84, 0x8, 0x8, 0x8, 0x8, 0x8, 0x8,
    0x80, 0xac, 0x0, 0x0, 0x0, 0x0, 0xa4, 0x80,
    0x0, 0x0, 0x0, 0x0, 0x0, 0x0, 0x7c, 0xac,
    0x0, 0x0, 0x0, 0x0, 0xa4, 0x80, 0x0, 0x0,
    0x0, 0x0, 0x0, 0x0, 0x7c, 0xac, 0x0, 0x0,
    0x0, 0x0, 0xa4, 0x80, 0x0, 0x0, 0x0, 0x0,
    0x0, 0x0, 0x7c, 0xac, 0x0, 0x0, 0x0, 0x0,
    0xa4, 0xa6, 0x4c, 0x4c, 0x4c, 0x4c, 0x4c, 0x4c,
    0xa3, 0xac, 0x0, 0x0, 0x0, 0x0, 0x78, 0xbc,
    0xbc, 0xbc, 0xbc, 0xbc, 0xbc, 0xbc, 0xbc, 0x7e,
    0x0, 0x0, 0x0, 0x0, 0x0, 0x0, 0x0, 0x0,
    0x0, 0x0, 0x0, 0x0, 0x0, 0x0, 0x0, 0x0,
    0x0, 0x0, 0x0, 0x0, 0x0, 0x0, 0x0, 0x0,
    0x0, 0x0, 0x0, 0x0, 0x0, 0x0, 0x17, 0x18,
    0x18, 0x18, 0x18, 0x18, 0x18, 0x18, 0x18, 0x18,
    0x18, 0x18, 0x18, 0x18, 0xf0, 0xf4, 0xf4, 0xf4,
    0xf4, 0xf4, 0xf4, 0xf4, 0xf4, 0xf4, 0xf4, 0xf4,
    0xf4, 0xf4,

    /* U+BBF8 "미" */
    0x0, 0x0, 0x0, 0x0, 0x0, 0x0, 0x0, 0x0,
    0x0, 0x0, 0xd2, 0x35, 0x0, 0x0, 0x0, 0x0,
    0x0, 0x0, 0x0, 0x0, 0x0, 0x0, 0xec, 0x3c,
    0xf4, 0xff, 0xff, 0xff, 0xff, 0xff, 0xff, 0x38,
    0x0, 0x0, 0xec, 0x3c, 0xf4, 0x3e, 0x8, 0x8,
    0x8, 0x8, 0xf4, 0x38, 0x0, 0x0, 0xec, 0x3c,
    0xf4, 0x38, 0x0, 0x0, 0x0, 0x0, 0xf4, 0x38,
    0x0, 0x0, 0xec, 0x3c, 0xf4, 0x38, 0x0, 0x0,
    0x0, 0x0, 0xf4, 0x38, 0x0, 0x0, 0xec, 0x3c,
    0xf4, 0x38, 0x0, 0x0, 0x0, 0x0, 0xf4, 0x38,
    0x0, 0x0, 0xec, 0x3c, 0xf4, 0x38, 0x0, 0x0,
    0x0, 0x0, 0xf4, 0x38, 0x0, 0x0, 0xec, 0x3c,
    0xf4, 0x38, 0x0, 0x0, 0x0, 0x0, 0xf4, 0x38,
    0x0, 0x0, 0xec, 0x3c, 0xf4, 0x3e, 0x8, 0x8,
    0x8, 0x8, 0xf4, 0x38, 0x0, 0x0, 0xec, 0x3c,
    0xe8, 0xf4, 0xf4, 0xf4, 0xf4, 0xf4, 0xf4, 0x35,
    0x0, 0x0, 0xec, 0x3c, 0x0, 0x0, 0x0, 0x0,
    0x0, 0x0, 0x0, 0x0, 0x0, 0x0, 0xec, 0x3c,
    0x0, 0x0, 0x0, 0x0, 0x0, 0x0, 0x0, 0x0,
    0x0, 0x0, 0xec, 0x3c, 0x0, 0x0, 0x0, 0x0,
    0x0, 0x0, 0x0, 0x0, 0x0, 0x0, 0xec, 0x3c,
    0x0, 0x0, 0x0, 0x0, 0x0, 0x0, 0x0, 0x0,
    0x0, 0x0, 0xec, 0x3c, 0x0, 0x0, 0x0, 0x0,
    0x0, 0x0, 0x0, 0x0, 0x0, 0x0, 0x2c, 0xb,

    /* U+BC00 "밀" */
    0x0, 0x0, 0x0, 0x0, 0x0, 0x0, 0x0, 0x0,
    0x0, 0x0, 0x24, 0x84, 0x3c, 0xff, 0xff, 0xff,
    0xff, 0xff, 0xff, 0xec, 0x0, 0x0, 0x40, 0xec,
    0x3c, 0xec, 0xc, 0xc, 0xc, 0xc, 0x45, 0xec,
    0x0, 0x0, 0x40, 0xec, 0x3c, 0xec, 0x0, 0x0,
    0x0, 0x0, 0x3c, 0xec, 0x0, 0x0, 0x40, 0xec,
    0x3c, 0xec, 0x0, 0x0, 0x0, 0x0, 0x3c, 0xec,
    0x0, 0x0, 0x40, 0xec, 0x3c, 0xec, 0x0, 0x0,
    0x0, 0x0, 0x3c, 0xec, 0x0, 0x0, 0x40, 0xec,
    0x3c, 0xff, 0xf4, 0xf4, 0xf4, 0xf4, 0xf6, 0xec,
    0x0, 0x0, 0x40, 0xec, 0x4, 0x14, 0x14, 0x14,
    0x14, 0x14, 0x14, 0x12, 0x0, 0x0, 0x3f, 0xe8,
    0x0, 0x0, 0xa, 0x14, 0x14, 0x14, 0x14, 0x14,
    0x14, 0x14, 0x14, 0x12, 0x0, 0x0, 0x85, 0xf4,
    0xf4, 0xf4, 0xf4, 0xf4, 0xf4, 0xf4, 0xf6, 0xec,
    0x0, 0x0, 0x0, 0x0, 0x0, 0x0, 0x0, 0x0,
    0x0, 0x0, 0x3c, 0xec, 0x0, 0x0, 0x7c, 0xe4,
    0xe4, 0xe4, 0xe4, 0xe4, 0xe4, 0xe4, 0xea, 0xec,
    0x0, 0x0, 0x8c, 0xae, 0x1c, 0x1c, 0x1c, 0x1c,
    0x1c, 0x1c, 0x1c, 0x19, 0x0, 0x0, 0x8c, 0xa8,
    0xc, 0xc, 0xc, 0xc, 0xc, 0xc, 0xc, 0xb,
    0x0, 0x0, 0x8c, 0xff, 0xff, 0xff, 0xff, 0xff,
    0xff, 0xff, 0xff, 0xf4,

    /* U+BC14 "바" */
    0x0, 0x0, 0x0, 0x0, 0x0, 0x0, 0x0, 0x0,
    0x0, 0x0, 0x35, 0xd2, 0x0, 0x0, 0x0, 0x0,
    0x0, 0x0, 0x0, 0x0, 0x0, 0x0, 0x0, 0x0,
    0x0, 0x3c, 0xec, 0x0, 0x0, 0x0, 0x8, 0xff,
    0x20, 0x0, 0x0, 0x0, 0x0, 0xfc, 0x2c, 0x0,
    0x3c, 0xec, 0x0, 0x0, 0x0, 0x8, 0xff, 0x20,
    0x0, 0x0, 0x0, 0x0, 0xfc, 0x2c, 0x0, 0x3c,
    0xec, 0x0, 0x0, 0x0, 0x8, 0xff, 0x20, 0x0,
    0x0, 0x0, 0x0, 0xfc, 0x2c, 0x0, 0x3c, 0xec,
    0x0, 0x0, 0x0, 0x8, 0xff, 0x4a, 0x30, 0x30,
    0x30, 0x30, 0xfc, 0x2c, 0x0, 0x3c, 0xec, 0x0,
    0x0, 0x0, 0x8, 0xff, 0xd2, 0xcc, 0xcc, 0xcc,
    0xcc, 0xff, 0x2c, 0x0, 0x3c, 0xf2, 0x58, 0x58,
    0x2e, 0x8, 0xff, 0x20, 0x0, 0x0, 0x0, 0x0,
    0xfc, 0x2c, 0x0, 0x3c, 0xf8, 0xa0, 0xa0, 0x55,
    0x8, 0xff, 0x20, 0x0, 0x0, 0x0, 0x0, 0xfc,
    0x2c, 0x0, 0x3c, 0xec, 0x0, 0x0, 0x0, 0x8,
    0xff, 0x20, 0x0, 0x0, 0x0, 0x0, 0xfc, 0x2c,
    0x0, 0x3c, 0xec, 0x0, 0x0, 0x0, 0x8, 0xff,
    0xba, 0xb0, 0xb0, 0xb0, 0xb0, 0xfe, 0x2c, 0x0,
    0x3c, 0xec, 0x0, 0x0, 0x0, 0x2, 0x4c, 0x4c,
    0x4c, 0x4c, 0x4c, 0x4c, 0x4c, 0xd, 0x0, 0x3c,
    0xec, 0x0, 0x0, 0x0, 0x0, 0x0, 0x0, 0x0,
    0x0, 0x0, 0x0, 0x0, 0x0, 0x0, 0x3c, 0xec,
    0x0, 0x0, 0x0, 0x0, 0x0, 0x0, 0x0, 0x0,
    0x0, 0x0, 0x0, 0x0, 0x0, 0x3c, 0xec, 0x0,
    0x0, 0x0, 0x0, 0x0, 0x0, 0x0, 0x0, 0x0,
    0x0, 0x0, 0x0, 0x0, 0x3c, 0xec, 0x0, 0x0,
    0x0, 0x0, 0x0, 0x0, 0x0, 0x0, 0x0, 0x0,
    0x0, 0x0, 0x0, 0xb, 0x2c, 0x0, 0x0, 0x0,

    /* U+BC18 "반" */
    0x0, 0x0, 0x0, 0x0, 0x0, 0x0, 0x0, 0x0,
    0x0, 0x0, 0x35, 0xd2, 0x0, 0x0, 0x0, 0x1c,
    0xff, 0xc, 0x0, 0x0, 0x0, 0x38, 0xec, 0x0,
    0x0, 0x3c, 0xec, 0x0, 0x0, 0x0, 0x1c, 0xff,
    0xc, 0x0, 0x0, 0x0, 0x38, 0xec, 0x0, 0x0,
    0x3c, 0xec, 0x0, 0x0, 0x0, 0x1c, 0xff, 0x1b,
    0x10, 0x10, 0x10, 0x44, 0xec, 0x0, 0x0, 0x3c,
    0xec, 0x0, 0x0, 0x0, 0x1c, 0xff, 0xfc, 0xfc,
    0xfc, 0xfc, 0xfc, 0xec, 0x0, 0x0, 0x3c, 0xec,
    0x0, 0x0, 0x0, 0x1c, 0xff, 0xc, 0x0, 0x0,
    0x0, 0x38, 0xec, 0x0, 0x0, 0x3c, 0xff, 0xfc,
    0xfc, 0x33, 0x1c, 0xff, 0xc, 0x0, 0x0, 0x0,
    0x38, 0xec, 0x0, 0x0, 0x3c, 0xed, 0x14, 0x14,
    0x4, 0x1c, 0xff, 0x58, 0x50, 0x50, 0x50, 0x76,
    0xec, 0x0, 0x0, 0x3c, 0xec, 0x0, 0x0, 0x0,
    0x14, 0xbc, 0xbc, 0xbc, 0xbc, 0xbc, 0xbc, 0xad,
    0x0, 0x0, 0x3c, 0xec, 0x0, 0x0, 0x0, 0x0,
    0x0, 0x0, 0x0, 0x0, 0x0, 0x0, 0x0, 0x0,
    0x0, 0x3c, 0xec, 0x0, 0x0, 0x0, 0x0, 0x0,
    0x38, 0x8c, 0x0, 0x0, 0x0, 0x0, 0x0, 0x0,
    0x3c, 0xec, 0x0, 0x0, 0x0, 0x0, 0x0, 0x58,
    0xdc, 0x0, 0x0, 0x0, 0x0, 0x0, 0x0, 0x7,
    0x1d, 0x0, 0x0, 0x0, 0x0, 0x0, 0x58, 0xdc,
    0x0, 0x0, 0x0, 0x0, 0x0, 0x0, 0x0, 0x0,
    0x0, 0x0, 0x0, 0x0, 0x0, 0x58, 0xdd, 0xc,
    0xc, 0xc, 0xc, 0xc, 0xc, 0xc, 0xc, 0x2,
    0x0, 0x0, 0x0, 0x0, 0x58, 0xff, 0xff, 0xff,
    0xff, 0xff, 0xff, 0xff, 0xff, 0xff, 0x3c, 0x0,
    0x0,

    /* U+BC29 "방" */
    0x0, 0x0, 0x0, 0x0, 0x0, 0x0, 0x0, 0x0,
    0x0, 0x0, 0x2a, 0xa5, 0x0, 0x0, 0x0, 0x1c,
    0xff, 0xc, 0x0, 0x0, 0x0, 0x38, 0xec, 0x0,
    0x0, 0x3c, 0xec, 0x0, 0x0, 0x0, 0x1c, 0xff,
    0xc, 0x0, 0x0, 0x0, 0x38, 0xec, 0x0, 0x0,
    0x3c, 0xec, 0x0, 0x0, 0x0, 0x1c, 0xff, 0x3d,
    0x34, 0x34, 0x34, 0x60, 0xec, 0x0, 0x0, 0x3c,
    0xec, 0x0, 0x0, 0x0, 0x1c, 0xff, 0xe5, 0xe4,
    0xe4, 0xe4, 0xea, 0xec, 0x0, 0x0, 0x3c, 0xf1,
    0x44, 0x44, 0xd, 0x1c, 0xff, 0xc, 0x0, 0x0,
    0x0, 0x38, 0xec, 0x0, 0x0, 0x3c, 0xfb, 0xc4,
    0xc4, 0x27, 0x1c, 0xff, 0xc, 0x0, 0x0, 0x0,
    0x38, 0xec, 0x0, 0x0, 0x3c, 0xec, 0x0, 0x0,
    0x0, 0x1c, 0xff, 0xf4, 0xf4, 0xf4, 0xf4, 0xf6,
    0xec, 0x0, 0x0, 0x3c, 0xec, 0x0, 0x0, 0x0,
    0x2, 0x14, 0x14, 0x14, 0x14, 0x14, 0x14, 0x12,
    0x0, 0x0, 0x3c, 0xec, 0x0, 0x0, 0x0, 0x0,
    0x0, 0x0, 0x0, 0x0, 0x8, 0x1f, 0x24, 0x15,
    0x0, 0x17, 0x5c, 0x0, 0x0, 0x0, 0x0, 0x0,
    0x0, 0x64, 0xd0, 0xf9, 0xe8, 0xe1, 0xf1, 0xed,
    0x9d, 0x1b, 0x0, 0x0, 0x0, 0x0, 0x0, 0x73,
    0xeb, 0x50, 0x8, 0x0, 0x0, 0x0, 0x23, 0xa3,
    0xdf, 0x7, 0x0, 0x0, 0x0, 0x0, 0xb2, 0xa3,
    0x0, 0x0, 0x0, 0x0, 0x0, 0x0, 0x24, 0xff,
    0x26, 0x0, 0x0, 0x0, 0x0, 0x57, 0xf6, 0x7a,
    0x29, 0xc, 0x5, 0x15, 0x48, 0xc4, 0xc7, 0x2,
    0x0, 0x0, 0x0, 0x0, 0x0, 0x3e, 0xa9, 0xe0,
    0xf8, 0xfd, 0xee, 0xc6, 0x76, 0x9, 0x0, 0x0,
    0x0,

    /* U+BC30 "배" */
    0x0, 0x0, 0x0, 0x0, 0x0, 0x0, 0x0, 0x0,
    0x0, 0x0, 0x0, 0x39, 0xd2, 0x0, 0x0, 0x0,
    0x0, 0x0, 0x0, 0x0, 0x0, 0x38, 0xec, 0x0,
    0x40, 0xec, 0x18, 0xff, 0x10, 0x0, 0x0, 0x30,
    0xfc, 0x0, 0x38, 0xec, 0x0, 0x40, 0xec, 0x18,
    0xff, 0x10, 0x0, 0x0, 0x30, 0xfc, 0x0, 0x38,
    0xec, 0x0, 0x40, 0xec, 0x18, 0xff, 0x10, 0x0,
    0x0, 0x30, 0xfc, 0x0, 0x38, 0xec, 0x0, 0x40,
    0xec, 0x18, 0xff, 0x2e, 0x20, 0x20, 0x4a, 0xfc,
    0x0, 0x38, 0xec, 0x0, 0x40, 0xec, 0x18, 0xff,
    0xde, 0xdc, 0xdc, 0xe2, 0xfc, 0x0, 0x38, 0xee,
    0x20, 0x58, 0xec, 0x18, 0xff, 0x10, 0x0, 0x0,
    0x30, 0xfc, 0x0, 0x38, 0xfd, 0xe0, 0xe8, 0xec,
    0x18, 0xff, 0x10, 0x0, 0x0, 0x30, 0xfc, 0x0,
    0x38, 0xec, 0x0, 0x40, 0xec, 0x18, 0xff, 0x10,
    0x0, 0x0, 0x30, 0xfc, 0x0, 0x38, 0xec, 0x0,
    0x40, 0xec, 0x18, 0xff, 0x80, 0x78, 0x78, 0x91,
    0xfc, 0x0, 0x38, 0xec, 0x0, 0x40, 0xec, 0xc,
    0x84, 0x84, 0x84, 0x84, 0x84, 0x81, 0x0, 0x38,
    0xec, 0x0, 0x40, 0xec, 0x0, 0x0, 0x0, 0x0,
    0x0, 0x0, 0x0, 0x0, 0x38, 0xec, 0x0, 0x40,
    0xec, 0x0, 0x0, 0x0, 0x0, 0x0, 0x0, 0x0,
    0x0, 0x38, 0xec, 0x0, 0x40, 0xec, 0x0, 0x0,
    0x0, 0x0, 0x0, 0x0, 0x0, 0x0, 0x38, 0xec,
    0x0, 0x40, 0xec, 0x0, 0x0, 0x0, 0x0, 0x0,
    0x0, 0x0, 0x0, 0x0, 0x0, 0x0, 0xc, 0x2c,

    /* U+BC31 "백" */
    0x0, 0x0, 0x0, 0x0, 0x0, 0x0, 0x0, 0x0,
    0x0, 0x0, 0x0, 0x14, 0x49, 0x18, 0xff, 0x10,
    0x0, 0x0, 0x10, 0xff, 0x14, 0x3c, 0xec, 0x0,
    0x40, 0xec, 0x18, 0xff, 0x10, 0x0, 0x0, 0x10,
    0xff, 0x14, 0x3c, 0xec, 0x0, 0x40, 0xec, 0x18,
    0xff, 0x79, 0x70, 0x70, 0x79, 0xff, 0x14, 0x3c,
    0xec, 0x0, 0x40, 0xec, 0x18, 0xff, 0x97, 0x90,
    0x90, 0x97, 0xff, 0x14, 0x3c, 0xfd, 0xe0, 0xe8,
    0xec, 0x18, 0xff, 0x10, 0x0, 0x0, 0x10, 0xff,
    0x14, 0x3c, 0xef, 0x30, 0x64, 0xec, 0x18, 0xff,
    0x10, 0x0, 0x0, 0x10, 0xff, 0x14, 0x3c, 0xec,
    0x0, 0x40, 0xec, 0x18, 0xff, 0xf4, 0xf4, 0xf4,
    0xf4, 0xff, 0x14, 0x3c, 0xec, 0x0, 0x40, 0xec,
    0x2, 0x18, 0x18, 0x18, 0x18, 0x18, 0x18, 0x1,
    0x3c, 0xec, 0x0, 0x40, 0xec, 0x0, 0x0, 0x0,
    0x16, 0x18, 0x18, 0x18, 0x18, 0x28, 0x5a, 0x18,
    0x2a, 0x58, 0x0, 0x0, 0x0, 0xe4, 0xf4, 0xf4,
    0xf4, 0xf4, 0xf4, 0xf4, 0xf4, 0xf7, 0xec, 0x0,
    0x0, 0x0, 0x0, 0x0, 0x0, 0x0, 0x0, 0x0,
    0x0, 0x0, 0x40, 0xec, 0x0, 0x0, 0x0, 0x0,
    0x0, 0x0, 0x0, 0x0, 0x0, 0x0, 0x0, 0x40,
    0xec, 0x0, 0x0, 0x0, 0x0, 0x0, 0x0, 0x0,
    0x0, 0x0, 0x0, 0x0, 0x40, 0xec, 0x0, 0x0,
    0x0, 0x0, 0x0, 0x0, 0x0, 0x0, 0x0, 0x0,
    0x0, 0x40, 0xec, 0x0, 0x0, 0x0, 0x0, 0x0,
    0x0, 0x0, 0x0, 0x0, 0x0, 0x0, 0x24, 0x84,

    /* U+BC84 "버" */
    0x0, 0x0, 0x0, 0x0, 0x0, 0x0, 0x0, 0x0,
    0x0, 0x0, 0xd2, 0x35, 0x0, 0x0, 0x0, 0x0,
    0x0, 0x0, 0x0, 0x0, 0x0, 0x0, 0xec, 0x3c,
    0xfc, 0x30, 0x0, 0x0, 0x0, 0x0, 0xfc, 0x30,
    0x0, 0x0, 0xec, 0x3c, 0xfc, 0x30, 0x0, 0x0,
    0x0, 0x0, 0xfc, 0x30, 0x0, 0x0, 0xec, 0x3c,
    0xfc, 0x30, 0x0, 0x0, 0x0, 0x0, 0xfc, 0x30,
    0x0, 0x0, 0xec, 0x3c, 0xfc, 0x4d, 0x24, 0x24,
    0x24, 0x24, 0xfc, 0x30, 0x0, 0x0, 0xec, 0x3c,
    0xfc, 0xdf, 0xd8, 0xd8, 0xd8, 0xd8, 0xff, 0xcf,
    0xc4, 0xc4, 0xfb, 0x3c, 0xfc, 0x30, 0x0, 0x0,
    0x0, 0x0, 0xfc, 0x5d, 0x38, 0x38, 0xf0, 0x3c,
    0xfc, 0x30, 0x0, 0x0, 0x0, 0x0, 0xfc, 0x30,
    0x0, 0x0, 0xec, 0x3c, 0xfc, 0x30, 0x0, 0x0,
    0x0, 0x0, 0xfc, 0x30, 0x0, 0x0, 0xec, 0x3c,
    0xfc, 0xae, 0x9c, 0x9c, 0x9c, 0x9c, 0xfe, 0x30,
    0x0, 0x0, 0xec, 0x3c, 0x5a, 0x5c, 0x5c, 0x5c,
    0x5c, 0x5c, 0x5c, 0x11, 0x0, 0x0, 0xec, 0x3c,
    0x0, 0x0, 0x0, 0x0, 0x0, 0x0, 0x0, 0x0,
    0x0, 0x0, 0xec, 0x3c, 0x0, 0x0, 0x0, 0x0,
    0x0, 0x0, 0x0, 0x0, 0x0, 0x0, 0xec, 0x3c,
    0x0, 0x0, 0x0, 0x0, 0x0, 0x0, 0x0, 0x0,
    0x0, 0x0, 0xec, 0x3c, 0x0, 0x0, 0x0, 0x0,
    0x0, 0x0, 0x0, 0x0, 0x0, 0x0, 0x2c, 0xb,

    /* U+BC88 "번" */
    0x0, 0x0, 0x0, 0x0, 0x0, 0x0, 0x0, 0x0,
    0x0, 0x0, 0x39, 0xd2, 0x0, 0x3c, 0xec, 0x0,
    0x0, 0x0, 0x0, 0x40, 0xec, 0x0, 0x0, 0x40,
    0xec, 0x0, 0x3c, 0xec, 0x0, 0x0, 0x0, 0x0,
    0x40, 0xec, 0x0, 0x0, 0x40, 0xec, 0x0, 0x3c,
    0xec, 0xc, 0xc, 0xc, 0xc, 0x49, 0xec, 0x0,
    0x0, 0x40, 0xec, 0x0, 0x3c, 0xff, 0xff, 0xff,
    0xff, 0xff, 0xff, 0xf4, 0x68, 0x68, 0x8e, 0xec,
    0x0, 0x3c, 0xec, 0x0, 0x0, 0x0, 0x0, 0x40,
    0xf9, 0xa8, 0xa8, 0xbe, 0xec, 0x0, 0x3c, 0xec,
    0x0, 0x0, 0x0, 0x0, 0x40, 0xec, 0x0, 0x0,
    0x40, 0xec, 0x0, 0x3c, 0xf0, 0x3c, 0x3c, 0x3c,
    0x3c, 0x6d, 0xec, 0x0, 0x0, 0x40, 0xec, 0x0,
    0x30, 0xd0, 0xd0, 0xd0, 0xd0, 0xd0, 0xd0, 0xbf,
    0x0, 0x0, 0x40, 0xec, 0x0, 0x0, 0x0, 0x0,
    0x0, 0x0, 0x0, 0x0, 0x0, 0x0, 0x0, 0x40,
    0xec, 0x0, 0x0, 0x0, 0x30, 0x6c, 0x0, 0x0,
    0x0, 0x0, 0x0, 0x0, 0x40, 0xec, 0x0, 0x0,
    0x0, 0x60, 0xd8, 0x0, 0x0, 0x0, 0x0, 0x0,
    0x0, 0x8, 0x1d, 0x0, 0x0, 0x0, 0x60, 0xd8,
    0x0, 0x0, 0x0, 0x0, 0x0, 0x0, 0x0, 0x0,
    0x0, 0x0, 0x0, 0x60, 0xda, 0x10, 0x10, 0x10,
    0x10, 0x10, 0x10, 0x10, 0x10, 0x1, 0x0, 0x0,
    0x60, 0xff, 0xff, 0xff, 0xff, 0xff, 0xff, 0xff,
    0xff, 0xff, 0x18,

    /* U+BC94 "범" */
    0x0, 0x0, 0x0, 0x0, 0x0, 0x0, 0x0, 0x0,
    0x0, 0x0, 0x20, 0x76, 0x3c, 0xec, 0x0, 0x0,
    0x0, 0x0, 0x40, 0xec, 0x0, 0x0, 0x40, 0xec,
    0x3c, 0xec, 0x0, 0x0, 0x0, 0x0, 0x40, 0xec,
    0x0, 0x0, 0x40, 0xec, 0x3c, 0xf4, 0x6c, 0x6c,
    0x6c, 0x6c, 0x91, 0xec, 0x0, 0x0, 0x40, 0xec,
    0x3c, 0xf8, 0xa4, 0xa4, 0xa4, 0xa4, 0xbb, 0xfc,
    0xd8, 0xd8, 0xe2, 0xec, 0x3c, 0xec, 0x0, 0x0,
    0x0, 0x0, 0x40, 0xf0, 0x38, 0x38, 0x6a, 0xec,
    0x3c, 0xec, 0x0, 0x0, 0x0, 0x0, 0x40, 0xec,
    0x0, 0x0, 0x40, 0xec, 0x3c, 0xfe, 0xf0, 0xf0,
    0xf0, 0xf0, 0xf4, 0xec, 0x0, 0x0, 0x40, 0xec,
    0x5, 0x18, 0x18, 0x18, 0x18, 0x18, 0x18, 0x16,
    0x0, 0x0, 0x3d, 0xe0, 0x0, 0x0, 0x17, 0x2c,
    0x2c, 0x2c, 0x2c, 0x2c, 0x2c, 0x2c, 0x2c, 0x28,
    0x0, 0x0, 0x88, 0xf5, 0xe0, 0xe0, 0xe0, 0xe0,
    0xe0, 0xe0, 0xe7, 0xec, 0x0, 0x0, 0x88, 0xac,
    0x0, 0x0, 0x0, 0x0, 0x0, 0x0, 0x3c, 0xec,
    0x0, 0x0, 0x88, 0xac, 0x0, 0x0, 0x0, 0x0,
    0x0, 0x0, 0x3c, 0xec, 0x0, 0x0, 0x88, 0xae,
    0x8, 0x8, 0x8, 0x8, 0x8, 0x8, 0x42, 0xec,
    0x0, 0x0, 0x88, 0xff, 0xff, 0xff, 0xff, 0xff,
    0xff, 0xff, 0xff, 0xec,

    /* U+BCA0 "베" */
    0x0, 0x0, 0x0, 0x0, 0x0, 0x0, 0x0, 0x0,
    0x0, 0x0, 0x0, 0x3c, 0xd2, 0x0, 0x0, 0x0,
    0x0, 0x0, 0x0, 0x0, 0x0, 0x0, 0xfc, 0x30,
    0x44, 0xec, 0x14, 0xff, 0x14, 0x0, 0x0, 0x24,
    0xff, 0x0, 0x0, 0xfc, 0x30, 0x44, 0xec, 0x14,
    0xff, 0x14, 0x0, 0x0, 0x24, 0xff, 0x0, 0x0,
    0xfc, 0x30, 0x44, 0xec, 0x14, 0xff, 0x14, 0x0,
    0x0, 0x24, 0xff, 0x0, 0x0, 0xfc, 0x30, 0x44,
    0xec, 0x14, 0xff, 0x40, 0x30, 0x30, 0x4d, 0xff,
    0x0, 0x0, 0xfc, 0x30, 0x44, 0xec, 0x14, 0xff,
    0xd0, 0xcc, 0xcc, 0xd3, 0xff, 0x90, 0x90, 0xfe,
    0x30, 0x44, 0xec, 0x14, 0xff, 0x14, 0x0, 0x0,
    0x24, 0xff, 0x6c, 0x6c, 0xfd, 0x30, 0x44, 0xec,
    0x14, 0xff, 0x14, 0x0, 0x0, 0x24, 0xff, 0x0,
    0x0, 0xfc, 0x30, 0x44, 0xec, 0x14, 0xff, 0x14,
    0x0, 0x0, 0x24, 0xff, 0x0, 0x0, 0xfc, 0x30,
    0x44, 0xec, 0x14, 0xff, 0x68, 0x5c, 0x5c, 0x73,
    0xff, 0x0, 0x0, 0xfc, 0x30, 0x44, 0xec, 0xc,
    0xa0, 0xa0, 0xa0, 0xa0, 0xa0, 0xa0, 0x0, 0x0,
    0xfc, 0x30, 0x44, 0xec, 0x0, 0x0, 0x0, 0x0,
    0x0, 0x0, 0x0, 0x0, 0x0, 0xfc, 0x30, 0x44,
    0xec, 0x0, 0x0, 0x0, 0x0, 0x0, 0x0, 0x0,
    0x0, 0x0, 0xfc, 0x30, 0x44, 0xec, 0x0, 0x0,
    0x0, 0x0, 0x0, 0x0, 0x0, 0x0, 0x0, 0xfc,
    0x30, 0x44, 0xec, 0x0, 0x0, 0x0, 0x0, 0x0,
    0x0, 0x0, 0x0, 0x0, 0x0, 0x0, 0xc, 0x2c,

    /* U+BCC0 "변" */
    0x0, 0x0, 0x0, 0x0, 0x0, 0x0, 0x0, 0x0,
    0x0, 0x0, 0x39, 0xd2, 0x0, 0x3c, 0xec, 0x0,
    0x0, 0x0, 0x0, 0x3c, 0xec, 0x0, 0x0, 0x40,
    0xec, 0x0, 0x3c, 0xec, 0x0, 0x0, 0x0, 0x0,
    0x3c, 0xed, 0x10, 0x10, 0x4c, 0xec, 0x0, 0x3c,
    0xf0, 0x34, 0x34, 0x34, 0x34, 0x63, 0xff, 0xfc,
    0xfc, 0xfd, 0xec, 0x0, 0x3c, 0xfc, 0xd8, 0xd8,
    0xd8, 0xd8, 0xe1, 0xec, 0x0, 0x0, 0x40, 0xec,
    0x0, 0x3c, 0xec, 0x0, 0x0, 0x0, 0x0, 0x3c,
    0xec, 0x0, 0x0, 0x40, 0xec, 0x0, 0x3c, 0xec,
    0x0, 0x0, 0x0, 0x0, 0x3c, 0xfa, 0xb8, 0xb8,
    0xca, 0xec, 0x0, 0x3c, 0xef, 0x30, 0x30, 0x30,
    0x30, 0x60, 0xf2, 0x54, 0x54, 0x7f, 0xec, 0x0,
    0x33, 0xdc, 0xdc, 0xdc, 0xdc, 0xdc, 0xdc, 0xca,
    0x0, 0x0, 0x40, 0xec, 0x0, 0x0, 0x0, 0x0,
    0x0, 0x0, 0x0, 0x0, 0x0, 0x0, 0x0, 0x40,
    0xec, 0x0, 0x0, 0x0, 0x6a, 0xab, 0x0, 0x0,
    0x0, 0x0, 0x0, 0x0, 0x40, 0xec, 0x0, 0x0,
    0x0, 0x78, 0xc0, 0x0, 0x0, 0x0, 0x0, 0x0,
    0x0, 0x8, 0x1d, 0x0, 0x0, 0x0, 0x78, 0xc0,
    0x0, 0x0, 0x0, 0x0, 0x0, 0x0, 0x0, 0x0,
    0x0, 0x0, 0x0, 0x78, 0xc3, 0xc, 0xc, 0xc,
    0xc, 0xc, 0xc, 0xc, 0xc, 0x0, 0x0, 0x0,
    0x78, 0xff, 0xff, 0xff, 0xff, 0xff, 0xff, 0xff,
    0xff, 0xff, 0x4,

    /* U+BCF4 "보" */
    0x0, 0x0, 0xb8, 0x70, 0x0, 0x0, 0x0, 0x0,
    0x0, 0x0, 0x6c, 0xbc, 0x0, 0x0, 0x0, 0x0,
    0xb8, 0x70, 0x0, 0x0, 0x0, 0x0, 0x0, 0x0,
    0x6c, 0xbc, 0x0, 0x0, 0x0, 0x0, 0xb8, 0xf9,
    0xf4, 0xf4, 0xf4, 0xf4, 0xf4, 0xf4, 0xf9, 0xbc,
    0x0, 0x0, 0x0, 0x0, 0xb8, 0x7f, 0x1c, 0x1c,
    0x1c, 0x1c, 0x1c, 0x1c, 0x7c, 0xbc, 0x0, 0x0,
    0x0, 0x0, 0xb8, 0x70, 0x0, 0x0, 0x0, 0x0,
    0x0, 0x0, 0x6c, 0xbc, 0x0, 0x0, 0x0, 0x0,
    0xb8, 0x7f, 0x1c, 0x1c, 0x1c, 0x1c, 0x1c, 0x1c,
    0x7c, 0xbc, 0x0, 0x0, 0x0, 0x0, 0xaf, 0xf4,
    0xf4, 0xf4, 0xfa, 0xfb, 0xf4, 0xf4, 0xf4, 0xb3,
    0x0, 0x0, 0x0, 0x0, 0x0, 0x0, 0x0, 0x0,
    0x94, 0x9c, 0x0, 0x0, 0x0, 0x0, 0x0, 0x0,
    0x0, 0x0, 0x0, 0x0, 0x0, 0x0, 0x94, 0x9c,
    0x0, 0x0, 0x0, 0x0, 0x0, 0x0, 0x0, 0x0,
    0x0, 0x0, 0x0, 0x0, 0x94, 0x9c, 0x0, 0x0,
    0x0, 0x0, 0x0, 0x0, 0xf0, 0xf4, 0xf4, 0xf4,
    0xf4, 0xf4, 0xfa, 0xfb, 0xf4, 0xf4, 0xf4, 0xf4,
    0xf4, 0xf4, 0x13, 0x14, 0x14, 0x14, 0x14, 0x14,
    0x14, 0x14, 0x14, 0x14, 0x14, 0x14, 0x14, 0x14,

    /* U+BCF5 "복" */
    0x0, 0x0, 0x98, 0x90, 0x0, 0x0, 0x0, 0x0,
    0x0, 0x0, 0x88, 0xa0, 0x0, 0x0, 0x0, 0x0,
    0x98, 0xee, 0xd8, 0xd8, 0xd8, 0xd8, 0xd8, 0xd8,
    0xed, 0xa0, 0x0, 0x0, 0x0, 0x0, 0x98, 0xa6,
    0x34, 0x34, 0x34, 0x34, 0x34, 0x34, 0xa0, 0xa0,
    0x0, 0x0, 0x0, 0x0, 0x98, 0x90, 0x0, 0x0,
    0x0, 0x0, 0x0, 0x0, 0x88, 0xa0, 0x0, 0x0,
    0x0, 0x0, 0x98, 0xfa, 0xf4, 0xf4, 0xf4, 0xf4,
    0xf4, 0xf4, 0xfa, 0xa0, 0x0, 0x0, 0x0, 0x0,
    0x9, 0x10, 0x10, 0x10, 0x9a, 0xa2, 0x10, 0x10,
    0x10, 0xa, 0x0, 0x0, 0x0, 0x0, 0x0, 0x0,
    0x0, 0x0, 0x94, 0x9c, 0x0, 0x0, 0x0, 0x0,
    0x0, 0x0, 0xfc, 0xff, 0xff, 0xff, 0xff, 0xff,
    0xff, 0xff, 0xff, 0xff, 0xff, 0xff, 0xff, 0xff,
    0x7, 0x8, 0x8, 0x8, 0x8, 0x8, 0x8, 0x8,
    0x8, 0x8, 0x8, 0x8, 0x8, 0x8, 0x0, 0x0,
    0x3c, 0x3c, 0x3c, 0x3c, 0x3c, 0x3c, 0x3c, 0x3c,
    0x3c, 0x2a, 0x0, 0x0, 0x0, 0x0, 0xcc, 0xcc,
    0xcc, 0xcc, 0xcc, 0xcc, 0xcc, 0xcc, 0xe3, 0xb4,
    0x0, 0x0, 0x0, 0x0, 0x0, 0x0, 0x0, 0x0,
    0x0, 0x0, 0x0, 0x0, 0x74, 0xb4, 0x0, 0x0,
    0x0, 0x0, 0x0, 0x0, 0x0, 0x0, 0x0, 0x0,
    0x0, 0x0, 0x74, 0xb4, 0x0, 0x0, 0x0, 0x0,
    0x0, 0x0, 0x0, 0x0, 0x0, 0x0, 0x0, 0x0,
    0x74, 0xb4, 0x0, 0x0, 0x0, 0x0, 0x0, 0x0,
    0x0, 0x0, 0x0, 0x0, 0x0, 0x0, 0x48, 0x70,
    0x0, 0x0,

    /* U+BD80 "부" */
    0x0, 0x0, 0xb8, 0x6c, 0x0, 0x0, 0x0, 0x0,
    0x0, 0x0, 0x68, 0xc0, 0x0, 0x0, 0x0, 0x0,
    0xb8, 0x77, 0x14, 0x14, 0x14, 0x14, 0x14, 0x14,
    0x73, 0xc0, 0x0, 0x0, 0x0, 0x0, 0xb8, 0xf9,
    0xf4, 0xf4, 0xf4, 0xf4, 0xf4, 0xf4, 0xf8, 0xc0,
    0x0, 0x0, 0x0, 0x0, 0xb8, 0x6c, 0x0, 0x0,
    0x0, 0x0, 0x0, 0x0, 0x68, 0xc0, 0x0, 0x0,
    0x0, 0x0, 0xb8, 0x75, 0x10, 0x10, 0x10, 0x10,
    0x10, 0x10, 0x71, 0xc0, 0x0, 0x0, 0x0, 0x0,
    0xaf, 0xf4, 0xf4, 0xf4, 0xf4, 0xf4, 0xf4, 0xf4,
    0xf4, 0xb7, 0x0, 0x0, 0x0, 0x0, 0x0, 0x0,
    0x0, 0x0, 0x0, 0x0, 0x0, 0x0, 0x0, 0x0,
    0x0, 0x0, 0x1b, 0x1c, 0x1c, 0x1c, 0x1c, 0x1c,
    0x1c, 0x1c, 0x1c, 0x1c, 0x1c, 0x1c, 0x1c, 0x1c,
    0xf0, 0xf4, 0xf4, 0xf4, 0xf4, 0xf4, 0xfa, 0xfb,
    0xf4, 0xf4, 0xf4, 0xf4, 0xf4, 0xf4, 0x0, 0x0,
    0x0, 0x0, 0x0, 0x0, 0x94, 0x98, 0x0, 0x0,
    0x0, 0x0, 0x0, 0x0, 0x0, 0x0, 0x0, 0x0,
    0x0, 0x0, 0x94, 0x98, 0x0, 0x0, 0x0, 0x0,
    0x0, 0x0, 0x0, 0x0, 0x0, 0x0, 0x0, 0x0,
    0x94, 0x98, 0x0, 0x0, 0x0, 0x0, 0x0, 0x0,
    0x0, 0x0, 0x0, 0x0, 0x0, 0x0, 0x94, 0x98,
    0x0, 0x0, 0x0, 0x0, 0x0, 0x0, 0x0, 0x0,
    0x0, 0x0, 0x0, 0x0, 0x94, 0x98, 0x0, 0x0,
    0x0, 0x0, 0x0, 0x0, 0x0, 0x0, 0x0, 0x0,
    0x0, 0x0, 0x3c, 0x3d, 0x0, 0x0, 0x0, 0x0,
    0x0, 0x0,

    /* U+BD84 "분" */
    0x0, 0x0, 0xa4, 0x88, 0x0, 0x0, 0x0, 0x0,
    0x0, 0x0, 0x80, 0xa8, 0x0, 0x0, 0x0, 0x0,
    0xa4, 0x93, 0x18, 0x18, 0x18, 0x18, 0x18, 0x18,
    0x8c, 0xa8, 0x0, 0x0, 0x0, 0x0, 0xa4, 0xf8,
    0xf0, 0xf0, 0xf0, 0xf0, 0xf0, 0xf0, 0xf8, 0xa8,
    0x0, 0x0, 0x0, 0x0, 0xa4, 0x88, 0x0, 0x0,
    0x0, 0x0, 0x0, 0x0, 0x80, 0xa8, 0x0, 0x0,
    0x0, 0x0, 0xa4, 0xab, 0x4c, 0x4c, 0x4c, 0x4c,
    0x4c, 0x4c, 0xa6, 0xa8, 0x0, 0x0, 0x0, 0x0,
    0x78, 0xbc, 0xbc, 0xbc, 0xbc, 0xbc, 0xbc, 0xbc,
    0xbc, 0x7b, 0x0, 0x0, 0x0, 0x0, 0x0, 0x0,
    0x0, 0x0, 0x0, 0x0, 0x0, 0x0, 0x0, 0x0,
    0x0, 0x0, 0xe8, 0xec, 0xec, 0xec, 0xec, 0xec,
    0xec, 0xec, 0xec, 0xec, 0xec, 0xec, 0xec, 0xec,
    0x1f, 0x20, 0x20, 0x20, 0x20, 0x20, 0x93, 0xb3,
    0x20, 0x20, 0x20, 0x20, 0x20, 0x20, 0x0, 0x0,
    0x40, 0x22, 0x0, 0x0, 0x84, 0xa8, 0x0, 0x0,
    0x0, 0x0, 0x0, 0x0, 0x0, 0x0, 0xc4, 0x68,
    0x0, 0x0, 0x84, 0xa8, 0x0, 0x0, 0x0, 0x0,
    0x0, 0x0, 0x0, 0x0, 0xc4, 0x68, 0x0, 0x0,
    0x48, 0x5b, 0x0, 0x0, 0x0, 0x0, 0x0, 0x0,
    0x0, 0x0, 0xc4, 0x6f, 0xc, 0xc, 0xc, 0xc,
    0xc, 0xc, 0xc, 0xc, 0x0, 0x0, 0x0, 0x0,
    0xc4, 0xff, 0xff, 0xff, 0xff, 0xff, 0xff, 0xff,
    0xff, 0xff, 0xc, 0x0,

    /* U+BD99 "붙" */
    0x0, 0x0, 0x33, 0x2a, 0x0, 0x0, 0x0, 0x0,
    0x0, 0x0, 0x28, 0x34, 0x0, 0x0, 0x0, 0x0,
    0xa4, 0x88, 0x0, 0x0, 0x0, 0x0, 0x0, 0x0,
    0x80, 0xa8, 0x0, 0x0, 0x0, 0x0, 0xa4, 0xf6,
    0xec, 0xec, 0xec, 0xec, 0xec, 0xec, 0xf6, 0xa8,
    0x0, 0x0, 0x0, 0x0, 0xa4, 0x8d, 0xc, 0xc,
    0xc, 0xc, 0xc, 0xc, 0x86, 0xa8, 0x0, 0x0,
    0x0, 0x0, 0xa4, 0x8d, 0xc, 0xc, 0xc, 0xc,
    0xc, 0xc, 0x86, 0xa8, 0x0, 0x0, 0x0, 0x0,
    0x99, 0xf0, 0xf0, 0xf0, 0xf0, 0xf0, 0xf0, 0xf0,
    0xf0, 0x9d, 0x0, 0x0, 0x0, 0x0, 0x0, 0x0,
    0x0, 0x0, 0x0, 0x0, 0x0, 0x0, 0x0, 0x0,
    0x0, 0x0, 0xf0, 0xf4, 0xf4, 0xf4, 0xf4, 0xf4,
    0xf4, 0xf4, 0xf4, 0xf4, 0xf4, 0xf4, 0xf4, 0xf4,
    0x0, 0x0, 0x0, 0x0, 0x0, 0x0, 0x94, 0x9c,
    0x0, 0x0, 0x0, 0x0, 0x0, 0x0, 0x0, 0x0,
    0x8, 0xc, 0xc, 0xc, 0x99, 0xa0, 0xc, 0xc,
    0xc, 0x9, 0x0, 0x0, 0x0, 0x0, 0xb0, 0xf5,
    0xec, 0xec, 0xec, 0xec, 0xec, 0xec, 0xec, 0xb8,
    0x0, 0x0, 0x0, 0x0, 0xb0, 0x78, 0x0, 0x0,
    0x0, 0x0, 0x0, 0x0, 0x0, 0x0, 0x0, 0x0,
    0x0, 0x0, 0xb0, 0xf5, 0xec, 0xec, 0xec, 0xec,
    0xec, 0xec, 0xec, 0x7d, 0x0, 0x0, 0x0, 0x0,
    0xb0, 0x78, 0x0, 0x0, 0x0, 0x0, 0x0, 0x0,
    0x0, 0x0, 0x0, 0x0, 0x0, 0x0, 0xb0, 0xf9,
    0xf4, 0xf4, 0xf4, 0xf4, 0xf4, 0xf4, 0xf4, 0xd9,
    0x0, 0x0,

    /* U+BE0C "브" */
    0x0, 0x0, 0xa4, 0x88, 0x0, 0x0, 0x0, 0x0,
    0x0, 0x0, 0x80, 0xac, 0x0, 0x0, 0x0, 0x0,
    0xa4, 0x88, 0x0, 0x0, 0x0, 0x0, 0x0, 0x0,
    0x80, 0xac, 0x0, 0x0, 0x0, 0x0, 0xa4, 0xfa,
    0xf4, 0xf4, 0xf4, 0xf4, 0xf4, 0xf4, 0xfa, 0xac,
    0x0, 0x0, 0x0, 0x0, 0xa4, 0x93, 0x18, 0x18,
    0x18, 0x18, 0x18, 0x18, 0x8c, 0xac, 0x0, 0x0,
    0x0, 0x0, 0xa4, 0x88, 0x0, 0x0, 0x0, 0x0,
    0x0, 0x0, 0x80, 0xac, 0x0, 0x0, 0x0, 0x0,
    0xa4, 0x9c, 0x2c, 0x2c, 0x2c, 0x2c, 0x2c, 0x2c,
    0x96, 0xac, 0x0, 0x0, 0x0, 0x0, 0x92, 0xe4,
    0xe4, 0xe4, 0xe4, 0xe4, 0xe4, 0xe4, 0xe4, 0x99,
    0x0, 0x0, 0x0, 0x0, 0x0, 0x0, 0x0, 0x0,
    0x0, 0x0, 0x0, 0x0, 0x0, 0x0, 0x0, 0x0,
    0x0, 0x0, 0x0, 0x0, 0x0, 0x0, 0x0, 0x0,
    0x0, 0x0, 0x0, 0x0, 0x0, 0x0, 0x1b, 0x1c,
    0x1c, 0x1c, 0x1c, 0x1c, 0x1c, 0x1c, 0x1c, 0x1c,
    0x1c, 0x1c, 0x1c, 0x1c, 0xf0, 0xf4, 0xf4, 0xf4,
    0xf4, 0xf4, 0xf4, 0xf4, 0xf4, 0xf4, 0xf4, 0xf4,
    0xf4, 0xf4,

    /* U+BE44 "비" */
    0x0, 0x0, 0x0, 0x0, 0x0, 0x0, 0x0, 0x0,
    0x0, 0x0, 0xd2, 0x35, 0x0, 0x0, 0x0, 0x0,
    0x0, 0x0, 0x0, 0x0, 0x0, 0x0, 0xec, 0x3c,
    0xf0, 0x3c, 0x0, 0x0, 0x0, 0x0, 0xec, 0x40,
    0x0, 0x0, 0xec, 0x3c, 0xf0, 0x3c, 0x0, 0x0,
    0x0, 0x0, 0xec, 0x40, 0x0, 0x0, 0xec, 0x3c,
    0xf0, 0x3c, 0x0, 0x0, 0x0, 0x0, 0xec, 0x40,
    0x0, 0x0, 0xec, 0x3c, 0xf0, 0x7f, 0x58, 0x58,
    0x58, 0x58, 0xf2, 0x40, 0x0, 0x0, 0xec, 0x3c,
    0xf0, 0xb9, 0xa4, 0xa4, 0xa4, 0xa4, 0xf8, 0x40,
    0x0, 0x0, 0xec, 0x3c, 0xf0, 0x3c, 0x0, 0x0,
    0x0, 0x0, 0xec, 0x40, 0x0, 0x0, 0xec, 0x3c,
    0xf0, 0x3c, 0x0, 0x0, 0x0, 0x0, 0xec, 0x40,
    0x0, 0x0, 0xec, 0x3c, 0xf0, 0x3c, 0x0, 0x0,
    0x0, 0x0, 0xec, 0x40, 0x0, 0x0, 0xec, 0x3c,
    0xf0, 0xc2, 0xb0, 0xb0, 0xb0, 0xb0, 0xf9, 0x40,
    0x0, 0x0, 0xec, 0x3c, 0x47, 0x4c, 0x4c, 0x4c,
    0x4c, 0x4c, 0x4c, 0x13, 0x0, 0x0, 0xec, 0x3c,
    0x0, 0x0, 0x0, 0x0, 0x0, 0x0, 0x0, 0x0,
    0x0, 0x0, 0xec, 0x3c, 0x0, 0x0, 0x0, 0x0,
    0x0, 0x0, 0x0, 0x0, 0x0, 0x0, 0xec, 0x3c,
    0x0, 0x0, 0x0, 0x0, 0x0, 0x0, 0x0, 0x0,
    0x0, 0x0, 0xec, 0x3c, 0x0, 0x0, 0x0, 0x0,
    0x0, 0x0, 0x0, 0x0, 0x0, 0x0, 0x2c, 0xb,

    /* U+C0AC "사" */
    0x0, 0x0, 0x0, 0x0, 0x0, 0x0, 0x0, 0x0,
    0x0, 0x0, 0x0, 0x35, 0xd2, 0x0, 0x0, 0x0,
    0x0, 0x0, 0x0, 0x0, 0x0, 0x0, 0x0, 0x0,
    0x0, 0x0, 0x0, 0x3c, 0xec, 0x0, 0x0, 0x0,
    0x0, 0x0, 0x0, 0x0, 0x0, 0xff, 0x28, 0x0,
    0x0, 0x0, 0x0, 0x3c, 0xec, 0x0, 0x0, 0x0,
    0x0, 0x0, 0x0, 0x0, 0x0, 0xff, 0x28, 0x0,
    0x0, 0x0, 0x0, 0x3c, 0xec, 0x0, 0x0, 0x0,
    0x0, 0x0, 0x0, 0x0, 0x4, 0xff, 0x2d, 0x0,
    0x0, 0x0, 0x0, 0x3c, 0xec, 0x0, 0x0, 0x0,
    0x0, 0x0, 0x0, 0x0, 0x20, 0xff, 0x4d, 0x0,
    0x0, 0x0, 0x0, 0x3c, 0xec, 0x0, 0x0, 0x0,
    0x0, 0x0, 0x0, 0x0, 0x64, 0xff, 0x99, 0x0,
    0x0, 0x0, 0x0, 0x3c, 0xf0, 0x38, 0x38, 0x1d,
    0x0, 0x0, 0x0, 0x1, 0xd0, 0x7b, 0xf3, 0x1e,
    0x0, 0x0, 0x0, 0x3c, 0xfb, 0xc0, 0xc0, 0x66,
    0x0, 0x0, 0x0, 0x76, 0xc9, 0x3, 0x8a, 0xc8,
    0x8, 0x0, 0x0, 0x3c, 0xec, 0x0, 0x0, 0x0,
    0x0, 0x0, 0x45, 0xed, 0x28, 0x0, 0x5, 0xbf,
    0xae, 0xb, 0x0, 0x3c, 0xec, 0x0, 0x0, 0x0,
    0x0, 0x68, 0xf2, 0x45, 0x0, 0x0, 0x0, 0xe,
    0xc6, 0xd6, 0x17, 0x3c, 0xec, 0x0, 0x0, 0x0,
    0x0, 0x76, 0x3b, 0x0, 0x0, 0x0, 0x0, 0x0,
    0x8, 0x66, 0x0, 0x3c, 0xec, 0x0, 0x0, 0x0,
    0x0, 0x0, 0x0, 0x0, 0x0, 0x0, 0x0, 0x0,
    0x0, 0x0, 0x0, 0x3c, 0xec, 0x0, 0x0, 0x0,
    0x0, 0x0, 0x0, 0x0, 0x0, 0x0, 0x0, 0x0,
    0x0, 0x0, 0x0, 0x3c, 0xec, 0x0, 0x0, 0x0,
    0x0, 0x0, 0x0, 0x0, 0x0, 0x0, 0x0, 0x0,
    0x0, 0x0, 0x0, 0x3c, 0xec, 0x0, 0x0, 0x0,
    0x0, 0x0, 0x0, 0x0, 0x0, 0x0, 0x0, 0x0,
    0x0, 0x0, 0x0, 0xb, 0x2c, 0x0, 0x0, 0x0,

    /* U+C0AD "삭" */
    0x0, 0x0, 0x0, 0x0, 0x0, 0x0, 0x0, 0x0,
    0x0, 0x0, 0x1a, 0x67, 0x0, 0x0, 0x0, 0x0,
    0x0, 0x0, 0x1c, 0xff, 0x0, 0x0, 0x0, 0x0,
    0x0, 0x3c, 0xec, 0x0, 0x0, 0x0, 0x0, 0x0,
    0x0, 0x1e, 0xff, 0x3, 0x0, 0x0, 0x0, 0x0,
    0x3c, 0xec, 0x0, 0x0, 0x0, 0x0, 0x0, 0x0,
    0x3f, 0xff, 0x2a, 0x0, 0x0, 0x0, 0x0, 0x3c,
    0xec, 0x0, 0x0, 0x0, 0x0, 0x0, 0x0, 0x9d,
    0xd9, 0x9d, 0x0, 0x0, 0x0, 0x0, 0x3c, 0xfb,
    0xc4, 0xc4, 0x27, 0x0, 0x0, 0x45, 0xe0, 0x13,
    0xd0, 0x6d, 0x0, 0x0, 0x0, 0x3c, 0xf1, 0x4c,
    0x4c, 0xf, 0x0, 0x41, 0xed, 0x3b, 0x0, 0x19,
    0xd5, 0x93, 0x12, 0x0, 0x3c, 0xec, 0x0, 0x0,
    0x0, 0x7a, 0xf3, 0x4b, 0x0, 0x0, 0x0, 0xf,
    0xa8, 0x85, 0x0, 0x3c, 0xec, 0x0, 0x0, 0x0,
    0x21, 0x2a, 0x0, 0x0, 0x0, 0x0, 0x0, 0x0,
    0x0, 0x0, 0x3c, 0xec, 0x0, 0x0, 0x0, 0x0,
    0x0, 0x14, 0x1c, 0x1c, 0x1c, 0x1c, 0x1c, 0x1c,
    0x1c, 0x1c, 0x1d, 0x0, 0x0, 0x0, 0x0, 0x0,
    0xb3, 0xf4, 0xf4, 0xf4, 0xf4, 0xf4, 0xf4, 0xf4,
    0xf6, 0xec, 0x0, 0x0, 0x0, 0x0, 0x0, 0x0,
    0x0, 0x0, 0x0, 0x0, 0x0, 0x0, 0x0, 0x3c,
    0xec, 0x0, 0x0, 0x0, 0x0, 0x0, 0x0, 0x0,
    0x0, 0x0, 0x0, 0x0, 0x0, 0x0, 0x3c, 0xec,
    0x0, 0x0, 0x0, 0x0, 0x0, 0x0, 0x0, 0x0,
    0x0, 0x0, 0x0, 0x0, 0x0, 0x3c, 0xec, 0x0,
    0x0, 0x0, 0x0, 0x0, 0x0, 0x0, 0x0, 0x0,
    0x0, 0x0, 0x0, 0x0, 0x3c, 0xec, 0x0, 0x0,
    0x0, 0x0, 0x0, 0x0, 0x0, 0x0, 0x0, 0x0,
    0x0, 0x0, 0x0, 0x1e, 0x76, 0x0, 0x0, 0x0,

    /* U+C0C1 "상" */
    0x0, 0x0, 0x0, 0x0, 0x0, 0x0, 0x0, 0x0,
    0x0, 0x0, 0x1e, 0x79, 0x0, 0x0, 0x0, 0x0,
    0x0, 0x0, 0x20, 0xff, 0x4, 0x0, 0x0, 0x0,
    0x0, 0x3c, 0xec, 0x0, 0x0, 0x0, 0x0, 0x0,
    0x0, 0x23, 0xff, 0x7, 0x0, 0x0, 0x0, 0x0,
    0x3c, 0xec, 0x0, 0x0, 0x0, 0x0, 0x0, 0x0,
    0x45, 0xff, 0x2f, 0x0, 0x0, 0x0, 0x0, 0x3c,
    0xec, 0x0, 0x0, 0x0, 0x0, 0x0, 0x0, 0xa8,
    0xe2, 0xa3, 0x0, 0x0, 0x0, 0x0, 0x3c, 0xfb,
    0xc4, 0xc4, 0x27, 0x0, 0x0, 0x57, 0xde, 0x16,
    0xd4, 0x75, 0x0, 0x0, 0x0, 0x3c, 0xf1, 0x4c,
    0x4c, 0xf, 0x0, 0x5f, 0xeb, 0x2d, 0x0, 0x19,
    0xd1, 0xa0, 0x1a, 0x0, 0x3c, 0xec, 0x0, 0x0,
    0x0, 0x9e, 0xe0, 0x2e, 0x0, 0x0, 0x0, 0xc,
    0x9a, 0x7c, 0x0, 0x3c, 0xec, 0x0, 0x0, 0x0,
    0x1c, 0xd, 0x0, 0x0, 0x0, 0x0, 0x0, 0x0,
    0x0, 0x0, 0x2f, 0xbc, 0x0, 0x0, 0x0, 0x0,
    0x0, 0x0, 0xa, 0x64, 0xa3, 0xbf, 0xc3, 0xb2,
    0x85, 0x2c, 0x0, 0x0, 0x0, 0x0, 0x0, 0x0,
    0x24, 0xe0, 0xc2, 0x65, 0x43, 0x3b, 0x51, 0x93,
    0xf5, 0x75, 0x0, 0x0, 0x0, 0x0, 0x0, 0xa6,
    0xb7, 0x1, 0x0, 0x0, 0x0, 0x0, 0x0, 0x4b,
    0xfc, 0x15, 0x0, 0x0, 0x0, 0x0, 0xb3, 0x9e,
    0x0, 0x0, 0x0, 0x0, 0x0, 0x0, 0x2f, 0xff,
    0x1e, 0x0, 0x0, 0x0, 0x0, 0x3f, 0xf6, 0x8c,
    0x2d, 0xb, 0x3, 0x19, 0x5a, 0xdf, 0xa6, 0x0,
    0x0, 0x0, 0x0, 0x0, 0x0, 0x2a, 0x9d, 0xdb,
    0xf7, 0xfb, 0xeb, 0xbe, 0x63, 0x2, 0x0, 0x0,
    0x0,

    /* U+C0C8 "새" */
    0x0, 0x0, 0x0, 0x0, 0x0, 0x0, 0x0, 0x0,
    0x0, 0x0, 0x0, 0x1c, 0xe4, 0xa, 0x0, 0x0,
    0x0, 0x0, 0x0, 0x0, 0x0, 0x0, 0x14, 0xff,
    0x14, 0x20, 0xff, 0xc, 0x0, 0x0, 0x0, 0x3c,
    0xec, 0x0, 0x0, 0x0, 0x14, 0xff, 0x14, 0x20,
    0xff, 0xc, 0x0, 0x0, 0x0, 0x3c, 0xec, 0x0,
    0x0, 0x0, 0x14, 0xff, 0x14, 0x20, 0xff, 0xc,
    0x0, 0x0, 0x0, 0x3c, 0xec, 0x0, 0x0, 0x0,
    0x14, 0xff, 0x14, 0x20, 0xff, 0xc, 0x0, 0x0,
    0x0, 0x48, 0xfc, 0x4, 0x0, 0x0, 0x14, 0xff,
    0x14, 0x20, 0xff, 0xc, 0x0, 0x0, 0x0, 0x72,
    0xff, 0x24, 0x0, 0x0, 0x14, 0xff, 0x14, 0x20,
    0xff, 0xc, 0x0, 0x0, 0x0, 0xc0, 0xe9, 0x76,
    0x0, 0x0, 0x14, 0xff, 0xa7, 0xac, 0xff, 0xc,
    0x0, 0x0, 0x31, 0xea, 0x52, 0xda, 0x5, 0x0,
    0x14, 0xff, 0x70, 0x77, 0xff, 0xc, 0x0, 0x2,
    0xc2, 0x6c, 0x1, 0xcc, 0x79, 0x0, 0x14, 0xff,
    0x14, 0x20, 0xff, 0xc, 0x0, 0x83, 0xc2, 0x3,
    0x0, 0x32, 0xf2, 0x47, 0x14, 0xff, 0x14, 0x20,
    0xff, 0xc, 0x4c, 0xe0, 0x1b, 0x0, 0x0, 0x0,
    0x5e, 0xb8, 0x14, 0xff, 0x14, 0x20, 0xff, 0xc,
    0x0, 0xf, 0x0, 0x0, 0x0, 0x0, 0x0, 0x1,
    0x14, 0xff, 0x14, 0x20, 0xff, 0xc, 0x0, 0x0,
    0x0, 0x0, 0x0, 0x0, 0x0, 0x0, 0x14, 0xff,
    0x14, 0x20, 0xff, 0xc, 0x0, 0x0, 0x0, 0x0,
    0x0, 0x0, 0x0, 0x0, 0x14, 0xff, 0x14, 0x20,
    0xff, 0xc, 0x0, 0x0, 0x0, 0x0, 0x0, 0x0,
    0x0, 0x0, 0x0, 0x0, 0x0, 0x6, 0x30, 0x2,

    /* U+C0C9 "색" */
    0x0, 0x0, 0x0, 0x0, 0x0, 0x0, 0x0, 0x0,
    0x0, 0x0, 0x0, 0x33, 0x75, 0x0, 0x0, 0x0,
    0xcc, 0x58, 0x0, 0x0, 0x0, 0x48, 0xe4, 0x0,
    0x5c, 0xd0, 0x0, 0x0, 0x0, 0xcf, 0x5c, 0x0,
    0x0, 0x0, 0x48, 0xe4, 0x0, 0x5c, 0xd0, 0x0,
    0x0, 0x0, 0xed, 0x81, 0x0, 0x0, 0x0, 0x48,
    0xe4, 0x0, 0x5c, 0xd0, 0x0, 0x0, 0x30, 0xfa,
    0xdb, 0x5, 0x0, 0x0, 0x48, 0xf2, 0x88, 0xb3,
    0xd0, 0x0, 0x0, 0xab, 0x7b, 0xc5, 0x88, 0x0,
    0x0, 0x48, 0xf2, 0x84, 0xb0, 0xd0, 0x0, 0x6e,
    0xd6, 0x8, 0x1a, 0xe0, 0x8c, 0x9, 0x48, 0xe4,
    0x0, 0x5c, 0xd0, 0x81, 0xe8, 0x24, 0x0, 0x0,
    0x1d, 0xca, 0x63, 0x48, 0xe4, 0x0, 0x5c, 0xd0,
    0x23, 0x1d, 0x0, 0x0, 0x0, 0x0, 0x2, 0x0,
    0x48, 0xe4, 0x0, 0x57, 0xc6, 0x0, 0x0, 0x1,
    0x1c, 0x1c, 0x1c, 0x1c, 0x1c, 0x2a, 0x4a, 0x1c,
    0x1c, 0x16, 0x0, 0x0, 0xb, 0xf0, 0xf0, 0xf0,
    0xf0, 0xf0, 0xf0, 0xf0, 0xf0, 0xf5, 0xd0, 0x0,
    0x0, 0x0, 0x0, 0x0, 0x0, 0x0, 0x0, 0x0,
    0x0, 0x0, 0x5c, 0xd0, 0x0, 0x0, 0x0, 0x0,
    0x0, 0x0, 0x0, 0x0, 0x0, 0x0, 0x0, 0x5c,
    0xd0, 0x0, 0x0, 0x0, 0x0, 0x0, 0x0, 0x0,
    0x0, 0x0, 0x0, 0x0, 0x5c, 0xd0, 0x0, 0x0,
    0x0, 0x0, 0x0, 0x0, 0x0, 0x0, 0x0, 0x0,
    0x0, 0x5c, 0xd0, 0x0, 0x0, 0x0, 0x0, 0x0,
    0x0, 0x0, 0x0, 0x0, 0x0, 0x0, 0x39, 0x82,

    /* U+C0D8 "샘" */
    0x0, 0x0, 0x0, 0x0, 0x0, 0x0, 0x0, 0x0,
    0x0, 0x0, 0x0, 0x0, 0x29, 0x5e, 0x0, 0x0,
    0x0, 0x0, 0xcc, 0x58, 0x0, 0x0, 0x0, 0x48,
    0xe4, 0x0, 0x5c, 0xd0, 0x0, 0x0, 0x0, 0x0,
    0xce, 0x5b, 0x0, 0x0, 0x0, 0x48, 0xe4, 0x0,
    0x5c, 0xd0, 0x0, 0x0, 0x0, 0x0, 0xed, 0x7f,
    0x0, 0x0, 0x0, 0x48, 0xe4, 0x0, 0x5c, 0xd0,
    0x0, 0x0, 0x0, 0x31, 0xfd, 0xd5, 0x3, 0x0,
    0x0, 0x48, 0xf1, 0x7c, 0xab, 0xd0, 0x0, 0x0,
    0x0, 0xaf, 0x81, 0xd0, 0x77, 0x0, 0x0, 0x48,
    0xf4, 0x98, 0xbd, 0xd0, 0x0, 0x0, 0x77, 0xd4,
    0x8, 0x25, 0xea, 0x72, 0x2, 0x48, 0xe4, 0x0,
    0x5c, 0xd0, 0x1, 0x9c, 0xe3, 0x1f, 0x0, 0x0,
    0x2b, 0xdd, 0x69, 0x48, 0xe4, 0x0, 0x5c, 0xd0,
    0x0, 0x4d, 0x18, 0x0, 0x0, 0x0, 0x0, 0xa,
    0x1, 0x48, 0xe4, 0x0, 0x54, 0xbf, 0x0, 0x0,
    0x0, 0x0, 0x36, 0x40, 0x40, 0x40, 0x40, 0x44,
    0x4e, 0x40, 0x40, 0x34, 0x0, 0x0, 0x0, 0x0,
    0xd8, 0xd9, 0xc8, 0xc8, 0xc8, 0xc8, 0xc8, 0xc8,
    0xdb, 0xd0, 0x0, 0x0, 0x0, 0x0, 0xd8, 0x50,
    0x0, 0x0, 0x0, 0x0, 0x0, 0x0, 0x58, 0xd0,
    0x0, 0x0, 0x0, 0x0, 0xd8, 0x50, 0x0, 0x0,
    0x0, 0x0, 0x0, 0x0, 0x58, 0xd0, 0x0, 0x0,
    0x0, 0x0, 0xd8, 0x55, 0x8, 0x8, 0x8, 0x8,
    0x8, 0x8, 0x5d, 0xd0, 0x0, 0x0, 0x0, 0x0,
    0xd8, 0xff, 0xff, 0xff, 0xff, 0xff, 0xff, 0xff,
    0xff, 0xd0,

    /* U+C11C "서" */
    0x0, 0x0, 0x0, 0x0, 0x0, 0x0, 0x0, 0x0,
    0x0, 0x0, 0x0, 0xc0, 0x4a, 0x0, 0x0, 0x0,
    0x0, 0x0, 0x0, 0x0, 0x0, 0x0, 0x0, 0x0,
    0xd8, 0x54, 0x0, 0x0, 0x0, 0x0, 0xec, 0x3c,
    0x0, 0x0, 0x0, 0x0, 0x0, 0xd8, 0x54, 0x0,
    0x0, 0x0, 0x0, 0xec, 0x3c, 0x0, 0x0, 0x0,
    0x0, 0x0, 0xd8, 0x54, 0x0, 0x0, 0x0, 0x0,
    0xf0, 0x40, 0x0, 0x0, 0x0, 0x0, 0x0, 0xd8,
    0x54, 0x0, 0x0, 0x0, 0xd, 0xfe, 0x5d, 0x0,
    0x1e, 0x54, 0x54, 0x54, 0xe5, 0x54, 0x0, 0x0,
    0x0, 0x50, 0xff, 0xa3, 0x0, 0x3a, 0xa4, 0xa4,
    0xa4, 0xf1, 0x54, 0x0, 0x0, 0x0, 0xbe, 0x83,
    0xf1, 0x1a, 0x0, 0x0, 0x0, 0x0, 0xd8, 0x54,
    0x0, 0x0, 0x62, 0xd9, 0x8, 0x88, 0xba, 0x2,
    0x0, 0x0, 0x0, 0xd8, 0x54, 0x0, 0x37, 0xef,
    0x36, 0x0, 0x7, 0xc9, 0x90, 0x1, 0x0, 0x0,
    0xd8, 0x54, 0x5b, 0xf2, 0x55, 0x0, 0x0, 0x0,
    0x17, 0xdb, 0xad, 0x0, 0x0, 0xd8, 0x54, 0x6c,
    0x47, 0x0, 0x0, 0x0, 0x0, 0x0, 0x16, 0x50,
    0x0, 0x0, 0xd8, 0x54, 0x0, 0x0, 0x0, 0x0,
    0x0, 0x0, 0x0, 0x0, 0x0, 0x0, 0x0, 0xd8,
    0x54, 0x0, 0x0, 0x0, 0x0, 0x0, 0x0, 0x0,
    0x0, 0x0, 0x0, 0x0, 0xd8, 0x54, 0x0, 0x0,
    0x0, 0x0, 0x0, 0x0, 0x0, 0x0, 0x0, 0x0,
    0x0, 0xd8, 0x54, 0x0, 0x0, 0x0, 0x0, 0x0,
    0x0, 0x0, 0x0, 0x0, 0x0, 0x0, 0x28, 0xf,

    /* U+C11D "석" */
    0x0, 0x0, 0x0, 0x0, 0x0, 0x0, 0x0, 0x0,
    0x0, 0x0, 0x0, 0x76, 0x1e, 0x0, 0x0, 0x0,
    0x0, 0xf8, 0x28, 0x0, 0x0, 0x0, 0x0, 0x0,
    0xec, 0x3c, 0x0, 0x0, 0x0, 0x0, 0xf9, 0x29,
    0x0, 0x0, 0x0, 0x0, 0x0, 0xec, 0x3c, 0x0,
    0x0, 0x0, 0x12, 0xff, 0x43, 0x0, 0x26, 0x48,
    0x48, 0x48, 0xf1, 0x3c, 0x0, 0x0, 0x0, 0x63,
    0xff, 0x9a, 0x0, 0x6a, 0xc8, 0xc8, 0xc8, 0xfb,
    0x3c, 0x0, 0x0, 0x13, 0xe4, 0x76, 0xf0, 0x42,
    0x0, 0x0, 0x0, 0x0, 0xec, 0x3c, 0x0, 0x11,
    0xce, 0x9a, 0x0, 0x4e, 0xf0, 0x45, 0x0, 0x0,
    0x0, 0xec, 0x3c, 0x4d, 0xe1, 0x98, 0x3, 0x0,
    0x0, 0x48, 0xed, 0x73, 0x0, 0x0, 0xec, 0x3c,
    0x58, 0x58, 0x0, 0x0, 0x0, 0x0, 0x0, 0x18,
    0x12, 0x0, 0x0, 0xec, 0x3c, 0x0, 0x0, 0xb,
    0x14, 0x14, 0x14, 0x14, 0x14, 0x14, 0x14, 0x14,
    0x2a, 0xa, 0x0, 0x0, 0x89, 0xf4, 0xf4, 0xf4,
    0xf4, 0xf4, 0xf4, 0xf4, 0xf4, 0xff, 0x3c, 0x0,
    0x0, 0x0, 0x0, 0x0, 0x0, 0x0, 0x0, 0x0,
    0x0, 0x0, 0xec, 0x3c, 0x0, 0x0, 0x0, 0x0,
    0x0, 0x0, 0x0, 0x0, 0x0, 0x0, 0x0, 0xec,
    0x3c, 0x0, 0x0, 0x0, 0x0, 0x0, 0x0, 0x0,
    0x0, 0x0, 0x0, 0x0, 0xec, 0x3c, 0x0, 0x0,
    0x0, 0x0, 0x0, 0x0, 0x0, 0x0, 0x0, 0x0,
    0x0, 0xec, 0x3c, 0x0, 0x0, 0x0, 0x0, 0x0,
    0x0, 0x0, 0x0, 0x0, 0x0, 0x0, 0x6a, 0x1b,

    /* U+C120 "선" */
    0x0, 0x0, 0x0, 0x0, 0x0, 0x0, 0x0, 0x0,
    0x0, 0x0, 0x0, 0xd2, 0x35, 0x0, 0x0, 0x0,
    0x0, 0xf0, 0x28, 0x0, 0x0, 0x0, 0x0, 0x0,
    0xec, 0x3c, 0x0, 0x0, 0x0, 0x0, 0xf0, 0x28,
    0x0, 0x0, 0x0, 0x0, 0x0, 0xec, 0x3c, 0x0,
    0x0, 0x0, 0x3, 0xfb, 0x38, 0x0, 0x3, 0x8,
    0x8, 0x8, 0xec, 0x3c, 0x0, 0x0, 0x0, 0x3a,
    0xff, 0x7f, 0x0, 0x74, 0xff, 0xff, 0xff, 0xff,
    0x3c, 0x0, 0x0, 0x0, 0xaf, 0xa9, 0xec, 0x18,
    0x0, 0x0, 0x0, 0x0, 0xec, 0x3c, 0x0, 0x0,
    0x67, 0xd7, 0xa, 0x87, 0xcc, 0xe, 0x0, 0x0,
    0x0, 0xec, 0x3c, 0x0, 0x60, 0xeb, 0x2a, 0x0,
    0x2, 0xa1, 0xce, 0x2c, 0x0, 0x0, 0xec, 0x3c,
    0x7a, 0xe6, 0x34, 0x0, 0x0, 0x0, 0x1, 0x7e,
    0x72, 0x0, 0x0, 0xec, 0x3c, 0x9, 0x14, 0x0,
    0x0, 0x0, 0x0, 0x0, 0x0, 0x0, 0x0, 0x0,
    0xec, 0x3c, 0x0, 0x0, 0x0, 0xbc, 0x33, 0x0,
    0x0, 0x0, 0x0, 0x0, 0x0, 0xec, 0x3c, 0x0,
    0x0, 0x0, 0xec, 0x40, 0x0, 0x0, 0x0, 0x0,
    0x0, 0x0, 0x1d, 0x7, 0x0, 0x0, 0x0, 0xec,
    0x40, 0x0, 0x0, 0x0, 0x0, 0x0, 0x0, 0x0,
    0x0, 0x0, 0x0, 0x0, 0xec, 0x46, 0x8, 0x8,
    0x8, 0x8, 0x8, 0x8, 0x8, 0x6, 0x0, 0x0,
    0x0, 0xec, 0xff, 0xff, 0xff, 0xff, 0xff, 0xff,
    0xff, 0xff, 0xc4,

    /* U+C124 "설" */
    0x0, 0x0, 0x0, 0x0, 0x0, 0x0, 0x0, 0x0,
    0x0, 0x0, 0x0, 0x8c, 0x23, 0x0, 0x0, 0x0,
    0x0, 0xfc, 0x1c, 0x0, 0x0, 0x0, 0x0, 0x0,
    0xec, 0x3c, 0x0, 0x0, 0x0, 0x3, 0xfe, 0x22,
    0x0, 0x0, 0x0, 0x0, 0x0, 0xec, 0x3c, 0x0,
    0x0, 0x0, 0x35, 0xff, 0x5b, 0x0, 0x55, 0xbc,
    0xbc, 0xbc, 0xfa, 0x3c, 0x0, 0x0, 0x0, 0xb0,
    0xbe, 0xda, 0xe, 0x20, 0x48, 0x48, 0x48, 0xf1,
    0x3c, 0x0, 0x1, 0x90, 0xd1, 0xa, 0x8e, 0xce,
    0x1b, 0x0, 0x0, 0x0, 0xec, 0x3c, 0x29, 0xb9,
    0xca, 0x18, 0x0, 0x0, 0x7b, 0xf0, 0x65, 0x0,
    0x0, 0xec, 0x3c, 0x5b, 0x80, 0x7, 0x0, 0x0,
    0x0, 0x0, 0x2e, 0x1c, 0x0, 0x0, 0xe0, 0x39,
    0x0, 0x0, 0x0, 0x19, 0x1c, 0x1c, 0x1c, 0x1c,
    0x1c, 0x1c, 0x1c, 0x1c, 0x6, 0x0, 0x0, 0x0,
    0xd9, 0xec, 0xec, 0xec, 0xec, 0xec, 0xec, 0xec,
    0xfe, 0x3c, 0x0, 0x0, 0x0, 0x0, 0x0, 0x0,
    0x0, 0x0, 0x0, 0x0, 0x0, 0xe8, 0x3c, 0x0,
    0x0, 0x0, 0xd2, 0xe4, 0xe4, 0xe4, 0xe4, 0xe4,
    0xe4, 0xe4, 0xfd, 0x3c, 0x0, 0x0, 0x0, 0xec,
    0x51, 0x1c, 0x1c, 0x1c, 0x1c, 0x1c, 0x1c, 0x1c,
    0x6, 0x0, 0x0, 0x0, 0xec, 0x45, 0xc, 0xc,
    0xc, 0xc, 0xc, 0xc, 0xc, 0x9, 0x0, 0x0,
    0x0, 0xec, 0xff, 0xff, 0xff, 0xff, 0xff, 0xff,
    0xff, 0xff, 0xc8,

    /* U+C131 "성" */
    0x0, 0x0, 0x0, 0x0, 0x0, 0x0, 0x0, 0x0,
    0x0, 0x0, 0x0, 0x6c, 0x2a, 0x0, 0x0, 0x0,
    0x0, 0xf8, 0x1c, 0x0, 0x0, 0x0, 0x0, 0x0,
    0xd8, 0x54, 0x0, 0x0, 0x0, 0x0, 0xfa, 0x1e,
    0x0, 0x0, 0x0, 0x0, 0x0, 0xd8, 0x54, 0x0,
    0x0, 0x0, 0x18, 0xff, 0x3f, 0x0, 0x19, 0x48,
    0x48, 0x48, 0xe3, 0x54, 0x0, 0x0, 0x0, 0x71,
    0xff, 0xa3, 0x0, 0x46, 0xc4, 0xc4, 0xc4, 0xf6,
    0x54, 0x0, 0x0, 0x21, 0xed, 0x5c, 0xed, 0x5a,
    0x0, 0x0, 0x0, 0x0, 0xd8, 0x54, 0x0, 0x22,
    0xe0, 0x75, 0x0, 0x3b, 0xee, 0x6d, 0x2, 0x0,
    0x0, 0xd8, 0x54, 0x5e, 0xef, 0x6a, 0x0, 0x0,
    0x0, 0x2b, 0xd4, 0x6c, 0x0, 0x0, 0xd8, 0x54,
    0x16, 0x2b, 0x0, 0x0, 0x0, 0x0, 0x0, 0x5,
    0x1, 0x0, 0x0, 0xbd, 0x49, 0x0, 0x0, 0x0,
    0x0, 0x2c, 0x8e, 0xc0, 0xd3, 0xcf, 0xb2, 0x6e,
    0xc, 0x0, 0x0, 0x0, 0x0, 0x5e, 0xf7, 0x91,
    0x45, 0x2c, 0x34, 0x5a, 0xc2, 0xdd, 0x18, 0x0,
    0x0, 0x0, 0xea, 0x71, 0x0, 0x0, 0x0, 0x0,
    0x0, 0x3, 0xcd, 0x85, 0x0, 0x0, 0x0, 0xf1,
    0x60, 0x0, 0x0, 0x0, 0x0, 0x0, 0x0, 0xc0,
    0x8d, 0x0, 0x0, 0x0, 0x7a, 0xf1, 0x6d, 0x20,
    0x7, 0xf, 0x34, 0xa0, 0xef, 0x26, 0x0, 0x0,
    0x0, 0x0, 0x50, 0xb6, 0xe9, 0xfc, 0xf7, 0xda,
    0x96, 0x20, 0x0,

    /* U+C138 "세" */
    0x0, 0x0, 0x0, 0x0, 0x0, 0x0, 0x0, 0x0,
    0x0, 0x0, 0x0, 0x0, 0xc0, 0x4a, 0x0, 0x0,
    0x0, 0x0, 0x0, 0x0, 0x0, 0x0, 0x0, 0x3c,
    0xec, 0x0, 0xd8, 0x54, 0x0, 0x0, 0x0, 0x0,
    0xd0, 0x58, 0x0, 0x0, 0x0, 0x3c, 0xec, 0x0,
    0xd8, 0x54, 0x0, 0x0, 0x0, 0x0, 0xd0, 0x58,
    0x0, 0x0, 0x0, 0x3c, 0xec, 0x0, 0xd8, 0x54,
    0x0, 0x0, 0x0, 0x0, 0xd0, 0x58, 0x0, 0x0,
    0x0, 0x3c, 0xec, 0x0, 0xd8, 0x54, 0x0, 0x0,
    0x0, 0x0, 0xdc, 0x6c, 0x0, 0xd, 0x10, 0x48,
    0xec, 0x0, 0xd8, 0x54, 0x0, 0x0, 0x0, 0xa,
    0xfc, 0x91, 0x0, 0xce, 0xf0, 0xf3, 0xec, 0x0,
    0xd8, 0x54, 0x0, 0x0, 0x0, 0x55, 0xe9, 0xe3,
    0x3, 0x0, 0x0, 0x3c, 0xec, 0x0, 0xd8, 0x54,
    0x0, 0x0, 0x0, 0xc5, 0x61, 0xdb, 0x54, 0x0,
    0x0, 0x3c, 0xec, 0x0, 0xd8, 0x54, 0x0, 0x0,
    0x55, 0xd8, 0x4, 0x5c, 0xe3, 0xe, 0x0, 0x3c,
    0xec, 0x0, 0xd8, 0x54, 0x0, 0x26, 0xe9, 0x3a,
    0x0, 0x1, 0xb4, 0xb7, 0x8, 0x3c, 0xec, 0x0,
    0xd8, 0x54, 0x7, 0xd8, 0x6b, 0x0, 0x0, 0x0,
    0x11, 0xca, 0x45, 0x3c, 0xec, 0x0, 0xd8, 0x54,
    0x0, 0x11, 0x0, 0x0, 0x0, 0x0, 0x0, 0x1,
    0x0, 0x3c, 0xec, 0x0, 0xd8, 0x54, 0x0, 0x0,
    0x0, 0x0, 0x0, 0x0, 0x0, 0x0, 0x0, 0x3c,
    0xec, 0x0, 0xd8, 0x54, 0x0, 0x0, 0x0, 0x0,
    0x0, 0x0, 0x0, 0x0, 0x0, 0x3c, 0xec, 0x0,
    0xd8, 0x54, 0x0, 0x0, 0x0, 0x0, 0x0, 0x0,
    0x0, 0x0, 0x0, 0x0, 0x0, 0x0, 0x28, 0xf,

    /* U+C13C "센" */
    0x0, 0x0, 0x0, 0x0, 0x0, 0x0, 0x0, 0x0,
    0x0, 0x0, 0x0, 0x0, 0x43, 0x98, 0x0, 0x0,
    0x0, 0x0, 0x0, 0xd4, 0x50, 0x0, 0x0, 0x0,
    0x3c, 0xec, 0x0, 0x5c, 0xd0, 0x0, 0x0, 0x0,
    0x0, 0x0, 0xd4, 0x50, 0x0, 0x0, 0x0, 0x3c,
    0xec, 0x0, 0x5c, 0xd0, 0x0, 0x0, 0x0, 0x0,
    0x0, 0xe7, 0x63, 0x0, 0x32, 0x40, 0x6d, 0xec,
    0x0, 0x5c, 0xd0, 0x0, 0x0, 0x0, 0x0, 0x15,
    0xff, 0x9a, 0x0, 0xa2, 0xd0, 0xdb, 0xec, 0x0,
    0x5c, 0xd0, 0x0, 0x0, 0x0, 0x0, 0x80, 0xc2,
    0xf2, 0x1e, 0x0, 0x0, 0x3c, 0xec, 0x0, 0x5c,
    0xd0, 0x0, 0x0, 0x0, 0x2f, 0xeb, 0x29, 0x79,
    0xcf, 0xe, 0x0, 0x3c, 0xec, 0x0, 0x5c, 0xd0,
    0x0, 0x0, 0x3c, 0xe4, 0x63, 0x0, 0x1, 0x9a,
    0xdc, 0x2d, 0x3c, 0xec, 0x0, 0x5c, 0xd0, 0x0,
    0x1, 0xb2, 0x6b, 0x0, 0x0, 0x0, 0x1, 0x5d,
    0xa, 0x3c, 0xec, 0x0, 0x5c, 0xd0, 0x0, 0x0,
    0x0, 0x0, 0x0, 0x0, 0x0, 0x0, 0x0, 0x0,
    0x3c, 0xec, 0x0, 0x5c, 0xd0, 0x0, 0x0, 0x0,
    0x0, 0x0, 0xa1, 0x3a, 0x0, 0x0, 0x0, 0x3c,
    0xec, 0x0, 0x5c, 0xd0, 0x0, 0x0, 0x0, 0x0,
    0x0, 0xdc, 0x50, 0x0, 0x0, 0x0, 0x4, 0x12,
    0x0, 0x4, 0x9, 0x0, 0x0, 0x0, 0x0, 0x0,
    0xdc, 0x50, 0x0, 0x0, 0x0, 0x0, 0x0, 0x0,
    0x0, 0x0, 0x0, 0x0, 0x0, 0x0, 0x0, 0xdc,
    0x5b, 0x10, 0x10, 0x10, 0x10, 0x10, 0x10, 0x10,
    0x10, 0x0, 0x0, 0x0, 0x0, 0x0, 0xdc, 0xff,
    0xff, 0xff, 0xff, 0xff, 0xff, 0xff, 0xff, 0xff,
    0x4,

    /* U+C18C "소" */
    0x0, 0x0, 0x0, 0x0, 0x0, 0x0, 0x99, 0x9d,
    0x0, 0x0, 0x0, 0x0, 0x0, 0x0, 0x0, 0x0,
    0x0, 0x0, 0x0, 0x0, 0xc4, 0xc7, 0x0, 0x0,
    0x0, 0x0, 0x0, 0x0, 0x0, 0x0, 0x0, 0x0,
    0x0, 0x50, 0xc7, 0xd4, 0x54, 0x0, 0x0, 0x0,
    0x0, 0x0, 0x0, 0x0, 0x0, 0x0, 0x49, 0xdd,
    0x25, 0x28, 0xe1, 0x4c, 0x0, 0x0, 0x0, 0x0,
    0x0, 0x0, 0x1e, 0x97, 0xcf, 0x21, 0x0, 0x0,
    0x23, 0xca, 0x9b, 0x20, 0x0, 0x0, 0x1a, 0xc0,
    0xe5, 0x76, 0x4, 0x0, 0x0, 0x0, 0x0, 0x3,
    0x6c, 0xe0, 0xc2, 0x1b, 0x0, 0x31, 0x4, 0x0,
    0x0, 0x0, 0x63, 0x68, 0x0, 0x0, 0x0, 0x3,
    0x2c, 0x0, 0x0, 0x0, 0x0, 0x0, 0x0, 0x0,
    0x94, 0x9c, 0x0, 0x0, 0x0, 0x0, 0x0, 0x0,
    0x0, 0x0, 0x0, 0x0, 0x0, 0x0, 0x94, 0x9c,
    0x0, 0x0, 0x0, 0x0, 0x0, 0x0, 0x0, 0x0,
    0x0, 0x0, 0x0, 0x0, 0x94, 0x9c, 0x0, 0x0,
    0x0, 0x0, 0x0, 0x0, 0xfc, 0xff, 0xff, 0xff,
    0xff, 0xff, 0xff, 0xff, 0xff, 0xff, 0xff, 0xff,
    0xff, 0xff, 0x7, 0x8, 0x8, 0x8, 0x8, 0x8,
    0x8, 0x8, 0x8, 0x8, 0x8, 0x8, 0x8, 0x8,

    /* U+C18D "속" */
    0x0, 0x0, 0x0, 0x0, 0x0, 0x0, 0x99, 0xa0,
    0x0, 0x0, 0x0, 0x0, 0x0, 0x0, 0x0, 0x0,
    0x0, 0x0, 0x0, 0x29, 0xec, 0xeb, 0x28, 0x0,
    0x0, 0x0, 0x0, 0x0, 0x0, 0x0, 0x0, 0xe,
    0x73, 0xe6, 0x5a, 0x49, 0xdf, 0x69, 0x8, 0x0,
    0x0, 0x0, 0xb, 0x7d, 0xab, 0xe4, 0x96, 0x1c,
    0x0, 0x0, 0x19, 0x9c, 0xe2, 0x9d, 0x6f, 0xe,
    0x0, 0x5c, 0x48, 0xc, 0x0, 0x0, 0x91, 0x99,
    0x0, 0x0, 0x13, 0x59, 0x7c, 0x0, 0x0, 0x0,
    0x0, 0x0, 0x0, 0x0, 0x94, 0x9c, 0x0, 0x0,
    0x0, 0x0, 0x0, 0x0, 0xc4, 0xc8, 0xc8, 0xc8,
    0xc8, 0xc8, 0xe8, 0xea, 0xc8, 0xc8, 0xc8, 0xc8,
    0xc8, 0xc8, 0x42, 0x44, 0x44, 0x44, 0x44, 0x44,
    0x44, 0x44, 0x44, 0x44, 0x44, 0x44, 0x44, 0x44,
    0x0, 0x0, 0x0, 0x0, 0x0, 0x0, 0x0, 0x0,
    0x0, 0x0, 0x0, 0x0, 0x0, 0x0, 0x0, 0x0,
    0xf4, 0xf4, 0xf4, 0xf4, 0xf4, 0xf4, 0xf4, 0xf4,
    0xf4, 0xab, 0x0, 0x0, 0x0, 0x0, 0x18, 0x18,
    0x18, 0x18, 0x18, 0x18, 0x18, 0x18, 0x84, 0xb4,
    0x0, 0x0, 0x0, 0x0, 0x0, 0x0, 0x0, 0x0,
    0x0, 0x0, 0x0, 0x0, 0x78, 0xb4, 0x0, 0x0,
    0x0, 0x0, 0x0, 0x0, 0x0, 0x0, 0x0, 0x0,
    0x0, 0x0, 0x78, 0xb4, 0x0, 0x0, 0x0, 0x0,
    0x0, 0x0, 0x0, 0x0, 0x0, 0x0, 0x0, 0x0,
    0x78, 0xb4, 0x0, 0x0, 0x0, 0x0, 0x0, 0x0,
    0x0, 0x0, 0x0, 0x0, 0x0, 0x0, 0x1f, 0x2f,
    0x0, 0x0,

    /* U+C1A1 "송" */
    0x0, 0x0, 0x0, 0x0, 0x0, 0x0, 0x9b, 0xa2,
    0x0, 0x0, 0x0, 0x0, 0x0, 0x0, 0x0, 0x0,
    0x0, 0x0, 0x0, 0x30, 0xed, 0xea, 0x31, 0x0,
    0x0, 0x0, 0x0, 0x0, 0x0, 0x0, 0x0, 0x13,
    0x7d, 0xe6, 0x51, 0x3f, 0xde, 0x7b, 0x12, 0x0,
    0x0, 0x0, 0xc, 0x88, 0xb6, 0xe6, 0x90, 0x18,
    0xb, 0xc, 0x11, 0x8d, 0xe4, 0xb3, 0x85, 0xf,
    0x0, 0x57, 0x45, 0xa, 0x0, 0x0, 0x94, 0x9c,
    0x0, 0x0, 0xa, 0x48, 0x68, 0x0, 0x0, 0x0,
    0x0, 0x0, 0x0, 0x0, 0x94, 0x9c, 0x0, 0x0,
    0x0, 0x0, 0x0, 0x0, 0xd8, 0xdc, 0xdc, 0xdc,
    0xdc, 0xdc, 0xf0, 0xf1, 0xdc, 0xdc, 0xdc, 0xdc,
    0xdc, 0xdc, 0x2f, 0x30, 0x30, 0x30, 0x30, 0x30,
    0x30, 0x30, 0x30, 0x30, 0x30, 0x30, 0x30, 0x30,
    0x0, 0x0, 0x0, 0x0, 0x0, 0xb, 0x1e, 0x1f,
    0xc, 0x0, 0x0, 0x0, 0x0, 0x0, 0x0, 0x0,
    0x3, 0x74, 0xd9, 0xf6, 0xe5, 0xe4, 0xf6, 0xdb,
    0x78, 0x5, 0x0, 0x0, 0x0, 0x0, 0x89, 0xd7,
    0x3b, 0x2, 0x0, 0x0, 0x2, 0x3b, 0xd6, 0x91,
    0x0, 0x0, 0x0, 0x0, 0xc7, 0x7a, 0x0, 0x0,
    0x0, 0x0, 0x0, 0x0, 0x77, 0xce, 0x0, 0x0,
    0x0, 0x0, 0x72, 0xea, 0x60, 0x1b, 0x5, 0x5,
    0x1b, 0x5f, 0xe9, 0x79, 0x0, 0x0, 0x0, 0x0,
    0x0, 0x53, 0xb6, 0xe6, 0xfa, 0xfb, 0xe7, 0xb7,
    0x55, 0x0, 0x0, 0x0,

    /* U+C218 "수" */
    0x0, 0x0, 0x0, 0x0, 0x0, 0x0, 0x97, 0x9a,
    0x0, 0x0, 0x0, 0x0, 0x0, 0x0, 0x0, 0x0,
    0x0, 0x0, 0x0, 0x0, 0xcf, 0xcf, 0x0, 0x0,
    0x0, 0x0, 0x0, 0x0, 0x0, 0x0, 0x0, 0x0,
    0x2, 0x8d, 0xd8, 0xd6, 0x88, 0x1, 0x0, 0x0,
    0x0, 0x0, 0x0, 0x0, 0x0, 0x44, 0xc6, 0xc1,
    0x19, 0x19, 0xc2, 0xc4, 0x48, 0x0, 0x0, 0x0,
    0x1e, 0xa1, 0xda, 0xcf, 0x58, 0x1, 0x0, 0x0,
    0x1, 0x5a, 0xd1, 0xe4, 0xb2, 0x23, 0x0, 0x5b,
    0x2a, 0x0, 0x0, 0x0, 0x0, 0x0, 0x0, 0x0,
    0x0, 0x27, 0x56, 0x0, 0x0, 0x0, 0x0, 0x0,
    0x0, 0x0, 0x0, 0x0, 0x0, 0x0, 0x0, 0x0,
    0x0, 0x0, 0xd8, 0xdc, 0xdc, 0xdc, 0xdc, 0xdc,
    0xdc, 0xdc, 0xdc, 0xdc, 0xdc, 0xdc, 0xdc, 0xdc,
    0x2f, 0x30, 0x30, 0x30, 0x30, 0x30, 0xa8, 0xab,
    0x30, 0x30, 0x30, 0x30, 0x30, 0x30, 0x0, 0x0,
    0x0, 0x0, 0x0, 0x0, 0x94, 0x98, 0x0, 0x0,
    0x0, 0x0, 0x0, 0x0, 0x0, 0x0, 0x0, 0x0,
    0x0, 0x0, 0x94, 0x98, 0x0, 0x0, 0x0, 0x0,
    0x0, 0x0, 0x0, 0x0, 0x0, 0x0, 0x0, 0x0,
    0x94, 0x98, 0x0, 0x0, 0x0, 0x0, 0x0, 0x0,
    0x0, 0x0, 0x0, 0x0, 0x0, 0x0, 0x94, 0x98,
    0x0, 0x0, 0x0, 0x0, 0x0, 0x0, 0x0, 0x0,
    0x0, 0x0, 0x0, 0x0, 0x94, 0x98, 0x0, 0x0,
    0x0, 0x0, 0x0, 0x0, 0x0, 0x0, 0x0, 0x0,
    0x0, 0x0, 0x1b, 0x1c, 0x0, 0x0, 0x0, 0x0,
    0x0, 0x0,

    /* U+C21C "순" */
    0x0, 0x0, 0x0, 0x0, 0x0, 0x0, 0x94, 0x9b,
    0x0, 0x0, 0x0, 0x0, 0x0, 0x0, 0x0, 0x0,
    0x0, 0x0, 0x0, 0x7, 0xd8, 0xdb, 0x7, 0x0,
    0x0, 0x0, 0x0, 0x0, 0x0, 0x0, 0x0, 0x0,
    0xc, 0xb2, 0xbe, 0xab, 0xb1, 0xb, 0x0, 0x0,
    0x0, 0x0, 0x0, 0x0, 0xc, 0x6c, 0xe7, 0x9f,
    0xa, 0x7, 0x92, 0xe6, 0x6d, 0xd, 0x0, 0x0,
    0xc, 0xc8, 0xf7, 0xb2, 0x39, 0x0, 0x0, 0x0,
    0x0, 0x35, 0xab, 0xf5, 0xcc, 0xf, 0x0, 0x28,
    0xc, 0x0, 0x0, 0x0, 0x0, 0x0, 0x0, 0x0,
    0x0, 0x7, 0x28, 0x0, 0xb, 0xc, 0xc, 0xc,
    0xc, 0xc, 0xc, 0xc, 0xc, 0xc, 0xc, 0xc,
    0xc, 0xc, 0xf8, 0xfc, 0xfc, 0xfc, 0xfc, 0xfc,
    0xfe, 0xfe, 0xfc, 0xfc, 0xfc, 0xfc, 0xfc, 0xfc,
    0x0, 0x0, 0x0, 0x0, 0x0, 0x0, 0x94, 0x9c,
    0x0, 0x0, 0x0, 0x0, 0x0, 0x0, 0x0, 0x0,
    0x60, 0x45, 0x0, 0x0, 0x94, 0x9c, 0x0, 0x0,
    0x0, 0x0, 0x0, 0x0, 0x0, 0x0, 0xac, 0x7c,
    0x0, 0x0, 0x94, 0x9c, 0x0, 0x0, 0x0, 0x0,
    0x0, 0x0, 0x0, 0x0, 0xac, 0x7c, 0x0, 0x0,
    0x57, 0x5c, 0x0, 0x0, 0x0, 0x0, 0x0, 0x0,
    0x0, 0x0, 0xac, 0x82, 0xc, 0xc, 0xc, 0xc,
    0xc, 0xc, 0xc, 0xc, 0x0, 0x0, 0x0, 0x0,
    0xac, 0xff, 0xff, 0xff, 0xff, 0xff, 0xff, 0xff,
    0xff, 0xff, 0x4, 0x0,

    /* U+C2A4 "스" */
    0x0, 0x0, 0x0, 0x0, 0x0, 0x0, 0x99, 0x9c,
    0x0, 0x0, 0x0, 0x0, 0x0, 0x0, 0x0, 0x0,
    0x0, 0x0, 0x0, 0x0, 0xbe, 0xc0, 0x0, 0x0,
    0x0, 0x0, 0x0, 0x0, 0x0, 0x0, 0x0, 0x0,
    0x0, 0x3c, 0xe6, 0xe5, 0x3d, 0x0, 0x0, 0x0,
    0x0, 0x0, 0x0, 0x0, 0x0, 0x0, 0x2a, 0xe5,
    0x4a, 0x46, 0xe3, 0x2d, 0x0, 0x0, 0x0, 0x0,
    0x0, 0x0, 0x3, 0x65, 0xe4, 0x4f, 0x0, 0x0,
    0x44, 0xe4, 0x6f, 0x6, 0x0, 0x0, 0x19, 0x8c,
    0xe2, 0xb2, 0x1e, 0x0, 0x0, 0x0, 0x0, 0x18,
    0xa7, 0xe8, 0x93, 0x1a, 0x1, 0x6b, 0x2a, 0x0,
    0x0, 0x0, 0x0, 0x0, 0x0, 0x0, 0x0, 0x22,
    0x66, 0x1, 0x0, 0x0, 0x0, 0x0, 0x0, 0x0,
    0x0, 0x0, 0x0, 0x0, 0x0, 0x0, 0x0, 0x0,
    0x0, 0x0, 0x0, 0x0, 0x0, 0x0, 0x0, 0x0,
    0x0, 0x0, 0x0, 0x0, 0x0, 0x0, 0x13, 0x14,
    0x14, 0x14, 0x14, 0x14, 0x14, 0x14, 0x14, 0x14,
    0x14, 0x14, 0x14, 0x14, 0xf0, 0xf4, 0xf4, 0xf4,
    0xf4, 0xf4, 0xf4, 0xf4, 0xf4, 0xf4, 0xf4, 0xf4,
    0xf4, 0xf4,

    /* U+C2B5 "습" */
    0x0, 0x0, 0x0, 0x0, 0x0, 0x0, 0x97, 0x9e,
    0x0, 0x0, 0x0, 0x0, 0x0, 0x0, 0x0, 0x0,
    0x0, 0x0, 0x0, 0x1a, 0xe8, 0xe9, 0x1b, 0x0,
    0x0, 0x0, 0x0, 0x0, 0x0, 0x0, 0x0, 0x0,
    0x47, 0xde, 0x79, 0x64, 0xdc, 0x45, 0x0, 0x0,
    0x0, 0x0, 0x8, 0x47, 0x77, 0xce, 0xc6, 0x3d,
    0x0, 0x0, 0x35, 0xca, 0xca, 0x72, 0x43, 0x8,
    0x3, 0x97, 0x82, 0x34, 0x0, 0x0, 0x0, 0x0,
    0x0, 0x0, 0x3c, 0x8c, 0xac, 0x6, 0x0, 0x0,
    0x0, 0x0, 0x0, 0x0, 0x0, 0x0, 0x0, 0x0,
    0x0, 0x0, 0x0, 0x0, 0xf0, 0xf4, 0xf4, 0xf4,
    0xf4, 0xf4, 0xf4, 0xf4, 0xf4, 0xf4, 0xf4, 0xf4,
    0xf4, 0xf4, 0x17, 0x18, 0x18, 0x18, 0x18, 0x18,
    0x18, 0x18, 0x18, 0x18, 0x18, 0x18, 0x18, 0x18,
    0x0, 0x0, 0x6b, 0x4b, 0x0, 0x0, 0x0, 0x0,
    0x0, 0x0, 0x4b, 0x6e, 0x0, 0x0, 0x0, 0x0,
    0xac, 0x78, 0x0, 0x0, 0x0, 0x0, 0x0, 0x0,
    0x78, 0xb0, 0x0, 0x0, 0x0, 0x0, 0xac, 0xf9,
    0xf4, 0xf4, 0xf4, 0xf4, 0xf4, 0xf4, 0xf9, 0xb0,
    0x0, 0x0, 0x0, 0x0, 0xac, 0x80, 0x10, 0x10,
    0x10, 0x10, 0x10, 0x10, 0x80, 0xb0, 0x0, 0x0,
    0x0, 0x0, 0xac, 0x7c, 0x8, 0x8, 0x8, 0x8,
    0x8, 0x8, 0x7c, 0xb0, 0x0, 0x0, 0x0, 0x0,
    0xac, 0xff, 0xff, 0xff, 0xff, 0xff, 0xff, 0xff,
    0xff, 0xb0, 0x0, 0x0,

    /* U+C2DC "시" */
    0x0, 0x0, 0x0, 0x0, 0x0, 0x0, 0x0, 0x0,
    0x0, 0x0, 0x0, 0xc0, 0x4a, 0x0, 0x0, 0x0,
    0x0, 0x0, 0x0, 0x0, 0x0, 0x0, 0x0, 0x0,
    0xd8, 0x54, 0x0, 0x0, 0x0, 0x0, 0xf0, 0x38,
    0x0, 0x0, 0x0, 0x0, 0x0, 0xd8, 0x54, 0x0,
    0x0, 0x0, 0x0, 0xf0, 0x38, 0x0, 0x0, 0x0,
    0x0, 0x0, 0xd8, 0x54, 0x0, 0x0, 0x0, 0x0,
    0xf4, 0x3c, 0x0, 0x0, 0x0, 0x0, 0x0, 0xd8,
    0x54, 0x0, 0x0, 0x0, 0x11, 0xff, 0x5a, 0x0,
    0x0, 0x0, 0x0, 0x0, 0xd8, 0x54, 0x0, 0x0,
    0x0, 0x54, 0xff, 0xa2, 0x0, 0x0, 0x0, 0x0,
    0x0, 0xd8, 0x54, 0x0, 0x0, 0x0, 0xc2, 0x84,
    0xf3, 0x1c, 0x0, 0x0, 0x0, 0x0, 0xd8, 0x54,
    0x0, 0x0, 0x66, 0xd7, 0x7, 0x8d, 0xbe, 0x3,
    0x0, 0x0, 0x0, 0xd8, 0x54, 0x0, 0x3a, 0xef,
    0x34, 0x0, 0x8, 0xca, 0x98, 0x3, 0x0, 0x0,
    0xd8, 0x54, 0x5e, 0xf2, 0x52, 0x0, 0x0, 0x0,
    0x16, 0xd7, 0xb9, 0x2, 0x0, 0xd8, 0x54, 0x6e,
    0x44, 0x0, 0x0, 0x0, 0x0, 0x0, 0x12, 0x56,
    0x0, 0x0, 0xd8, 0x54, 0x0, 0x0, 0x0, 0x0,
    0x0, 0x0, 0x0, 0x0, 0x0, 0x0, 0x0, 0xd8,
    0x54, 0x0, 0x0, 0x0, 0x0, 0x0, 0x0, 0x0,
    0x0, 0x0, 0x0, 0x0, 0xd8, 0x54, 0x0, 0x0,
    0x0, 0x0, 0x0, 0x0, 0x0, 0x0, 0x0, 0x0,
    0x0, 0xd8, 0x54, 0x0, 0x0, 0x0, 0x0, 0x0,
    0x0, 0x0, 0x0, 0x0, 0x0, 0x0, 0x28, 0xf,

    /* U+C2DD "식" */
    0x0, 0x0, 0x0, 0x0, 0x0, 0x0, 0x0, 0x0,
    0x0, 0x0, 0x0, 0x76, 0x1e, 0x0, 0x0, 0x0,
    0x0, 0xf8, 0x28, 0x0, 0x0, 0x0, 0x0, 0x0,
    0xec, 0x3c, 0x0, 0x0, 0x0, 0x0, 0xfa, 0x29,
    0x0, 0x0, 0x0, 0x0, 0x0, 0xec, 0x3c, 0x0,
    0x0, 0x0, 0x17, 0xff, 0x49, 0x0, 0x0, 0x0,
    0x0, 0x0, 0xec, 0x3c, 0x0, 0x0, 0x0, 0x6e,
    0xfc, 0xaa, 0x0, 0x0, 0x0, 0x0, 0x0, 0xec,
    0x3c, 0x0, 0x0, 0x1e, 0xeb, 0x4e, 0xe4, 0x5c,
    0x0, 0x0, 0x0, 0x0, 0xec, 0x3c, 0x0, 0x1d,
    0xdd, 0x78, 0x0, 0x32, 0xed, 0x69, 0x1, 0x0,
    0x0, 0xec, 0x3c, 0x65, 0xee, 0x77, 0x0, 0x0,
    0x0, 0x2b, 0xd8, 0x8a, 0x0, 0x0, 0xec, 0x3c,
    0x42, 0x3e, 0x0, 0x0, 0x0, 0x0, 0x0, 0x8,
    0xb, 0x0, 0x0, 0xec, 0x3c, 0x0, 0x0, 0xb,
    0x14, 0x14, 0x14, 0x14, 0x14, 0x14, 0x14, 0x14,
    0x26, 0x9, 0x0, 0x0, 0x89, 0xf4, 0xf4, 0xf4,
    0xf4, 0xf4, 0xf4, 0xf4, 0xf4, 0xff, 0x3c, 0x0,
    0x0, 0x0, 0x0, 0x0, 0x0, 0x0, 0x0, 0x0,
    0x0, 0x0, 0xec, 0x3c, 0x0, 0x0, 0x0, 0x0,
    0x0, 0x0, 0x0, 0x0, 0x0, 0x0, 0x0, 0xec,
    0x3c, 0x0, 0x0, 0x0, 0x0, 0x0, 0x0, 0x0,
    0x0, 0x0, 0x0, 0x0, 0xec, 0x3c, 0x0, 0x0,
    0x0, 0x0, 0x0, 0x0, 0x0, 0x0, 0x0, 0x0,
    0x0, 0xec, 0x3c, 0x0, 0x0, 0x0, 0x0, 0x0,
    0x0, 0x0, 0x0, 0x0, 0x0, 0x0, 0x6a, 0x1b,

    /* U+C2E0 "신" */
    0x0, 0x0, 0x0, 0x0, 0x0, 0x0, 0x0, 0x0,
    0x0, 0x0, 0x0, 0x9e, 0x28, 0x0, 0x0, 0x0,
    0x0, 0xf0, 0x2c, 0x0, 0x0, 0x0, 0x0, 0x0,
    0xec, 0x3c, 0x0, 0x0, 0x0, 0x0, 0xf0, 0x2c,
    0x0, 0x0, 0x0, 0x0, 0x0, 0xec, 0x3c, 0x0,
    0x0, 0x0, 0x3, 0xfb, 0x3c, 0x0, 0x0, 0x0,
    0x0, 0x0, 0xec, 0x3c, 0x0, 0x0, 0x0, 0x3a,
    0xff, 0x83, 0x0, 0x0, 0x0, 0x0, 0x0, 0xec,
    0x3c, 0x0, 0x0, 0x0, 0xaf, 0xa9, 0xec, 0x1b,
    0x0, 0x0, 0x0, 0x0, 0xec, 0x3c, 0x0, 0x0,
    0x67, 0xda, 0xb, 0x80, 0xcf, 0x10, 0x0, 0x0,
    0x0, 0xec, 0x3c, 0x0, 0x60, 0xec, 0x2d, 0x0,
    0x1, 0x9a, 0xd2, 0x31, 0x0, 0x0, 0xec, 0x3c,
    0x7a, 0xe7, 0x35, 0x0, 0x0, 0x0, 0x0, 0x76,
    0x7c, 0x0, 0x0, 0xec, 0x3c, 0x9, 0x14, 0x0,
    0x0, 0x0, 0x0, 0x0, 0x0, 0x0, 0x0, 0x0,
    0xec, 0x3c, 0x0, 0x0, 0x0, 0xbc, 0x33, 0x0,
    0x0, 0x0, 0x0, 0x0, 0x0, 0xec, 0x3c, 0x0,
    0x0, 0x0, 0xec, 0x40, 0x0, 0x0, 0x0, 0x0,
    0x0, 0x0, 0xb, 0x2, 0x0, 0x0, 0x0, 0xec,
    0x40, 0x0, 0x0, 0x0, 0x0, 0x0, 0x0, 0x0,
    0x0, 0x0, 0x0, 0x0, 0xec, 0x46, 0x8, 0x8,
    0x8, 0x8, 0x8, 0x8, 0x8, 0x6, 0x0, 0x0,
    0x0, 0xec, 0xff, 0xff, 0xff, 0xff, 0xff, 0xff,
    0xff, 0xff, 0xc4,

    /* U+C2E4 "실" */
    0x0, 0x0, 0x0, 0x0, 0x0, 0x0, 0x0, 0x0,
    0x0, 0x0, 0x0, 0x8c, 0x23, 0x0, 0x0, 0x0,
    0x0, 0xfc, 0x20, 0x0, 0x0, 0x0, 0x0, 0x0,
    0xec, 0x3c, 0x0, 0x0, 0x0, 0x3, 0xfe, 0x26,
    0x0, 0x0, 0x0, 0x0, 0x0, 0xec, 0x3c, 0x0,
    0x0, 0x0, 0x35, 0xff, 0x5f, 0x0, 0x0, 0x0,
    0x0, 0x0, 0xec, 0x3c, 0x0, 0x0, 0x0, 0xb0,
    0xbd, 0xdd, 0xf, 0x0, 0x0, 0x0, 0x0, 0xec,
    0x3c, 0x0, 0x0, 0x8e, 0xd1, 0xa, 0x8a, 0xd1,
    0x1d, 0x0, 0x0, 0x0, 0xec, 0x3c, 0x26, 0xb7,
    0xca, 0x18, 0x0, 0x0, 0x78, 0xf0, 0x6d, 0x0,
    0x0, 0xec, 0x3c, 0x5c, 0x80, 0x7, 0x0, 0x0,
    0x0, 0x0, 0x2c, 0x23, 0x0, 0x0, 0xe0, 0x39,
    0x0, 0x0, 0x0, 0x19, 0x1c, 0x1c, 0x1c, 0x1c,
    0x1c, 0x1c, 0x1c, 0x1c, 0x6, 0x0, 0x0, 0x0,
    0xd9, 0xec, 0xec, 0xec, 0xec, 0xec, 0xec, 0xec,
    0xfe, 0x3c, 0x0, 0x0, 0x0, 0x0, 0x0, 0x0,
    0x0, 0x0, 0x0, 0x0, 0x0, 0xe8, 0x3c, 0x0,
    0x0, 0x0, 0xd2, 0xe4, 0xe4, 0xe4, 0xe4, 0xe4,
    0xe4, 0xe4, 0xfd, 0x3c, 0x0, 0x0, 0x0, 0xec,
    0x51, 0x1c, 0x1c, 0x1c, 0x1c, 0x1c, 0x1c, 0x1c,
    0x6, 0x0, 0x0, 0x0, 0xec, 0x45, 0xc, 0xc,
    0xc, 0xc, 0xc, 0xc, 0xc, 0x9, 0x0, 0x0,
    0x0, 0xec, 0xff, 0xff, 0xff, 0xff, 0xff, 0xff,
    0xff, 0xff, 0xc8,

    /* U+C2EC "심" */
    0x0, 0x0, 0x0, 0x0, 0x0, 0x0, 0x0, 0x0,
    0x0, 0x0, 0x0, 0x6a, 0x1b, 0x0, 0x0, 0x0,
    0x0, 0xf8, 0x24, 0x0, 0x0, 0x0, 0x0, 0x0,
    0xec, 0x3c, 0x0, 0x0, 0x0, 0x0, 0xf9, 0x25,
    0x0, 0x0, 0x0, 0x0, 0x0, 0xec, 0x3c, 0x0,
    0x0, 0x0, 0x13, 0xff, 0x42, 0x0, 0x0, 0x0,
    0x0, 0x0, 0xec, 0x3c, 0x0, 0x0, 0x0, 0x61,
    0xff, 0x9e, 0x0, 0x0, 0x0, 0x0, 0x0, 0xec,
    0x3c, 0x0, 0x0, 0xe, 0xe0, 0x64, 0xed, 0x48,
    0x0, 0x0, 0x0, 0x0, 0xec, 0x3c, 0x0, 0x9,
    0xc2, 0x98, 0x0, 0x46, 0xf0, 0x4b, 0x0, 0x0,
    0x0, 0xec, 0x3c, 0x37, 0xd2, 0xa9, 0x5, 0x0,
    0x0, 0x42, 0xeb, 0x7d, 0x0, 0x0, 0xec, 0x3c,
    0x46, 0x77, 0x2, 0x0, 0x0, 0x0, 0x0, 0x16,
    0x16, 0x0, 0x0, 0xdd, 0x38, 0x0, 0x0, 0x0,
    0x30, 0x34, 0x34, 0x34, 0x34, 0x34, 0x34, 0x34,
    0x34, 0xc, 0x0, 0x0, 0x0, 0xf0, 0xdd, 0xd4,
    0xd4, 0xd4, 0xd4, 0xd4, 0xd4, 0xfb, 0x3c, 0x0,
    0x0, 0x0, 0xf0, 0x38, 0x0, 0x0, 0x0, 0x0,
    0x0, 0x0, 0xe8, 0x3c, 0x0, 0x0, 0x0, 0xf0,
    0x38, 0x0, 0x0, 0x0, 0x0, 0x0, 0x0, 0xe8,
    0x3c, 0x0, 0x0, 0x0, 0xf0, 0x3e, 0x8, 0x8,
    0x8, 0x8, 0x8, 0x8, 0xe8, 0x3c, 0x0, 0x0,
    0x0, 0xf0, 0xff, 0xff, 0xff, 0xff, 0xff, 0xff,
    0xff, 0xff, 0x3c,

    /* U+C2F8 "싸" */
    0x0, 0x0, 0x0, 0x0, 0x0, 0x0, 0x0, 0x0,
    0x0, 0x0, 0x0, 0x39, 0xd2, 0x0, 0x0, 0x0,
    0x0, 0x0, 0x0, 0x0, 0x0, 0x0, 0x0, 0xc,
    0x0, 0x0, 0x0, 0x40, 0xec, 0x0, 0x0, 0x0,
    0x0, 0x0, 0x0, 0xec, 0x30, 0x0, 0x10, 0xff,
    0xc, 0x0, 0x0, 0x40, 0xec, 0x0, 0x0, 0x0,
    0x0, 0x0, 0x0, 0xed, 0x31, 0x0, 0x10, 0xff,
    0xc, 0x0, 0x0, 0x40, 0xec, 0x0, 0x0, 0x0,
    0x0, 0x0, 0x2, 0xfc, 0x3e, 0x0, 0x1b, 0xff,
    0x15, 0x0, 0x0, 0x40, 0xec, 0x0, 0x0, 0x0,
    0x0, 0x0, 0x16, 0xff, 0x52, 0x0, 0x32, 0xff,
    0x29, 0x0, 0x0, 0x40, 0xec, 0x0, 0x0, 0x0,
    0x0, 0x0, 0x4f, 0xfd, 0x8b, 0x0, 0x5d, 0xff,
    0x59, 0x0, 0x0, 0x40, 0xf2, 0x54, 0x54, 0x2c,
    0x0, 0x0, 0x94, 0x90, 0xde, 0x4, 0x9c, 0xc1,
    0xaf, 0x0, 0x0, 0x40, 0xf9, 0xa8, 0xa8, 0x59,
    0x0, 0xd, 0xec, 0x1a, 0xad, 0x71, 0xe9, 0x29,
    0xe9, 0x29, 0x0, 0x40, 0xec, 0x0, 0x0, 0x0,
    0x0, 0x7f, 0xa4, 0x0, 0x1c, 0xed, 0xb8, 0x0,
    0x6e, 0xbd, 0x1, 0x40, 0xec, 0x0, 0x0, 0x0,
    0x1a, 0xec, 0x23, 0x0, 0x1, 0xd0, 0x45, 0x0,
    0x2, 0xbf, 0x8e, 0x40, 0xec, 0x0, 0x0, 0x0,
    0x0, 0xc, 0x0, 0x0, 0x61, 0xbc, 0x0, 0x0,
    0x0, 0x13, 0x4a, 0x40, 0xec, 0x0, 0x0, 0x0,
    0x0, 0x0, 0x0, 0x0, 0x2, 0x10, 0x0, 0x0,
    0x0, 0x0, 0x0, 0x40, 0xec, 0x0, 0x0, 0x0,
    0x0, 0x0, 0x0, 0x0, 0x0, 0x0, 0x0, 0x0,
    0x0, 0x0, 0x0, 0x40, 0xec, 0x0, 0x0, 0x0,
    0x0, 0x0, 0x0, 0x0, 0x0, 0x0, 0x0, 0x0,
    0x0, 0x0, 0x0, 0x40, 0xec, 0x0, 0x0, 0x0,
    0x0, 0x0, 0x0, 0x0, 0x0, 0x0, 0x0, 0x0,
    0x0, 0x0, 0x0, 0xc, 0x2c, 0x0, 0x0, 0x0,

    /* U+C368 "써" */
    0x0, 0x0, 0x0, 0x0, 0x0, 0x0, 0x0, 0x0,
    0x0, 0x0, 0x0, 0x0, 0xdc, 0x2a, 0x0, 0x0,
    0x0, 0x0, 0x0, 0x0, 0x2, 0xb, 0x0, 0x0,
    0x0, 0x0, 0xf8, 0x30, 0x0, 0x0, 0x0, 0xe8,
    0x34, 0x0, 0x30, 0xec, 0x0, 0x0, 0x0, 0x0,
    0xf8, 0x30, 0x0, 0x0, 0x0, 0xe8, 0x34, 0x0,
    0x30, 0xec, 0x0, 0x0, 0x0, 0x0, 0xf8, 0x30,
    0x0, 0x0, 0x0, 0xf7, 0x3e, 0x0, 0x39, 0xf8,
    0x0, 0x0, 0x0, 0x0, 0xf8, 0x30, 0x0, 0x0,
    0xd, 0xff, 0x50, 0x0, 0x4f, 0xff, 0xc, 0x0,
    0x0, 0x0, 0xf8, 0x30, 0x0, 0x0, 0x43, 0xff,
    0x80, 0x0, 0x79, 0xff, 0x37, 0x85, 0xe0, 0xe0,
    0xff, 0x30, 0x0, 0x0, 0x86, 0xc1, 0xd1, 0x0,
    0xb8, 0xe0, 0x7d, 0xe, 0x18, 0x18, 0xf8, 0x30,
    0x0, 0x5, 0xe5, 0x35, 0xd5, 0x64, 0xf4, 0x4f,
    0xe0, 0x6, 0x0, 0x0, 0xf8, 0x30, 0x0, 0x63,
    0xc8, 0x0, 0x41, 0xfc, 0xad, 0x0, 0xc3, 0x74,
    0x0, 0x0, 0xf8, 0x30, 0x14, 0xed, 0x41, 0x0,
    0x10, 0xef, 0x3a, 0x0, 0x2f, 0xf5, 0x3a, 0x0,
    0xf8, 0x30, 0x0, 0x34, 0x0, 0x0, 0xa5, 0xa9,
    0x0, 0x0, 0x0, 0x6c, 0x61, 0x0, 0xf8, 0x30,
    0x0, 0x0, 0x0, 0x0, 0x44, 0x14, 0x0, 0x0,
    0x0, 0x0, 0x0, 0x0, 0xf8, 0x30, 0x0, 0x0,
    0x0, 0x0, 0x0, 0x0, 0x0, 0x0, 0x0, 0x0,
    0x0, 0x0, 0xf8, 0x30, 0x0, 0x0, 0x0, 0x0,
    0x0, 0x0, 0x0, 0x0, 0x0, 0x0, 0x0, 0x0,
    0xf8, 0x30, 0x0, 0x0, 0x0, 0x0, 0x0, 0x0,
    0x0, 0x0, 0x0, 0x0, 0x0, 0x0, 0x2e, 0x9,

    /* U+C529 "씩" */
    0x0, 0x0, 0x0, 0x0, 0x0, 0x0, 0x1, 0x3,
    0x0, 0x0, 0x0, 0x7b, 0x34, 0x0, 0x0, 0x58,
    0xc4, 0x0, 0x0, 0x58, 0xc4, 0x0, 0x0, 0x0,
    0xd0, 0x58, 0x0, 0x0, 0x69, 0xd2, 0x0, 0x0,
    0x62, 0xd3, 0x0, 0x0, 0x0, 0xd0, 0x58, 0x0,
    0x0, 0x94, 0xf8, 0xd, 0x0, 0x84, 0xee, 0x1,
    0x0, 0x0, 0xd0, 0x58, 0x0, 0x5, 0xe7, 0xdc,
    0x6e, 0x0, 0xc6, 0xfd, 0x3a, 0x0, 0x0, 0xd0,
    0x58, 0x0, 0x73, 0xcf, 0x34, 0xeb, 0x60, 0xed,
    0x89, 0xb3, 0x0, 0x0, 0xd0, 0x58, 0x3d, 0xf2,
    0x38, 0x0, 0x5d, 0xff, 0x78, 0x9, 0xd6, 0x75,
    0x0, 0xd0, 0x58, 0x45, 0x58, 0x0, 0x0, 0x96,
    0xc9, 0x5, 0x0, 0x20, 0xcd, 0x1e, 0xd0, 0x58,
    0x0, 0x0, 0x0, 0x1, 0x65, 0x18, 0x0, 0x0,
    0x0, 0x0, 0x0, 0xc6, 0x53, 0x0, 0x0, 0x7,
    0x18, 0x18, 0x18, 0x18, 0x18, 0x18, 0x18, 0x18,
    0x18, 0x8, 0x0, 0x0, 0x50, 0xf4, 0xf4, 0xf4,
    0xf4, 0xf4, 0xf4, 0xf4, 0xf4, 0xfd, 0x58, 0x0,
    0x0, 0x0, 0x0, 0x0, 0x0, 0x0, 0x0, 0x0,
    0x0, 0x0, 0xd0, 0x58, 0x0, 0x0, 0x0, 0x0,
    0x0, 0x0, 0x0, 0x0, 0x0, 0x0, 0x0, 0xd0,
    0x58, 0x0, 0x0, 0x0, 0x0, 0x0, 0x0, 0x0,
    0x0, 0x0, 0x0, 0x0, 0xd0, 0x58, 0x0, 0x0,
    0x0, 0x0, 0x0, 0x0, 0x0, 0x0, 0x0, 0x0,
    0x0, 0xd0, 0x58, 0x0, 0x0, 0x0, 0x0, 0x0,
    0x0, 0x0, 0x0, 0x0, 0x0, 0x0, 0x7e, 0x35,

    /* U+C544 "아" */
    0x0, 0x0, 0x0, 0x0, 0x0, 0x0, 0x0, 0x0,
    0x0, 0x0, 0x35, 0xd2, 0x0, 0x0, 0x0, 0x0,
    0x0, 0x0, 0x0, 0x0, 0x0, 0x0, 0x0, 0x0,
    0x0, 0x3c, 0xec, 0x0, 0x0, 0x0, 0x0, 0x0,
    0x67, 0xda, 0xf9, 0xd8, 0x61, 0x0, 0x0, 0x0,
    0x3c, 0xec, 0x0, 0x0, 0x0, 0x0, 0x6c, 0xe9,
    0x48, 0xf, 0x4b, 0xec, 0x61, 0x0, 0x0, 0x3c,
    0xec, 0x0, 0x0, 0x0, 0x6, 0xed, 0x58, 0x0,
    0x0, 0x0, 0x61, 0xe7, 0x4, 0x0, 0x3c, 0xec,
    0x0, 0x0, 0x0, 0x36, 0xf7, 0x3, 0x0, 0x0,
    0x0, 0x7, 0xfc, 0x2f, 0x0, 0x3c, 0xec, 0x0,
    0x0, 0x0, 0x4e, 0xda, 0x0, 0x0, 0x0, 0x0,
    0x0, 0xe3, 0x49, 0x0, 0x3c, 0xef, 0x2c, 0x2c,
    0x14, 0x49, 0xe3, 0x0, 0x0, 0x0, 0x0, 0x0,
    0xec, 0x44, 0x0, 0x3c, 0xfc, 0xd0, 0xd0, 0x61,
    0x21, 0xfd, 0x14, 0x0, 0x0, 0x0, 0x1b, 0xff,
    0x1c, 0x0, 0x3c, 0xec, 0x0, 0x0, 0x0, 0x0,
    0xc7, 0x88, 0x0, 0x0, 0x0, 0x93, 0xc2, 0x0,
    0x0, 0x3c, 0xec, 0x0, 0x0, 0x0, 0x0, 0x2c,
    0xeb, 0x98, 0x5e, 0x9e, 0xea, 0x2a, 0x0, 0x0,
    0x3c, 0xec, 0x0, 0x0, 0x0, 0x0, 0x0, 0x18,
    0x7a, 0x9a, 0x79, 0x17, 0x0, 0x0, 0x0, 0x3c,
    0xec, 0x0, 0x0, 0x0, 0x0, 0x0, 0x0, 0x0,
    0x0, 0x0, 0x0, 0x0, 0x0, 0x0, 0x3c, 0xec,
    0x0, 0x0, 0x0, 0x0, 0x0, 0x0, 0x0, 0x0,
    0x0, 0x0, 0x0, 0x0, 0x0, 0x3c, 0xec, 0x0,
    0x0, 0x0, 0x0, 0x0, 0x0, 0x0, 0x0, 0x0,
    0x0, 0x0, 0x0, 0x0, 0x3c, 0xec, 0x0, 0x0,
    0x0, 0x0, 0x0, 0x0, 0x0, 0x0, 0x0, 0x0,
    0x0, 0x0, 0x0, 0xb, 0x2c, 0x0, 0x0, 0x0,

    /* U+C548 "안" */
    0x0, 0x0, 0x0, 0x0, 0x0, 0x0, 0x0, 0x0,
    0x0, 0x0, 0x35, 0xd2, 0x0, 0x0, 0x0, 0x0,
    0x3, 0x7b, 0xde, 0xfa, 0xde, 0x79, 0x3, 0x0,
    0x0, 0x3c, 0xec, 0x0, 0x0, 0x0, 0x0, 0x9d,
    0xca, 0x36, 0xb, 0x36, 0xcc, 0x98, 0x0, 0x0,
    0x3c, 0xec, 0x0, 0x0, 0x0, 0x25, 0xf8, 0x1b,
    0x0, 0x0, 0x0, 0x1d, 0xf8, 0x21, 0x0, 0x3c,
    0xec, 0x0, 0x0, 0x0, 0x55, 0xd2, 0x0, 0x0,
    0x0, 0x0, 0x0, 0xd3, 0x50, 0x0, 0x3c, 0xec,
    0x0, 0x0, 0x0, 0x49, 0xe0, 0x0, 0x0, 0x0,
    0x0, 0x0, 0xe2, 0x44, 0x0, 0x3c, 0xfb, 0xc4,
    0xc4, 0x27, 0xc, 0xee, 0x4f, 0x0, 0x0, 0x0,
    0x51, 0xeb, 0xa, 0x0, 0x3c, 0xf1, 0x4c, 0x4c,
    0xf, 0x0, 0x4c, 0xf1, 0x99, 0x6f, 0x9a, 0xf0,
    0x49, 0x0, 0x0, 0x3c, 0xec, 0x0, 0x0, 0x0,
    0x0, 0x0, 0x1f, 0x7b, 0x97, 0x7a, 0x1e, 0x0,
    0x0, 0x0, 0x3c, 0xec, 0x0, 0x0, 0x0, 0x0,
    0x0, 0x0, 0x0, 0x0, 0x0, 0x0, 0x0, 0x0,
    0x0, 0x3c, 0xec, 0x0, 0x0, 0x0, 0x0, 0x0,
    0x76, 0xa7, 0x0, 0x0, 0x0, 0x0, 0x0, 0x0,
    0x3c, 0xec, 0x0, 0x0, 0x0, 0x0, 0x0, 0x7c,
    0xb0, 0x0, 0x0, 0x0, 0x0, 0x0, 0x0, 0x6,
    0x19, 0x0, 0x0, 0x0, 0x0, 0x0, 0x7c, 0xb0,
    0x0, 0x0, 0x0, 0x0, 0x0, 0x0, 0x0, 0x0,
    0x0, 0x0, 0x0, 0x0, 0x0, 0x7c, 0xb3, 0xc,
    0xc, 0xc, 0xc, 0xc, 0xc, 0xc, 0xc, 0x3,
    0x0, 0x0, 0x0, 0x0, 0x7c, 0xff, 0xff, 0xff,
    0xff, 0xff, 0xff, 0xff, 0xff, 0xff, 0x4c, 0x0,
    0x0,

    /* U+C54A "않" */
    0x0, 0x0, 0x0, 0x0, 0x0, 0x0, 0x0, 0x0,
    0x0, 0x0, 0x47, 0xc3, 0x0, 0x0, 0x0, 0x0,
    0x10, 0x8d, 0xdd, 0xf5, 0xd6, 0x75, 0x6, 0x0,
    0x0, 0x50, 0xdc, 0x0, 0x0, 0x0, 0x5, 0xd0,
    0xad, 0x27, 0x9, 0x36, 0xcb, 0xab, 0x0, 0x0,
    0x50, 0xdc, 0x0, 0x0, 0x0, 0x4a, 0xea, 0x6,
    0x0, 0x0, 0x0, 0x21, 0xff, 0x21, 0x0, 0x50,
    0xe5, 0x40, 0x40, 0x7, 0x5a, 0xd3, 0x0, 0x0,
    0x0, 0x0, 0x7, 0xfd, 0x31, 0x0, 0x50, 0xf4,
    0xac, 0xac, 0x12, 0x1a, 0xf4, 0x3e, 0x0, 0x0,
    0x0, 0x6b, 0xe0, 0x4, 0x0, 0x50, 0xdc, 0x0,
    0x0, 0x0, 0x0, 0x4c, 0xe0, 0xad, 0x91, 0xbc,
    0xcf, 0x2d, 0x0, 0x0, 0x50, 0xdc, 0x0, 0x0,
    0x0, 0x0, 0x0, 0x8, 0x3a, 0x52, 0x32, 0x2,
    0x0, 0xf, 0x3d, 0x1f, 0x55, 0x0, 0x0, 0x0,
    0x0, 0x0, 0x0, 0x0, 0x0, 0x0, 0x0, 0x0,
    0x3c, 0xf4, 0x0, 0x0, 0x0, 0x0, 0x0, 0x0,
    0x3b, 0xd5, 0x0, 0x0, 0x31, 0x90, 0x90, 0xaa,
    0xfa, 0x90, 0x90, 0x90, 0xf, 0x0, 0x0, 0x40,
    0xe8, 0x0, 0x0, 0x22, 0x64, 0x64, 0x64, 0x66,
    0x64, 0x64, 0x64, 0xa, 0x0, 0x0, 0x40, 0xe8,
    0x0, 0x0, 0x0, 0xd, 0x9e, 0xeb, 0xf0, 0xe1,
    0x75, 0x0, 0x0, 0x0, 0x0, 0x40, 0xe8, 0x0,
    0x0, 0x0, 0x8e, 0xb1, 0xd, 0x0, 0x24, 0xe3,
    0x49, 0x0, 0x0, 0x0, 0x40, 0xe8, 0x7, 0xe,
    0x21, 0x8d, 0xb4, 0xe, 0x0, 0x24, 0xe4, 0x46,
    0x0, 0x0, 0x0, 0x3f, 0xfc, 0xf5, 0xe9, 0xd2,
    0x18, 0x9b, 0xe4, 0xeb, 0xda, 0x71, 0x0, 0x0,
    0x0,

    /* U+C555 "압" */
    0x0, 0x0, 0x0, 0x0, 0x0, 0x0, 0x0, 0x0,
    0x0, 0x0, 0x28, 0x9e, 0x0, 0x0, 0x0, 0x0,
    0xd, 0x89, 0xdb, 0xf5, 0xd5, 0x73, 0x5, 0x0,
    0x0, 0x3c, 0xec, 0x0, 0x0, 0x0, 0x3, 0xc8,
    0xb4, 0x2a, 0xa, 0x36, 0xcc, 0xa6, 0x0, 0x0,
    0x3c, 0xec, 0x0, 0x0, 0x0, 0x45, 0xee, 0x9,
    0x0, 0x0, 0x0, 0x20, 0xff, 0x20, 0x0, 0x3c,
    0xec, 0x0, 0x0, 0x0, 0x5d, 0xd1, 0x0, 0x0,
    0x0, 0x0, 0x1, 0xf7, 0x38, 0x0, 0x3c, 0xfb,
    0xc0, 0xc0, 0x27, 0x26, 0xf7, 0x25, 0x0, 0x0,
    0x0, 0x47, 0xf2, 0xc, 0x0, 0x3c, 0xf0, 0x38,
    0x38, 0xb, 0x0, 0x78, 0xe4, 0x79, 0x59, 0x86,
    0xe9, 0x57, 0x0, 0x0, 0x3c, 0xec, 0x0, 0x0,
    0x0, 0x0, 0x0, 0x2d, 0x7c, 0x96, 0x75, 0x1d,
    0x0, 0x0, 0x0, 0x3c, 0xec, 0x0, 0x0, 0x0,
    0x0, 0x0, 0xd, 0x24, 0x0, 0x0, 0x0, 0x0,
    0x0, 0x0, 0x9, 0x28, 0x0, 0x0, 0x0, 0x0,
    0x0, 0x50, 0xd4, 0x0, 0x0, 0x0, 0x0, 0x0,
    0x0, 0x38, 0xec, 0x0, 0x0, 0x0, 0x0, 0x0,
    0x50, 0xd4, 0x0, 0x0, 0x0, 0x0, 0x0, 0x0,
    0x38, 0xec, 0x0, 0x0, 0x0, 0x0, 0x0, 0x50,
    0xfe, 0xf8, 0xf8, 0xf8, 0xf8, 0xf8, 0xf8, 0xf9,
    0xec, 0x0, 0x0, 0x0, 0x0, 0x0, 0x50, 0xd6,
    0x10, 0x10, 0x10, 0x10, 0x10, 0x10, 0x44, 0xec,
    0x0, 0x0, 0x0, 0x0, 0x0, 0x50, 0xd5, 0x8,
    0x8, 0x8, 0x8, 0x8, 0x8, 0x3e, 0xec, 0x0,
    0x0, 0x0, 0x0, 0x0, 0x50, 0xff, 0xff, 0xff,
    0xff, 0xff, 0xff, 0xff, 0xff, 0xec, 0x0, 0x0,
    0x0,

    /* U+C560 "애" */
    0x0, 0x0, 0x0, 0x0, 0x0, 0x0, 0x0, 0x0,
    0x0, 0x0, 0x0, 0x39, 0xd2, 0x0, 0x0, 0x0,
    0x0, 0x0, 0x0, 0x0, 0x0, 0x38, 0xec, 0x0,
    0x40, 0xec, 0x0, 0xe, 0xa5, 0xf4, 0xe9, 0x7a,
    0x0, 0x0, 0x38, 0xec, 0x0, 0x40, 0xec, 0x0,
    0xa5, 0xbc, 0x26, 0x3c, 0xe7, 0x5d, 0x0, 0x38,
    0xec, 0x0, 0x40, 0xec, 0x11, 0xfb, 0x22, 0x0,
    0x0, 0x69, 0xc7, 0x0, 0x38, 0xec, 0x0, 0x40,
    0xec, 0x40, 0xe0, 0x0, 0x0, 0x0, 0x2a, 0xf8,
    0x2, 0x38, 0xec, 0x0, 0x40, 0xec, 0x53, 0xcb,
    0x0, 0x0, 0x0, 0x14, 0xff, 0xe, 0x38, 0xec,
    0x0, 0x40, 0xec, 0x51, 0xce, 0x0, 0x0, 0x0,
    0x18, 0xff, 0xc, 0x38, 0xff, 0xf8, 0xfa, 0xec,
    0x38, 0xe6, 0x0, 0x0, 0x0, 0x30, 0xf2, 0x0,
    0x38, 0xec, 0x4, 0x43, 0xec, 0x9, 0xf5, 0x30,
    0x0, 0x0, 0x77, 0xb7, 0x0, 0x38, 0xec, 0x0,
    0x40, 0xec, 0x0, 0x86, 0xd2, 0x49, 0x5f, 0xf1,
    0x41, 0x0, 0x38, 0xec, 0x0, 0x40, 0xec, 0x0,
    0x3, 0x76, 0xc5, 0xba, 0x4d, 0x0, 0x0, 0x38,
    0xec, 0x0, 0x40, 0xec, 0x0, 0x0, 0x0, 0x0,
    0x0, 0x0, 0x0, 0x0, 0x38, 0xec, 0x0, 0x40,
    0xec, 0x0, 0x0, 0x0, 0x0, 0x0, 0x0, 0x0,
    0x0, 0x38, 0xec, 0x0, 0x40, 0xec, 0x0, 0x0,
    0x0, 0x0, 0x0, 0x0, 0x0, 0x0, 0x38, 0xec,
    0x0, 0x40, 0xec, 0x0, 0x0, 0x0, 0x0, 0x0,
    0x0, 0x0, 0x0, 0x0, 0x0, 0x0, 0xc, 0x2c,

    /* U+C5B4 "어" */
    0x0, 0x0, 0x0, 0x0, 0x0, 0x0, 0x0, 0x0,
    0x0, 0x0, 0x0, 0xd2, 0x35, 0x0, 0x0, 0x0,
    0x0, 0x0, 0x0, 0x0, 0x0, 0x0, 0x0, 0x0,
    0xec, 0x3c, 0x0, 0x0, 0x50, 0xd1, 0xf9, 0xde,
    0x6e, 0x0, 0x0, 0x0, 0x0, 0xec, 0x3c, 0x0,
    0x4a, 0xf4, 0x59, 0xf, 0x3e, 0xe1, 0x68, 0x0,
    0x0, 0x0, 0xec, 0x3c, 0x0, 0xcd, 0x7f, 0x0,
    0x0, 0x0, 0x4a, 0xec, 0x5, 0x0, 0x0, 0xec,
    0x3c, 0xf, 0xfe, 0x25, 0x0, 0x0, 0x0, 0x1,
    0xed, 0x2f, 0x0, 0x0, 0xec, 0x3c, 0x26, 0xff,
    0x7, 0x0, 0x0, 0x0, 0x0, 0xce, 0xc9, 0xb0,
    0xb0, 0xf9, 0x3c, 0x21, 0xff, 0xe, 0x0, 0x0,
    0x0, 0x0, 0xd8, 0x80, 0x4c, 0x4c, 0xf1, 0x3c,
    0x4, 0xf5, 0x3a, 0x0, 0x0, 0x0, 0xe, 0xf7,
    0x21, 0x0, 0x0, 0xec, 0x3c, 0x0, 0xa1, 0xac,
    0x0, 0x0, 0x0, 0x7b, 0xca, 0x0, 0x0, 0x0,
    0xec, 0x3c, 0x0, 0x18, 0xdd, 0xab, 0x5f, 0x90,
    0xef, 0x33, 0x0, 0x0, 0x0, 0xec, 0x3c, 0x0,
    0x0, 0xe, 0x71, 0x9a, 0x80, 0x1f, 0x0, 0x0,
    0x0, 0x0, 0xec, 0x3c, 0x0, 0x0, 0x0, 0x0,
    0x0, 0x0, 0x0, 0x0, 0x0, 0x0, 0x0, 0xec,
    0x3c, 0x0, 0x0, 0x0, 0x0, 0x0, 0x0, 0x0,
    0x0, 0x0, 0x0, 0x0, 0xec, 0x3c, 0x0, 0x0,
    0x0, 0x0, 0x0, 0x0, 0x0, 0x0, 0x0, 0x0,
    0x0, 0xec, 0x3c, 0x0, 0x0, 0x0, 0x0, 0x0,
    0x0, 0x0, 0x0, 0x0, 0x0, 0x0, 0x2c, 0xb,

    /* U+C5C5 "업" */
    0x0, 0x0, 0x31, 0x6a, 0x5b, 0x1c, 0x0, 0x0,
    0x0, 0x0, 0x82, 0x39, 0x1, 0x9b, 0xe8, 0x9e,
    0xa7, 0xee, 0x69, 0x0, 0x0, 0x0, 0xd0, 0x5c,
    0x65, 0xde, 0x12, 0x0, 0x0, 0x2d, 0xf5, 0x32,
    0x0, 0x0, 0xd0, 0x5c, 0xb9, 0x74, 0x0, 0x0,
    0x0, 0x0, 0xa9, 0xae, 0x60, 0x60, 0xe2, 0x5c,
    0xc3, 0x67, 0x0, 0x0, 0x0, 0x0, 0x9c, 0xda,
    0xac, 0xac, 0xf0, 0x5c, 0x89, 0xb6, 0x0, 0x0,
    0x0, 0x9, 0xe0, 0x56, 0x0, 0x0, 0xd0, 0x5c,
    0x14, 0xdc, 0xa6, 0x4a, 0x53, 0xc5, 0xb6, 0x3,
    0x0, 0x0, 0xd0, 0x5c, 0x0, 0x12, 0x82, 0xbb,
    0xac, 0x66, 0x3, 0x0, 0x0, 0x0, 0xc6, 0x57,
    0x0, 0x0, 0x3d, 0x1b, 0x0, 0x0, 0x0, 0x0,
    0x0, 0x0, 0x3f, 0x1c, 0x0, 0x0, 0xc4, 0x58,
    0x0, 0x0, 0x0, 0x0, 0x0, 0x0, 0xcc, 0x5c,
    0x0, 0x0, 0xc4, 0x58, 0x0, 0x0, 0x0, 0x0,
    0x0, 0x0, 0xcc, 0x5c, 0x0, 0x0, 0xc4, 0xfa,
    0xf8, 0xf8, 0xf8, 0xf8, 0xf8, 0xf8, 0xfe, 0x5c,
    0x0, 0x0, 0xc4, 0x62, 0x10, 0x10, 0x10, 0x10,
    0x10, 0x10, 0xcf, 0x5c, 0x0, 0x0, 0xc4, 0x5f,
    0xc, 0xc, 0xc, 0xc, 0xc, 0xc, 0xce, 0x5c,
    0x0, 0x0, 0xc4, 0xff, 0xff, 0xff, 0xff, 0xff,
    0xff, 0xff, 0xff, 0x5c,

    /* U+C5C6 "없" */
    0x0, 0x3, 0x54, 0x8a, 0x7b, 0x37, 0x0, 0x0,
    0x0, 0x0, 0x9c, 0x45, 0x0, 0xb, 0xc4, 0xd3,
    0x7f, 0x85, 0xdf, 0x8e, 0x0, 0x0, 0x0, 0xd0,
    0x5c, 0x0, 0x8a, 0xc7, 0x5, 0x0, 0x0, 0xe,
    0xdd, 0x4c, 0x0, 0x0, 0xd0, 0x5c, 0x0, 0xd5,
    0x5f, 0x0, 0x0, 0x0, 0x0, 0x7c, 0xc9, 0x80,
    0x80, 0xe8, 0x5c, 0x0, 0xd7, 0x5c, 0x0, 0x0,
    0x0, 0x0, 0x79, 0xcf, 0x8c, 0x8c, 0xea, 0x5c,
    0x0, 0x92, 0xbc, 0x1, 0x0, 0x0, 0x6, 0xd4,
    0x55, 0x0, 0x0, 0xd0, 0x5c, 0x0, 0x11, 0xd1,
    0xc2, 0x6b, 0x6f, 0xd0, 0xa2, 0x1, 0x0, 0x0,
    0xd0, 0x5c, 0x0, 0x0, 0x8, 0x65, 0x9b, 0x8c,
    0x48, 0x0, 0x0, 0x0, 0x0, 0xd0, 0x5c, 0x0,
    0x0, 0xd, 0x9, 0x0, 0x0, 0x5, 0x10, 0x0,
    0x0, 0x15, 0x11, 0x4, 0x0, 0x0, 0xac, 0x7c,
    0x0, 0x0, 0x44, 0xd0, 0x0, 0x0, 0xc8, 0x48,
    0x0, 0x0, 0x0, 0xac, 0x7c, 0x0, 0x0, 0x44,
    0xd0, 0x0, 0x0, 0xd6, 0x57, 0x0, 0x0, 0x0,
    0xac, 0xf9, 0xf4, 0xf4, 0xf7, 0xd0, 0x0, 0xc,
    0xf7, 0x89, 0x0, 0x0, 0x0, 0xac, 0x7c, 0x0,
    0x0, 0x44, 0xd0, 0x0, 0x6f, 0xbd, 0xe8, 0x11,
    0x0, 0x0, 0xac, 0x7c, 0x0, 0x0, 0x44, 0xd0,
    0x39, 0xe8, 0x20, 0x86, 0xbb, 0xd, 0x0, 0xac,
    0xfb, 0xf8, 0xf8, 0xfa, 0xe0, 0xe6, 0x47, 0x0,
    0x2, 0xa6, 0xa3, 0x0, 0x0, 0x0, 0x0, 0x0,
    0x0, 0x0, 0xc, 0x0, 0x0, 0x0, 0x1, 0xb,

    /* U+C5D0 "에" */
    0x0, 0x0, 0x0, 0x0, 0x0, 0x0, 0x0, 0x0,
    0x0, 0x0, 0x0, 0x39, 0xd2, 0x0, 0x0, 0x0,
    0x0, 0x0, 0x0, 0x0, 0x0, 0x0, 0xf8, 0x34,
    0x40, 0xec, 0x0, 0xb, 0x9e, 0xf2, 0xec, 0x8b,
    0x2, 0x0, 0x0, 0xf8, 0x34, 0x40, 0xec, 0x0,
    0x9d, 0xc5, 0x2a, 0x35, 0xde, 0x72, 0x0, 0x0,
    0xf8, 0x34, 0x40, 0xec, 0x10, 0xfb, 0x29, 0x0,
    0x0, 0x50, 0xe3, 0x0, 0x0, 0xf8, 0x34, 0x40,
    0xec, 0x42, 0xe3, 0x0, 0x0, 0x0, 0x9, 0xff,
    0x15, 0x0, 0xf8, 0x34, 0x40, 0xec, 0x57, 0xcc,
    0x0, 0x0, 0x0, 0x0, 0xf1, 0xae, 0x9c, 0xfc,
    0x34, 0x40, 0xec, 0x55, 0xcf, 0x0, 0x0, 0x0,
    0x0, 0xf5, 0x7d, 0x60, 0xfb, 0x34, 0x40, 0xec,
    0x3a, 0xea, 0x0, 0x0, 0x0, 0x10, 0xff, 0x10,
    0x0, 0xf8, 0x34, 0x40, 0xec, 0x8, 0xf4, 0x39,
    0x0, 0x0, 0x60, 0xd2, 0x0, 0x0, 0xf8, 0x34,
    0x40, 0xec, 0x0, 0x7f, 0xdc, 0x52, 0x5d, 0xee,
    0x54, 0x0, 0x0, 0xf8, 0x34, 0x40, 0xec, 0x0,
    0x1, 0x6c, 0xbf, 0xb9, 0x58, 0x0, 0x0, 0x0,
    0xf8, 0x34, 0x40, 0xec, 0x0, 0x0, 0x0, 0x0,
    0x0, 0x0, 0x0, 0x0, 0x0, 0xf8, 0x34, 0x40,
    0xec, 0x0, 0x0, 0x0, 0x0, 0x0, 0x0, 0x0,
    0x0, 0x0, 0xf8, 0x34, 0x40, 0xec, 0x0, 0x0,
    0x0, 0x0, 0x0, 0x0, 0x0, 0x0, 0x0, 0xf8,
    0x34, 0x40, 0xec, 0x0, 0x0, 0x0, 0x0, 0x0,
    0x0, 0x0, 0x0, 0x0, 0x0, 0x0, 0xc, 0x2c,

    /* U+C5F0 "연" */
    0x0, 0x0, 0x0, 0x0, 0x0, 0x0, 0x0, 0x0,
    0x0, 0x0, 0xb9, 0x51, 0x0, 0x2b, 0xb3, 0xf2,
    0xf3, 0xbc, 0x37, 0x0, 0x0, 0x0, 0xd0, 0x5c,
    0x29, 0xf0, 0x81, 0x20, 0x1d, 0x76, 0xf1, 0x6d,
    0x60, 0x60, 0xe2, 0x5c, 0xa8, 0x9d, 0x0, 0x0,
    0x0, 0x0, 0x85, 0xef, 0xa4, 0xa4, 0xee, 0x5c,
    0xe1, 0x53, 0x0, 0x0, 0x0, 0x0, 0x38, 0xec,
    0x0, 0x0, 0xd0, 0x5c, 0xe0, 0x54, 0x0, 0x0,
    0x0, 0x0, 0x39, 0xf2, 0x0, 0x0, 0xd0, 0x5c,
    0xa4, 0xa2, 0x0, 0x0, 0x0, 0x0, 0x88, 0xd4,
    0x44, 0x44, 0xdc, 0x5c, 0x23, 0xec, 0x89, 0x27,
    0x24, 0x7b, 0xf0, 0xc0, 0xc0, 0xc0, 0xf4, 0x5c,
    0x0, 0x24, 0xa8, 0xe8, 0xe9, 0xb1, 0x2f, 0x0,
    0x0, 0x0, 0xd0, 0x5c, 0x0, 0x0, 0x0, 0x0,
    0x0, 0x0, 0x0, 0x0, 0x0, 0x0, 0xd0, 0x5c,
    0x0, 0x0, 0x9a, 0x27, 0x0, 0x0, 0x0, 0x0,
    0x0, 0x0, 0xd0, 0x5c, 0x0, 0x0, 0xec, 0x3c,
    0x0, 0x0, 0x0, 0x0, 0x0, 0x0, 0x1a, 0xb,
    0x0, 0x0, 0xec, 0x3c, 0x0, 0x0, 0x0, 0x0,
    0x0, 0x0, 0x0, 0x0, 0x0, 0x0, 0xec, 0x48,
    0x10, 0x10, 0x10, 0x10, 0x10, 0x10, 0x10, 0xc,
    0x0, 0x0, 0xec, 0xff, 0xff, 0xff, 0xff, 0xff,
    0xff, 0xff, 0xff, 0xc0,

    /* U+C5F4 "열" */
    0x0, 0x0, 0x3c, 0x7b, 0x7a, 0x3e, 0x0, 0x0,
    0x0, 0x0, 0x91, 0x38, 0x2, 0xa0, 0xe5, 0x93,
    0x93, 0xe4, 0xa8, 0x4, 0x0, 0x0, 0xd8, 0x54,
    0x68, 0xdc, 0x10, 0x0, 0x0, 0x10, 0xdc, 0xfc,
    0xfc, 0xfc, 0xff, 0x54, 0xbc, 0x72, 0x0, 0x0,
    0x0, 0x0, 0x6f, 0xc7, 0x4, 0x4, 0xd8, 0x54,
    0xc7, 0x64, 0x0, 0x0, 0x0, 0x0, 0x61, 0xcf,
    0x0, 0x0, 0xd8, 0x54, 0x8d, 0xb2, 0x0, 0x0,
    0x0, 0x0, 0xb1, 0xe3, 0xa0, 0xa0, 0xf1, 0x54,
    0x16, 0xe0, 0x9d, 0x3a, 0x3a, 0x9d, 0xe2, 0x66,
    0x64, 0x64, 0xe7, 0x54, 0x0, 0x17, 0x91, 0xd0,
    0xcf, 0x92, 0x18, 0x0, 0x0, 0x0, 0xd8, 0x54,
    0x0, 0x0, 0x0, 0x0, 0x0, 0x0, 0x0, 0x0,
    0x0, 0x0, 0x40, 0x18, 0x0, 0x0, 0xd9, 0xf4,
    0xf4, 0xf4, 0xf4, 0xf4, 0xf4, 0xf4, 0xf4, 0x50,
    0x0, 0x0, 0x11, 0x14, 0x14, 0x14, 0x14, 0x14,
    0x14, 0x14, 0xd7, 0x54, 0x0, 0x0, 0x3c, 0x44,
    0x44, 0x44, 0x44, 0x44, 0x44, 0x44, 0xdf, 0x54,
    0x0, 0x0, 0xe4, 0xd3, 0xc4, 0xc4, 0xc4, 0xc4,
    0xc4, 0xc4, 0xc4, 0x40, 0x0, 0x0, 0xe4, 0x49,
    0xc, 0xc, 0xc, 0xc, 0xc, 0xc, 0xc, 0x8,
    0x0, 0x0, 0xe4, 0xff, 0xff, 0xff, 0xff, 0xff,
    0xff, 0xff, 0xff, 0xbc,

    /* U+C624 "오" */
    0x0, 0x0, 0x0, 0x28, 0x94, 0xd4, 0xf1, 0xf1,
    0xd4, 0x94, 0x26, 0x0, 0x0, 0x0, 0x0, 0x0,
    0x53, 0xf6, 0x93, 0x35, 0x12, 0x11, 0x33, 0x91,
    0xf5, 0x52, 0x0, 0x0, 0x0, 0x0, 0xe5, 0x6f,
    0x0, 0x0, 0x0, 0x0, 0x0, 0x0, 0x6b, 0xe5,
    0x0, 0x0, 0x0, 0xd, 0xff, 0x2b, 0x0, 0x0,
    0x0, 0x0, 0x0, 0x0, 0x28, 0xff, 0xc, 0x0,
    0x0, 0x0, 0xe3, 0x75, 0x0, 0x0, 0x0, 0x0,
    0x0, 0x0, 0x70, 0xe2, 0x0, 0x0, 0x0, 0x0,
    0x4d, 0xf7, 0x9d, 0x40, 0x1d, 0x1c, 0x3e, 0x99,
    0xf6, 0x4c, 0x0, 0x0, 0x0, 0x0, 0x0, 0x1f,
    0x91, 0xca, 0xf6, 0xf7, 0xcc, 0x93, 0x20, 0x0,
    0x0, 0x0, 0x0, 0x0, 0x0, 0x0, 0x0, 0x0,
    0x94, 0x9c, 0x0, 0x0, 0x0, 0x0, 0x0, 0x0,
    0x0, 0x0, 0x0, 0x0, 0x0, 0x0, 0x94, 0x9c,
    0x0, 0x0, 0x0, 0x0, 0x0, 0x0, 0x0, 0x0,
    0x0, 0x0, 0x0, 0x0, 0x94, 0x9c, 0x0, 0x0,
    0x0, 0x0, 0x0, 0x0, 0xfc, 0xff, 0xff, 0xff,
    0xff, 0xff, 0xff, 0xff, 0xff, 0xff, 0xff, 0xff,
    0xff, 0xff, 0x3, 0x4, 0x4, 0x4, 0x4, 0x4,
    0x4, 0x4, 0x4, 0x4, 0x4, 0x4, 0x4, 0x4,

    /* U+C628 "온" */
    0x0, 0x0, 0x0, 0x31, 0x9c, 0xda, 0xf2, 0xf9,
    0xe2, 0xa8, 0x37, 0x0, 0x0, 0x0, 0x0, 0x0,
    0x48, 0xf7, 0x7e, 0x25, 0x7, 0x7, 0x24, 0x7c,
    0xf7, 0x4d, 0x0, 0x0, 0x0, 0x0, 0xb4, 0x8f,
    0x0, 0x0, 0x0, 0x0, 0x0, 0x0, 0x8c, 0xbc,
    0x0, 0x0, 0x0, 0x0, 0xa8, 0xa7, 0x0, 0x0,
    0x0, 0x0, 0x0, 0x0, 0xa4, 0xaf, 0x0, 0x0,
    0x0, 0x0, 0x2a, 0xe9, 0xb0, 0x5b, 0x3e, 0x3e,
    0x5b, 0xb0, 0xeb, 0x2f, 0x0, 0x0, 0x0, 0x0,
    0x0, 0xc, 0x6c, 0xa4, 0xe5, 0xe7, 0xa5, 0x6f,
    0xd, 0x0, 0x0, 0x0, 0x0, 0x0, 0x0, 0x0,
    0x0, 0x0, 0x94, 0x9c, 0x0, 0x0, 0x0, 0x0,
    0x0, 0x0, 0xe8, 0xec, 0xec, 0xec, 0xec, 0xec,
    0xf7, 0xf8, 0xec, 0xec, 0xec, 0xec, 0xec, 0xec,
    0x1f, 0x20, 0x20, 0x20, 0x20, 0x20, 0x20, 0x20,
    0x20, 0x20, 0x20, 0x20, 0x20, 0x20, 0x0, 0x0,
    0x29, 0x1c, 0x0, 0x0, 0x0, 0x0, 0x0, 0x0,
    0x0, 0x0, 0x0, 0x0, 0x0, 0x0, 0xb0, 0x78,
    0x0, 0x0, 0x0, 0x0, 0x0, 0x0, 0x0, 0x0,
    0x0, 0x0, 0x0, 0x0, 0xb0, 0x78, 0x0, 0x0,
    0x0, 0x0, 0x0, 0x0, 0x0, 0x0, 0x0, 0x0,
    0x0, 0x0, 0xb0, 0x7e, 0xc, 0xc, 0xc, 0xc,
    0xc, 0xc, 0xc, 0xc, 0x0, 0x0, 0x0, 0x0,
    0xb0, 0xff, 0xff, 0xff, 0xff, 0xff, 0xff, 0xff,
    0xff, 0xff, 0x4, 0x0,

    /* U+C640 "와" */
    0x0, 0x0, 0x0, 0x0, 0x0, 0x0, 0x0, 0x0,
    0x0, 0x0, 0x0, 0x23, 0xe4, 0x3, 0x0, 0x0,
    0x0, 0x0, 0x0, 0x0, 0x0, 0x0, 0x0, 0x0,
    0x0, 0x0, 0x0, 0x28, 0xff, 0x4, 0x0, 0x0,
    0x0, 0x0, 0x1, 0x58, 0xc8, 0xf1, 0xe8, 0xb2,
    0x2f, 0x0, 0x0, 0x28, 0xff, 0x4, 0x0, 0x0,
    0x0, 0x0, 0x8b, 0xdd, 0x4a, 0x10, 0x1e, 0x83,
    0xf7, 0x38, 0x0, 0x28, 0xff, 0x4, 0x0, 0x0,
    0x0, 0x12, 0xfc, 0x3a, 0x0, 0x0, 0x0, 0x0,
    0xa2, 0xab, 0x0, 0x28, 0xff, 0x4, 0x0, 0x0,
    0x0, 0x24, 0xff, 0x12, 0x0, 0x0, 0x0, 0x0,
    0x77, 0xbe, 0x0, 0x28, 0xff, 0x4, 0x0, 0x0,
    0x0, 0x3, 0xea, 0x69, 0x0, 0x0, 0x0, 0x5,
    0xc9, 0x81, 0x0, 0x28, 0xff, 0x6e, 0x6c, 0x32,
    0x0, 0x0, 0x4f, 0xf3, 0x9f, 0x64, 0x72, 0xd0,
    0xbd, 0x9, 0x0, 0x28, 0xff, 0x85, 0x84, 0x3d,
    0x0, 0x0, 0x0, 0x25, 0x7d, 0xf8, 0xa6, 0x4b,
    0x1, 0x0, 0x0, 0x28, 0xff, 0x4, 0x0, 0x0,
    0x0, 0x0, 0x0, 0x0, 0x0, 0xec, 0x40, 0x0,
    0x0, 0x0, 0x0, 0x28, 0xff, 0x4, 0x0, 0x0,
    0x0, 0x0, 0x0, 0x0, 0x0, 0xec, 0x40, 0x0,
    0x0, 0x0, 0x0, 0x28, 0xff, 0x4, 0x0, 0x0,
    0x12, 0x74, 0x75, 0x78, 0x7d, 0xf5, 0xa4, 0x8c,
    0x94, 0x9d, 0x79, 0x28, 0xff, 0x4, 0x0, 0x0,
    0xc, 0x8f, 0x8d, 0x89, 0x85, 0x80, 0x7a, 0x72,
    0x6a, 0x5f, 0x3e, 0x28, 0xff, 0x4, 0x0, 0x0,
    0x0, 0x0, 0x0, 0x0, 0x0, 0x0, 0x0, 0x0,
    0x0, 0x0, 0x0, 0x28, 0xff, 0x4, 0x0, 0x0,
    0x0, 0x0, 0x0, 0x0, 0x0, 0x0, 0x0, 0x0,
    0x0, 0x0, 0x0, 0x28, 0xff, 0x4, 0x0, 0x0,
    0x0, 0x0, 0x0, 0x0, 0x0, 0x0, 0x0, 0x0,
    0x0, 0x0, 0x0, 0x7, 0x30, 0x0, 0x0, 0x0,

    /* U+C644 "완" */
    0x0, 0x0, 0x0, 0x0, 0x0, 0x0, 0x0, 0x0,
    0x0, 0x0, 0x23, 0xe4, 0x3, 0x0, 0x0, 0x0,
    0x0, 0x51, 0xc5, 0xef, 0xec, 0xc0, 0x44, 0x0,
    0x0, 0x28, 0xff, 0x4, 0x0, 0x0, 0x0, 0x64,
    0xe8, 0x4b, 0xb, 0xd, 0x56, 0xf0, 0x4d, 0x0,
    0x28, 0xff, 0x4, 0x0, 0x0, 0x0, 0xcb, 0x64,
    0x0, 0x0, 0x0, 0x0, 0x7d, 0xb3, 0x0, 0x28,
    0xff, 0x4, 0x0, 0x0, 0x0, 0xc2, 0x6a, 0x0,
    0x0, 0x0, 0x0, 0x83, 0xa6, 0x0, 0x28, 0xff,
    0x4, 0x0, 0x0, 0x0, 0x57, 0xed, 0x5b, 0x1a,
    0x1c, 0x65, 0xee, 0x33, 0x0, 0x28, 0xff, 0x17,
    0x14, 0x6, 0x0, 0x0, 0x4d, 0xba, 0xfa, 0xe1,
    0x9f, 0x27, 0x0, 0x0, 0x28, 0xff, 0xf0, 0xf0,
    0x52, 0x0, 0x0, 0x0, 0x0, 0xd4, 0x58, 0x0,
    0x0, 0x0, 0x0, 0x28, 0xff, 0x4, 0x0, 0x0,
    0x5a, 0x6d, 0x70, 0x74, 0xe8, 0xaf, 0x8b, 0x93,
    0x9d, 0x57, 0x28, 0xff, 0x4, 0x0, 0x0, 0x73,
    0x91, 0x8d, 0x89, 0x84, 0x7c, 0x74, 0x6a, 0x5f,
    0x2e, 0x28, 0xff, 0x4, 0x0, 0x0, 0x0, 0x0,
    0x1d, 0x29, 0x0, 0x0, 0x0, 0x0, 0x0, 0x0,
    0x28, 0xff, 0x4, 0x0, 0x0, 0x0, 0x0, 0x70,
    0x9c, 0x0, 0x0, 0x0, 0x0, 0x0, 0x0, 0x11,
    0x70, 0x1, 0x0, 0x0, 0x0, 0x0, 0x70, 0x9c,
    0x0, 0x0, 0x0, 0x0, 0x0, 0x0, 0x0, 0x0,
    0x0, 0x0, 0x0, 0x0, 0x0, 0x70, 0xa0, 0xc,
    0xc, 0xc, 0xc, 0xc, 0xc, 0xc, 0xc, 0x4,
    0x0, 0x0, 0x0, 0x0, 0x70, 0xff, 0xff, 0xff,
    0xff, 0xff, 0xff, 0xff, 0xff, 0xff, 0x64, 0x0,
    0x0,

    /* U+C694 "요" */
    0x0, 0x0, 0x0, 0x2b, 0x96, 0xd5, 0xf1, 0xf1,
    0xd5, 0x97, 0x2a, 0x0, 0x0, 0x0, 0x0, 0x0,
    0x59, 0xf7, 0x90, 0x34, 0x12, 0x11, 0x32, 0x8d,
    0xf6, 0x58, 0x0, 0x0, 0x0, 0x1, 0xe9, 0x6c,
    0x0, 0x0, 0x0, 0x0, 0x0, 0x0, 0x68, 0xe8,
    0x0, 0x0, 0x0, 0xc, 0xff, 0x2b, 0x0, 0x0,
    0x0, 0x0, 0x0, 0x0, 0x28, 0xff, 0xb, 0x0,
    0x0, 0x0, 0xdc, 0x7a, 0x0, 0x0, 0x0, 0x0,
    0x0, 0x0, 0x77, 0xdc, 0x0, 0x0, 0x0, 0x0,
    0x3f, 0xee, 0xa8, 0x4e, 0x2d, 0x2c, 0x4c, 0xa6,
    0xf0, 0x41, 0x0, 0x0, 0x0, 0x0, 0x0, 0x5f,
    0xed, 0xc3, 0xe1, 0xe0, 0xc5, 0xec, 0x67, 0x0,
    0x0, 0x0, 0x0, 0x0, 0x0, 0x5c, 0xcc, 0x0,
    0x0, 0x0, 0x0, 0xc8, 0x64, 0x0, 0x0, 0x0,
    0x0, 0x0, 0x0, 0x5c, 0xcc, 0x0, 0x0, 0x0,
    0x0, 0xc8, 0x64, 0x0, 0x0, 0x0, 0x3, 0x4,
    0x4, 0x5e, 0xcc, 0x4, 0x4, 0x4, 0x4, 0xc8,
    0x66, 0x4, 0x4, 0x4, 0xfc, 0xff, 0xff, 0xff,
    0xff, 0xff, 0xff, 0xff, 0xff, 0xff, 0xff, 0xff,
    0xff, 0xff, 0x3, 0x4, 0x4, 0x4, 0x4, 0x4,
    0x4, 0x4, 0x4, 0x4, 0x4, 0x4, 0x4, 0x4,

    /* U+C6A9 "용" */
    0x0, 0x0, 0x0, 0x0, 0x3, 0x24, 0x39, 0x3a,
    0x25, 0x3, 0x0, 0x0, 0x0, 0x0, 0x0, 0x0,
    0x6, 0x88, 0xed, 0xdc, 0xc5, 0xc5, 0xdc, 0xee,
    0x8a, 0x7, 0x0, 0x0, 0x0, 0x0, 0x87, 0xd6,
    0x24, 0x0, 0x0, 0x0, 0x0, 0x22, 0xd4, 0x8d,
    0x0, 0x0, 0x0, 0x0, 0xbb, 0x83, 0x0, 0x0,
    0x0, 0x0, 0x0, 0x0, 0x80, 0xc2, 0x0, 0x0,
    0x0, 0x0, 0x6e, 0xe5, 0x48, 0x5, 0x0, 0x0,
    0x5, 0x48, 0xe4, 0x77, 0x0, 0x0, 0x0, 0x0,
    0x0, 0x79, 0xfe, 0xf3, 0xe8, 0xe8, 0xf8, 0xfe,
    0x7f, 0x0, 0x0, 0x0, 0x0, 0x0, 0x0, 0x3c,
    0xf0, 0x0, 0x13, 0x1b, 0x8, 0xec, 0x40, 0x0,
    0x0, 0x0, 0x17, 0x18, 0x18, 0x4e, 0xf1, 0x18,
    0x18, 0x18, 0x18, 0xed, 0x52, 0x18, 0x18, 0x18,
    0xf0, 0xf4, 0xf4, 0xf4, 0xf4, 0xf4, 0xf4, 0xf4,
    0xf4, 0xf4, 0xf4, 0xf4, 0xf4, 0xf4, 0x0, 0x0,
    0x0, 0x0, 0x0, 0xb, 0x1e, 0x1f, 0xc, 0x0,
    0x0, 0x0, 0x0, 0x0, 0x0, 0x0, 0x3, 0x74,
    0xd9, 0xf7, 0xe5, 0xe5, 0xf7, 0xdb, 0x78, 0x4,
    0x0, 0x0, 0x0, 0x0, 0x88, 0xda, 0x3e, 0x3,
    0x0, 0x0, 0x3, 0x3e, 0xd8, 0x8f, 0x0, 0x0,
    0x0, 0x0, 0xc7, 0x79, 0x0, 0x0, 0x0, 0x0,
    0x0, 0x0, 0x76, 0xce, 0x0, 0x0, 0x0, 0x0,
    0x75, 0xe7, 0x5b, 0x19, 0x4, 0x4, 0x19, 0x5a,
    0xe6, 0x7d, 0x0, 0x0, 0x0, 0x0, 0x0, 0x56,
    0xb8, 0xe7, 0xfa, 0xfb, 0xe9, 0xba, 0x5b, 0x0,
    0x0, 0x0,

    /* U+C6B0 "우" */
    0x0, 0x0, 0x0, 0x31, 0xa4, 0xe0, 0xf8, 0xf9,
    0xe1, 0xa9, 0x39, 0x0, 0x0, 0x0, 0x0, 0x0,
    0x4b, 0xf5, 0x7e, 0x25, 0x7, 0x7, 0x25, 0x7d,
    0xf7, 0x57, 0x0, 0x0, 0x0, 0x0, 0xc6, 0x84,
    0x0, 0x0, 0x0, 0x0, 0x0, 0x0, 0x81, 0xd2,
    0x0, 0x0, 0x0, 0x0, 0xc9, 0x81, 0x0, 0x0,
    0x0, 0x0, 0x0, 0x0, 0x7d, 0xd4, 0x0, 0x0,
    0x0, 0x0, 0x57, 0xf6, 0x71, 0x19, 0x0, 0x0,
    0x19, 0x71, 0xf7, 0x61, 0x0, 0x0, 0x0, 0x0,
    0x0, 0x3f, 0xb1, 0xea, 0xf9, 0xf9, 0xeb, 0xb3,
    0x43, 0x0, 0x0, 0x0, 0x0, 0x0, 0x0, 0x0,
    0x0, 0x0, 0x3, 0x2, 0x0, 0x0, 0x0, 0x0,
    0x0, 0x0, 0x13, 0x14, 0x14, 0x14, 0x14, 0x14,
    0x14, 0x14, 0x14, 0x14, 0x14, 0x14, 0x14, 0x14,
    0xf0, 0xf4, 0xf4, 0xf4, 0xf4, 0xf4, 0xfa, 0xfb,
    0xf4, 0xf4, 0xf4, 0xf4, 0xf4, 0xf4, 0x0, 0x0,
    0x0, 0x0, 0x0, 0x0, 0x90, 0x9c, 0x0, 0x0,
    0x0, 0x0, 0x0, 0x0, 0x0, 0x0, 0x0, 0x0,
    0x0, 0x0, 0x90, 0x9c, 0x0, 0x0, 0x0, 0x0,
    0x0, 0x0, 0x0, 0x0, 0x0, 0x0, 0x0, 0x0,
    0x90, 0x9c, 0x0, 0x0, 0x0, 0x0, 0x0, 0x0,
    0x0, 0x0, 0x0, 0x0, 0x0, 0x0, 0x90, 0x9c,
    0x0, 0x0, 0x0, 0x0, 0x0, 0x0, 0x0, 0x0,
    0x0, 0x0, 0x0, 0x0, 0x90, 0x9c, 0x0, 0x0,
    0x0, 0x0, 0x0, 0x0, 0x0, 0x0, 0x0, 0x0,
    0x0, 0x0, 0x5a, 0x61, 0x0, 0x0, 0x0, 0x0,
    0x0, 0x0,

    /* U+C6B4 "운" */
    0x0, 0x0, 0x0, 0x26, 0x93, 0xd8, 0xf2, 0xf9,
    0xe0, 0xa3, 0x2e, 0x0, 0x0, 0x0, 0x0, 0x0,
    0x35, 0xf4, 0x8b, 0x2c, 0xc, 0xa, 0x29, 0x87,
    0xf6, 0x3d, 0x0, 0x0, 0x0, 0x0, 0xa0, 0xa8,
    0x0, 0x0, 0x0, 0x0, 0x0, 0x0, 0xa0, 0xab,
    0x0, 0x0, 0x0, 0x0, 0x95, 0xbc, 0x1, 0x0,
    0x0, 0x0, 0x0, 0x0, 0xb4, 0xa0, 0x0, 0x0,
    0x0, 0x0, 0x20, 0xe3, 0xb8, 0x58, 0x37, 0x36,
    0x56, 0xb4, 0xe8, 0x27, 0x0, 0x0, 0x0, 0x0,
    0x0, 0xc, 0x68, 0xac, 0xc7, 0xce, 0xb5, 0x77,
    0x12, 0x0, 0x0, 0x0, 0x0, 0x0, 0x0, 0x0,
    0x0, 0x0, 0x0, 0x0, 0x0, 0x0, 0x0, 0x0,
    0x0, 0x0, 0xfc, 0xff, 0xff, 0xff, 0xff, 0xff,
    0xff, 0xff, 0xff, 0xff, 0xff, 0xff, 0xff, 0xff,
    0xb, 0xc, 0xc, 0xc, 0xc, 0xc, 0x7e, 0xb7,
    0xc, 0xc, 0xc, 0xc, 0xc, 0xc, 0x0, 0x0,
    0x54, 0x38, 0x0, 0x0, 0x78, 0xb4, 0x0, 0x0,
    0x0, 0x0, 0x0, 0x0, 0x0, 0x0, 0xb4, 0x78,
    0x0, 0x0, 0x78, 0xb4, 0x0, 0x0, 0x0, 0x0,
    0x0, 0x0, 0x0, 0x0, 0xb4, 0x78, 0x0, 0x0,
    0x3f, 0x5f, 0x0, 0x0, 0x0, 0x0, 0x0, 0x0,
    0x0, 0x0, 0xb4, 0x7e, 0xc, 0xc, 0xc, 0xc,
    0xc, 0xc, 0xc, 0xc, 0x0, 0x0, 0x0, 0x0,
    0xb4, 0xff, 0xff, 0xff, 0xff, 0xff, 0xff, 0xff,
    0xff, 0xff, 0x4, 0x0,

    /* U+C6D0 "원" */
    0x0, 0x0, 0x0, 0x0, 0x0, 0x0, 0x0, 0x0,
    0x0, 0x0, 0x0, 0x49, 0xc0, 0x0, 0x0, 0xf,
    0x87, 0xdc, 0xf6, 0xe0, 0x96, 0x18, 0x0, 0x0,
    0x54, 0xdc, 0x0, 0x0, 0xc6, 0xba, 0x2b, 0x5,
    0x22, 0xa4, 0xdc, 0x9, 0x0, 0x54, 0xdc, 0x0,
    0x22, 0xff, 0x15, 0x0, 0x0, 0x0, 0x2, 0xef,
    0x41, 0x0, 0x54, 0xdc, 0x0, 0xd, 0xf5, 0x4e,
    0x0, 0x0, 0x0, 0x2e, 0xfb, 0x24, 0x0, 0x54,
    0xdc, 0x0, 0x0, 0x55, 0xe9, 0xa6, 0x80, 0x9d,
    0xeb, 0x6e, 0x0, 0x0, 0x54, 0xdc, 0x0, 0x0,
    0x0, 0xf, 0x54, 0x6f, 0x59, 0x17, 0x0, 0x0,
    0x0, 0x54, 0xdc, 0x35, 0x65, 0x66, 0x69, 0x6e,
    0x74, 0x7b, 0x85, 0x90, 0x9e, 0x4c, 0x54, 0xdc,
    0x49, 0xa2, 0x9c, 0x96, 0x8d, 0xfa, 0x90, 0x6a,
    0x5f, 0x53, 0x24, 0x54, 0xdc, 0x0, 0x0, 0x0,
    0x0, 0x0, 0xf4, 0x34, 0x0, 0x5b, 0x6c, 0x6c,
    0x9c, 0xdc, 0x0, 0x0, 0x1d, 0x81, 0x0, 0xf4,
    0x34, 0x0, 0x87, 0xa0, 0xa0, 0xbf, 0xdc, 0x0,
    0x0, 0x38, 0xf4, 0x0, 0xaf, 0x25, 0x0, 0x0,
    0x0, 0x0, 0x54, 0xdc, 0x0, 0x0, 0x38, 0xf4,
    0x0, 0x0, 0x0, 0x0, 0x0, 0x0, 0x0, 0x3,
    0xa, 0x0, 0x0, 0x38, 0xf4, 0xc, 0xc, 0xc,
    0xc, 0xc, 0xc, 0xc, 0xc, 0xc, 0x0, 0x0,
    0x38, 0xff, 0xff, 0xff, 0xff, 0xff, 0xff, 0xff,
    0xff, 0xff, 0xff,

    /* U+C704 "위" */
    0x0, 0x0, 0x0, 0x0, 0x0, 0x0, 0x0, 0x0,
    0x0, 0x0, 0x0, 0x0, 0xc7, 0x43, 0x0, 0x0,
    0x0, 0x39, 0xb8, 0xea, 0xf0, 0xc5, 0x4d, 0x0,
    0x0, 0x0, 0xe0, 0x4c, 0x0, 0x0, 0x41, 0xf5,
    0x67, 0x14, 0xf, 0x55, 0xee, 0x5f, 0x0, 0x0,
    0xe0, 0x4c, 0x0, 0x0, 0xae, 0x8d, 0x0, 0x0,
    0x0, 0x0, 0x6c, 0xcd, 0x0, 0x0, 0xe0, 0x4c,
    0x0, 0x0, 0xb7, 0x7d, 0x0, 0x0, 0x0, 0x0,
    0x5a, 0xd7, 0x0, 0x0, 0xe0, 0x4c, 0x0, 0x0,
    0x60, 0xe8, 0x31, 0x0, 0x0, 0x21, 0xd5, 0x81,
    0x0, 0x0, 0xe0, 0x4c, 0x0, 0x0, 0x0, 0x69,
    0xe8, 0xdf, 0xda, 0xef, 0x81, 0x3, 0x0, 0x0,
    0xe0, 0x4c, 0x0, 0x0, 0x0, 0x0, 0x1, 0x1c,
    0x21, 0x3, 0x0, 0x0, 0x0, 0x0, 0xe0, 0x4c,
    0x0, 0x63, 0x64, 0x65, 0x68, 0x6c, 0x70, 0x76,
    0x7d, 0x86, 0x93, 0x24, 0xe0, 0x4c, 0x0, 0x92,
    0x99, 0x96, 0x91, 0xaa, 0xf6, 0x84, 0x7c, 0x74,
    0x6a, 0x1a, 0xe0, 0x4c, 0x0, 0x0, 0x0, 0x0,
    0x0, 0x40, 0xec, 0x0, 0x0, 0x0, 0x0, 0x0,
    0xe0, 0x4c, 0x0, 0x0, 0x0, 0x0, 0x0, 0x40,
    0xec, 0x0, 0x0, 0x0, 0x0, 0x0, 0xe0, 0x4c,
    0x0, 0x0, 0x0, 0x0, 0x0, 0x40, 0xec, 0x0,
    0x0, 0x0, 0x0, 0x0, 0xe0, 0x4c, 0x0, 0x0,
    0x0, 0x0, 0x0, 0x40, 0xec, 0x0, 0x0, 0x0,
    0x0, 0x0, 0xe0, 0x4c, 0x0, 0x0, 0x0, 0x0,
    0x0, 0x40, 0xec, 0x0, 0x0, 0x0, 0x0, 0x0,
    0xe0, 0x4c, 0x0, 0x0, 0x0, 0x0, 0x0, 0x0,
    0x0, 0x0, 0x0, 0x0, 0x0, 0x0, 0x2a, 0xe,

    /* U+C73C "으" */
    0x0, 0x0, 0x0, 0x28, 0x94, 0xd5, 0xf1, 0xf1,
    0xd5, 0x94, 0x28, 0x0, 0x0, 0x0, 0x0, 0x0,
    0x51, 0xf5, 0x8e, 0x33, 0x12, 0x11, 0x33, 0x91,
    0xf6, 0x51, 0x0, 0x0, 0x0, 0x0, 0xe2, 0x6e,
    0x0, 0x0, 0x0, 0x0, 0x0, 0x0, 0x70, 0xe1,
    0x0, 0x0, 0x0, 0x5, 0xff, 0x33, 0x0, 0x0,
    0x0, 0x0, 0x0, 0x0, 0x34, 0xff, 0x4, 0x0,
    0x0, 0x0, 0xd2, 0x8c, 0x0, 0x0, 0x0, 0x0,
    0x0, 0x0, 0x8c, 0xd1, 0x0, 0x0, 0x0, 0x0,
    0x36, 0xec, 0xb9, 0x5e, 0x3d, 0x3c, 0x5e, 0xb9,
    0xec, 0x35, 0x0, 0x0, 0x0, 0x0, 0x0, 0xe,
    0x6f, 0xb1, 0xce, 0xce, 0xb1, 0x6f, 0xe, 0x0,
    0x0, 0x0, 0x0, 0x0, 0x0, 0x0, 0x0, 0x0,
    0x0, 0x0, 0x0, 0x0, 0x0, 0x0, 0x0, 0x0,
    0x0, 0x0, 0x0, 0x0, 0x0, 0x0, 0x0, 0x0,
    0x0, 0x0, 0x0, 0x0, 0x0, 0x0, 0x0, 0x0,
    0x0, 0x0, 0x0, 0x0, 0x0, 0x0, 0x0, 0x0,
    0x0, 0x0, 0x0, 0x0, 0xf8, 0xfc, 0xfc, 0xfc,
    0xfc, 0xfc, 0xfc, 0xfc, 0xfc, 0xfc, 0xfc, 0xfc,
    0xfc, 0xfc, 0xf, 0x10, 0x10, 0x10, 0x10, 0x10,
    0x10, 0x10, 0x10, 0x10, 0x10, 0x10, 0x10, 0x10,

    /* U+C740 "은" */
    0x0, 0x0, 0x0, 0x25, 0x93, 0xd8, 0xf1, 0xf2,
    0xd8, 0x97, 0x28, 0x0, 0x0, 0x0, 0x0, 0x0,
    0x32, 0xf4, 0x8d, 0x2a, 0x8, 0x7, 0x27, 0x89,
    0xf5, 0x39, 0x0, 0x0, 0x0, 0x0, 0x9b, 0xac,
    0x0, 0x0, 0x0, 0x0, 0x0, 0x0, 0xa4, 0xa7,
    0x0, 0x0, 0x0, 0x0, 0x91, 0xbf, 0x1, 0x0,
    0x0, 0x0, 0x0, 0x0, 0xb8, 0x9c, 0x0, 0x0,
    0x0, 0x0, 0x1e, 0xe3, 0xb8, 0x58, 0x37, 0x36,
    0x56, 0xb4, 0xe6, 0x24, 0x0, 0x0, 0x0, 0x0,
    0x0, 0xd, 0x6b, 0xb0, 0xcb, 0xcb, 0xb1, 0x6e,
    0xf, 0x0, 0x0, 0x0, 0x0, 0x0, 0x0, 0x0,
    0x0, 0x0, 0x0, 0x0, 0x0, 0x0, 0x0, 0x0,
    0x0, 0x0, 0xf0, 0xf4, 0xf4, 0xf4, 0xf4, 0xf4,
    0xf4, 0xf4, 0xf4, 0xf4, 0xf4, 0xf4, 0xf4, 0xf4,
    0x1b, 0x1c, 0x1c, 0x1c, 0x1c, 0x1c, 0x1c, 0x1c,
    0x1c, 0x1c, 0x1c, 0x1c, 0x1c, 0x1c, 0x0, 0x0,
    0x26, 0x20, 0x0, 0x0, 0x0, 0x0, 0x0, 0x0,
    0x0, 0x0, 0x0, 0x0, 0x0, 0x0, 0xa4, 0x8c,
    0x0, 0x0, 0x0, 0x0, 0x0, 0x0, 0x0, 0x0,
    0x0, 0x0, 0x0, 0x0, 0xa4, 0x8c, 0x0, 0x0,
    0x0, 0x0, 0x0, 0x0, 0x0, 0x0, 0x0, 0x0,
    0x0, 0x0, 0xa4, 0x91, 0xc, 0xc, 0xc, 0xc,
    0xc, 0xc, 0xc, 0xc, 0x0, 0x0, 0x0, 0x0,
    0xa4, 0xff, 0xff, 0xff, 0xff, 0xff, 0xff, 0xff,
    0xff, 0xff, 0x4, 0x0,

    /* U+C744 "을" */
    0x0, 0x0, 0x0, 0x17, 0x77, 0xae, 0xc5, 0xc6,
    0xb1, 0x7d, 0x1c, 0x0, 0x0, 0x0, 0x0, 0x0,
    0x3a, 0xf0, 0xa0, 0x4b, 0x2f, 0x2f, 0x4b, 0xa0,
    0xf3, 0x42, 0x0, 0x0, 0x0, 0x0, 0xb9, 0x91,
    0x0, 0x0, 0x0, 0x0, 0x0, 0x0, 0x8f, 0xc2,
    0x0, 0x0, 0x0, 0x0, 0xb8, 0x92, 0x0, 0x0,
    0x0, 0x0, 0x0, 0x0, 0x90, 0xc0, 0x0, 0x0,
    0x0, 0x0, 0x38, 0xee, 0x9c, 0x4a, 0x2d, 0x2e,
    0x4b, 0x9f, 0xf1, 0x3d, 0x0, 0x0, 0x0, 0x0,
    0x0, 0x15, 0x72, 0xa8, 0xbe, 0xbf, 0xa9, 0x75,
    0x18, 0x0, 0x0, 0x0, 0x3, 0x4, 0x4, 0x4,
    0x4, 0x4, 0x4, 0x4, 0x4, 0x4, 0x4, 0x4,
    0x4, 0x4, 0xf0, 0xf4, 0xf4, 0xf4, 0xf4, 0xf4,
    0xf4, 0xf4, 0xf4, 0xf4, 0xf4, 0xf4, 0xf4, 0xf4,
    0x0, 0x0, 0x0, 0x0, 0x0, 0x0, 0x0, 0x0,
    0x0, 0x0, 0x0, 0x0, 0x0, 0x0, 0x0, 0x0,
    0x9e, 0xdc, 0xdc, 0xdc, 0xdc, 0xdc, 0xdc, 0xdc,
    0xdc, 0xa1, 0x0, 0x0, 0x0, 0x0, 0x14, 0x1c,
    0x1c, 0x1c, 0x1c, 0x1c, 0x1c, 0x1c, 0x7c, 0xbc,
    0x0, 0x0, 0x0, 0x0, 0x0, 0x0, 0x0, 0x0,
    0x0, 0x0, 0x0, 0x0, 0x6c, 0xbc, 0x0, 0x0,
    0x0, 0x0, 0xb8, 0xf4, 0xec, 0xec, 0xec, 0xec,
    0xec, 0xec, 0xec, 0xad, 0x0, 0x0, 0x0, 0x0,
    0xb8, 0x6c, 0x0, 0x0, 0x0, 0x0, 0x0, 0x0,
    0x0, 0x0, 0x0, 0x0, 0x0, 0x0, 0xb8, 0xfb,
    0xf8, 0xf8, 0xf8, 0xf8, 0xf8, 0xf8, 0xf8, 0xf8,
    0x1f, 0x0,

    /* U+C74C "음" */
    0x0, 0x0, 0x0, 0xd, 0x6f, 0xaf, 0xc8, 0xc9,
    0xb0, 0x73, 0xf, 0x0, 0x0, 0x0, 0x0, 0x0,
    0x1f, 0xe1, 0xba, 0x5b, 0x3c, 0x3b, 0x5b, 0xba,
    0xe5, 0x24, 0x0, 0x0, 0x0, 0x0, 0x99, 0xba,
    0x1, 0x0, 0x0, 0x0, 0x0, 0x1, 0xb7, 0xa0,
    0x0, 0x0, 0x0, 0x0, 0xab, 0x99, 0x0, 0x0,
    0x0, 0x0, 0x0, 0x0, 0x95, 0xb3, 0x0, 0x0,
    0x0, 0x0, 0x4b, 0xf6, 0x63, 0x9, 0x0, 0x0,
    0x9, 0x62, 0xf6, 0x52, 0x0, 0x0, 0x0, 0x0,
    0x0, 0x49, 0xc6, 0xf6, 0xe2, 0xe3, 0xf7, 0xc9,
    0x4d, 0x0, 0x0, 0x0, 0x0, 0x0, 0x0, 0x0,
    0x0, 0x7, 0x1e, 0x1e, 0x8, 0x0, 0x0, 0x0,
    0x0, 0x0, 0x42, 0x44, 0x44, 0x44, 0x44, 0x44,
    0x44, 0x44, 0x44, 0x44, 0x44, 0x44, 0x44, 0x44,
    0xc4, 0xc8, 0xc8, 0xc8, 0xc8, 0xc8, 0xc8, 0xc8,
    0xc8, 0xc8, 0xc8, 0xc8, 0xc8, 0xc8, 0x0, 0x0,
    0xa, 0x10, 0x10, 0x10, 0x10, 0x10, 0x10, 0x10,
    0x10, 0xb, 0x0, 0x0, 0x0, 0x0, 0xac, 0xfb,
    0xf8, 0xf8, 0xf8, 0xf8, 0xf8, 0xf8, 0xfb, 0xb4,
    0x0, 0x0, 0x0, 0x0, 0xac, 0x7c, 0x0, 0x0,
    0x0, 0x0, 0x0, 0x0, 0x78, 0xb4, 0x0, 0x0,
    0x0, 0x0, 0xac, 0x7c, 0x0, 0x0, 0x0, 0x0,
    0x0, 0x0, 0x78, 0xb4, 0x0, 0x0, 0x0, 0x0,
    0xac, 0x82, 0xc, 0xc, 0xc, 0xc, 0xc, 0xc,
    0x7e, 0xb4, 0x0, 0x0, 0x0, 0x0, 0xac, 0xff,
    0xff, 0xff, 0xff, 0xff, 0xff, 0xff, 0xff, 0xb4,
    0x0, 0x0,

    /* U+C774 "이" */
    0x0, 0x0, 0x0, 0x0, 0x0, 0x0, 0x0, 0x0,
    0x0, 0x0, 0x0, 0xc0, 0x4a, 0x0, 0x0, 0x0,
    0x0, 0x0, 0x0, 0x0, 0x0, 0x0, 0x0, 0x0,
    0xd8, 0x54, 0x0, 0x0, 0x49, 0xcf, 0xf8, 0xdf,
    0x71, 0x0, 0x0, 0x0, 0x0, 0xd8, 0x54, 0x0,
    0x3f, 0xf6, 0x61, 0x10, 0x3f, 0xe4, 0x78, 0x0,
    0x0, 0x0, 0xd8, 0x54, 0x0, 0xc0, 0x8c, 0x0,
    0x0, 0x0, 0x4f, 0xf3, 0xc, 0x0, 0x0, 0xd8,
    0x54, 0x6, 0xfb, 0x2f, 0x0, 0x0, 0x0, 0x1,
    0xee, 0x44, 0x0, 0x0, 0xd8, 0x54, 0x1a, 0xff,
    0xe, 0x0, 0x0, 0x0, 0x0, 0xcf, 0x5e, 0x0,
    0x0, 0xd8, 0x54, 0x15, 0xff, 0x17, 0x0, 0x0,
    0x0, 0x0, 0xd8, 0x58, 0x0, 0x0, 0xd8, 0x54,
    0x0, 0xed, 0x45, 0x0, 0x0, 0x0, 0xe, 0xf8,
    0x31, 0x0, 0x0, 0xd8, 0x54, 0x0, 0x95, 0xb8,
    0x0, 0x0, 0x0, 0x7c, 0xd7, 0x1, 0x0, 0x0,
    0xd8, 0x54, 0x0, 0x13, 0xd7, 0xae, 0x5c, 0x8d,
    0xf0, 0x39, 0x0, 0x0, 0x0, 0xd8, 0x54, 0x0,
    0x0, 0xc, 0x71, 0x9d, 0x84, 0x21, 0x0, 0x0,
    0x0, 0x0, 0xd8, 0x54, 0x0, 0x0, 0x0, 0x0,
    0x0, 0x0, 0x0, 0x0, 0x0, 0x0, 0x0, 0xd8,
    0x54, 0x0, 0x0, 0x0, 0x0, 0x0, 0x0, 0x0,
    0x0, 0x0, 0x0, 0x0, 0xd8, 0x54, 0x0, 0x0,
    0x0, 0x0, 0x0, 0x0, 0x0, 0x0, 0x0, 0x0,
    0x0, 0xd8, 0x54, 0x0, 0x0, 0x0, 0x0, 0x0,
    0x0, 0x0, 0x0, 0x0, 0x0, 0x0, 0x28, 0xf,

    /* U+C778 "인" */
    0x0, 0x0, 0x0, 0x0, 0x0, 0x0, 0x0, 0x0,
    0x0, 0x0, 0xc0, 0x4a, 0x0, 0x27, 0xaf, 0xf0,
    0xf7, 0xc2, 0x40, 0x0, 0x0, 0x0, 0xd8, 0x54,
    0x24, 0xee, 0x8b, 0x26, 0x1e, 0x6e, 0xf3, 0x45,
    0x0, 0x0, 0xd8, 0x54, 0x9f, 0xa8, 0x0, 0x0,
    0x0, 0x0, 0x76, 0xcc, 0x0, 0x0, 0xd8, 0x54,
    0xd3, 0x5f, 0x0, 0x0, 0x0, 0x0, 0x2c, 0xfd,
    0x2, 0x0, 0xd8, 0x54, 0xcb, 0x6a, 0x0, 0x0,
    0x0, 0x0, 0x38, 0xf6, 0x0, 0x0, 0xd8, 0x54,
    0x82, 0xcd, 0x4, 0x0, 0x0, 0x0, 0xa0, 0xad,
    0x0, 0x0, 0xd8, 0x54, 0xb, 0xc8, 0xce, 0x6d,
    0x65, 0xb6, 0xe1, 0x1e, 0x0, 0x0, 0xd8, 0x54,
    0x0, 0x7, 0x67, 0xaa, 0xaf, 0x79, 0x11, 0x0,
    0x0, 0x0, 0xd8, 0x54, 0x0, 0x0, 0x0, 0x0,
    0x0, 0x0, 0x0, 0x0, 0x0, 0x0, 0xd8, 0x54,
    0x0, 0x0, 0xdc, 0x2e, 0x0, 0x0, 0x0, 0x0,
    0x0, 0x0, 0xd8, 0x54, 0x0, 0x0, 0xf8, 0x34,
    0x0, 0x0, 0x0, 0x0, 0x0, 0x0, 0x1b, 0xa,
    0x0, 0x0, 0xf8, 0x34, 0x0, 0x0, 0x0, 0x0,
    0x0, 0x0, 0x0, 0x0, 0x0, 0x0, 0xf8, 0x40,
    0x10, 0x10, 0x10, 0x10, 0x10, 0x10, 0x10, 0xf,
    0x0, 0x0, 0xf8, 0xff, 0xff, 0xff, 0xff, 0xff,
    0xff, 0xff, 0xff, 0xf0,

    /* U+C77C "일" */
    0x0, 0x0, 0x0, 0x0, 0x0, 0x0, 0x0, 0x0,
    0x0, 0x0, 0x40, 0x1a, 0x0, 0x2f, 0xb4, 0xea,
    0xed, 0xbd, 0x3b, 0x0, 0x0, 0x0, 0xd8, 0x58,
    0x33, 0xf4, 0x6f, 0x15, 0x11, 0x60, 0xf3, 0x45,
    0x0, 0x0, 0xd8, 0x58, 0xa3, 0x98, 0x0, 0x0,
    0x0, 0x0, 0x80, 0xbd, 0x0, 0x0, 0xd8, 0x58,
    0xbe, 0x70, 0x0, 0x0, 0x0, 0x0, 0x58, 0xd8,
    0x0, 0x0, 0xd8, 0x58, 0x90, 0xb4, 0x0, 0x0,
    0x0, 0x0, 0x9c, 0xa9, 0x0, 0x0, 0xd8, 0x58,
    0x19, 0xdf, 0xa6, 0x4c, 0x49, 0x98, 0xe7, 0x24,
    0x0, 0x0, 0xd8, 0x58, 0x0, 0xb, 0x79, 0xaf,
    0xb2, 0x80, 0x11, 0x0, 0x0, 0x0, 0xd8, 0x58,
    0x0, 0x0, 0xe, 0x14, 0x14, 0x14, 0x14, 0x14,
    0x14, 0x14, 0x43, 0x1a, 0x0, 0x0, 0xb6, 0xf8,
    0xf8, 0xf8, 0xf8, 0xf8, 0xf8, 0xf8, 0xfe, 0x58,
    0x0, 0x0, 0x0, 0x0, 0x0, 0x0, 0x0, 0x0,
    0x0, 0x0, 0xd0, 0x58, 0x0, 0x0, 0x98, 0xd0,
    0xd0, 0xd0, 0xd0, 0xd0, 0xd0, 0xd0, 0xf7, 0x58,
    0x0, 0x0, 0xbc, 0x84, 0x30, 0x30, 0x30, 0x30,
    0x30, 0x30, 0x30, 0x10, 0x0, 0x0, 0xbc, 0x6f,
    0xc, 0xc, 0xc, 0xc, 0xc, 0xc, 0xc, 0xb,
    0x0, 0x0, 0xbc, 0xff, 0xff, 0xff, 0xff, 0xff,
    0xff, 0xff, 0xff, 0xf8,

    /* U+C77D "읽" */
    0x0, 0x0, 0x0, 0x0, 0x0, 0x0, 0x0, 0x0,
    0x0, 0x0, 0x36, 0x16, 0x0, 0x30, 0xb6, 0xeb,
    0xea, 0xb4, 0x2d, 0x0, 0x0, 0x0, 0xd8, 0x58,
    0x36, 0xf4, 0x6a, 0x13, 0x13, 0x69, 0xf1, 0x30,
    0x0, 0x0, 0xd8, 0x58, 0xa9, 0x91, 0x0, 0x0,
    0x0, 0x0, 0x8f, 0xa4, 0x0, 0x0, 0xd8, 0x58,
    0xc6, 0x67, 0x0, 0x0, 0x0, 0x0, 0x64, 0xc1,
    0x0, 0x0, 0xd8, 0x58, 0x9a, 0xa9, 0x0, 0x0,
    0x0, 0x0, 0xa6, 0x94, 0x0, 0x0, 0xd8, 0x58,
    0x20, 0xe7, 0x9c, 0x43, 0x43, 0x99, 0xe1, 0x1a,
    0x0, 0x0, 0xd8, 0x58, 0x0, 0x12, 0x85, 0xb8,
    0xb7, 0x80, 0xe, 0x0, 0x0, 0x0, 0xd8, 0x58,
    0x0, 0xf, 0x14, 0x14, 0x14, 0x14, 0x4, 0x14,
    0x14, 0x14, 0x43, 0x1a, 0x0, 0xbf, 0xf0, 0xf0,
    0xf0, 0xfe, 0x38, 0xf4, 0xf4, 0xf4, 0xfd, 0x58,
    0x0, 0x0, 0x0, 0x0, 0x0, 0xec, 0x38, 0x0,
    0x0, 0x0, 0xd0, 0x58, 0x0, 0x92, 0xb8, 0xb8,
    0xb8, 0xfa, 0x38, 0x0, 0x0, 0x0, 0xd0, 0x58,
    0x0, 0xcc, 0x7f, 0x40, 0x40, 0x40, 0xe, 0x0,
    0x0, 0x0, 0xd0, 0x58, 0x0, 0xcc, 0x56, 0x4,
    0x7, 0xd, 0x14, 0x0, 0x0, 0x0, 0xd0, 0x58,
    0x0, 0xcc, 0xff, 0xfc, 0xf9, 0xf2, 0xb9, 0x0,
    0x0, 0x0, 0xd0, 0x58, 0x0, 0x0, 0x0, 0x0,
    0x0, 0x0, 0x0, 0x0, 0x0, 0x0, 0x57, 0x25,

    /* U+C785 "입" */
    0x0, 0x0, 0x0, 0x0, 0x0, 0x0, 0x0, 0x0,
    0x0, 0x0, 0x91, 0x38, 0x0, 0x33, 0xb7, 0xeb,
    0xec, 0xba, 0x37, 0x0, 0x0, 0x0, 0xd8, 0x54,
    0x39, 0xf4, 0x6a, 0x14, 0x12, 0x65, 0xf4, 0x42,
    0x0, 0x0, 0xd8, 0x54, 0xad, 0x8f, 0x0, 0x0,
    0x0, 0x0, 0x88, 0xb7, 0x0, 0x0, 0xd8, 0x54,
    0xc5, 0x69, 0x0, 0x0, 0x0, 0x0, 0x61, 0xd0,
    0x0, 0x0, 0xd8, 0x54, 0x8c, 0xb6, 0x0, 0x0,
    0x0, 0x0, 0xaf, 0x97, 0x0, 0x0, 0xd8, 0x54,
    0x11, 0xcb, 0xb9, 0x63, 0x62, 0xb5, 0xd0, 0x15,
    0x0, 0x0, 0xd8, 0x54, 0x0, 0x2, 0x58, 0x8c,
    0x8d, 0x5b, 0x3, 0x0, 0x0, 0x0, 0xd8, 0x54,
    0x0, 0x0, 0x1f, 0x12, 0x0, 0x0, 0x0, 0x0,
    0x0, 0x0, 0x24, 0xe, 0x0, 0x0, 0xb8, 0x6c,
    0x0, 0x0, 0x0, 0x0, 0x0, 0x0, 0xd4, 0x54,
    0x0, 0x0, 0xb8, 0x6e, 0x4, 0x4, 0x4, 0x4,
    0x4, 0x4, 0xd4, 0x54, 0x0, 0x0, 0xb8, 0xff,
    0xff, 0xff, 0xff, 0xff, 0xff, 0xff, 0xff, 0x54,
    0x0, 0x0, 0xb8, 0x6e, 0x4, 0x4, 0x4, 0x4,
    0x4, 0x4, 0xd4, 0x54, 0x0, 0x0, 0xb8, 0x70,
    0x8, 0x8, 0x8, 0x8, 0x8, 0x8, 0xd5, 0x54,
    0x0, 0x0, 0xb8, 0xff, 0xff, 0xff, 0xff, 0xff,
    0xff, 0xff, 0xff, 0x54,

    /* U+C788 "있" */
    0x0, 0x0, 0x0, 0x0, 0x0, 0x0, 0x0, 0x0,
    0x0, 0x0, 0x8e, 0x7c, 0x0, 0x0, 0x0, 0x3c,
    0xbd, 0xed, 0xe9, 0xb1, 0x2b, 0x0, 0x0, 0x0,
    0xa0, 0x8c, 0x0, 0x0, 0x4a, 0xf4, 0x5f, 0xd,
    0x14, 0x76, 0xf4, 0x2e, 0x0, 0x0, 0xa0, 0x8c,
    0x0, 0x0, 0xc4, 0x7e, 0x0, 0x0, 0x0, 0x0,
    0xa0, 0xa0, 0x0, 0x0, 0xa0, 0x8c, 0x0, 0x0,
    0xe2, 0x4f, 0x0, 0x0, 0x0, 0x0, 0x70, 0xbd,
    0x0, 0x0, 0xa0, 0x8c, 0x0, 0x0, 0xb5, 0x8b,
    0x0, 0x0, 0x0, 0x0, 0xad, 0x91, 0x0, 0x0,
    0xa0, 0x8c, 0x0, 0x0, 0x30, 0xed, 0x7d, 0x2c,
    0x33, 0x93, 0xe2, 0x1a, 0x0, 0x0, 0xa0, 0x8c,
    0x0, 0x0, 0x0, 0x1a, 0x91, 0xc2, 0xbd, 0x84,
    0xf, 0x0, 0x0, 0x0, 0xa0, 0x8c, 0x0, 0x0,
    0x0, 0x0, 0x0, 0x0, 0x0, 0x0, 0x0, 0x0,
    0x0, 0x0, 0x46, 0x3d, 0x0, 0x0, 0x0, 0x0,
    0x0, 0x4b, 0x9f, 0x0, 0x0, 0x0, 0x0, 0xba,
    0x3c, 0x0, 0x0, 0x0, 0x0, 0x0, 0x0, 0x7a,
    0xdd, 0x0, 0x0, 0x0, 0x2, 0xf8, 0x63, 0x0,
    0x0, 0x0, 0x0, 0x0, 0x0, 0xc9, 0xfb, 0x3e,
    0x0, 0x0, 0x42, 0xff, 0xae, 0x0, 0x0, 0x0,
    0x0, 0x0, 0x6a, 0xd7, 0x4d, 0xe6, 0x41, 0x9,
    0xcc, 0x83, 0xea, 0x4b, 0x0, 0x0, 0x2, 0x70,
    0xee, 0x2f, 0x0, 0x46, 0x8b, 0xb9, 0xb7, 0x2,
    0x40, 0xed, 0x68, 0x3, 0x30, 0xc6, 0x2f, 0x0,
    0x0, 0x0, 0x83, 0xa4, 0x8, 0x0, 0x0, 0x36,
    0xa3, 0xe,

    /* U+C790 "자" */
    0x0, 0x0, 0x0, 0x0, 0x0, 0x0, 0x0, 0x0,
    0x0, 0x0, 0x2e, 0xd9, 0x0, 0x0, 0x0, 0x0,
    0x0, 0x0, 0x0, 0x0, 0x0, 0x0, 0x0, 0x0,
    0x0, 0x34, 0xf4, 0x0, 0x0, 0x0, 0x1c, 0xff,
    0xff, 0xff, 0xff, 0xff, 0xff, 0xff, 0xa8, 0x0,
    0x34, 0xf4, 0x0, 0x0, 0x0, 0x1, 0xc, 0xc,
    0xc, 0xc6, 0x67, 0xc, 0xc, 0x7, 0x0, 0x34,
    0xf4, 0x0, 0x0, 0x0, 0x0, 0x0, 0x0, 0x0,
    0xc6, 0x62, 0x0, 0x0, 0x0, 0x0, 0x34, 0xf4,
    0x0, 0x0, 0x0, 0x0, 0x0, 0x0, 0x0, 0xde,
    0x7c, 0x0, 0x0, 0x0, 0x0, 0x34, 0xf4, 0x0,
    0x0, 0x0, 0x0, 0x0, 0x0, 0x1f, 0xff, 0xc1,
    0x0, 0x0, 0x0, 0x0, 0x34, 0xf8, 0x58, 0x58,
    0x31, 0x0, 0x0, 0x0, 0x8a, 0xb6, 0xed, 0x34,
    0x0, 0x0, 0x0, 0x34, 0xfb, 0xa4, 0xa4, 0x5c,
    0x0, 0x0, 0x2a, 0xf2, 0x2f, 0x76, 0xd0, 0x9,
    0x0, 0x0, 0x34, 0xf4, 0x0, 0x0, 0x0, 0x0,
    0xa, 0xd4, 0x7f, 0x0, 0x3, 0xc1, 0xa6, 0x3,
    0x0, 0x34, 0xf4, 0x0, 0x0, 0x0, 0x1a, 0xca,
    0xad, 0x1, 0x0, 0x0, 0x12, 0xd5, 0xba, 0xa,
    0x34, 0xf4, 0x0, 0x0, 0x0, 0x44, 0x97, 0x5,
    0x0, 0x0, 0x0, 0x0, 0x13, 0x75, 0x0, 0x34,
    0xf4, 0x0, 0x0, 0x0, 0x0, 0x0, 0x0, 0x0,
    0x0, 0x0, 0x0, 0x0, 0x0, 0x0, 0x34, 0xf4,
    0x0, 0x0, 0x0, 0x0, 0x0, 0x0, 0x0, 0x0,
    0x0, 0x0, 0x0, 0x0, 0x0, 0x34, 0xf4, 0x0,
    0x0, 0x0, 0x0, 0x0, 0x0, 0x0, 0x0, 0x0,
    0x0, 0x0, 0x0, 0x0, 0x34, 0xf4, 0x0, 0x0,
    0x0, 0x0, 0x0, 0x0, 0x0, 0x0, 0x0, 0x0,
    0x0, 0x0, 0x0, 0x9, 0x2d, 0x0, 0x0, 0x0,

    /* U+C791 "작" */
    0x0, 0x0, 0x0, 0x0, 0x0, 0x0, 0x0, 0x0,
    0x0, 0x0, 0x0, 0x3b, 0x8b, 0x0, 0x0, 0x0,
    0x0, 0xa8, 0xff, 0xff, 0xff, 0xff, 0xff, 0xff,
    0xff, 0x1c, 0x0, 0x58, 0xd0, 0x0, 0x0, 0x0,
    0x0, 0x7, 0xc, 0xc, 0x39, 0xec, 0xc, 0xc,
    0xc, 0x1, 0x0, 0x58, 0xd0, 0x0, 0x0, 0x0,
    0x0, 0x0, 0x0, 0x0, 0x52, 0xfd, 0x12, 0x0,
    0x0, 0x0, 0x0, 0x58, 0xd0, 0x0, 0x0, 0x0,
    0x0, 0x0, 0x0, 0x0, 0xb7, 0xd9, 0x7d, 0x0,
    0x0, 0x0, 0x0, 0x58, 0xf4, 0xc4, 0xc4, 0x12,
    0x0, 0x0, 0x0, 0x6b, 0xc9, 0x19, 0xe4, 0x4d,
    0x0, 0x0, 0x0, 0x58, 0xde, 0x4c, 0x4c, 0x7,
    0x0, 0x1, 0x72, 0xe5, 0x1d, 0x0, 0x3a, 0xec,
    0x7b, 0x8, 0x0, 0x58, 0xd0, 0x0, 0x0, 0x0,
    0x5, 0xc0, 0xdc, 0x24, 0x0, 0x0, 0x0, 0x2a,
    0xc8, 0x43, 0x0, 0x58, 0xd0, 0x0, 0x0, 0x0,
    0x0, 0x39, 0xc, 0x0, 0x0, 0x0, 0x0, 0x0,
    0x0, 0x0, 0x0, 0x58, 0xd0, 0x0, 0x0, 0x0,
    0x0, 0x0, 0x0, 0x14, 0x18, 0x18, 0x18, 0x18,
    0x18, 0x18, 0x18, 0x1a, 0x1a, 0x0, 0x0, 0x0,
    0x0, 0x0, 0x0, 0xcd, 0xf4, 0xf4, 0xf4, 0xf4,
    0xf4, 0xf4, 0xf4, 0xf8, 0xd0, 0x0, 0x0, 0x0,
    0x0, 0x0, 0x0, 0x0, 0x0, 0x0, 0x0, 0x0,
    0x0, 0x0, 0x0, 0x58, 0xd0, 0x0, 0x0, 0x0,
    0x0, 0x0, 0x0, 0x0, 0x0, 0x0, 0x0, 0x0,
    0x0, 0x0, 0x0, 0x58, 0xd0, 0x0, 0x0, 0x0,
    0x0, 0x0, 0x0, 0x0, 0x0, 0x0, 0x0, 0x0,
    0x0, 0x0, 0x0, 0x58, 0xd0, 0x0, 0x0, 0x0,
    0x0, 0x0, 0x0, 0x0, 0x0, 0x0, 0x0, 0x0,
    0x0, 0x0, 0x0, 0x58, 0xd0, 0x0, 0x0, 0x0,
    0x0, 0x0, 0x0, 0x0, 0x0, 0x0, 0x0, 0x0,
    0x0, 0x0, 0x0, 0x25, 0x57, 0x0, 0x0, 0x0,

    /* U+C7A5 "장" */
    0x0, 0x0, 0x0, 0x0, 0x0, 0x0, 0x0, 0x0,
    0x0, 0x0, 0x0, 0x3b, 0x8b, 0x0, 0x0, 0x0,
    0x0, 0xa8, 0xff, 0xff, 0xff, 0xff, 0xff, 0xff,
    0xff, 0x1c, 0x0, 0x58, 0xd0, 0x0, 0x0, 0x0,
    0x0, 0x7, 0xc, 0xc, 0x60, 0xce, 0xc, 0xc,
    0xc, 0x1, 0x0, 0x58, 0xd0, 0x0, 0x0, 0x0,
    0x0, 0x0, 0x0, 0x0, 0x7e, 0xf1, 0x6, 0x0,
    0x0, 0x0, 0x0, 0x58, 0xd0, 0x0, 0x0, 0x0,
    0x0, 0x0, 0x0, 0x6, 0xdd, 0xde, 0x6e, 0x0,
    0x0, 0x0, 0x0, 0x58, 0xf4, 0xc4, 0xc4, 0x12,
    0x0, 0x0, 0x0, 0x94, 0xac, 0x26, 0xe5, 0x48,
    0x0, 0x0, 0x0, 0x58, 0xde, 0x4c, 0x4c, 0x7,
    0x0, 0x5, 0x90, 0xd2, 0xe, 0x0, 0x37, 0xe6,
    0x7a, 0x9, 0x0, 0x58, 0xd0, 0x0, 0x0, 0x0,
    0x7, 0xcd, 0xc3, 0x13, 0x0, 0x0, 0x0, 0x22,
    0xbc, 0x41, 0x0, 0x58, 0xd0, 0x0, 0x0, 0x0,
    0x0, 0x27, 0x3, 0x0, 0x0, 0x0, 0x0, 0x0,
    0x0, 0x0, 0x0, 0x46, 0xa5, 0x0, 0x0, 0x0,
    0x0, 0x0, 0x0, 0x0, 0x15, 0x73, 0xaa, 0xc1,
    0xc2, 0xae, 0x7c, 0x20, 0x0, 0x0, 0x0, 0x0,
    0x0, 0x0, 0x0, 0x44, 0xf1, 0xac, 0x5b, 0x40,
    0x3e, 0x56, 0xa0, 0xf6, 0x5c, 0x0, 0x0, 0x0,
    0x0, 0x0, 0x0, 0xd9, 0x85, 0x0, 0x0, 0x0,
    0x0, 0x0, 0x0, 0x67, 0xf1, 0x3, 0x0, 0x0,
    0x0, 0x0, 0x0, 0xe6, 0x6b, 0x0, 0x0, 0x0,
    0x0, 0x0, 0x0, 0x4c, 0xfa, 0x7, 0x0, 0x0,
    0x0, 0x0, 0x0, 0x6a, 0xf4, 0x74, 0x23, 0x7,
    0x6, 0x1e, 0x67, 0xec, 0x88, 0x0, 0x0, 0x0,
    0x0, 0x0, 0x0, 0x0, 0x40, 0xab, 0xe2, 0xf9,
    0xfa, 0xe7, 0xb5, 0x52, 0x0, 0x0, 0x0, 0x0,

    /* U+C7AC "재" */
    0x0, 0x0, 0x0, 0x0, 0x0, 0x0, 0x0, 0x0,
    0x0, 0x0, 0x0, 0x20, 0xe4, 0x7, 0x0, 0x0,
    0x0, 0x0, 0x0, 0x0, 0x0, 0x0, 0x14, 0xff,
    0x14, 0x24, 0xff, 0x8, 0x14, 0xff, 0xff, 0xff,
    0xff, 0xff, 0xff, 0xc0, 0x14, 0xff, 0x14, 0x24,
    0xff, 0x8, 0x0, 0xc, 0xc, 0x49, 0xe9, 0xc,
    0xc, 0x9, 0x14, 0xff, 0x14, 0x24, 0xff, 0x8,
    0x0, 0x0, 0x0, 0x40, 0xe8, 0x0, 0x0, 0x0,
    0x14, 0xff, 0x14, 0x24, 0xff, 0x8, 0x0, 0x0,
    0x0, 0x4a, 0xf8, 0x1, 0x0, 0x0, 0x14, 0xff,
    0x14, 0x24, 0xff, 0x8, 0x0, 0x0, 0x0, 0x72,
    0xff, 0x1c, 0x0, 0x0, 0x14, 0xff, 0x14, 0x24,
    0xff, 0x8, 0x0, 0x0, 0x0, 0xc1, 0xed, 0x6c,
    0x0, 0x0, 0x14, 0xff, 0xbd, 0xc2, 0xff, 0x8,
    0x0, 0x0, 0x36, 0xec, 0x5c, 0xd3, 0x3, 0x0,
    0x14, 0xff, 0x56, 0x61, 0xff, 0x8, 0x0, 0x6,
    0xd2, 0x6d, 0x1, 0xc7, 0x72, 0x0, 0x14, 0xff,
    0x14, 0x24, 0xff, 0x8, 0x3, 0xa0, 0xbb, 0x2,
    0x0, 0x25, 0xeb, 0x4f, 0x14, 0xff, 0x14, 0x24,
    0xff, 0x8, 0x52, 0xd0, 0x13, 0x0, 0x0, 0x0,
    0x47, 0x98, 0x14, 0xff, 0x14, 0x24, 0xff, 0x8,
    0x0, 0x4, 0x0, 0x0, 0x0, 0x0, 0x0, 0x0,
    0x14, 0xff, 0x14, 0x24, 0xff, 0x8, 0x0, 0x0,
    0x0, 0x0, 0x0, 0x0, 0x0, 0x0, 0x14, 0xff,
    0x14, 0x24, 0xff, 0x8, 0x0, 0x0, 0x0, 0x0,
    0x0, 0x0, 0x0, 0x0, 0x14, 0xff, 0x14, 0x24,
    0xff, 0x8, 0x0, 0x0, 0x0, 0x0, 0x0, 0x0,
    0x0, 0x0, 0x0, 0x0, 0x0, 0x6, 0x30, 0x1,

    /* U+C800 "저" */
    0x0, 0x0, 0x0, 0x0, 0x0, 0x0, 0x0, 0x0,
    0x0, 0x0, 0x0, 0xbc, 0x4e, 0x0, 0x0, 0x0,
    0x0, 0x0, 0x0, 0x0, 0x0, 0x0, 0x0, 0x0,
    0xd4, 0x58, 0x14, 0xff, 0xff, 0xff, 0xff, 0xff,
    0xff, 0xff, 0xb0, 0x0, 0x0, 0xd4, 0x58, 0x0,
    0xc, 0xc, 0xc, 0xe9, 0x45, 0xc, 0xc, 0x8,
    0x0, 0x0, 0xd4, 0x58, 0x0, 0x0, 0x0, 0x0,
    0xed, 0x41, 0x0, 0x0, 0x0, 0x0, 0x0, 0xd4,
    0x58, 0x0, 0x0, 0x0, 0xa, 0xfd, 0x5f, 0x0,
    0xf, 0x30, 0x30, 0x30, 0xdc, 0x58, 0x0, 0x0,
    0x0, 0x46, 0xff, 0xa4, 0x0, 0x41, 0xd0, 0xd0,
    0xd0, 0xf7, 0x58, 0x0, 0x0, 0x0, 0xa8, 0x9e,
    0xf4, 0x1a, 0x0, 0x0, 0x0, 0x0, 0xd4, 0x58,
    0x0, 0x0, 0x3d, 0xec, 0x15, 0xa1, 0xb4, 0x1,
    0x0, 0x0, 0x0, 0xd4, 0x58, 0x0, 0x12, 0xe0,
    0x62, 0x0, 0x12, 0xdd, 0x86, 0x0, 0x0, 0x0,
    0xd4, 0x58, 0x22, 0xd7, 0x96, 0x0, 0x0, 0x0,
    0x23, 0xe3, 0xad, 0x6, 0x0, 0xd4, 0x58, 0x47,
    0x8c, 0x1, 0x0, 0x0, 0x0, 0x0, 0x19, 0x70,
    0x0, 0x0, 0xd4, 0x58, 0x0, 0x0, 0x0, 0x0,
    0x0, 0x0, 0x0, 0x0, 0x0, 0x0, 0x0, 0xd4,
    0x58, 0x0, 0x0, 0x0, 0x0, 0x0, 0x0, 0x0,
    0x0, 0x0, 0x0, 0x0, 0xd4, 0x58, 0x0, 0x0,
    0x0, 0x0, 0x0, 0x0, 0x0, 0x0, 0x0, 0x0,
    0x0, 0xd4, 0x58, 0x0, 0x0, 0x0, 0x0, 0x0,
    0x0, 0x0, 0x0, 0x0, 0x0, 0x0, 0x27, 0x10,

    /* U+C801 "적" */
    0x0, 0x0, 0x0, 0x0, 0x0, 0x0, 0x0, 0x0,
    0x0, 0x0, 0x0, 0x89, 0x3d, 0x14, 0xff, 0xff,
    0xff, 0xff, 0xff, 0xff, 0xff, 0xac, 0x0, 0x0,
    0xcc, 0x5c, 0x0, 0xc, 0xc, 0xc, 0xfd, 0x30,
    0xc, 0xc, 0x8, 0x0, 0x0, 0xcc, 0x5c, 0x0,
    0x0, 0x0, 0x18, 0xff, 0x46, 0x0, 0xb, 0x1c,
    0x1c, 0x1c, 0xd1, 0x5c, 0x0, 0x0, 0x0, 0x63,
    0xff, 0xa9, 0x0, 0x63, 0xf4, 0xf4, 0xf4, 0xfd,
    0x5c, 0x0, 0x0, 0xd, 0xdf, 0x7d, 0xf2, 0x5e,
    0x0, 0x0, 0x0, 0x0, 0xcc, 0x5c, 0x0, 0x5,
    0xb9, 0xae, 0x1, 0x43, 0xf4, 0x6f, 0x1, 0x0,
    0x0, 0xcc, 0x5c, 0x25, 0xc9, 0xbc, 0xa, 0x0,
    0x0, 0x31, 0xdb, 0xbb, 0x1, 0x0, 0xcc, 0x5c,
    0x21, 0x7c, 0x6, 0x0, 0x0, 0x0, 0x0, 0x7,
    0x23, 0x0, 0x0, 0xcc, 0x5c, 0x0, 0x0, 0x8,
    0x14, 0x14, 0x14, 0x14, 0x14, 0x14, 0x14, 0x14,
    0x27, 0xf, 0x0, 0x0, 0x6a, 0xf4, 0xf4, 0xf4,
    0xf4, 0xf4, 0xf4, 0xf4, 0xf4, 0xfd, 0x5c, 0x0,
    0x0, 0x0, 0x0, 0x0, 0x0, 0x0, 0x0, 0x0,
    0x0, 0x0, 0xcc, 0x5c, 0x0, 0x0, 0x0, 0x0,
    0x0, 0x0, 0x0, 0x0, 0x0, 0x0, 0x0, 0xcc,
    0x5c, 0x0, 0x0, 0x0, 0x0, 0x0, 0x0, 0x0,
    0x0, 0x0, 0x0, 0x0, 0xcc, 0x5c, 0x0, 0x0,
    0x0, 0x0, 0x0, 0x0, 0x0, 0x0, 0x0, 0x0,
    0x0, 0xcc, 0x5c, 0x0, 0x0, 0x0, 0x0, 0x0,
    0x0, 0x0, 0x0, 0x0, 0x0, 0x0, 0x5c, 0x29,

    /* U+C804 "전" */
    0x0, 0x0, 0x0, 0x0, 0x0, 0x0, 0x0, 0x0,
    0x0, 0x0, 0x0, 0x8b, 0x3b, 0x14, 0xff, 0xff,
    0xff, 0xff, 0xff, 0xff, 0xff, 0xac, 0x0, 0x0,
    0xd0, 0x58, 0x1, 0x10, 0x10, 0x10, 0xdb, 0x51,
    0x10, 0x10, 0xa, 0x0, 0x0, 0xd0, 0x58, 0x0,
    0x0, 0x0, 0x0, 0xef, 0x60, 0x0, 0x0, 0x0,
    0x0, 0x0, 0xd0, 0x58, 0x0, 0x0, 0x0, 0x33,
    0xff, 0xb6, 0x0, 0x53, 0xf4, 0xf4, 0xf4, 0xfd,
    0x58, 0x0, 0x0, 0x0, 0xaa, 0x8f, 0xe7, 0x4b,
    0xb, 0x20, 0x20, 0x20, 0xd6, 0x58, 0x0, 0x0,
    0x62, 0xde, 0xd, 0x46, 0xef, 0x37, 0x0, 0x0,
    0x0, 0xd0, 0x58, 0x0, 0x57, 0xf0, 0x37, 0x0,
    0x0, 0x5b, 0xee, 0x69, 0x1, 0x0, 0xd0, 0x58,
    0x4c, 0xf1, 0x47, 0x0, 0x0, 0x0, 0x0, 0x40,
    0x93, 0x2, 0x0, 0xd0, 0x58, 0x0, 0x17, 0x0,
    0x0, 0x0, 0x0, 0x0, 0x0, 0x0, 0x0, 0x0,
    0xd0, 0x58, 0x0, 0x0, 0x0, 0xbb, 0x52, 0x0,
    0x0, 0x0, 0x0, 0x0, 0x0, 0xd0, 0x58, 0x0,
    0x0, 0x0, 0xc8, 0x58, 0x0, 0x0, 0x0, 0x0,
    0x0, 0x0, 0x9, 0x4, 0x0, 0x0, 0x0, 0xc8,
    0x58, 0x0, 0x0, 0x0, 0x0, 0x0, 0x0, 0x0,
    0x0, 0x0, 0x0, 0x0, 0xc8, 0x5d, 0x8, 0x8,
    0x8, 0x8, 0x8, 0x8, 0x8, 0x6, 0x0, 0x0,
    0x0, 0xc8, 0xff, 0xff, 0xff, 0xff, 0xff, 0xff,
    0xff, 0xff, 0xc4,

    /* U+C810 "점" */
    0x0, 0x0, 0x0, 0x0, 0x0, 0x0, 0x0, 0x0,
    0x0, 0x0, 0x0, 0x5c, 0x29, 0x14, 0xff, 0xff,
    0xff, 0xff, 0xff, 0xff, 0xff, 0xac, 0x0, 0x0,
    0xcc, 0x5c, 0x0, 0xc, 0xc, 0xc, 0xe4, 0x45,
    0xc, 0xc, 0x8, 0x0, 0x0, 0xcc, 0x5c, 0x0,
    0x0, 0x0, 0x7, 0xf9, 0x60, 0x0, 0x13, 0x30,
    0x30, 0x30, 0xd5, 0x5c, 0x0, 0x0, 0x0, 0x51,
    0xfc, 0xc4, 0x0, 0x5e, 0xe8, 0xe8, 0xe8, 0xfb,
    0x5c, 0x0, 0x0, 0x9, 0xd5, 0x62, 0xd7, 0x78,
    0x0, 0x0, 0x0, 0x0, 0xcc, 0x5c, 0x0, 0x3,
    0xb1, 0xac, 0x0, 0x25, 0xe9, 0x7f, 0x3, 0x0,
    0x0, 0xcc, 0x5c, 0x23, 0xc3, 0xc1, 0xb, 0x0,
    0x0, 0x22, 0xd1, 0xbf, 0x1, 0x0, 0xcc, 0x5c,
    0x24, 0x8c, 0x9, 0x0, 0x0, 0x0, 0x0, 0x5,
    0x21, 0x0, 0x0, 0xbf, 0x56, 0x0, 0x0, 0x0,
    0x29, 0x34, 0x34, 0x34, 0x34, 0x34, 0x34, 0x34,
    0x34, 0x12, 0x0, 0x0, 0x0, 0xcc, 0xe1, 0xd4,
    0xd4, 0xd4, 0xd4, 0xd4, 0xd4, 0xf6, 0x5c, 0x0,
    0x0, 0x0, 0xcc, 0x50, 0x0, 0x0, 0x0, 0x0,
    0x0, 0x0, 0xc8, 0x5c, 0x0, 0x0, 0x0, 0xcc,
    0x50, 0x0, 0x0, 0x0, 0x0, 0x0, 0x0, 0xc8,
    0x5c, 0x0, 0x0, 0x0, 0xcc, 0x55, 0x8, 0x8,
    0x8, 0x8, 0x8, 0x8, 0xc9, 0x5c, 0x0, 0x0,
    0x0, 0xcc, 0xff, 0xff, 0xff, 0xff, 0xff, 0xff,
    0xff, 0xff, 0x5c,

    /* U+C815 "정" */
    0x0, 0x0, 0x0, 0x0, 0x0, 0x0, 0x0, 0x0,
    0x0, 0x0, 0x0, 0x2b, 0x9e, 0x0, 0x14, 0xff,
    0xff, 0xff, 0xff, 0xff, 0xff, 0xff, 0xac, 0x0,
    0x0, 0x40, 0xec, 0x0, 0x0, 0xc, 0xc, 0xc,
    0xb7, 0x82, 0xc, 0xc, 0x8, 0x0, 0x0, 0x40,
    0xec, 0x0, 0x0, 0x0, 0x0, 0x0, 0xd6, 0xa2,
    0x0, 0x0, 0x12, 0x18, 0x18, 0x52, 0xec, 0x0,
    0x0, 0x0, 0x0, 0x36, 0xff, 0xf4, 0x17, 0x0,
    0xba, 0xf4, 0xf4, 0xf7, 0xec, 0x0, 0x0, 0x0,
    0xc, 0xcf, 0x90, 0xaf, 0xbe, 0x9, 0x0, 0x0,
    0x0, 0x40, 0xec, 0x0, 0x0, 0xf, 0xc2, 0xb9,
    0x5, 0xb, 0xc2, 0xbf, 0x1d, 0x0, 0x0, 0x40,
    0xec, 0x0, 0x39, 0xe7, 0xa0, 0x7, 0x0, 0x0,
    0x6, 0x94, 0xd4, 0x5, 0x0, 0x40, 0xec, 0x0,
    0x6, 0x3d, 0x0, 0x0, 0x0, 0x0, 0x0, 0x0,
    0x7, 0x0, 0x0, 0x38, 0xce, 0x0, 0x0, 0x0,
    0x0, 0x0, 0x10, 0x72, 0xb2, 0xcf, 0xd4, 0xc3,
    0x96, 0x3c, 0x0, 0x0, 0x0, 0x0, 0x0, 0x28,
    0xe7, 0xbc, 0x59, 0x35, 0x2b, 0x40, 0x82, 0xef,
    0x87, 0x0, 0x0, 0x0, 0x0, 0xa5, 0xbd, 0x1,
    0x0, 0x0, 0x0, 0x0, 0x0, 0x3b, 0xff, 0x1d,
    0x0, 0x0, 0x0, 0xad, 0xae, 0x0, 0x0, 0x0,
    0x0, 0x0, 0x0, 0x29, 0xff, 0x25, 0x0, 0x0,
    0x0, 0x3a, 0xf6, 0x9c, 0x35, 0x10, 0x6, 0x1b,
    0x5a, 0xdd, 0xa8, 0x0, 0x0, 0x0, 0x0, 0x0,
    0x28, 0x9b, 0xda, 0xf7, 0xfc, 0xec, 0xbe, 0x64,
    0x2, 0x0,

    /* U+C81C "제" */
    0x0, 0x0, 0x0, 0x0, 0x0, 0x0, 0x0, 0x0,
    0x0, 0x0, 0x0, 0x2a, 0xe0, 0x0, 0x0, 0x0,
    0x0, 0x0, 0x0, 0x0, 0x0, 0x0, 0xec, 0x3c,
    0x30, 0xfc, 0x30, 0xff, 0xff, 0xff, 0xff, 0xff,
    0xff, 0xa0, 0x0, 0xec, 0x3c, 0x30, 0xfc, 0x2,
    0xc, 0xc, 0x67, 0xca, 0xc, 0xc, 0x7, 0x0,
    0xec, 0x3c, 0x30, 0xfc, 0x0, 0x0, 0x0, 0x60,
    0xc9, 0x0, 0x0, 0x0, 0x0, 0xec, 0x3c, 0x30,
    0xfc, 0x0, 0x0, 0x0, 0x70, 0xdf, 0x0, 0x1a,
    0x30, 0x30, 0xef, 0x3c, 0x30, 0xfc, 0x0, 0x0,
    0x0, 0x9d, 0xfb, 0x9, 0x73, 0xd4, 0xd4, 0xfc,
    0x3c, 0x30, 0xfc, 0x0, 0x0, 0x5, 0xe9, 0xe1,
    0x59, 0x0, 0x0, 0x0, 0xec, 0x3c, 0x30, 0xfc,
    0x0, 0x0, 0x5f, 0xc7, 0x68, 0xc3, 0x0, 0x0,
    0x0, 0xec, 0x3c, 0x30, 0xfc, 0x0, 0xd, 0xe2,
    0x42, 0x8, 0xe2, 0x5d, 0x0, 0x0, 0xec, 0x3c,
    0x30, 0xfc, 0x2, 0xad, 0x9d, 0x0, 0x0, 0x49,
    0xf0, 0x34, 0x0, 0xec, 0x3c, 0x30, 0xfc, 0x6f,
    0xc7, 0xb, 0x0, 0x0, 0x0, 0x79, 0x8c, 0x0,
    0xec, 0x3c, 0x30, 0xfc, 0x0, 0xa, 0x0, 0x0,
    0x0, 0x0, 0x0, 0x0, 0x0, 0xec, 0x3c, 0x30,
    0xfc, 0x0, 0x0, 0x0, 0x0, 0x0, 0x0, 0x0,
    0x0, 0x0, 0xec, 0x3c, 0x30, 0xfc, 0x0, 0x0,
    0x0, 0x0, 0x0, 0x0, 0x0, 0x0, 0x0, 0xec,
    0x3c, 0x30, 0xfc, 0x0, 0x0, 0x0, 0x0, 0x0,
    0x0, 0x0, 0x0, 0x0, 0x0, 0x0, 0x9, 0x2f,

    /* U+C870 "조" */
    0x0, 0x6c, 0xff, 0xff, 0xff, 0xff, 0xff, 0xff,
    0xff, 0xff, 0xff, 0xff, 0x74, 0x0, 0x0, 0x5,
    0xc, 0xc, 0xc, 0xc, 0xac, 0xaf, 0xc, 0xc,
    0xc, 0xc, 0x5, 0x0, 0x0, 0x0, 0x0, 0x0,
    0x0, 0x17, 0xf2, 0xf2, 0x18, 0x0, 0x0, 0x0,
    0x0, 0x0, 0x0, 0x0, 0x0, 0x0, 0xa, 0xc3,
    0x97, 0xa1, 0xc2, 0xa, 0x0, 0x0, 0x0, 0x0,
    0x0, 0x0, 0x0, 0x26, 0xcd, 0xa2, 0x6, 0x6,
    0xaa, 0xcf, 0x2c, 0x0, 0x0, 0x0, 0x9, 0x46,
    0xa0, 0xe8, 0x67, 0x0, 0x0, 0x0, 0x1, 0x67,
    0xeb, 0xab, 0x4f, 0xb, 0x12, 0xbb, 0x7a, 0x13,
    0x0, 0x0, 0x78, 0x7e, 0x0, 0x0, 0x14, 0x79,
    0xb9, 0x12, 0x0, 0x0, 0x0, 0x0, 0x0, 0x0,
    0x94, 0x9c, 0x0, 0x0, 0x0, 0x0, 0x0, 0x0,
    0x0, 0x0, 0x0, 0x0, 0x0, 0x0, 0x94, 0x9c,
    0x0, 0x0, 0x0, 0x0, 0x0, 0x0, 0x0, 0x0,
    0x0, 0x0, 0x0, 0x0, 0x94, 0x9c, 0x0, 0x0,
    0x0, 0x0, 0x0, 0x0, 0xfc, 0xff, 0xff, 0xff,
    0xff, 0xff, 0xff, 0xff, 0xff, 0xff, 0xff, 0xff,
    0xff, 0xff, 0x3, 0x4, 0x4, 0x4, 0x4, 0x4,
    0x4, 0x4, 0x4, 0x4, 0x4, 0x4, 0x4, 0x4,

    /* U+C8FC "주" */
    0x0, 0x6c, 0xff, 0xff, 0xff, 0xff, 0xff, 0xff,
    0xff, 0xff, 0xff, 0xff, 0x74, 0x0, 0x0, 0x5,
    0xc, 0xc, 0xc, 0xc, 0xcd, 0xcf, 0xc, 0xc,
    0xc, 0xc, 0x5, 0x0, 0x0, 0x0, 0x0, 0x0,
    0x0, 0x7c, 0xde, 0xd8, 0x7b, 0x0, 0x0, 0x0,
    0x0, 0x0, 0x0, 0x0, 0x0, 0x34, 0xb4, 0xce,
    0x20, 0x1b, 0xc8, 0xb4, 0x39, 0x0, 0x0, 0x0,
    0x1d, 0x92, 0xcb, 0xdf, 0x6b, 0x4, 0x0, 0x0,
    0x3, 0x66, 0xda, 0xd5, 0xa0, 0x22, 0x1, 0x68,
    0x3b, 0x3, 0x0, 0x0, 0x0, 0x0, 0x0, 0x0,
    0x2, 0x34, 0x62, 0x1, 0x0, 0x0, 0x0, 0x0,
    0x0, 0x0, 0x0, 0x0, 0x0, 0x0, 0x0, 0x0,
    0x0, 0x0, 0xe8, 0xec, 0xec, 0xec, 0xec, 0xec,
    0xec, 0xec, 0xec, 0xec, 0xec, 0xec, 0xec, 0xec,
    0x1f, 0x20, 0x20, 0x20, 0x20, 0x20, 0xa1, 0xa8,
    0x20, 0x20, 0x20, 0x20, 0x20, 0x20, 0x0, 0x0,
    0x0, 0x0, 0x0, 0x0, 0x94, 0x9c, 0x0, 0x0,
    0x0, 0x0, 0x0, 0x0, 0x0, 0x0, 0x0, 0x0,
    0x0, 0x0, 0x94, 0x9c, 0x0, 0x0, 0x0, 0x0,
    0x0, 0x0, 0x0, 0x0, 0x0, 0x0, 0x0, 0x0,
    0x94, 0x9c, 0x0, 0x0, 0x0, 0x0, 0x0, 0x0,
    0x0, 0x0, 0x0, 0x0, 0x0, 0x0, 0x94, 0x9c,
    0x0, 0x0, 0x0, 0x0, 0x0, 0x0, 0x0, 0x0,
    0x0, 0x0, 0x0, 0x0, 0x94, 0x9c, 0x0, 0x0,
    0x0, 0x0, 0x0, 0x0, 0x0, 0x0, 0x0, 0x0,
    0x0, 0x0, 0x1b, 0x1d, 0x0, 0x0, 0x0, 0x0,
    0x0, 0x0,

    /* U+C900 "준" */
    0x0, 0x6c, 0xff, 0xff, 0xff, 0xff, 0xff, 0xff,
    0xff, 0xff, 0xff, 0xff, 0x74, 0x0, 0x0, 0x6,
    0x10, 0x10, 0x10, 0x10, 0xc8, 0xcf, 0x10, 0x10,
    0x10, 0x10, 0x7, 0x0, 0x0, 0x0, 0x0, 0x0,
    0x0, 0x80, 0xe4, 0xd6, 0x82, 0x0, 0x0, 0x0,
    0x0, 0x0, 0x0, 0x0, 0x0, 0x43, 0xc0, 0xce,
    0x23, 0x1b, 0xc6, 0xbc, 0x3f, 0x0, 0x0, 0x0,
    0xc, 0xa9, 0xe0, 0xd7, 0x63, 0x4, 0x0, 0x0,
    0x2, 0x64, 0xd4, 0xdd, 0xaa, 0xf, 0x0, 0x43,
    0x2a, 0x0, 0x0, 0x0, 0x0, 0x0, 0x0, 0x0,
    0x0, 0x25, 0x48, 0x0, 0x17, 0x18, 0x18, 0x18,
    0x18, 0x18, 0x18, 0x18, 0x18, 0x18, 0x18, 0x18,
    0x18, 0x18, 0xf0, 0xf4, 0xf4, 0xf4, 0xf4, 0xf4,
    0xfa, 0xfb, 0xf4, 0xf4, 0xf4, 0xf4, 0xf4, 0xf4,
    0x0, 0x0, 0x0, 0x0, 0x0, 0x0, 0x94, 0x9c,
    0x0, 0x0, 0x0, 0x0, 0x0, 0x0, 0x0, 0x0,
    0x60, 0x45, 0x0, 0x0, 0x94, 0x9c, 0x0, 0x0,
    0x0, 0x0, 0x0, 0x0, 0x0, 0x0, 0xac, 0x7c,
    0x0, 0x0, 0x94, 0x9c, 0x0, 0x0, 0x0, 0x0,
    0x0, 0x0, 0x0, 0x0, 0xac, 0x7c, 0x0, 0x0,
    0x61, 0x66, 0x0, 0x0, 0x0, 0x0, 0x0, 0x0,
    0x0, 0x0, 0xac, 0x82, 0xc, 0xc, 0xc, 0xc,
    0xc, 0xc, 0xc, 0xc, 0x0, 0x0, 0x0, 0x0,
    0xac, 0xff, 0xff, 0xff, 0xff, 0xff, 0xff, 0xff,
    0xff, 0xff, 0x4, 0x0,

    /* U+C911 "중" */
    0x0, 0x6c, 0xff, 0xff, 0xff, 0xff, 0xff, 0xff,
    0xff, 0xff, 0xff, 0xff, 0x74, 0x0, 0x0, 0x5,
    0xc, 0xc, 0xc, 0x17, 0xdd, 0xe3, 0x19, 0xc,
    0xc, 0xc, 0x5, 0x0, 0x0, 0x0, 0x0, 0x0,
    0x28, 0xc9, 0xad, 0xa5, 0xcd, 0x2b, 0x0, 0x0,
    0x0, 0x0, 0x2, 0x25, 0x55, 0xb2, 0xe5, 0x69,
    0x1, 0x1, 0x6d, 0xea, 0xb6, 0x5a, 0x27, 0x2,
    0x9, 0xb7, 0xa3, 0x58, 0x6, 0x0, 0x0, 0x0,
    0x0, 0x8, 0x5f, 0xad, 0xcb, 0xd, 0x1b, 0x1c,
    0x1c, 0x1c, 0x1c, 0x1c, 0x1c, 0x1c, 0x1c, 0x1c,
    0x1c, 0x1c, 0x1c, 0x1c, 0xf0, 0xf4, 0xf4, 0xf4,
    0xf4, 0xf4, 0xfa, 0xfb, 0xf4, 0xf4, 0xf4, 0xf4,
    0xf4, 0xf4, 0x0, 0x0, 0x0, 0x0, 0x0, 0x0,
    0x94, 0x9c, 0x0, 0x0, 0x0, 0x0, 0x0, 0x0,
    0x0, 0x0, 0x0, 0x0, 0x0, 0x10, 0xa5, 0xac,
    0x11, 0x0, 0x0, 0x0, 0x0, 0x0, 0x0, 0x0,
    0x6, 0x7c, 0xe2, 0xea, 0xd5, 0xd5, 0xea, 0xe4,
    0x80, 0x7, 0x0, 0x0, 0x0, 0x0, 0x90, 0xd2,
    0x2e, 0x0, 0x0, 0x0, 0x0, 0x2e, 0xd1, 0x97,
    0x0, 0x0, 0x0, 0x0, 0xc7, 0x7a, 0x0, 0x0,
    0x0, 0x0, 0x0, 0x0, 0x77, 0xce, 0x0, 0x0,
    0x0, 0x0, 0x70, 0xec, 0x63, 0x1c, 0x5, 0x5,
    0x1c, 0x63, 0xeb, 0x76, 0x0, 0x0, 0x0, 0x0,
    0x0, 0x52, 0xb6, 0xe6, 0xfa, 0xfb, 0xe7, 0xb7,
    0x55, 0x0, 0x0, 0x0,

    /* U+C988 "즈" */
    0x0, 0x6c, 0xff, 0xff, 0xff, 0xff, 0xff, 0xff,
    0xff, 0xff, 0xff, 0xff, 0x74, 0x0, 0x0, 0x5,
    0xc, 0xc, 0xc, 0xc, 0xbd, 0xb5, 0xc, 0xc,
    0xc, 0xc, 0x5, 0x0, 0x0, 0x0, 0x0, 0x0,
    0x0, 0x29, 0xf9, 0xf6, 0x23, 0x0, 0x0, 0x0,
    0x0, 0x0, 0x0, 0x0, 0x0, 0x0, 0x15, 0xd5,
    0x92, 0x81, 0xd1, 0x13, 0x0, 0x0, 0x0, 0x0,
    0x0, 0x0, 0x0, 0x46, 0xe3, 0xa3, 0x4, 0x2,
    0x8f, 0xe4, 0x4c, 0x0, 0x0, 0x0, 0xc, 0x5c,
    0xb5, 0xea, 0x61, 0x0, 0x0, 0x0, 0x0, 0x57,
    0xe6, 0xc2, 0x6c, 0x12, 0x10, 0xb1, 0x71, 0x10,
    0x0, 0x0, 0x0, 0x0, 0x0, 0x0, 0xd, 0x6e,
    0xaf, 0xd, 0x0, 0x0, 0x0, 0x0, 0x0, 0x0,
    0x0, 0x0, 0x0, 0x0, 0x0, 0x0, 0x0, 0x0,
    0x0, 0x0, 0x0, 0x0, 0x0, 0x0, 0x0, 0x0,
    0x0, 0x0, 0x0, 0x0, 0x0, 0x0, 0x17, 0x18,
    0x18, 0x18, 0x18, 0x18, 0x18, 0x18, 0x18, 0x18,
    0x18, 0x18, 0x18, 0x18, 0xf0, 0xf4, 0xf4, 0xf4,
    0xf4, 0xf4, 0xf4, 0xf4, 0xf4, 0xf4, 0xf4, 0xf4,
    0xf4, 0xf4,

    /* U+C9C0 "지" */
    0x0, 0x0, 0x0, 0x0, 0x0, 0x0, 0x0, 0x0,
    0x0, 0x0, 0x0, 0xc7, 0x40, 0x0, 0x0, 0x0,
    0x0, 0x0, 0x0, 0x0, 0x0, 0x0, 0x0, 0x0,
    0xe0, 0x48, 0x14, 0xff, 0xff, 0xff, 0xff, 0xff,
    0xff, 0xff, 0xd8, 0x0, 0x0, 0xe0, 0x48, 0x0,
    0xc, 0xc, 0xc, 0xbb, 0x7a, 0xc, 0xc, 0xa,
    0x0, 0x0, 0xe0, 0x48, 0x0, 0x0, 0x0, 0x0,
    0xbd, 0x79, 0x0, 0x0, 0x0, 0x0, 0x0, 0xe0,
    0x48, 0x0, 0x0, 0x0, 0x0, 0xda, 0x98, 0x0,
    0x0, 0x0, 0x0, 0x0, 0xe0, 0x48, 0x0, 0x0,
    0x0, 0x1e, 0xfe, 0xdc, 0x0, 0x0, 0x0, 0x0,
    0x0, 0xe0, 0x48, 0x0, 0x0, 0x0, 0x87, 0xb2,
    0xe6, 0x49, 0x0, 0x0, 0x0, 0x0, 0xe0, 0x48,
    0x0, 0x0, 0x2c, 0xf3, 0x33, 0x66, 0xdd, 0xf,
    0x0, 0x0, 0x0, 0xe0, 0x48, 0x0, 0xd, 0xd5,
    0x84, 0x0, 0x0, 0xb0, 0xb2, 0x7, 0x0, 0x0,
    0xe0, 0x48, 0x20, 0xd3, 0xac, 0x1, 0x0, 0x0,
    0xa, 0xc2, 0xcb, 0x16, 0x0, 0xe0, 0x48, 0x45,
    0x94, 0x4, 0x0, 0x0, 0x0, 0x0, 0x8, 0x75,
    0x3, 0x0, 0xe0, 0x48, 0x0, 0x0, 0x0, 0x0,
    0x0, 0x0, 0x0, 0x0, 0x0, 0x0, 0x0, 0xe0,
    0x48, 0x0, 0x0, 0x0, 0x0, 0x0, 0x0, 0x0,
    0x0, 0x0, 0x0, 0x0, 0xe0, 0x48, 0x0, 0x0,
    0x0, 0x0, 0x0, 0x0, 0x0, 0x0, 0x0, 0x0,
    0x0, 0xe0, 0x48, 0x0, 0x0, 0x0, 0x0, 0x0,
    0x0, 0x0, 0x0, 0x0, 0x0, 0x0, 0x2a, 0xd,

    /* U+C9C4 "진" */
    0x0, 0x0, 0x0, 0x0, 0x0, 0x0, 0x0, 0x0,
    0x0, 0x0, 0x0, 0x9e, 0x28, 0x0, 0xfc, 0xff,
    0xff, 0xff, 0xff, 0xff, 0xff, 0xf4, 0x0, 0x0,
    0xec, 0x3c, 0x0, 0xf, 0x10, 0x10, 0x98, 0x9c,
    0x10, 0x10, 0xf, 0x0, 0x0, 0xec, 0x3c, 0x0,
    0x0, 0x0, 0x0, 0xa9, 0xb0, 0x0, 0x0, 0x0,
    0x0, 0x0, 0xec, 0x3c, 0x0, 0x0, 0x0, 0x6,
    0xea, 0xf4, 0x11, 0x0, 0x0, 0x0, 0x0, 0xec,
    0x3c, 0x0, 0x0, 0x0, 0x6e, 0xc9, 0xab, 0x9a,
    0x0, 0x0, 0x0, 0x0, 0xec, 0x3c, 0x0, 0x0,
    0x37, 0xef, 0x33, 0x15, 0xe0, 0x76, 0x0, 0x0,
    0x0, 0xec, 0x3c, 0x0, 0x3b, 0xe8, 0x62, 0x0,
    0x0, 0x27, 0xe3, 0x97, 0xc, 0x0, 0xec, 0x3c,
    0x2f, 0xf6, 0x65, 0x0, 0x0, 0x0, 0x0, 0x1b,
    0xa0, 0x15, 0x0, 0xec, 0x3c, 0x0, 0x17, 0x0,
    0x0, 0x0, 0x0, 0x0, 0x0, 0x0, 0x0, 0x0,
    0xec, 0x3c, 0x0, 0x0, 0x0, 0xca, 0x4e, 0x0,
    0x0, 0x0, 0x0, 0x0, 0x0, 0xec, 0x3c, 0x0,
    0x0, 0x0, 0xd8, 0x54, 0x0, 0x0, 0x0, 0x0,
    0x0, 0x0, 0xb, 0x2, 0x0, 0x0, 0x0, 0xd8,
    0x54, 0x0, 0x0, 0x0, 0x0, 0x0, 0x0, 0x0,
    0x0, 0x0, 0x0, 0x0, 0xd8, 0x59, 0x8, 0x8,
    0x8, 0x8, 0x8, 0x8, 0x8, 0x6, 0x0, 0x0,
    0x0, 0xd8, 0xff, 0xff, 0xff, 0xff, 0xff, 0xff,
    0xff, 0xff, 0xd8,

    /* U+C9D0 "짐" */
    0x0, 0x0, 0x0, 0x0, 0x0, 0x0, 0x0, 0x0,
    0x0, 0x0, 0x0, 0xce, 0x39, 0x0, 0xfc, 0xff,
    0xff, 0xff, 0xff, 0xff, 0xff, 0xf4, 0x0, 0x0,
    0xe8, 0x40, 0x0, 0xb, 0xc, 0xc, 0x9d, 0x99,
    0xc, 0xc, 0xb, 0x0, 0x0, 0xe8, 0x40, 0x0,
    0x0, 0x0, 0x0, 0xbe, 0xc0, 0x0, 0x0, 0x0,
    0x0, 0x0, 0xe8, 0x40, 0x0, 0x0, 0x0, 0x27,
    0xf4, 0xf2, 0x39, 0x0, 0x0, 0x0, 0x0, 0xe8,
    0x40, 0x0, 0x0, 0xc, 0xc9, 0x7a, 0x63, 0xe3,
    0x27, 0x0, 0x0, 0x0, 0xe8, 0x40, 0x0, 0x16,
    0xc2, 0xa5, 0x1, 0x0, 0x74, 0xe9, 0x59, 0x1,
    0x0, 0xe8, 0x40, 0x2b, 0xee, 0x8f, 0x2, 0x0,
    0x0, 0x0, 0x4b, 0xcb, 0x18, 0x0, 0xe8, 0x40,
    0x0, 0x27, 0x0, 0x0, 0x0, 0x0, 0x0, 0x0,
    0x0, 0x0, 0x0, 0x61, 0x1b, 0x0, 0x0, 0x0,
    0x3c, 0x48, 0x48, 0x48, 0x48, 0x48, 0x48, 0x48,
    0x48, 0x12, 0x0, 0x0, 0x0, 0xd8, 0xd5, 0xc0,
    0xc0, 0xc0, 0xc0, 0xc0, 0xc0, 0xf9, 0x40, 0x0,
    0x0, 0x0, 0xd8, 0x54, 0x0, 0x0, 0x0, 0x0,
    0x0, 0x0, 0xe4, 0x40, 0x0, 0x0, 0x0, 0xd8,
    0x54, 0x0, 0x0, 0x0, 0x0, 0x0, 0x0, 0xe4,
    0x40, 0x0, 0x0, 0x0, 0xd8, 0x59, 0x8, 0x8,
    0x8, 0x8, 0x8, 0x8, 0xe4, 0x40, 0x0, 0x0,
    0x0, 0xd8, 0xff, 0xff, 0xff, 0xff, 0xff, 0xff,
    0xff, 0xff, 0x40,

    /* U+C9D1 "집" */
    0x0, 0x0, 0x0, 0x0, 0x0, 0x0, 0x0, 0x0,
    0x0, 0x0, 0x0, 0xaf, 0x3f, 0x0, 0xe8, 0xff,
    0xff, 0xff, 0xff, 0xff, 0xff, 0xff, 0x4, 0x0,
    0xdc, 0x50, 0x0, 0xa, 0xc, 0xc, 0x88, 0xae,
    0xc, 0xc, 0xc, 0x0, 0x0, 0xdc, 0x50, 0x0,
    0x0, 0x0, 0x0, 0xad, 0xdb, 0x0, 0x0, 0x0,
    0x0, 0x0, 0xdc, 0x50, 0x0, 0x0, 0x0, 0x20,
    0xf3, 0xe7, 0x58, 0x0, 0x0, 0x0, 0x0, 0xdc,
    0x50, 0x0, 0x0, 0xb, 0xc6, 0x82, 0x46, 0xed,
    0x3c, 0x0, 0x0, 0x0, 0xdc, 0x50, 0x0, 0x18,
    0xc1, 0xac, 0x2, 0x0, 0x55, 0xed, 0x6d, 0x4,
    0x0, 0xdc, 0x50, 0x1e, 0xee, 0x95, 0x3, 0x0,
    0x0, 0x0, 0x32, 0xb9, 0x20, 0x0, 0xdc, 0x50,
    0x0, 0x1f, 0x0, 0x3, 0x1, 0x0, 0x0, 0x0,
    0x0, 0x0, 0x0, 0xd, 0x5, 0x0, 0x0, 0x0,
    0xd0, 0x54, 0x0, 0x0, 0x0, 0x0, 0x0, 0x0,
    0xd8, 0x50, 0x0, 0x0, 0x0, 0xd0, 0x54, 0x0,
    0x0, 0x0, 0x0, 0x0, 0x0, 0xd8, 0x50, 0x0,
    0x0, 0x0, 0xd0, 0xf7, 0xf4, 0xf4, 0xf4, 0xf4,
    0xf4, 0xf4, 0xfe, 0x50, 0x0, 0x0, 0x0, 0xd0,
    0x64, 0x18, 0x18, 0x18, 0x18, 0x18, 0x18, 0xdb,
    0x50, 0x0, 0x0, 0x0, 0xd0, 0x59, 0x8, 0x8,
    0x8, 0x8, 0x8, 0x8, 0xd9, 0x50, 0x0, 0x0,
    0x0, 0xd0, 0xff, 0xff, 0xff, 0xff, 0xff, 0xff,
    0xff, 0xff, 0x50,

    /* U+C9DC "짜" */
    0x0, 0x0, 0x0, 0x0, 0x0, 0x0, 0x0, 0x0,
    0x0, 0x0, 0x0, 0x39, 0xd2, 0x0, 0x0, 0x0,
    0x0, 0x0, 0x0, 0x0, 0x0, 0x0, 0x0, 0x0,
    0x0, 0x0, 0x0, 0x40, 0xec, 0x0, 0x0, 0x0,
    0x0, 0xc8, 0xff, 0xff, 0xff, 0xff, 0xff, 0xff,
    0xff, 0xff, 0x14, 0x40, 0xec, 0x0, 0x0, 0x0,
    0x0, 0x6, 0x8, 0xa5, 0x76, 0x8, 0x8, 0xfd,
    0x15, 0x8, 0x0, 0x40, 0xec, 0x0, 0x0, 0x0,
    0x0, 0x0, 0x0, 0xb4, 0x7e, 0x0, 0x8, 0xff,
    0x1e, 0x0, 0x0, 0x40, 0xec, 0x0, 0x0, 0x0,
    0x0, 0x0, 0x0, 0xcc, 0x9c, 0x0, 0x24, 0xff,
    0x34, 0x0, 0x0, 0x40, 0xec, 0x0, 0x0, 0x0,
    0x0, 0x0, 0xa, 0xf7, 0xd4, 0x0, 0x50, 0xff,
    0x6d, 0x0, 0x0, 0x40, 0xf3, 0x5c, 0x5c, 0x22,
    0x0, 0x0, 0x4d, 0xb2, 0xd5, 0x30, 0x90, 0xc3,
    0xb7, 0x0, 0x0, 0x40, 0xf8, 0xa4, 0xa4, 0x3d,
    0x0, 0x0, 0xbb, 0x56, 0x64, 0xbb, 0xe1, 0x31,
    0xe7, 0x2f, 0x0, 0x40, 0xec, 0x0, 0x0, 0x0,
    0x0, 0x44, 0xdf, 0x5, 0x1, 0xc2, 0xc4, 0x0,
    0x6c, 0xbe, 0x3, 0x40, 0xec, 0x0, 0x0, 0x0,
    0x0, 0xca, 0x59, 0x0, 0x2, 0xcd, 0x4f, 0x0,
    0x2, 0xc1, 0x93, 0x40, 0xec, 0x0, 0x0, 0x0,
    0x0, 0x7, 0x0, 0x0, 0x5e, 0xc5, 0x1, 0x0,
    0x0, 0x15, 0x3a, 0x40, 0xec, 0x0, 0x0, 0x0,
    0x0, 0x0, 0x0, 0x0, 0x0, 0xe, 0x0, 0x0,
    0x0, 0x0, 0x0, 0x40, 0xec, 0x0, 0x0, 0x0,
    0x0, 0x0, 0x0, 0x0, 0x0, 0x0, 0x0, 0x0,
    0x0, 0x0, 0x0, 0x40, 0xec, 0x0, 0x0, 0x0,
    0x0, 0x0, 0x0, 0x0, 0x0, 0x0, 0x0, 0x0,
    0x0, 0x0, 0x0, 0x40, 0xec, 0x0, 0x0, 0x0,
    0x0, 0x0, 0x0, 0x0, 0x0, 0x0, 0x0, 0x0,
    0x0, 0x0, 0x0, 0xc, 0x2c, 0x0, 0x0, 0x0,

    /* U+CA4C "쩌" */
    0x0, 0x0, 0x0, 0x0, 0x0, 0x0, 0x0, 0x0,
    0x0, 0x0, 0x0, 0x0, 0xd2, 0x35, 0x0, 0x0,
    0x0, 0x0, 0x0, 0x0, 0x0, 0x0, 0x0, 0x0,
    0x0, 0x0, 0xec, 0x3c, 0x0, 0xc8, 0xff, 0xff,
    0xff, 0xff, 0xff, 0xff, 0xff, 0xff, 0x14, 0x0,
    0xec, 0x3c, 0x0, 0x9, 0xc, 0xbb, 0x5c, 0xc,
    0x26, 0xf4, 0xc, 0xc, 0x0, 0x0, 0xec, 0x3c,
    0x0, 0x0, 0x0, 0xc7, 0x5f, 0x0, 0x25, 0xfe,
    0x3, 0x0, 0x0, 0x0, 0xec, 0x3c, 0x0, 0x0,
    0x0, 0xdd, 0x74, 0x0, 0x3b, 0xff, 0x14, 0x0,
    0x0, 0x0, 0xec, 0x3c, 0x0, 0x0, 0x13, 0xfe,
    0xa6, 0x0, 0x66, 0xff, 0x41, 0x80, 0xff, 0xff,
    0xff, 0x3c, 0x0, 0x0, 0x58, 0xbf, 0xed, 0xa,
    0xa4, 0xdb, 0x89, 0x0, 0x0, 0x0, 0xec, 0x3c,
    0x0, 0x0, 0xc0, 0x59, 0xb0, 0x81, 0xed, 0x43,
    0xeb, 0x10, 0x0, 0x0, 0xec, 0x3c, 0x0, 0x3e,
    0xe5, 0x8, 0x27, 0xf7, 0xb8, 0x0, 0x9f, 0x94,
    0x0, 0x0, 0xec, 0x3c, 0x1, 0xd3, 0x67, 0x0,
    0xb, 0xe1, 0x43, 0x0, 0x12, 0xe6, 0x5c, 0x0,
    0xec, 0x3c, 0x0, 0x26, 0x2, 0x0, 0x97, 0xb9,
    0x0, 0x0, 0x0, 0x3c, 0x77, 0x0, 0xec, 0x3c,
    0x0, 0x0, 0x0, 0x0, 0x2f, 0x1e, 0x0, 0x0,
    0x0, 0x0, 0x0, 0x0, 0xec, 0x3c, 0x0, 0x0,
    0x0, 0x0, 0x0, 0x0, 0x0, 0x0, 0x0, 0x0,
    0x0, 0x0, 0xec, 0x3c, 0x0, 0x0, 0x0, 0x0,
    0x0, 0x0, 0x0, 0x0, 0x0, 0x0, 0x0, 0x0,
    0xec, 0x3c, 0x0, 0x0, 0x0, 0x0, 0x0, 0x0,
    0x0, 0x0, 0x0, 0x0, 0x0, 0x0, 0x2c, 0xb,

    /* U+CC28 "차" */
    0x0, 0x0, 0x0, 0x0, 0xcb, 0x3c, 0x0, 0x0,
    0x0, 0x0, 0x35, 0xd2, 0x0, 0x0, 0x0, 0x0,
    0x0, 0x0, 0x0, 0xe4, 0x44, 0x0, 0x0, 0x0,
    0x0, 0x3c, 0xec, 0x0, 0x0, 0x0, 0x70, 0xc8,
    0xc8, 0xc8, 0xf9, 0xd6, 0xc8, 0xc8, 0xb8, 0x0,
    0x3c, 0xec, 0x0, 0x0, 0x0, 0x26, 0x44, 0x44,
    0x44, 0xe8, 0x75, 0x44, 0x44, 0x3e, 0x0, 0x3c,
    0xec, 0x0, 0x0, 0x0, 0x0, 0x0, 0x0, 0x0,
    0xe0, 0x44, 0x0, 0x0, 0x0, 0x0, 0x3c, 0xec,
    0x0, 0x0, 0x0, 0x0, 0x0, 0x0, 0x1, 0xf2,
    0x56, 0x0, 0x0, 0x0, 0x0, 0x3c, 0xec, 0x0,
    0x0, 0x0, 0x0, 0x0, 0x0, 0x34, 0xff, 0x9a,
    0x0, 0x0, 0x0, 0x0, 0x3c, 0xf6, 0x84, 0x84,
    0x33, 0x0, 0x0, 0x0, 0xa6, 0xa3, 0xf0, 0x20,
    0x0, 0x0, 0x0, 0x3c, 0xf6, 0x88, 0x88, 0x35,
    0x0, 0x0, 0x4f, 0xe3, 0x11, 0x7d, 0xcb, 0xd,
    0x0, 0x0, 0x3c, 0xec, 0x0, 0x0, 0x0, 0x0,
    0x36, 0xee, 0x40, 0x0, 0x2, 0xa9, 0xc4, 0x1f,
    0x0, 0x3c, 0xec, 0x0, 0x0, 0x0, 0x70, 0xf5,
    0x57, 0x0, 0x0, 0x0, 0x3, 0x95, 0xf3, 0x1f,
    0x3c, 0xec, 0x0, 0x0, 0x0, 0x3b, 0x3f, 0x0,
    0x0, 0x0, 0x0, 0x0, 0x0, 0x23, 0x0, 0x3c,
    0xec, 0x0, 0x0, 0x0, 0x0, 0x0, 0x0, 0x0,
    0x0, 0x0, 0x0, 0x0, 0x0, 0x0, 0x3c, 0xec,
    0x0, 0x0, 0x0, 0x0, 0x0, 0x0, 0x0, 0x0,
    0x0, 0x0, 0x0, 0x0, 0x0, 0x3c, 0xec, 0x0,
    0x0, 0x0, 0x0, 0x0, 0x0, 0x0, 0x0, 0x0,
    0x0, 0x0, 0x0, 0x0, 0x3c, 0xec, 0x0, 0x0,
    0x0, 0x0, 0x0, 0x0, 0x0, 0x0, 0x0, 0x0,
    0x0, 0x0, 0x0, 0xb, 0x2c, 0x0, 0x0, 0x0,

    /* U+CC44 "채" */
    0x0, 0x0, 0x0, 0x0, 0xf, 0x3, 0x0, 0x0,
    0x0, 0x0, 0x0, 0x0, 0x4a, 0xc0, 0x0, 0x0,
    0x0, 0x0, 0xf0, 0x38, 0x0, 0x0, 0x0, 0xcc,
    0x58, 0x0, 0x54, 0xd8, 0x0, 0x10, 0x14, 0x14,
    0xf1, 0x47, 0x14, 0x14, 0x2, 0xcc, 0x58, 0x0,
    0x54, 0xd8, 0x0, 0xc3, 0xf0, 0xf0, 0xfe, 0xf3,
    0xf0, 0xf0, 0x1e, 0xcc, 0x58, 0x0, 0x54, 0xd8,
    0x0, 0x0, 0x0, 0x0, 0xec, 0x3c, 0x0, 0x0,
    0x0, 0xcc, 0x58, 0x0, 0x54, 0xd8, 0x0, 0x0,
    0x0, 0x1, 0xf6, 0x46, 0x0, 0x0, 0x0, 0xcc,
    0x58, 0x0, 0x54, 0xd8, 0x0, 0x0, 0x0, 0x1c,
    0xff, 0x6d, 0x0, 0x0, 0x0, 0xcc, 0x84, 0x44,
    0x81, 0xd8, 0x0, 0x0, 0x0, 0x6d, 0xfd, 0xc6,
    0x0, 0x0, 0x0, 0xcc, 0xd6, 0xc0, 0xd5, 0xd8,
    0x0, 0x0, 0x4, 0xda, 0x75, 0xee, 0x46, 0x0,
    0x0, 0xcc, 0x58, 0x0, 0x54, 0xd8, 0x0, 0x0,
    0x84, 0xd4, 0x5, 0x5e, 0xe7, 0x19, 0x0, 0xcc,
    0x58, 0x0, 0x54, 0xd8, 0x0, 0x64, 0xf4, 0x30,
    0x0, 0x0, 0x96, 0xe0, 0x28, 0xcc, 0x58, 0x0,
    0x54, 0xd8, 0x9, 0xbc, 0x50, 0x0, 0x0, 0x0,
    0x2, 0x69, 0x9, 0xcc, 0x58, 0x0, 0x54, 0xd8,
    0x0, 0x0, 0x0, 0x0, 0x0, 0x0, 0x0, 0x0,
    0x0, 0xcc, 0x58, 0x0, 0x54, 0xd8, 0x0, 0x0,
    0x0, 0x0, 0x0, 0x0, 0x0, 0x0, 0x0, 0xcc,
    0x58, 0x0, 0x54, 0xd8, 0x0, 0x0, 0x0, 0x0,
    0x0, 0x0, 0x0, 0x0, 0x0, 0xcc, 0x58, 0x0,
    0x54, 0xd8, 0x0, 0x0, 0x0, 0x0, 0x0, 0x0,
    0x0, 0x0, 0x0, 0x0, 0x0, 0x0, 0xf, 0x28,

    /* U+CC98 "처" */
    0x0, 0x0, 0x0, 0x0, 0xce, 0x31, 0x0, 0x0,
    0x0, 0x0, 0x0, 0xc0, 0x4a, 0x0, 0x0, 0x0,
    0x0, 0xe8, 0x38, 0x0, 0x0, 0x0, 0x0, 0x0,
    0xd8, 0x54, 0x5a, 0xc8, 0xc8, 0xc8, 0xfa, 0xd4,
    0xc8, 0xc8, 0xc8, 0x3, 0x0, 0xd8, 0x54, 0x1e,
    0x44, 0x44, 0x44, 0xeb, 0x6f, 0x44, 0x44, 0x44,
    0x1, 0x0, 0xd8, 0x54, 0x0, 0x0, 0x0, 0x0,
    0xe5, 0x39, 0x0, 0x0, 0x0, 0x0, 0x0, 0xd8,
    0x54, 0x0, 0x0, 0x0, 0x3, 0xf7, 0x4d, 0x0,
    0x8, 0x44, 0x44, 0x44, 0xe2, 0x54, 0x0, 0x0,
    0x0, 0x3b, 0xff, 0x98, 0x0, 0x18, 0xc4, 0xc4,
    0xc4, 0xf6, 0x54, 0x0, 0x0, 0x0, 0xaa, 0xa6,
    0xf3, 0x23, 0x0, 0x0, 0x0, 0x0, 0xd8, 0x54,
    0x0, 0x0, 0x50, 0xe9, 0x13, 0x88, 0xd1, 0x11,
    0x0, 0x0, 0x0, 0xd8, 0x54, 0x0, 0x32, 0xf1,
    0x4e, 0x0, 0x3, 0xb1, 0xca, 0x24, 0x0, 0x0,
    0xd8, 0x54, 0x65, 0xf7, 0x73, 0x0, 0x0, 0x0,
    0x4, 0x9b, 0xf7, 0x26, 0x0, 0xd8, 0x54, 0x32,
    0x5a, 0x0, 0x0, 0x0, 0x0, 0x0, 0x0, 0x27,
    0x0, 0x0, 0xd8, 0x54, 0x0, 0x0, 0x0, 0x0,
    0x0, 0x0, 0x0, 0x0, 0x0, 0x0, 0x0, 0xd8,
    0x54, 0x0, 0x0, 0x0, 0x0, 0x0, 0x0, 0x0,
    0x0, 0x0, 0x0, 0x0, 0xd8, 0x54, 0x0, 0x0,
    0x0, 0x0, 0x0, 0x0, 0x0, 0x0, 0x0, 0x0,
    0x0, 0xd8, 0x54, 0x0, 0x0, 0x0, 0x0, 0x0,
    0x0, 0x0, 0x0, 0x0, 0x0, 0x0, 0x28, 0xf,

    /* U+CC9C "천" */
    0x0, 0x0, 0x0, 0x0, 0xaf, 0x50, 0x0, 0x0,
    0x0, 0x0, 0x0, 0xbc, 0x4a, 0x2, 0x14, 0x14,
    0x14, 0xcc, 0x68, 0x14, 0x14, 0x12, 0x0, 0x0,
    0xd4, 0x54, 0x20, 0xff, 0xff, 0xff, 0xff, 0xff,
    0xff, 0xff, 0xec, 0x0, 0x0, 0xd4, 0x54, 0x0,
    0x0, 0x0, 0x0, 0xcc, 0x5c, 0x0, 0x0, 0x0,
    0x0, 0x0, 0xd4, 0x54, 0x0, 0x0, 0x0, 0x0,
    0xd9, 0x6b, 0x0, 0xf, 0x54, 0x54, 0x54, 0xe2,
    0x54, 0x0, 0x0, 0x0, 0x2a, 0xff, 0xc6, 0x0,
    0x24, 0xc0, 0xc0, 0xc0, 0xf5, 0x54, 0x0, 0x0,
    0x4, 0xc0, 0x81, 0xd0, 0x83, 0x0, 0x0, 0x0,
    0x0, 0xd4, 0x54, 0x0, 0x5, 0xad, 0xc3, 0x6,
    0x1e, 0xe0, 0x9f, 0x11, 0x0, 0x0, 0xd4, 0x54,
    0x38, 0xd4, 0xc8, 0x12, 0x0, 0x0, 0x17, 0xbb,
    0xed, 0x16, 0x0, 0xd4, 0x54, 0x16, 0x7c, 0x8,
    0x0, 0x0, 0x0, 0x0, 0x0, 0x23, 0x0, 0x0,
    0xd4, 0x54, 0x0, 0x0, 0x0, 0xb2, 0x4d, 0x0,
    0x0, 0x0, 0x0, 0x0, 0x0, 0xd4, 0x54, 0x0,
    0x0, 0x0, 0xcc, 0x58, 0x0, 0x0, 0x0, 0x0,
    0x0, 0x0, 0x1d, 0xb, 0x0, 0x0, 0x0, 0xcc,
    0x58, 0x0, 0x0, 0x0, 0x0, 0x0, 0x0, 0x0,
    0x0, 0x0, 0x0, 0x0, 0xcc, 0x5d, 0x8, 0x8,
    0x8, 0x8, 0x8, 0x8, 0x8, 0x6, 0x0, 0x0,
    0x0, 0xcc, 0xff, 0xff, 0xff, 0xff, 0xff, 0xff,
    0xff, 0xff, 0xc8,

    /* U+CCAD "청" */
    0x0, 0x0, 0x0, 0x0, 0x99, 0x43, 0x0, 0x0,
    0x0, 0x0, 0x0, 0x89, 0x2f, 0x0, 0x0, 0x0,
    0x0, 0xc8, 0x58, 0x0, 0x0, 0x0, 0x0, 0x0,
    0xdc, 0x4c, 0x20, 0xff, 0xff, 0xff, 0xff, 0xff,
    0xff, 0xff, 0xec, 0x0, 0x0, 0xdc, 0x4c, 0x0,
    0x4, 0x4, 0x4, 0xca, 0x5c, 0x4, 0x4, 0x3,
    0x0, 0x0, 0xdc, 0x4c, 0x0, 0x0, 0x0, 0x4,
    0xec, 0x88, 0x0, 0x0, 0xa8, 0xcc, 0xcc, 0xf8,
    0x4c, 0x0, 0x0, 0x0, 0x78, 0xb6, 0xe6, 0x32,
    0x0, 0x35, 0x40, 0x40, 0xe5, 0x4c, 0x0, 0x0,
    0x68, 0xdc, 0x16, 0x4c, 0xec, 0x59, 0x0, 0x0,
    0x0, 0xdc, 0x4c, 0x28, 0xac, 0xde, 0x25, 0x0,
    0x0, 0x3f, 0xe3, 0xce, 0x14, 0x0, 0xdc, 0x4c,
    0x24, 0x95, 0x13, 0x0, 0x0, 0x0, 0x0, 0xa,
    0x45, 0x0, 0x0, 0xb9, 0x40, 0x0, 0x0, 0x0,
    0x0, 0x34, 0x93, 0xc2, 0xd4, 0xce, 0xb0, 0x6a,
    0xa, 0x0, 0x0, 0x0, 0x0, 0x6f, 0xf4, 0x86,
    0x41, 0x2b, 0x35, 0x5d, 0xc7, 0xd9, 0x16, 0x0,
    0x0, 0x7, 0xf6, 0x55, 0x0, 0x0, 0x0, 0x0,
    0x0, 0x5, 0xd4, 0x81, 0x0, 0x0, 0xa, 0xfb,
    0x44, 0x0, 0x0, 0x0, 0x0, 0x0, 0x0, 0xc8,
    0x89, 0x0, 0x0, 0x0, 0x8e, 0xe7, 0x62, 0x1c,
    0x6, 0x10, 0x38, 0xa5, 0xec, 0x23, 0x0, 0x0,
    0x0, 0x0, 0x5b, 0xbb, 0xeb, 0xfc, 0xf7, 0xd8,
    0x93, 0x1d, 0x0,

    /* U+CCB4 "체" */
    0x0, 0x0, 0x0, 0x0, 0x0, 0x0, 0x0, 0x0,
    0x0, 0x0, 0x0, 0x0, 0x4a, 0xc3, 0x0, 0x0,
    0x0, 0x0, 0xdc, 0x50, 0x0, 0x0, 0x0, 0x34,
    0xe1, 0x0, 0x54, 0xdc, 0x0, 0x2, 0x4, 0x4,
    0xdc, 0x52, 0x4, 0x4, 0x0, 0x38, 0xf0, 0x0,
    0x54, 0xdc, 0x0, 0xb9, 0xfc, 0xfc, 0xff, 0xfd,
    0xfc, 0xfc, 0x2f, 0x38, 0xf0, 0x0, 0x54, 0xdc,
    0x0, 0x0, 0x0, 0x0, 0xd8, 0x54, 0x0, 0x0,
    0x0, 0x38, 0xf0, 0x0, 0x54, 0xdc, 0x0, 0x0,
    0x0, 0x0, 0xde, 0x59, 0x0, 0x0, 0x0, 0x38,
    0xf0, 0x0, 0x54, 0xdc, 0x0, 0x0, 0x0, 0x5,
    0xfc, 0x7d, 0x0, 0xa7, 0xbc, 0xca, 0xf0, 0x0,
    0x54, 0xdc, 0x0, 0x0, 0x0, 0x44, 0xff, 0xc8,
    0x0, 0x40, 0x48, 0x70, 0xf0, 0x0, 0x54, 0xdc,
    0x0, 0x0, 0x0, 0xb4, 0x9d, 0xf0, 0x45, 0x0,
    0x0, 0x38, 0xf0, 0x0, 0x54, 0xdc, 0x0, 0x0,
    0x51, 0xef, 0x18, 0x69, 0xe4, 0x16, 0x0, 0x38,
    0xf0, 0x0, 0x54, 0xdc, 0x0, 0x32, 0xec, 0x59,
    0x0, 0x0, 0xa4, 0xd5, 0x26, 0x38, 0xf0, 0x0,
    0x54, 0xdc, 0x4, 0xcc, 0x81, 0x0, 0x0, 0x0,
    0x5, 0x92, 0x2f, 0x38, 0xf0, 0x0, 0x54, 0xdc,
    0x0, 0x7, 0x0, 0x0, 0x0, 0x0, 0x0, 0x0,
    0x0, 0x38, 0xf0, 0x0, 0x54, 0xdc, 0x0, 0x0,
    0x0, 0x0, 0x0, 0x0, 0x0, 0x0, 0x0, 0x38,
    0xf0, 0x0, 0x54, 0xdc, 0x0, 0x0, 0x0, 0x0,
    0x0, 0x0, 0x0, 0x0, 0x0, 0x38, 0xf0, 0x0,
    0x54, 0xdc, 0x0, 0x0, 0x0, 0x0, 0x0, 0x0,
    0x0, 0x0, 0x0, 0x0, 0x0, 0x0, 0xf, 0x29,

    /* U+CD08 "초" */
    0x0, 0x0, 0x0, 0x0, 0x0, 0x0, 0x90, 0xa0,
    0x0, 0x0, 0x0, 0x0, 0x0, 0x0, 0x0, 0x61,
    0xe8, 0xe8, 0xe8, 0xe8, 0xf5, 0xf7, 0xe8, 0xe8,
    0xe8, 0xe8, 0x69, 0x0, 0x0, 0xf, 0x24, 0x24,
    0x24, 0x24, 0xbb, 0xbe, 0x24, 0x24, 0x24, 0x24,
    0x10, 0x0, 0x0, 0x0, 0x0, 0x0, 0x0, 0x1f,
    0xf6, 0xf7, 0x20, 0x0, 0x0, 0x0, 0x0, 0x0,
    0x0, 0x0, 0x0, 0x0, 0x16, 0xd0, 0x89, 0x8b,
    0xd2, 0x17, 0x0, 0x0, 0x0, 0x0, 0x0, 0x0,
    0x0, 0x4c, 0xe3, 0x90, 0x3, 0x3, 0x8d, 0xeb,
    0x64, 0x1, 0x0, 0x0, 0x11, 0x7d, 0xd0, 0xe0,
    0x52, 0x0, 0x0, 0x0, 0x0, 0x4c, 0xda, 0xe2,
    0x97, 0x17, 0x0, 0x87, 0x5b, 0x7, 0x0, 0x0,
    0x50, 0x50, 0x0, 0x0, 0x5, 0x53, 0x8a, 0x1,
    0x0, 0x0, 0x0, 0x0, 0x0, 0x0, 0x98, 0x98,
    0x0, 0x0, 0x0, 0x0, 0x0, 0x0, 0x0, 0x0,
    0x0, 0x0, 0x0, 0x0, 0x98, 0x98, 0x0, 0x0,
    0x0, 0x0, 0x0, 0x0, 0x3, 0x4, 0x4, 0x4,
    0x4, 0x4, 0x99, 0x99, 0x4, 0x4, 0x4, 0x4,
    0x4, 0x4, 0xfc, 0xff, 0xff, 0xff, 0xff, 0xff,
    0xff, 0xff, 0xff, 0xff, 0xff, 0xff, 0xff, 0xff,
    0x3, 0x4, 0x4, 0x4, 0x4, 0x4, 0x4, 0x4,
    0x4, 0x4, 0x4, 0x4, 0x4, 0x4,

    /* U+CD5C "최" */
    0x0, 0x0, 0x0, 0x0, 0x0, 0x0, 0x0, 0x0,
    0x0, 0x0, 0x0, 0x39, 0xd2, 0x0, 0x0, 0x0,
    0x0, 0x3c, 0xf4, 0x0, 0x0, 0x0, 0x0, 0x0,
    0x40, 0xec, 0x0, 0x51, 0x58, 0x58, 0x7f, 0xf8,
    0x58, 0x58, 0x58, 0x2c, 0x0, 0x40, 0xec, 0x0,
    0x97, 0xa4, 0xa4, 0xbc, 0xfd, 0xa4, 0xa4, 0xa4,
    0x52, 0x0, 0x40, 0xec, 0x0, 0x0, 0x0, 0x0,
    0x77, 0xff, 0x30, 0x0, 0x0, 0x0, 0x0, 0x40,
    0xec, 0x0, 0x0, 0x0, 0x2a, 0xec, 0xa8, 0xd4,
    0x16, 0x0, 0x0, 0x0, 0x40, 0xec, 0x0, 0x0,
    0x51, 0xe9, 0x5c, 0x2, 0x8e, 0xe9, 0x5b, 0x6,
    0x0, 0x40, 0xec, 0x1f, 0xc5, 0xde, 0x3c, 0x0,
    0x0, 0x0, 0x42, 0xc9, 0xbe, 0x2, 0x40, 0xec,
    0x0, 0x41, 0x5, 0x0, 0x35, 0xd5, 0x0, 0x0,
    0x0, 0x5, 0x0, 0x40, 0xec, 0x0, 0x0, 0x0,
    0x0, 0x3c, 0xf0, 0x0, 0x0, 0x0, 0x0, 0x0,
    0x40, 0xec, 0x0, 0x0, 0x0, 0x0, 0x3c, 0xf0,
    0x0, 0x0, 0x0, 0x0, 0x0, 0x40, 0xec, 0x77,
    0x8d, 0x8e, 0x92, 0xae, 0xf9, 0x9f, 0xa6, 0xae,
    0xb6, 0x88, 0x40, 0xec, 0x61, 0x7a, 0x79, 0x76,
    0x72, 0x6d, 0x66, 0x5e, 0x54, 0x48, 0x2d, 0x40,
    0xec, 0x0, 0x0, 0x0, 0x0, 0x0, 0x0, 0x0,
    0x0, 0x0, 0x0, 0x0, 0x40, 0xec, 0x0, 0x0,
    0x0, 0x0, 0x0, 0x0, 0x0, 0x0, 0x0, 0x0,
    0x0, 0x40, 0xec, 0x0, 0x0, 0x0, 0x0, 0x0,
    0x0, 0x0, 0x0, 0x0, 0x0, 0x0, 0xc, 0x2c,

    /* U+CD94 "추" */
    0x0, 0x0, 0x0, 0x0, 0x0, 0x0, 0x67, 0x73,
    0x0, 0x0, 0x0, 0x0, 0x0, 0x0, 0x0, 0x0,
    0x0, 0x0, 0x0, 0x0, 0x90, 0xa0, 0x0, 0x0,
    0x0, 0x0, 0x0, 0x0, 0x0, 0x6c, 0xff, 0xff,
    0xff, 0xff, 0xff, 0xff, 0xff, 0xff, 0xff, 0xff,
    0x74, 0x0, 0x0, 0x5, 0xc, 0xc, 0xc, 0xc,
    0xca, 0xd2, 0xd, 0xc, 0xc, 0xc, 0x5, 0x0,
    0x0, 0x0, 0x0, 0x0, 0x3, 0x89, 0xea, 0xe4,
    0x99, 0x6, 0x0, 0x0, 0x0, 0x0, 0x0, 0x0,
    0x4, 0x58, 0xcf, 0xce, 0x29, 0x20, 0xc4, 0xdd,
    0x6b, 0xd, 0x0, 0x0, 0x11, 0xb8, 0xf0, 0xc9,
    0x58, 0x2, 0x0, 0x0, 0x1, 0x51, 0xc3, 0xfb,
    0xc9, 0x18, 0x0, 0x3f, 0x1f, 0x0, 0x0, 0x0,
    0x0, 0x0, 0x0, 0x0, 0x0, 0x1e, 0x44, 0x0,
    0x13, 0x14, 0x14, 0x14, 0x14, 0x14, 0x14, 0x14,
    0x14, 0x14, 0x14, 0x14, 0x14, 0x14, 0xf0, 0xf4,
    0xf4, 0xf4, 0xf4, 0xf4, 0xfa, 0xfb, 0xf4, 0xf4,
    0xf4, 0xf4, 0xf4, 0xf4, 0x0, 0x0, 0x0, 0x0,
    0x0, 0x0, 0x94, 0x98, 0x0, 0x0, 0x0, 0x0,
    0x0, 0x0, 0x0, 0x0, 0x0, 0x0, 0x0, 0x0,
    0x94, 0x98, 0x0, 0x0, 0x0, 0x0, 0x0, 0x0,
    0x0, 0x0, 0x0, 0x0, 0x0, 0x0, 0x94, 0x98,
    0x0, 0x0, 0x0, 0x0, 0x0, 0x0, 0x0, 0x0,
    0x0, 0x0, 0x0, 0x0, 0x94, 0x98, 0x0, 0x0,
    0x0, 0x0, 0x0, 0x0, 0x0, 0x0, 0x0, 0x0,
    0x0, 0x0, 0x94, 0x98, 0x0, 0x0, 0x0, 0x0,
    0x0, 0x0,

    /* U+CD95 "축" */
    0x0, 0x0, 0x0, 0x0, 0x0, 0x0, 0x2, 0x2,
    0x0, 0x0, 0x0, 0x0, 0x0, 0x0, 0x0, 0x0,
    0x0, 0x0, 0x0, 0x0, 0x90, 0xa0, 0x0, 0x0,
    0x0, 0x0, 0x0, 0x0, 0x0, 0x0, 0x0, 0x0,
    0x0, 0x0, 0x90, 0xa0, 0x0, 0x0, 0x0, 0x0,
    0x0, 0x0, 0x0, 0x58, 0xff, 0xff, 0xff, 0xff,
    0xff, 0xff, 0xff, 0xff, 0xff, 0xff, 0x60, 0x0,
    0x0, 0x4, 0xc, 0xc, 0xc, 0x48, 0xec, 0xec,
    0x4e, 0xc, 0xc, 0xc, 0x4, 0x0, 0x5, 0x27,
    0x41, 0x7a, 0xc3, 0xd3, 0x42, 0x31, 0xbd, 0xc8,
    0x7f, 0x46, 0x2b, 0x7, 0x7, 0xcd, 0xcb, 0x91,
    0x3e, 0x1, 0x0, 0x0, 0x0, 0x2b, 0x83, 0xc6,
    0xd8, 0x9, 0x0, 0x0, 0x0, 0x0, 0x0, 0x0,
    0x0, 0x0, 0x0, 0x0, 0x0, 0x0, 0x0, 0x0,
    0xd0, 0xd4, 0xd4, 0xd4, 0xd4, 0xd4, 0xd4, 0xd4,
    0xd4, 0xd4, 0xd4, 0xd4, 0xd4, 0xd4, 0x37, 0x38,
    0x38, 0x38, 0x38, 0x38, 0xab, 0xb1, 0x38, 0x38,
    0x38, 0x38, 0x38, 0x38, 0x0, 0x0, 0x0, 0x0,
    0x0, 0x0, 0x94, 0x9c, 0x0, 0x0, 0x0, 0x0,
    0x0, 0x0, 0x0, 0x0, 0xf4, 0xf4, 0xf4, 0xf4,
    0xfa, 0xfb, 0xf4, 0xf4, 0xf4, 0xab, 0x0, 0x0,
    0x0, 0x0, 0x18, 0x18, 0x18, 0x18, 0x18, 0x18,
    0x18, 0x18, 0x84, 0xb4, 0x0, 0x0, 0x0, 0x0,
    0x0, 0x0, 0x0, 0x0, 0x0, 0x0, 0x0, 0x0,
    0x78, 0xb4, 0x0, 0x0, 0x0, 0x0, 0x0, 0x0,
    0x0, 0x0, 0x0, 0x0, 0x0, 0x0, 0x78, 0xb4,
    0x0, 0x0, 0x0, 0x0, 0x0, 0x0, 0x0, 0x0,
    0x0, 0x0, 0x0, 0x0, 0x78, 0xb4, 0x0, 0x0,
    0x0, 0x0, 0x0, 0x0, 0x0, 0x0, 0x0, 0x0,
    0x0, 0x0, 0x16, 0x21, 0x0, 0x0,

    /* U+CE20 "츠" */
    0x0, 0x0, 0x0, 0x0, 0x0, 0x0, 0x94, 0x9c,
    0x0, 0x0, 0x0, 0x0, 0x0, 0x0, 0x0, 0x5e,
    0xe0, 0xe0, 0xe0, 0xe0, 0xf2, 0xf3, 0xe0, 0xe0,
    0xe0, 0xe0, 0x65, 0x0, 0x0, 0x12, 0x2c, 0x2c,
    0x2c, 0x2c, 0xb9, 0xb9, 0x2c, 0x2c, 0x2c, 0x2c,
    0x13, 0x0, 0x0, 0x0, 0x0, 0x0, 0x0, 0x16,
    0xf1, 0xf0, 0x13, 0x0, 0x0, 0x0, 0x0, 0x0,
    0x0, 0x0, 0x0, 0x0, 0xd, 0xc3, 0xa5, 0xad,
    0xbd, 0xa, 0x0, 0x0, 0x0, 0x0, 0x0, 0x0,
    0x0, 0x36, 0xd6, 0xb1, 0xa, 0x9, 0xb2, 0xd9,
    0x44, 0x0, 0x0, 0x0, 0xe, 0x60, 0xb7, 0xf0,
    0x73, 0x2, 0x0, 0x0, 0x1, 0x6a, 0xec, 0xc7,
    0x7b, 0x14, 0x4, 0xa3, 0x78, 0x15, 0x0, 0x0,
    0x0, 0x0, 0x0, 0x0, 0x11, 0x72, 0xa9, 0x6,
    0x0, 0x0, 0x0, 0x0, 0x0, 0x0, 0x0, 0x0,
    0x0, 0x0, 0x0, 0x0, 0x0, 0x0, 0x0, 0x0,
    0x0, 0x0, 0x0, 0x0, 0x0, 0x0, 0x0, 0x0,
    0x0, 0x0, 0x0, 0x0, 0x17, 0x18, 0x18, 0x18,
    0x18, 0x18, 0x18, 0x18, 0x18, 0x18, 0x18, 0x18,
    0x18, 0x18, 0xf0, 0xf4, 0xf4, 0xf4, 0xf4, 0xf4,
    0xf4, 0xf4, 0xf4, 0xf4, 0xf4, 0xf4, 0xf4, 0xf4,

    /* U+CE21 "측" */
    0x0, 0x0, 0x0, 0x0, 0x0, 0x0, 0x53, 0x5c,
    0x0, 0x0, 0x0, 0x0, 0x0, 0x0, 0x0, 0x0,
    0x0, 0x0, 0x0, 0x0, 0x90, 0xa0, 0x0, 0x0,
    0x0, 0x0, 0x0, 0x0, 0x0, 0x58, 0xff, 0xff,
    0xff, 0xff, 0xff, 0xff, 0xff, 0xff, 0xff, 0xff,
    0x60, 0x0, 0x0, 0x4, 0xc, 0xc, 0xc, 0x2d,
    0xed, 0xf0, 0x31, 0xc, 0xc, 0xc, 0x4, 0x0,
    0x0, 0x0, 0x0, 0x24, 0x7f, 0xec, 0x79, 0x67,
    0xe8, 0x81, 0x26, 0x0, 0x0, 0x0, 0xd, 0xb5,
    0xdd, 0xed, 0x98, 0x27, 0x0, 0x0, 0x1a, 0x89,
    0xe7, 0xe0, 0xbc, 0x11, 0x0, 0x41, 0x35, 0x5,
    0x0, 0x0, 0x0, 0x0, 0x0, 0x0, 0x3, 0x32,
    0x49, 0x0, 0x37, 0x38, 0x38, 0x38, 0x38, 0x38,
    0x38, 0x38, 0x38, 0x38, 0x38, 0x38, 0x38, 0x38,
    0xd0, 0xd4, 0xd4, 0xd4, 0xd4, 0xd4, 0xd4, 0xd4,
    0xd4, 0xd4, 0xd4, 0xd4, 0xd4, 0xd4, 0x0, 0x0,
    0x0, 0x0, 0x0, 0x0, 0x0, 0x0, 0x0, 0x0,
    0x0, 0x0, 0x0, 0x0, 0x0, 0x0, 0xf4, 0xf4,
    0xf4, 0xf4, 0xf4, 0xf4, 0xf4, 0xf4, 0xf4, 0xab,
    0x0, 0x0, 0x0, 0x0, 0x18, 0x18, 0x18, 0x18,
    0x18, 0x18, 0x18, 0x18, 0x84, 0xb4, 0x0, 0x0,
    0x0, 0x0, 0x0, 0x0, 0x0, 0x0, 0x0, 0x0,
    0x0, 0x0, 0x78, 0xb4, 0x0, 0x0, 0x0, 0x0,
    0x0, 0x0, 0x0, 0x0, 0x0, 0x0, 0x0, 0x0,
    0x78, 0xb4, 0x0, 0x0, 0x0, 0x0, 0x0, 0x0,
    0x0, 0x0, 0x0, 0x0, 0x0, 0x0, 0x78, 0xb4,
    0x0, 0x0, 0x0, 0x0, 0x0, 0x0, 0x0, 0x0,
    0x0, 0x0, 0x0, 0x0, 0x16, 0x21, 0x0, 0x0,

    /* U+CE58 "치" */
    0x0, 0x0, 0x0, 0x0, 0x51, 0xb9, 0x0, 0x0,
    0x0, 0x0, 0x0, 0x39, 0xd2, 0x0, 0x0, 0x0,
    0x0, 0x5c, 0xd0, 0x0, 0x0, 0x0, 0x0, 0x0,
    0x40, 0xec, 0xf, 0xc8, 0xc8, 0xc8, 0xdc, 0xf5,
    0xc8, 0xc8, 0xc8, 0x6d, 0x0, 0x40, 0xec, 0x5,
    0x44, 0x44, 0x44, 0x84, 0xde, 0x44, 0x44, 0x44,
    0x25, 0x0, 0x40, 0xec, 0x0, 0x0, 0x0, 0x0,
    0x59, 0xd1, 0x0, 0x0, 0x0, 0x0, 0x0, 0x40,
    0xec, 0x0, 0x0, 0x0, 0x0, 0x6f, 0xe5, 0x0,
    0x0, 0x0, 0x0, 0x0, 0x40, 0xec, 0x0, 0x0,
    0x0, 0x0, 0xb5, 0xff, 0x30, 0x0, 0x0, 0x0,
    0x0, 0x40, 0xec, 0x0, 0x0, 0x0, 0x2d, 0xf6,
    0xa7, 0xb2, 0x0, 0x0, 0x0, 0x0, 0x40, 0xec,
    0x0, 0x0, 0x6, 0xca, 0x86, 0x11, 0xde, 0x7b,
    0x0, 0x0, 0x0, 0x40, 0xec, 0x0, 0x5, 0xa9,
    0xc5, 0x5, 0x0, 0x2c, 0xe9, 0x82, 0x6, 0x0,
    0x40, 0xec, 0x22, 0xc9, 0xd2, 0x12, 0x0, 0x0,
    0x0, 0x28, 0xd7, 0xb6, 0x0, 0x40, 0xec, 0x7,
    0x7c, 0xd, 0x0, 0x0, 0x0, 0x0, 0x0, 0x9,
    0x1c, 0x0, 0x40, 0xec, 0x0, 0x0, 0x0, 0x0,
    0x0, 0x0, 0x0, 0x0, 0x0, 0x0, 0x0, 0x40,
    0xec, 0x0, 0x0, 0x0, 0x0, 0x0, 0x0, 0x0,
    0x0, 0x0, 0x0, 0x0, 0x40, 0xec, 0x0, 0x0,
    0x0, 0x0, 0x0, 0x0, 0x0, 0x0, 0x0, 0x0,
    0x0, 0x40, 0xec, 0x0, 0x0, 0x0, 0x0, 0x0,
    0x0, 0x0, 0x0, 0x0, 0x0, 0x0, 0xc, 0x2c,

    /* U+CE69 "칩" */
    0x0, 0x0, 0x0, 0x0, 0xa7, 0x76, 0x0, 0x0,
    0x0, 0x0, 0x0, 0xbf, 0x30, 0x0, 0x0, 0x0,
    0x0, 0xb0, 0x7c, 0x0, 0x0, 0x0, 0x0, 0x0,
    0xec, 0x3c, 0x2c, 0xff, 0xff, 0xff, 0xff, 0xff,
    0xff, 0xff, 0xf8, 0x0, 0x0, 0xec, 0x3c, 0x0,
    0x4, 0x4, 0x4, 0xb3, 0x7f, 0x4, 0x4, 0x3,
    0x0, 0x0, 0xec, 0x3c, 0x0, 0x0, 0x0, 0x1,
    0xdd, 0xaf, 0x0, 0x0, 0x0, 0x0, 0x0, 0xec,
    0x3c, 0x0, 0x0, 0x0, 0x6d, 0xd1, 0xe8, 0x4d,
    0x0, 0x0, 0x0, 0x0, 0xec, 0x3c, 0x0, 0x0,
    0x6a, 0xef, 0x2f, 0x40, 0xf0, 0x6a, 0x0, 0x0,
    0x0, 0xec, 0x3c, 0x2f, 0xb3, 0xec, 0x3f, 0x0,
    0x0, 0x35, 0xdc, 0xd3, 0x1d, 0x0, 0xec, 0x3c,
    0x2d, 0xa4, 0x1c, 0x0, 0x0, 0x0, 0x0, 0x7,
    0x4d, 0x0, 0x0, 0x2c, 0xb, 0x0, 0x0, 0x0,
    0xd1, 0x30, 0x0, 0x0, 0x0, 0x0, 0x0, 0x0,
    0xc3, 0x37, 0x0, 0x0, 0x0, 0xf4, 0x38, 0x0,
    0x0, 0x0, 0x0, 0x0, 0x0, 0xe4, 0x40, 0x0,
    0x0, 0x0, 0xf4, 0xf6, 0xf4, 0xf4, 0xf4, 0xf4,
    0xf4, 0xf4, 0xfe, 0x40, 0x0, 0x0, 0x0, 0xf4,
    0x4a, 0x18, 0x18, 0x18, 0x18, 0x18, 0x18, 0xe6,
    0x40, 0x0, 0x0, 0x0, 0xf4, 0x3e, 0x8, 0x8,
    0x8, 0x8, 0x8, 0x8, 0xe4, 0x40, 0x0, 0x0,
    0x0, 0xf4, 0xff, 0xff, 0xff, 0xff, 0xff, 0xff,
    0xff, 0xff, 0x40,

    /* U+CE74 "카" */
    0x0, 0x0, 0x0, 0x0, 0x0, 0x0, 0x0, 0x0,
    0x0, 0x0, 0x39, 0xd2, 0x0, 0x0, 0x0, 0x0,
    0x0, 0x0, 0x0, 0x0, 0x0, 0x0, 0x0, 0x0,
    0x0, 0x40, 0xec, 0x0, 0x0, 0x0, 0x4, 0xff,
    0xff, 0xff, 0xff, 0xff, 0xff, 0xf7, 0x0, 0x0,
    0x40, 0xec, 0x0, 0x0, 0x0, 0x0, 0xc, 0xc,
    0xc, 0xc, 0xc, 0x57, 0xdc, 0x0, 0x0, 0x40,
    0xec, 0x0, 0x0, 0x0, 0x0, 0x0, 0x0, 0x0,
    0x0, 0x0, 0x8b, 0xa3, 0x0, 0x0, 0x40, 0xec,
    0x0, 0x0, 0x0, 0x31, 0x5b, 0x6b, 0x7c, 0x8c,
    0x9c, 0xeb, 0x4e, 0x0, 0x0, 0x40, 0xec, 0x0,
    0x0, 0x0, 0x53, 0xb1, 0x98, 0x7f, 0x66, 0xb3,
    0xd7, 0x3, 0x0, 0x0, 0x40, 0xf1, 0x4c, 0x4c,
    0x2f, 0x0, 0x0, 0x0, 0x0, 0x30, 0xf6, 0x42,
    0x0, 0x0, 0x0, 0x40, 0xfa, 0xb4, 0xb4, 0x70,
    0x0, 0x0, 0x0, 0x2c, 0xea, 0x77, 0x0, 0x0,
    0x0, 0x0, 0x40, 0xec, 0x0, 0x0, 0x0, 0x0,
    0x0, 0x56, 0xef, 0x7d, 0x0, 0x0, 0x0, 0x0,
    0x0, 0x40, 0xec, 0x0, 0x0, 0x0, 0x2d, 0xb1,
    0xef, 0x52, 0x0, 0x0, 0x0, 0x0, 0x0, 0x0,
    0x40, 0xec, 0x0, 0x0, 0x0, 0x27, 0x98, 0x18,
    0x0, 0x0, 0x0, 0x0, 0x0, 0x0, 0x0, 0x40,
    0xec, 0x0, 0x0, 0x0, 0x0, 0x0, 0x0, 0x0,
    0x0, 0x0, 0x0, 0x0, 0x0, 0x0, 0x40, 0xec,
    0x0, 0x0, 0x0, 0x0, 0x0, 0x0, 0x0, 0x0,
    0x0, 0x0, 0x0, 0x0, 0x0, 0x40, 0xec, 0x0,
    0x0, 0x0, 0x0, 0x0, 0x0, 0x0, 0x0, 0x0,
    0x0, 0x0, 0x0, 0x0, 0x40, 0xec, 0x0, 0x0,
    0x0, 0x0, 0x0, 0x0, 0x0, 0x0, 0x0, 0x0,
    0x0, 0x0, 0x0, 0xc, 0x2c, 0x0, 0x0, 0x0,

    /* U+CE90 "캐" */
    0x0, 0x0, 0x0, 0x0, 0x0, 0x0, 0x0, 0x0,
    0x0, 0x0, 0x0, 0x0, 0xb9, 0x51, 0x0, 0x0,
    0x0, 0x0, 0x0, 0x0, 0x0, 0x0, 0x0, 0xd4,
    0x50, 0x0, 0xd0, 0x5c, 0x0, 0x30, 0xff, 0xff,
    0xff, 0xff, 0xff, 0x77, 0x0, 0xd4, 0x50, 0x0,
    0xd0, 0x5c, 0x0, 0x1, 0x8, 0x8, 0x8, 0x8,
    0xca, 0x5b, 0x0, 0xd4, 0x50, 0x0, 0xd0, 0x5c,
    0x0, 0x0, 0x0, 0x0, 0x0, 0x4, 0xf2, 0x29,
    0x0, 0xd4, 0x50, 0x0, 0xd0, 0x5c, 0x0, 0x50,
    0x80, 0x93, 0xa6, 0xc2, 0xdf, 0x0, 0x0, 0xd4,
    0x50, 0x0, 0xd0, 0x5c, 0x0, 0x55, 0x90, 0x70,
    0x4f, 0xd2, 0x7f, 0x0, 0x0, 0xd4, 0x50, 0x0,
    0xd0, 0x5c, 0x0, 0x0, 0x0, 0x0, 0x44, 0xee,
    0x11, 0x0, 0x0, 0xd4, 0xe7, 0xdc, 0xf9, 0x5c,
    0x0, 0x0, 0x0, 0x16, 0xe6, 0x5e, 0x0, 0x0,
    0x0, 0xd4, 0x6b, 0x28, 0xd7, 0x5c, 0x0, 0x0,
    0x15, 0xd0, 0x96, 0x0, 0x0, 0x0, 0x0, 0xd4,
    0x50, 0x0, 0xd0, 0x5c, 0x0, 0x39, 0xda, 0x9d,
    0x2, 0x0, 0x0, 0x0, 0x0, 0xd4, 0x50, 0x0,
    0xd0, 0x5c, 0x1, 0xa1, 0x74, 0x0, 0x0, 0x0,
    0x0, 0x0, 0x0, 0xd4, 0x50, 0x0, 0xd0, 0x5c,
    0x0, 0x0, 0x0, 0x0, 0x0, 0x0, 0x0, 0x0,
    0x0, 0xd4, 0x50, 0x0, 0xd0, 0x5c, 0x0, 0x0,
    0x0, 0x0, 0x0, 0x0, 0x0, 0x0, 0x0, 0xd4,
    0x50, 0x0, 0xd0, 0x5c, 0x0, 0x0, 0x0, 0x0,
    0x0, 0x0, 0x0, 0x0, 0x0, 0xd4, 0x50, 0x0,
    0xd0, 0x5c, 0x0, 0x0, 0x0, 0x0, 0x0, 0x0,
    0x0, 0x0, 0x0, 0x0, 0x0, 0x0, 0x27, 0x11,

    /* U+CE94 "캔" */
    0x0, 0x0, 0x0, 0x0, 0x0, 0x0, 0x0, 0x0,
    0x0, 0x0, 0x0, 0x2d, 0xa5, 0x0, 0x0, 0x0,
    0x0, 0x0, 0x0, 0x0, 0x0, 0x0, 0x3c, 0xec,
    0x0, 0x40, 0xec, 0x0, 0x0, 0xf8, 0xff, 0xff,
    0xff, 0xff, 0xff, 0x6, 0x3c, 0xec, 0x0, 0x40,
    0xec, 0x0, 0x0, 0x3, 0x4, 0x4, 0x4, 0x41,
    0xe5, 0x0, 0x3c, 0xec, 0x0, 0x40, 0xec, 0x0,
    0x0, 0x0, 0xe, 0x20, 0x33, 0x9f, 0xa0, 0x0,
    0x3c, 0xec, 0x0, 0x40, 0xec, 0x0, 0x5d, 0xf7,
    0xe4, 0xc7, 0xc5, 0xfe, 0x33, 0x0, 0x3c, 0xf0,
    0x34, 0x67, 0xec, 0x0, 0x3, 0x3, 0x0, 0xa,
    0xc9, 0x94, 0x0, 0x0, 0x3c, 0xfb, 0xc8, 0xd6,
    0xec, 0x0, 0x0, 0x0, 0x19, 0xc7, 0xb6, 0x5,
    0x0, 0x0, 0x3c, 0xec, 0x0, 0x40, 0xec, 0x0,
    0xe, 0x73, 0xef, 0x92, 0x4, 0x0, 0x0, 0x0,
    0x3c, 0xec, 0x0, 0x40, 0xec, 0x0, 0x42, 0xbd,
    0x3d, 0x0, 0x0, 0x0, 0x0, 0x0, 0x3c, 0xec,
    0x0, 0x40, 0xec, 0x0, 0x0, 0x0, 0x0, 0x66,
    0x5e, 0x0, 0x0, 0x0, 0x3c, 0xec, 0x0, 0x40,
    0xec, 0x0, 0x0, 0x0, 0x0, 0x9c, 0x90, 0x0,
    0x0, 0x0, 0x7, 0x1d, 0x0, 0x3, 0xb, 0x0,
    0x0, 0x0, 0x0, 0x9c, 0x90, 0x0, 0x0, 0x0,
    0x0, 0x0, 0x0, 0x0, 0x0, 0x0, 0x0, 0x0,
    0x0, 0x9c, 0x95, 0xc, 0xc, 0xc, 0xc, 0xc,
    0xc, 0xc, 0xc, 0x3, 0x0, 0x0, 0x0, 0x9c,
    0xff, 0xff, 0xff, 0xff, 0xff, 0xff, 0xff, 0xff,
    0xff, 0x44,

    /* U+CEE4 "커" */
    0x0, 0x0, 0x0, 0x0, 0x0, 0x0, 0x0, 0x0,
    0x0, 0x0, 0x0, 0xd2, 0x35, 0x0, 0x0, 0x0,
    0x0, 0x0, 0x0, 0x0, 0x0, 0x0, 0x0, 0x0,
    0xec, 0x3c, 0x2c, 0xff, 0xff, 0xff, 0xff, 0xff,
    0xff, 0xd3, 0x0, 0x0, 0x0, 0xec, 0x3c, 0x2,
    0xc, 0xc, 0xc, 0xc, 0xc, 0x7d, 0xb7, 0x0,
    0x0, 0x0, 0xec, 0x3c, 0x0, 0x0, 0x0, 0x0,
    0x0, 0x0, 0xb2, 0x7d, 0x0, 0x0, 0x0, 0xec,
    0x3c, 0x54, 0x72, 0x82, 0x92, 0xa3, 0xb3, 0xf9,
    0x28, 0x0, 0x0, 0x0, 0xec, 0x3c, 0x71, 0x9a,
    0x80, 0x67, 0x4d, 0xc2, 0xb2, 0x3b, 0x84, 0x84,
    0x84, 0xf6, 0x3c, 0x0, 0x0, 0x0, 0x0, 0x4f,
    0xf2, 0x23, 0x36, 0x78, 0x78, 0x78, 0xf5, 0x3c,
    0x0, 0x0, 0x0, 0x42, 0xf3, 0x51, 0x0, 0x0,
    0x0, 0x0, 0x0, 0xec, 0x3c, 0x0, 0x0, 0x69,
    0xf1, 0x58, 0x0, 0x0, 0x0, 0x0, 0x0, 0x0,
    0xec, 0x3c, 0x3b, 0xbe, 0xe0, 0x37, 0x0, 0x0,
    0x0, 0x0, 0x0, 0x0, 0x0, 0xec, 0x3c, 0x3f,
    0x89, 0xb, 0x0, 0x0, 0x0, 0x0, 0x0, 0x0,
    0x0, 0x0, 0xec, 0x3c, 0x0, 0x0, 0x0, 0x0,
    0x0, 0x0, 0x0, 0x0, 0x0, 0x0, 0x0, 0xec,
    0x3c, 0x0, 0x0, 0x0, 0x0, 0x0, 0x0, 0x0,
    0x0, 0x0, 0x0, 0x0, 0xec, 0x3c, 0x0, 0x0,
    0x0, 0x0, 0x0, 0x0, 0x0, 0x0, 0x0, 0x0,
    0x0, 0xec, 0x3c, 0x0, 0x0, 0x0, 0x0, 0x0,
    0x0, 0x0, 0x0, 0x0, 0x0, 0x0, 0x2c, 0xb,

    /* U+CF00 "케" */
    0x0, 0x0, 0x0, 0x0, 0x0, 0x0, 0x0, 0x0,
    0x0, 0x0, 0x0, 0x39, 0xd2, 0x0, 0x0, 0x0,
    0x0, 0x0, 0x0, 0x0, 0x0, 0x28, 0xff, 0x0,
    0x40, 0xec, 0x0, 0xff, 0xff, 0xff, 0xff, 0xff,
    0xa7, 0x0, 0x28, 0xff, 0x0, 0x40, 0xec, 0x0,
    0x8, 0x8, 0x8, 0x8, 0x9b, 0x8b, 0x0, 0x28,
    0xff, 0x0, 0x40, 0xec, 0x0, 0x0, 0x0, 0x0,
    0x0, 0xc6, 0x5a, 0x0, 0x28, 0xff, 0x0, 0x40,
    0xec, 0x37, 0x76, 0x89, 0x9d, 0xb1, 0xf8, 0x15,
    0x0, 0x28, 0xff, 0x0, 0x40, 0xec, 0x3a, 0x9e,
    0x7e, 0x5d, 0xb0, 0xb1, 0x7e, 0x80, 0x94, 0xff,
    0x0, 0x40, 0xec, 0x0, 0x0, 0x0, 0x1d, 0xf2,
    0x35, 0x81, 0x84, 0x97, 0xff, 0x0, 0x40, 0xec,
    0x0, 0x0, 0x5, 0xc6, 0x93, 0x0, 0x0, 0x0,
    0x28, 0xff, 0x0, 0x40, 0xec, 0x0, 0x5, 0xad,
    0xc5, 0x7, 0x0, 0x0, 0x0, 0x28, 0xff, 0x0,
    0x40, 0xec, 0x1f, 0xbe, 0xc7, 0x10, 0x0, 0x0,
    0x0, 0x0, 0x28, 0xff, 0x0, 0x40, 0xec, 0x7c,
    0xa0, 0xa, 0x0, 0x0, 0x0, 0x0, 0x0, 0x28,
    0xff, 0x0, 0x40, 0xec, 0x0, 0x0, 0x0, 0x0,
    0x0, 0x0, 0x0, 0x0, 0x28, 0xff, 0x0, 0x40,
    0xec, 0x0, 0x0, 0x0, 0x0, 0x0, 0x0, 0x0,
    0x0, 0x28, 0xff, 0x0, 0x40, 0xec, 0x0, 0x0,
    0x0, 0x0, 0x0, 0x0, 0x0, 0x0, 0x28, 0xff,
    0x0, 0x40, 0xec, 0x0, 0x0, 0x0, 0x0, 0x0,
    0x0, 0x0, 0x0, 0x0, 0x0, 0x0, 0xc, 0x2c,

    /* U+CF1C "켜" */
    0x0, 0x0, 0x0, 0x0, 0x0, 0x0, 0x0, 0x0,
    0x0, 0x0, 0x0, 0xc7, 0x40, 0x0, 0x0, 0x0,
    0x0, 0x0, 0x0, 0x0, 0x0, 0x0, 0x0, 0x0,
    0xe0, 0x48, 0x14, 0xff, 0xff, 0xff, 0xff, 0xff,
    0xff, 0xeb, 0x0, 0x0, 0x0, 0xe0, 0x48, 0x0,
    0xc, 0xc, 0xc, 0xc, 0xc, 0x93, 0xcf, 0x0,
    0x0, 0x0, 0xe0, 0x48, 0x0, 0x0, 0x0, 0x0,
    0x0, 0x0, 0xc8, 0xa8, 0x84, 0x84, 0x84, 0xf0,
    0x48, 0x4b, 0x71, 0x82, 0x92, 0xa3, 0xb4, 0xfe,
    0x4f, 0x78, 0x78, 0x78, 0xef, 0x48, 0x5f, 0x99,
    0x7f, 0x65, 0x4b, 0xca, 0xc9, 0x0, 0x0, 0x0,
    0x0, 0xe0, 0x48, 0x0, 0x0, 0x0, 0x0, 0x55,
    0xfa, 0x34, 0x0, 0x0, 0x0, 0x0, 0xe0, 0x48,
    0x0, 0x0, 0x0, 0x42, 0xf6, 0x66, 0x0, 0x12,
    0x30, 0x30, 0x30, 0xe6, 0x48, 0x0, 0x0, 0x63,
    0xf4, 0x6c, 0x0, 0x0, 0x4e, 0xd0, 0xd0, 0xd0,
    0xfa, 0x48, 0x31, 0xb7, 0xe9, 0x45, 0x0, 0x0,
    0x0, 0x0, 0x0, 0x0, 0x0, 0xe0, 0x48, 0x2f,
    0x92, 0x11, 0x0, 0x0, 0x0, 0x0, 0x0, 0x0,
    0x0, 0x0, 0xe0, 0x48, 0x0, 0x0, 0x0, 0x0,
    0x0, 0x0, 0x0, 0x0, 0x0, 0x0, 0x0, 0xe0,
    0x48, 0x0, 0x0, 0x0, 0x0, 0x0, 0x0, 0x0,
    0x0, 0x0, 0x0, 0x0, 0xe0, 0x48, 0x0, 0x0,
    0x0, 0x0, 0x0, 0x0, 0x0, 0x0, 0x0, 0x0,
    0x0, 0xe0, 0x48, 0x0, 0x0, 0x0, 0x0, 0x0,
    0x0, 0x0, 0x0, 0x0, 0x0, 0x0, 0x2a, 0xd,

    /* U+CF54 "코" */
    0x0, 0x20, 0xff, 0xff, 0xff, 0xff, 0xff, 0xff,
    0xff, 0xff, 0xff, 0xdc, 0x0, 0x0, 0x0, 0x1,
    0x8, 0x8, 0x8, 0x8, 0x8, 0x8, 0x8, 0x8,
    0x56, 0xdc, 0x0, 0x0, 0x0, 0x0, 0x0, 0x0,
    0x0, 0x0, 0x0, 0x0, 0x0, 0x0, 0x53, 0xdc,
    0x0, 0x0, 0x0, 0x0, 0x0, 0x2, 0xe, 0x1c,
    0x29, 0x36, 0x43, 0x50, 0x91, 0xda, 0x0, 0x0,
    0x0, 0xab, 0xf4, 0xff, 0xfe, 0xf1, 0xe0, 0xcf,
    0xbe, 0xac, 0xbf, 0xd2, 0x0, 0x0, 0x0, 0x1f,
    0x25, 0x14, 0x3, 0x0, 0x0, 0x0, 0x0, 0x0,
    0x5f, 0xc9, 0x0, 0x0, 0x0, 0x0, 0x0, 0x0,
    0x0, 0x44, 0xa2, 0x0, 0x0, 0x0, 0x6d, 0xb7,
    0x0, 0x0, 0x0, 0x0, 0x0, 0x0, 0x0, 0x58,
    0xd0, 0x0, 0x0, 0x0, 0x84, 0x9a, 0x0, 0x0,
    0x0, 0x0, 0x0, 0x0, 0x0, 0x58, 0xd0, 0x0,
    0x0, 0x0, 0x1e, 0x24, 0x0, 0x0, 0x17, 0x18,
    0x18, 0x18, 0x18, 0x67, 0xd4, 0x18, 0x18, 0x18,
    0x18, 0x18, 0x18, 0x18, 0xf0, 0xf4, 0xf4, 0xf4,
    0xf4, 0xf4, 0xf4, 0xf4, 0xf4, 0xf4, 0xf4, 0xf4,
    0xf4, 0xf4,

    /* U+CFE0 "쿠" */
    0x0, 0x0, 0xc4, 0xff, 0xff, 0xff, 0xff, 0xff,
    0xff, 0xff, 0xff, 0xe1, 0x0, 0x0, 0x0, 0x0,
    0x9, 0xc, 0xc, 0xc, 0xc, 0xc, 0xc, 0xc,
    0x51, 0xde, 0x0, 0x0, 0x0, 0x0, 0x0, 0x0,
    0x0, 0x0, 0x0, 0x1, 0x9, 0x11, 0x5f, 0xd7,
    0x0, 0x0, 0x0, 0x3f, 0xd7, 0xdf, 0xe8, 0xf0,
    0xf8, 0xff, 0xf8, 0xeb, 0xeb, 0xcd, 0x0, 0x0,
    0x0, 0xd, 0x44, 0x37, 0x2b, 0x1e, 0x11, 0x4,
    0x0, 0x0, 0x60, 0xc0, 0x0, 0x0, 0x0, 0x0,
    0x0, 0x0, 0x0, 0x0, 0x0, 0x0, 0x0, 0x0,
    0x6c, 0xb2, 0x0, 0x0, 0x17, 0x18, 0x18, 0x18,
    0x18, 0x18, 0x18, 0x18, 0x18, 0x18, 0x83, 0xab,
    0x18, 0x18, 0xf0, 0xf4, 0xf4, 0xf4, 0xf4, 0xf4,
    0xfd, 0xf9, 0xf4, 0xf4, 0xf4, 0xf4, 0xf4, 0xf4,
    0x0, 0x0, 0x0, 0x0, 0x0, 0x0, 0xc0, 0x6c,
    0x0, 0x0, 0x0, 0x0, 0x0, 0x0, 0x0, 0x0,
    0x0, 0x0, 0x0, 0x0, 0xc0, 0x6c, 0x0, 0x0,
    0x0, 0x0, 0x0, 0x0, 0x0, 0x0, 0x0, 0x0,
    0x0, 0x0, 0xc0, 0x6c, 0x0, 0x0, 0x0, 0x0,
    0x0, 0x0, 0x0, 0x0, 0x0, 0x0, 0x0, 0x0,
    0xc0, 0x6c, 0x0, 0x0, 0x0, 0x0, 0x0, 0x0,
    0x0, 0x0, 0x0, 0x0, 0x0, 0x0, 0xc0, 0x6c,
    0x0, 0x0, 0x0, 0x0, 0x0, 0x0, 0x0, 0x0,
    0x0, 0x0, 0x0, 0x0, 0xc0, 0x6c, 0x0, 0x0,
    0x0, 0x0, 0x0, 0x0,

    /* U+D06C "크" */
    0x0, 0xc, 0xff, 0xff, 0xff, 0xff, 0xff, 0xff,
    0xff, 0xff, 0xff, 0xb4, 0x0, 0x0, 0x0, 0x0,
    0xc, 0xc, 0xc, 0xc, 0xc, 0xc, 0xc, 0xc,
    0x7a, 0xb4, 0x0, 0x0, 0x0, 0x0, 0x0, 0x0,
    0x0, 0x0, 0x0, 0x0, 0x0, 0x0, 0x74, 0xb4,
    0x0, 0x0, 0x0, 0x0, 0x0, 0x0, 0x0, 0x0,
    0x0, 0x2, 0xa, 0x12, 0x81, 0xb4, 0x0, 0x0,
    0x0, 0x96, 0xd6, 0xdf, 0xe8, 0xf0, 0xf9, 0xff,
    0xfb, 0xee, 0xf1, 0xb2, 0x0, 0x0, 0x0, 0x35,
    0x4e, 0x40, 0x33, 0x25, 0x17, 0xa, 0x0, 0x0,
    0x7f, 0xac, 0x0, 0x0, 0x0, 0x0, 0x0, 0x0,
    0x0, 0x0, 0x0, 0x0, 0x0, 0x0, 0x8a, 0xa1,
    0x0, 0x0, 0x0, 0x0, 0x0, 0x0, 0x0, 0x0,
    0x0, 0x0, 0x0, 0x0, 0x97, 0x90, 0x0, 0x0,
    0x0, 0x0, 0x0, 0x0, 0x0, 0x0, 0x0, 0x0,
    0x0, 0x0, 0xa9, 0x7c, 0x0, 0x0, 0x33, 0x34,
    0x34, 0x34, 0x34, 0x34, 0x34, 0x34, 0x34, 0x34,
    0xc7, 0x87, 0x34, 0x34, 0xd4, 0xd8, 0xd8, 0xd8,
    0xd8, 0xd8, 0xd8, 0xd8, 0xd8, 0xd8, 0xd8, 0xd8,
    0xd8, 0xd8,

    /* U+D0A4 "키" */
    0x0, 0x0, 0x0, 0x0, 0x0, 0x0, 0x0, 0x0,
    0x0, 0x0, 0x0, 0xd2, 0x35, 0x0, 0x0, 0x0,
    0x0, 0x0, 0x0, 0x0, 0x0, 0x0, 0x0, 0x0,
    0xec, 0x3c, 0x0, 0xe8, 0xff, 0xff, 0xff, 0xff,
    0xff, 0xff, 0x1b, 0x0, 0x0, 0xec, 0x3c, 0x0,
    0xa, 0xc, 0xc, 0xc, 0xc, 0x38, 0xfa, 0x4,
    0x0, 0x0, 0xec, 0x3c, 0x0, 0x0, 0x0, 0x0,
    0x0, 0x0, 0x6b, 0xc5, 0x0, 0x0, 0x0, 0xec,
    0x3c, 0x37, 0x6e, 0x7e, 0x8e, 0x9e, 0xae, 0xe5,
    0x6f, 0x0, 0x0, 0x0, 0xec, 0x3c, 0x40, 0xa2,
    0x88, 0x6e, 0x54, 0x8b, 0xeb, 0xf, 0x0, 0x0,
    0x0, 0xec, 0x3c, 0x0, 0x0, 0x0, 0x0, 0x1a,
    0xeb, 0x5f, 0x0, 0x0, 0x0, 0x0, 0xec, 0x3c,
    0x0, 0x0, 0x0, 0x1a, 0xd9, 0x98, 0x0, 0x0,
    0x0, 0x0, 0x0, 0xec, 0x3c, 0x0, 0x0, 0x3c,
    0xe1, 0x9a, 0x2, 0x0, 0x0, 0x0, 0x0, 0x0,
    0xec, 0x3c, 0x1d, 0x9c, 0xf4, 0x6a, 0x0, 0x0,
    0x0, 0x0, 0x0, 0x0, 0x0, 0xec, 0x3c, 0x15,
    0x9b, 0x24, 0x0, 0x0, 0x0, 0x0, 0x0, 0x0,
    0x0, 0x0, 0xec, 0x3c, 0x0, 0x0, 0x0, 0x0,
    0x0, 0x0, 0x0, 0x0, 0x0, 0x0, 0x0, 0xec,
    0x3c, 0x0, 0x0, 0x0, 0x0, 0x0, 0x0, 0x0,
    0x0, 0x0, 0x0, 0x0, 0xec, 0x3c, 0x0, 0x0,
    0x0, 0x0, 0x0, 0x0, 0x0, 0x0, 0x0, 0x0,
    0x0, 0xec, 0x3c, 0x0, 0x0, 0x0, 0x0, 0x0,
    0x0, 0x0, 0x0, 0x0, 0x0, 0x0, 0x2c, 0xb,

    /* U+D0C0 "타" */
    0x0, 0x0, 0x0, 0x0, 0x0, 0x0, 0x0, 0x0,
    0x0, 0x35, 0xd2, 0x0, 0x0, 0x0, 0x0, 0x0,
    0x0, 0x0, 0x0, 0x0, 0x0, 0x0, 0x0, 0x3c,
    0xec, 0x0, 0x0, 0x0, 0xec, 0xff, 0xff, 0xff,
    0xff, 0xff, 0xff, 0x20, 0x0, 0x3c, 0xec, 0x0,
    0x0, 0x0, 0xec, 0x49, 0xc, 0xc, 0xc, 0xc,
    0xc, 0x1, 0x0, 0x3c, 0xec, 0x0, 0x0, 0x0,
    0xec, 0x40, 0x0, 0x0, 0x0, 0x0, 0x0, 0x0,
    0x0, 0x3c, 0xec, 0x0, 0x0, 0x0, 0xec, 0x40,
    0x0, 0x0, 0x0, 0x0, 0x0, 0x0, 0x0, 0x3c,
    0xec, 0x0, 0x0, 0x0, 0xec, 0xeb, 0xe4, 0xe4,
    0xe4, 0xe4, 0xa3, 0x0, 0x0, 0x3c, 0xf7, 0x94,
    0x94, 0x45, 0xec, 0x52, 0x18, 0x18, 0x18, 0x18,
    0x11, 0x0, 0x0, 0x3c, 0xf4, 0x6c, 0x6c, 0x32,
    0xec, 0x40, 0x0, 0x0, 0x0, 0x0, 0x0, 0x0,
    0x0, 0x3c, 0xec, 0x0, 0x0, 0x0, 0xec, 0x40,
    0x0, 0x0, 0x0, 0x0, 0x0, 0x0, 0x0, 0x3c,
    0xec, 0x0, 0x0, 0x0, 0xec, 0xbe, 0xa8, 0xa9,
    0xad, 0xb2, 0xbc, 0xcc, 0x1e, 0x3c, 0xec, 0x0,
    0x0, 0x0, 0x4d, 0x54, 0x53, 0x51, 0x4f, 0x49,
    0x3a, 0x28, 0x5, 0x3c, 0xec, 0x0, 0x0, 0x0,
    0x0, 0x0, 0x0, 0x0, 0x0, 0x0, 0x0, 0x0,
    0x0, 0x3c, 0xec, 0x0, 0x0, 0x0, 0x0, 0x0,
    0x0, 0x0, 0x0, 0x0, 0x0, 0x0, 0x0, 0x3c,
    0xec, 0x0, 0x0, 0x0, 0x0, 0x0, 0x0, 0x0,
    0x0, 0x0, 0x0, 0x0, 0x0, 0x3c, 0xec, 0x0,
    0x0, 0x0, 0x0, 0x0, 0x0, 0x0, 0x0, 0x0,
    0x0, 0x0, 0x0, 0xb, 0x2c, 0x0, 0x0, 0x0,

    /* U+D0D0 "탐" */
    0x0, 0x0, 0x0, 0x0, 0x0, 0x0, 0x0, 0x0,
    0x0, 0x1b, 0x6a, 0x0, 0x0, 0x0, 0xec, 0xff,
    0xff, 0xff, 0xff, 0xff, 0xff, 0x38, 0x0, 0x3c,
    0xec, 0x0, 0x0, 0x0, 0xec, 0x4c, 0x10, 0x10,
    0x10, 0x10, 0x10, 0x3, 0x0, 0x3c, 0xec, 0x0,
    0x0, 0x0, 0xec, 0x52, 0x18, 0x18, 0x18, 0x18,
    0xa, 0x0, 0x0, 0x3c, 0xec, 0x0, 0x0, 0x0,
    0xec, 0xfa, 0xf8, 0xf8, 0xf8, 0xf8, 0x6c, 0x0,
    0x0, 0x3c, 0xfd, 0xdc, 0xdc, 0x2c, 0xec, 0x40,
    0x0, 0x0, 0x0, 0x0, 0x0, 0x0, 0x0, 0x3c,
    0xf1, 0x40, 0x40, 0xd, 0xec, 0x55, 0x1c, 0x1e,
    0x22, 0x28, 0x30, 0x2b, 0x0, 0x3c, 0xec, 0x0,
    0x0, 0x0, 0xe8, 0xfb, 0xf9, 0xf6, 0xf1, 0xea,
    0xe1, 0xa0, 0x0, 0x3c, 0xec, 0x0, 0x0, 0x0,
    0x0, 0x0, 0x0, 0x0, 0x0, 0x0, 0x0, 0x0,
    0x0, 0x35, 0xd2, 0x0, 0x0, 0x0, 0x0, 0x19,
    0x48, 0x48, 0x48, 0x48, 0x48, 0x48, 0x48, 0x48,
    0x42, 0x0, 0x0, 0x0, 0x0, 0x5c, 0xf2, 0xc0,
    0xc0, 0xc0, 0xc0, 0xc0, 0xc0, 0xce, 0xec, 0x0,
    0x0, 0x0, 0x0, 0x5c, 0xc8, 0x0, 0x0, 0x0,
    0x0, 0x0, 0x0, 0x38, 0xec, 0x0, 0x0, 0x0,
    0x0, 0x5c, 0xc8, 0x0, 0x0, 0x0, 0x0, 0x0,
    0x0, 0x38, 0xec, 0x0, 0x0, 0x0, 0x0, 0x5c,
    0xca, 0xc, 0xc, 0xc, 0xc, 0xc, 0xc, 0x41,
    0xec, 0x0, 0x0, 0x0, 0x0, 0x5c, 0xff, 0xff,
    0xff, 0xff, 0xff, 0xff, 0xff, 0xff, 0xec, 0x0,
    0x0, 0x0,

    /* U+D0DC "태" */
    0x0, 0x0, 0x0, 0x0, 0x0, 0x0, 0x0, 0x0,
    0x0, 0x0, 0x35, 0xd5, 0x0, 0x0, 0x0, 0x0,
    0x0, 0x0, 0x0, 0x38, 0xec, 0x0, 0x3c, 0xf0,
    0xf0, 0xff, 0xff, 0xff, 0xff, 0xf0, 0x0, 0x38,
    0xec, 0x0, 0x3c, 0xf0, 0xf0, 0x41, 0xc, 0xc,
    0xc, 0xb, 0x0, 0x38, 0xec, 0x0, 0x3c, 0xf0,
    0xf0, 0x38, 0x0, 0x0, 0x0, 0x0, 0x0, 0x38,
    0xec, 0x0, 0x3c, 0xf0, 0xf0, 0x38, 0x0, 0x0,
    0x0, 0x0, 0x0, 0x38, 0xec, 0x0, 0x3c, 0xf0,
    0xf0, 0xca, 0xbc, 0xbc, 0xbc, 0x5b, 0x0, 0x38,
    0xf0, 0x38, 0x66, 0xf0, 0xf0, 0x6a, 0x40, 0x40,
    0x40, 0x1f, 0x0, 0x38, 0xfb, 0xcc, 0xd8, 0xf0,
    0xf0, 0x38, 0x0, 0x0, 0x0, 0x0, 0x0, 0x38,
    0xec, 0x0, 0x3c, 0xf0, 0xf0, 0x38, 0x0, 0x0,
    0x0, 0x0, 0x0, 0x38, 0xec, 0x0, 0x3c, 0xf0,
    0xf0, 0x83, 0x60, 0x63, 0x6b, 0x77, 0x3c, 0x38,
    0xec, 0x0, 0x3c, 0xf0, 0x95, 0x9e, 0x9a, 0x94,
    0x8b, 0x7e, 0x37, 0x38, 0xec, 0x0, 0x3c, 0xf0,
    0x0, 0x0, 0x0, 0x0, 0x0, 0x0, 0x0, 0x38,
    0xec, 0x0, 0x3c, 0xf0, 0x0, 0x0, 0x0, 0x0,
    0x0, 0x0, 0x0, 0x38, 0xec, 0x0, 0x3c, 0xf0,
    0x0, 0x0, 0x0, 0x0, 0x0, 0x0, 0x0, 0x38,
    0xec, 0x0, 0x3c, 0xf0, 0x0, 0x0, 0x0, 0x0,
    0x0, 0x0, 0x0, 0x0, 0x0, 0x0, 0xb, 0x2d,

    /* U+D0DD "택" */
    0x0, 0x0, 0x0, 0x0, 0x0, 0x0, 0x0, 0x0,
    0x0, 0x0, 0x14, 0x49, 0xec, 0xff, 0xff, 0xff,
    0xff, 0xd8, 0x0, 0x3c, 0xec, 0x0, 0x40, 0xec,
    0xec, 0x46, 0x8, 0x8, 0x8, 0x6, 0x0, 0x3c,
    0xec, 0x0, 0x40, 0xec, 0xec, 0x40, 0x0, 0x0,
    0x0, 0x0, 0x0, 0x3c, 0xec, 0x0, 0x40, 0xec,
    0xec, 0xff, 0xff, 0xff, 0xff, 0x5c, 0x0, 0x3c,
    0xfe, 0xe8, 0xee, 0xec, 0xec, 0x43, 0x4, 0x4,
    0x4, 0x1, 0x0, 0x3c, 0xee, 0x24, 0x5b, 0xec,
    0xec, 0x40, 0x0, 0x0, 0x0, 0x4, 0x5, 0x3c,
    0xec, 0x0, 0x40, 0xec, 0xec, 0xf1, 0xed, 0xf1,
    0xf8, 0xff, 0x5d, 0x3c, 0xec, 0x0, 0x40, 0xec,
    0x19, 0x1b, 0x18, 0x14, 0xe, 0x4, 0x0, 0x3c,
    0xec, 0x0, 0x40, 0xec, 0x0, 0x0, 0x12, 0x14,
    0x14, 0x14, 0x14, 0x2d, 0x77, 0x14, 0x2f, 0x76,
    0x0, 0x0, 0xe4, 0xf4, 0xf4, 0xf4, 0xf4, 0xf4,
    0xf4, 0xf4, 0xf7, 0xec, 0x0, 0x0, 0x0, 0x0,
    0x0, 0x0, 0x0, 0x0, 0x0, 0x0, 0x40, 0xec,
    0x0, 0x0, 0x0, 0x0, 0x0, 0x0, 0x0, 0x0,
    0x0, 0x0, 0x40, 0xec, 0x0, 0x0, 0x0, 0x0,
    0x0, 0x0, 0x0, 0x0, 0x0, 0x0, 0x40, 0xec,
    0x0, 0x0, 0x0, 0x0, 0x0, 0x0, 0x0, 0x0,
    0x0, 0x0, 0x40, 0xec, 0x0, 0x0, 0x0, 0x0,
    0x0, 0x0, 0x0, 0x0, 0x0, 0x0, 0x1a, 0x5f,

    /* U+D0ED "탭" */
    0x0, 0x0, 0x0, 0x0, 0x0, 0x0, 0x0, 0x0,
    0x0, 0x0, 0x33, 0xbc, 0xec, 0xff, 0xff, 0xff,
    0xff, 0xd8, 0x0, 0x3c, 0xec, 0x0, 0x40, 0xec,
    0xec, 0x49, 0xc, 0xc, 0xc, 0xa, 0x0, 0x3c,
    0xec, 0x0, 0x40, 0xec, 0xec, 0x5e, 0x28, 0x28,
    0x28, 0xe, 0x0, 0x3c, 0xee, 0x24, 0x5b, 0xec,
    0xec, 0xe2, 0xd8, 0xd8, 0xd8, 0x4d, 0x0, 0x3c,
    0xfd, 0xe4, 0xeb, 0xec, 0xec, 0x40, 0x0, 0x0,
    0x0, 0x0, 0x0, 0x3c, 0xec, 0x0, 0x40, 0xec,
    0xec, 0x8e, 0x68, 0x6b, 0x70, 0x7c, 0x2d, 0x3c,
    0xec, 0x0, 0x40, 0xec, 0x97, 0xa3, 0xa1, 0x9d,
    0x98, 0x90, 0x35, 0x3c, 0xec, 0x0, 0x40, 0xec,
    0x0, 0x0, 0x0, 0x0, 0x0, 0x0, 0x0, 0x1f,
    0x7d, 0x0, 0x3, 0xb, 0x0, 0x0, 0xec, 0x3c,
    0x0, 0x0, 0x0, 0x0, 0x0, 0x0, 0x3c, 0xec,
    0x0, 0x0, 0xec, 0x3c, 0x0, 0x0, 0x0, 0x0,
    0x0, 0x0, 0x3c, 0xec, 0x0, 0x0, 0xec, 0xf6,
    0xf4, 0xf4, 0xf4, 0xf4, 0xf4, 0xf4, 0xf6, 0xec,
    0x0, 0x0, 0xec, 0x4e, 0x18, 0x18, 0x18, 0x18,
    0x18, 0x18, 0x4e, 0xec, 0x0, 0x0, 0xec, 0x42,
    0x8, 0x8, 0x8, 0x8, 0x8, 0x8, 0x42, 0xec,
    0x0, 0x0, 0xec, 0xff, 0xff, 0xff, 0xff, 0xff,
    0xff, 0xff, 0xff, 0xec,

    /* U+D130 "터" */
    0x0, 0x0, 0x0, 0x0, 0x0, 0x0, 0x0, 0x0,
    0x0, 0x0, 0xe0, 0x27, 0x0, 0x0, 0x0, 0x0,
    0x0, 0x0, 0x0, 0x0, 0x0, 0x0, 0xfc, 0x2c,
    0xd4, 0xff, 0xff, 0xff, 0xff, 0xff, 0xff, 0x64,
    0x0, 0x0, 0xfc, 0x2c, 0xd4, 0x62, 0x10, 0x10,
    0x10, 0x10, 0x10, 0x6, 0x0, 0x0, 0xfc, 0x2c,
    0xd4, 0x58, 0x0, 0x0, 0x0, 0x0, 0x0, 0x0,
    0x0, 0x0, 0xfc, 0x2c, 0xd4, 0x58, 0x0, 0x0,
    0x0, 0x0, 0x0, 0x0, 0x0, 0x0, 0xfc, 0x2c,
    0xd4, 0xe0, 0xd0, 0xd0, 0xd0, 0x98, 0x0, 0x1a,
    0x1c, 0x1c, 0xfc, 0x2c, 0xd4, 0x6f, 0x24, 0x24,
    0x24, 0x1a, 0x0, 0xd1, 0xdc, 0xdc, 0xff, 0x2c,
    0xd4, 0x58, 0x0, 0x0, 0x0, 0x0, 0x0, 0x0,
    0x0, 0x0, 0xfc, 0x2c, 0xd4, 0x58, 0x0, 0x0,
    0x0, 0x0, 0x0, 0x0, 0x0, 0x0, 0xfc, 0x2c,
    0xd4, 0x8f, 0x54, 0x54, 0x56, 0x5b, 0x64, 0x74,
    0x14, 0x0, 0xfc, 0x2c, 0x8b, 0xa8, 0xa7, 0xa6,
    0xa4, 0x9f, 0x91, 0x80, 0x17, 0x0, 0xfc, 0x2c,
    0x0, 0x0, 0x0, 0x0, 0x0, 0x0, 0x0, 0x0,
    0x0, 0x0, 0xfc, 0x2c, 0x0, 0x0, 0x0, 0x0,
    0x0, 0x0, 0x0, 0x0, 0x0, 0x0, 0xfc, 0x2c,
    0x0, 0x0, 0x0, 0x0, 0x0, 0x0, 0x0, 0x0,
    0x0, 0x0, 0xfc, 0x2c, 0x0, 0x0, 0x0, 0x0,
    0x0, 0x0, 0x0, 0x0, 0x0, 0x0, 0x2f, 0x8,

    /* U+D14C "테" */
    0x0, 0x0, 0x0, 0x0, 0x0, 0x0, 0x0, 0x0,
    0x0, 0x0, 0x39, 0xd2, 0x0, 0x0, 0x0, 0x0,
    0x0, 0x0, 0x0, 0x3c, 0xec, 0x0, 0x40, 0xec,
    0xec, 0xff, 0xff, 0xff, 0xff, 0xa8, 0x0, 0x3c,
    0xec, 0x0, 0x40, 0xec, 0xec, 0x49, 0xc, 0xc,
    0xc, 0x7, 0x0, 0x3c, 0xec, 0x0, 0x40, 0xec,
    0xec, 0x40, 0x0, 0x0, 0x0, 0x0, 0x0, 0x3c,
    0xec, 0x0, 0x40, 0xec, 0xec, 0x40, 0x0, 0x0,
    0x0, 0x0, 0x0, 0x3c, 0xec, 0x0, 0x40, 0xec,
    0xec, 0xd3, 0xc4, 0xc4, 0x3a, 0x0, 0x0, 0x3c,
    0xec, 0x0, 0x40, 0xec, 0xec, 0x6d, 0x3c, 0x3c,
    0x11, 0x91, 0xfc, 0xfc, 0xec, 0x0, 0x40, 0xec,
    0xec, 0x40, 0x0, 0x0, 0x0, 0x4, 0x8, 0x42,
    0xec, 0x0, 0x40, 0xec, 0xec, 0x40, 0x0, 0x0,
    0x0, 0x0, 0x0, 0x3c, 0xec, 0x0, 0x40, 0xec,
    0xec, 0x67, 0x35, 0x39, 0x40, 0x4f, 0xe, 0x3c,
    0xec, 0x0, 0x40, 0xec, 0xbb, 0xca, 0xc8, 0xc3,
    0xbb, 0xad, 0x20, 0x3c, 0xec, 0x0, 0x40, 0xec,
    0x0, 0x0, 0x0, 0x0, 0x0, 0x0, 0x0, 0x3c,
    0xec, 0x0, 0x40, 0xec, 0x0, 0x0, 0x0, 0x0,
    0x0, 0x0, 0x0, 0x3c, 0xec, 0x0, 0x40, 0xec,
    0x0, 0x0, 0x0, 0x0, 0x0, 0x0, 0x0, 0x3c,
    0xec, 0x0, 0x40, 0xec, 0x0, 0x0, 0x0, 0x0,
    0x0, 0x0, 0x0, 0x0, 0x0, 0x0, 0xc, 0x2c,

    /* U+D15C "템" */
    0x0, 0x0, 0x0, 0x0, 0x0, 0x0, 0x0, 0x0,
    0x0, 0x0, 0x13, 0x8c, 0x4, 0x58, 0xff, 0xff,
    0xff, 0xff, 0xff, 0x6c, 0x0, 0xec, 0x3c, 0x24,
    0xff, 0x8, 0x58, 0xd1, 0x8, 0x8, 0x8, 0x8,
    0x3, 0x0, 0xec, 0x3c, 0x24, 0xff, 0x8, 0x58,
    0xd0, 0x0, 0x0, 0x0, 0x0, 0x0, 0x0, 0xec,
    0x3c, 0x24, 0xff, 0x8, 0x58, 0xf1, 0xb4, 0xb4,
    0xb4, 0x1c, 0xd0, 0xd4, 0xfc, 0x3c, 0x24, 0xff,
    0x8, 0x58, 0xe2, 0x64, 0x64, 0x64, 0xf, 0x46,
    0x48, 0xf1, 0x3c, 0x24, 0xff, 0x8, 0x58, 0xd0,
    0x0, 0x0, 0x0, 0x0, 0x0, 0x0, 0xec, 0x3c,
    0x24, 0xff, 0x8, 0x58, 0xe6, 0x78, 0x7b, 0x82,
    0x8d, 0x65, 0x0, 0xec, 0x3c, 0x24, 0xff, 0x8,
    0x37, 0x9f, 0x9d, 0x99, 0x91, 0x87, 0x54, 0x0,
    0xec, 0x3c, 0x22, 0xf4, 0x7, 0x0, 0x0, 0xd,
    0x20, 0x20, 0x20, 0x20, 0x20, 0x4c, 0x2b, 0x20,
    0x20, 0x1, 0x0, 0x0, 0x68, 0xfa, 0xe8, 0xe8,
    0xe8, 0xe8, 0xe8, 0xe8, 0xeb, 0xff, 0x8, 0x0,
    0x0, 0x68, 0xc0, 0x0, 0x0, 0x0, 0x0, 0x0,
    0x0, 0x20, 0xff, 0x8, 0x0, 0x0, 0x68, 0xc0,
    0x0, 0x0, 0x0, 0x0, 0x0, 0x0, 0x20, 0xff,
    0x8, 0x0, 0x0, 0x68, 0xc2, 0x8, 0x8, 0x8,
    0x8, 0x8, 0x8, 0x27, 0xff, 0x8, 0x0, 0x0,
    0x68, 0xff, 0xff, 0xff, 0xff, 0xff, 0xff, 0xff,
    0xff, 0xff, 0x8,

    /* U+D1A0 "토" */
    0x0, 0x0, 0xc8, 0xff, 0xff, 0xff, 0xff, 0xff,
    0xff, 0xff, 0xff, 0xe0, 0x0, 0x0, 0x0, 0x0,
    0xc8, 0x67, 0xc, 0xc, 0xc, 0xc, 0xc, 0xc,
    0xc, 0xa, 0x0, 0x0, 0x0, 0x0, 0xc8, 0x6a,
    0x10, 0x10, 0x10, 0x10, 0x10, 0x10, 0x10, 0x9,
    0x0, 0x0, 0x0, 0x0, 0xc8, 0xf8, 0xf4, 0xf4,
    0xf4, 0xf4, 0xf4, 0xf4, 0xf4, 0x94, 0x0, 0x0,
    0x0, 0x0, 0xc8, 0x60, 0x0, 0x0, 0x0, 0x0,
    0x0, 0x0, 0x0, 0x0, 0x0, 0x0, 0x0, 0x0,
    0xc8, 0x6a, 0x10, 0x10, 0x10, 0x10, 0x10, 0x10,
    0x10, 0x10, 0x2, 0x0, 0x0, 0x0, 0xbe, 0xf4,
    0xf4, 0xf4, 0xfb, 0xfb, 0xf4, 0xf4, 0xf4, 0xf4,
    0x1e, 0x0, 0x0, 0x0, 0x0, 0x0, 0x0, 0x0,
    0x98, 0x98, 0x0, 0x0, 0x0, 0x0, 0x0, 0x0,
    0x0, 0x0, 0x0, 0x0, 0x0, 0x0, 0x98, 0x98,
    0x0, 0x0, 0x0, 0x0, 0x0, 0x0, 0x0, 0x0,
    0x0, 0x0, 0x0, 0x0, 0x98, 0x98, 0x0, 0x0,
    0x0, 0x0, 0x0, 0x0, 0xf0, 0xf4, 0xf4, 0xf4,
    0xf4, 0xf4, 0xfb, 0xfb, 0xf4, 0xf4, 0xf4, 0xf4,
    0xf4, 0xf4, 0x13, 0x14, 0x14, 0x14, 0x14, 0x14,
    0x14, 0x14, 0x14, 0x14, 0x14, 0x14, 0x14, 0x14,

    /* U+D1B5 "통" */
    0x0, 0x0, 0xa8, 0xff, 0xff, 0xff, 0xff, 0xff,
    0xff, 0xff, 0xff, 0xbc, 0x0, 0x0, 0x0, 0x0,
    0xa8, 0x84, 0x8, 0x8, 0x8, 0x8, 0x8, 0x8,
    0x8, 0x5, 0x0, 0x0, 0x0, 0x0, 0xa8, 0xfa,
    0xf4, 0xf4, 0xf4, 0xf4, 0xf4, 0xf4, 0xf4, 0x72,
    0x0, 0x0, 0x0, 0x0, 0xa8, 0x8a, 0x14, 0x14,
    0x14, 0x14, 0x14, 0x14, 0x14, 0x9, 0x0, 0x0,
    0x0, 0x0, 0xa8, 0xe4, 0xc8, 0xc8, 0xc8, 0xc8,
    0xc8, 0xc8, 0xc8, 0xbb, 0x0, 0x0, 0x0, 0x0,
    0x27, 0x3c, 0x3c, 0x3c, 0xaa, 0xb3, 0x3c, 0x3c,
    0x3c, 0x38, 0x0, 0x0, 0x1b, 0x1c, 0x1c, 0x1c,
    0x1c, 0x1c, 0x9c, 0xa6, 0x1c, 0x1c, 0x1c, 0x1c,
    0x1c, 0x1c, 0xfc, 0xff, 0xff, 0xff, 0xff, 0xff,
    0xff, 0xff, 0xff, 0xff, 0xff, 0xff, 0xff, 0xff,
    0x0, 0x0, 0x0, 0x0, 0x0, 0x0, 0x0, 0x0,
    0x0, 0x0, 0x0, 0x0, 0x0, 0x0, 0x0, 0x0,
    0x1, 0x60, 0xb9, 0xe4, 0xf6, 0xf7, 0xe5, 0xba,
    0x62, 0x2, 0x0, 0x0, 0x0, 0x0, 0x90, 0xdd,
    0x54, 0x1b, 0x7, 0x8, 0x1b, 0x53, 0xdb, 0x96,
    0x0, 0x0, 0x0, 0x0, 0xdf, 0x69, 0x0, 0x0,
    0x0, 0x0, 0x0, 0x0, 0x66, 0xe6, 0x0, 0x0,
    0x0, 0x0, 0x94, 0xd9, 0x4f, 0x15, 0x3, 0x3,
    0x15, 0x4e, 0xd8, 0x9a, 0x0, 0x0, 0x0, 0x0,
    0x2, 0x65, 0xbd, 0xe9, 0xfb, 0xfb, 0xea, 0xbe,
    0x67, 0x3, 0x0, 0x0,

    /* U+D22C "투" */
    0x0, 0x0, 0xbc, 0xff, 0xff, 0xff, 0xff, 0xff,
    0xff, 0xff, 0xff, 0xbc, 0x0, 0x0, 0x0, 0x0,
    0xbc, 0x76, 0xc, 0xc, 0xc, 0xc, 0xc, 0xc,
    0xc, 0x8, 0x0, 0x0, 0x0, 0x0, 0xbc, 0xde,
    0xc4, 0xc4, 0xc4, 0xc4, 0xc4, 0xc4, 0xc4, 0x68,
    0x0, 0x0, 0x0, 0x0, 0xbc, 0x96, 0x44, 0x44,
    0x44, 0x44, 0x44, 0x44, 0x44, 0x24, 0x0, 0x0,
    0x0, 0x0, 0xbc, 0x70, 0x0, 0x0, 0x0, 0x0,
    0x0, 0x0, 0x0, 0x0, 0x0, 0x0, 0x0, 0x0,
    0xbc, 0xf9, 0xf4, 0xf4, 0xf4, 0xf4, 0xf4, 0xf4,
    0xf4, 0xf0, 0x0, 0x0, 0x0, 0x0, 0xe, 0x14,
    0x14, 0x14, 0x14, 0x14, 0x14, 0x14, 0x14, 0x13,
    0x0, 0x0, 0xb, 0xc, 0xc, 0xc, 0xc, 0xc,
    0xc, 0xc, 0xc, 0xc, 0xc, 0xc, 0xc, 0xc,
    0xfc, 0xff, 0xff, 0xff, 0xff, 0xff, 0xff, 0xff,
    0xff, 0xff, 0xff, 0xff, 0xff, 0xff, 0x0, 0x0,
    0x0, 0x0, 0x0, 0x0, 0x98, 0x98, 0x0, 0x0,
    0x0, 0x0, 0x0, 0x0, 0x0, 0x0, 0x0, 0x0,
    0x0, 0x0, 0x98, 0x98, 0x0, 0x0, 0x0, 0x0,
    0x0, 0x0, 0x0, 0x0, 0x0, 0x0, 0x0, 0x0,
    0x98, 0x98, 0x0, 0x0, 0x0, 0x0, 0x0, 0x0,
    0x0, 0x0, 0x0, 0x0, 0x0, 0x0, 0x98, 0x98,
    0x0, 0x0, 0x0, 0x0, 0x0, 0x0, 0x0, 0x0,
    0x0, 0x0, 0x0, 0x0, 0x98, 0x98, 0x0, 0x0,
    0x0, 0x0, 0x0, 0x0, 0x0, 0x0, 0x0, 0x0,
    0x0, 0x0, 0x3d, 0x3d, 0x0, 0x0, 0x0, 0x0,
    0x0, 0x0,

    /* U+D2B8 "트" */
    0x0, 0x0, 0xb8, 0xff, 0xff, 0xff, 0xff, 0xff,
    0xff, 0xff, 0xff, 0xd4, 0x0, 0x0, 0x0, 0x0,
    0xb8, 0x70, 0x8, 0x8, 0x8, 0x8, 0x8, 0x8,
    0x8, 0x6, 0x0, 0x0, 0x0, 0x0, 0xb8, 0x6c,
    0x0, 0x0, 0x0, 0x0, 0x0, 0x0, 0x0, 0x0,
    0x0, 0x0, 0x0, 0x0, 0xb8, 0xff, 0xff, 0xff,
    0xff, 0xff, 0xff, 0xff, 0xff, 0x68, 0x0, 0x0,
    0x0, 0x0, 0xb8, 0x72, 0xc, 0xc, 0xc, 0xc,
    0xc, 0xc, 0xc, 0x4, 0x0, 0x0, 0x0, 0x0,
    0xb8, 0x6c, 0x0, 0x0, 0x0, 0x0, 0x0, 0x0,
    0x0, 0x0, 0x0, 0x0, 0x0, 0x0, 0xb8, 0xf9,
    0xf4, 0xf4, 0xf4, 0xf4, 0xf4, 0xf4, 0xf4, 0xf4,
    0x13, 0x0, 0x0, 0x0, 0xe, 0x14, 0x14, 0x14,
    0x14, 0x14, 0x14, 0x14, 0x14, 0x14, 0x1, 0x0,
    0x0, 0x0, 0x0, 0x0, 0x0, 0x0, 0x0, 0x0,
    0x0, 0x0, 0x0, 0x0, 0x0, 0x0, 0x0, 0x0,
    0x0, 0x0, 0x0, 0x0, 0x0, 0x0, 0x0, 0x0,
    0x0, 0x0, 0x0, 0x0, 0xfc, 0xff, 0xff, 0xff,
    0xff, 0xff, 0xff, 0xff, 0xff, 0xff, 0xff, 0xff,
    0xff, 0xff, 0x7, 0x8, 0x8, 0x8, 0x8, 0x8,
    0x8, 0x8, 0x8, 0x8, 0x8, 0x8, 0x8, 0x8,

    /* U+D2BC "튼" */
    0x0, 0x0, 0xa0, 0xff, 0xff, 0xff, 0xff, 0xff,
    0xff, 0xff, 0xff, 0xb4, 0x0, 0x0, 0x0, 0x0,
    0xa0, 0x8d, 0xc, 0xc, 0xc, 0xc, 0xc, 0xc,
    0xc, 0x8, 0x0, 0x0, 0x0, 0x0, 0xa0, 0xed,
    0xd8, 0xd8, 0xd8, 0xd8, 0xd8, 0xd8, 0xd8, 0x61,
    0x0, 0x0, 0x0, 0x0, 0xa0, 0x9c, 0x2c, 0x2c,
    0x2c, 0x2c, 0x2c, 0x2c, 0x2c, 0x13, 0x0, 0x0,
    0x0, 0x0, 0xa0, 0x8b, 0x8, 0x8, 0x8, 0x8,
    0x8, 0x8, 0x8, 0x7, 0x0, 0x0, 0x0, 0x0,
    0x9d, 0xfc, 0xfc, 0xfc, 0xfc, 0xfc, 0xfc, 0xfc,
    0xfc, 0xe0, 0x0, 0x0, 0x0, 0x0, 0x0, 0x0,
    0x0, 0x0, 0x0, 0x0, 0x0, 0x0, 0x0, 0x0,
    0x0, 0x0, 0x27, 0x28, 0x28, 0x28, 0x28, 0x28,
    0x28, 0x28, 0x28, 0x28, 0x28, 0x28, 0x28, 0x28,
    0xdc, 0xe0, 0xe0, 0xe0, 0xe0, 0xe0, 0xe0, 0xe0,
    0xe0, 0xe0, 0xe0, 0xe0, 0xe0, 0xe0, 0x0, 0x0,
    0x28, 0x1e, 0x0, 0x0, 0x0, 0x0, 0x0, 0x0,
    0x0, 0x0, 0x0, 0x0, 0x0, 0x0, 0xac, 0x80,
    0x0, 0x0, 0x0, 0x0, 0x0, 0x0, 0x0, 0x0,
    0x0, 0x0, 0x0, 0x0, 0xac, 0x80, 0x0, 0x0,
    0x0, 0x0, 0x0, 0x0, 0x0, 0x0, 0x0, 0x0,
    0x0, 0x0, 0xac, 0x88, 0x10, 0x10, 0x10, 0x10,
    0x10, 0x10, 0x10, 0x10, 0x0, 0x0, 0x0, 0x0,
    0xac, 0xff, 0xff, 0xff, 0xff, 0xff, 0xff, 0xff,
    0xff, 0xff, 0x4, 0x0,

    /* U+D2F0 "티" */
    0x0, 0x0, 0x0, 0x0, 0x0, 0x0, 0x0, 0x0,
    0x0, 0x0, 0x39, 0xd2, 0x0, 0x0, 0x0, 0x0,
    0x0, 0x0, 0x0, 0x0, 0x0, 0x0, 0x40, 0xec,
    0x40, 0xff, 0xff, 0xff, 0xff, 0xff, 0xff, 0xf8,
    0x0, 0x0, 0x40, 0xec, 0x40, 0xed, 0x10, 0x10,
    0x10, 0x10, 0x10, 0xf, 0x0, 0x0, 0x40, 0xec,
    0x40, 0xec, 0x0, 0x0, 0x0, 0x0, 0x0, 0x0,
    0x0, 0x0, 0x40, 0xec, 0x40, 0xec, 0x0, 0x0,
    0x0, 0x0, 0x0, 0x0, 0x0, 0x0, 0x40, 0xec,
    0x40, 0xfc, 0xd0, 0xd0, 0xd0, 0xd0, 0xd0, 0x44,
    0x0, 0x0, 0x40, 0xec, 0x40, 0xee, 0x24, 0x24,
    0x24, 0x24, 0x24, 0xb, 0x0, 0x0, 0x40, 0xec,
    0x40, 0xec, 0x0, 0x0, 0x0, 0x0, 0x0, 0x0,
    0x0, 0x0, 0x40, 0xec, 0x40, 0xec, 0x0, 0x0,
    0x0, 0x0, 0x0, 0x0, 0x0, 0x0, 0x40, 0xec,
    0x40, 0xf2, 0x54, 0x54, 0x55, 0x58, 0x5e, 0x69,
    0x62, 0x0, 0x40, 0xec, 0x2a, 0xa8, 0xa8, 0xa7,
    0xa5, 0xa3, 0x9b, 0x8b, 0x67, 0x0, 0x40, 0xec,
    0x0, 0x0, 0x0, 0x0, 0x0, 0x0, 0x0, 0x0,
    0x0, 0x0, 0x40, 0xec, 0x0, 0x0, 0x0, 0x0,
    0x0, 0x0, 0x0, 0x0, 0x0, 0x0, 0x40, 0xec,
    0x0, 0x0, 0x0, 0x0, 0x0, 0x0, 0x0, 0x0,
    0x0, 0x0, 0x40, 0xec, 0x0, 0x0, 0x0, 0x0,
    0x0, 0x0, 0x0, 0x0, 0x0, 0x0, 0xc, 0x2c,

    /* U+D305 "팅" */
    0x0, 0x0, 0x0, 0x0, 0x0, 0x0, 0x0, 0x0,
    0x0, 0x0, 0xab, 0x3e, 0x40, 0xff, 0xff, 0xff,
    0xff, 0xff, 0xff, 0xfc, 0x0, 0x0, 0xdc, 0x50,
    0x40, 0xec, 0xc, 0xc, 0xc, 0xc, 0xc, 0xb,
    0x0, 0x0, 0xdc, 0x50, 0x40, 0xec, 0x0, 0x0,
    0x0, 0x0, 0x0, 0x0, 0x0, 0x0, 0xdc, 0x50,
    0x40, 0xff, 0xf8, 0xf8, 0xf8, 0xf8, 0xf8, 0x36,
    0x0, 0x0, 0xdc, 0x50, 0x40, 0xec, 0x8, 0x8,
    0x8, 0x8, 0x8, 0x1, 0x0, 0x0, 0xdc, 0x50,
    0x40, 0xec, 0x0, 0x0, 0x1, 0x5, 0xb, 0x14,
    0x10, 0x0, 0xdc, 0x50, 0x40, 0xff, 0xff, 0xff,
    0xff, 0xfd, 0xf6, 0xea, 0x7b, 0x0, 0xdc, 0x50,
    0x3, 0xb, 0xa, 0x7, 0x3, 0x0, 0x0, 0x0,
    0x0, 0x0, 0xdc, 0x50, 0x0, 0x0, 0x0, 0x0,
    0x2, 0x1e, 0x2c, 0x26, 0xb, 0x0, 0xab, 0x3e,
    0x0, 0x0, 0x19, 0xa1, 0xf2, 0xe7, 0xd5, 0xdf,
    0xf5, 0xca, 0x50, 0x0, 0x0, 0x2, 0xd7, 0xad,
    0x1e, 0x0, 0x0, 0x0, 0x8, 0x5a, 0xf4, 0x49,
    0x0, 0x16, 0xff, 0x37, 0x0, 0x0, 0x0, 0x0,
    0x0, 0x0, 0xc0, 0x86, 0x0, 0x0, 0xb9, 0xce,
    0x4a, 0x12, 0x2, 0xa, 0x2a, 0x86, 0xf4, 0x32,
    0x0, 0x0, 0x6, 0x72, 0xc5, 0xef, 0xfc, 0xf8,
    0xdc, 0x9e, 0x2b, 0x0,

    /* U+D30C "파" */
    0x0, 0x0, 0x0, 0x0, 0x0, 0x0, 0x0, 0x0,
    0x0, 0x0, 0x0, 0x39, 0xd5, 0x0, 0x0, 0x0,
    0x0, 0x0, 0x0, 0x0, 0x0, 0x0, 0x0, 0x0,
    0x0, 0x0, 0x0, 0x40, 0xf0, 0x0, 0x0, 0x0,
    0x0, 0xa8, 0xff, 0xff, 0xff, 0xff, 0xff, 0xff,
    0xff, 0xff, 0x0, 0x40, 0xf0, 0x0, 0x0, 0x0,
    0x0, 0x5, 0x8, 0x43, 0x10, 0x8, 0x8, 0x37,
    0x1e, 0x8, 0x0, 0x40, 0xf0, 0x0, 0x0, 0x0,
    0x0, 0x0, 0x0, 0xfc, 0x28, 0x0, 0x0, 0xcc,
    0x5b, 0x0, 0x0, 0x40, 0xf0, 0x0, 0x0, 0x0,
    0x0, 0x0, 0x0, 0xf7, 0x2f, 0x0, 0x0, 0xd2,
    0x55, 0x0, 0x0, 0x40, 0xf0, 0x0, 0x0, 0x0,
    0x0, 0x0, 0x0, 0xf1, 0x36, 0x0, 0x0, 0xd8,
    0x4e, 0x0, 0x0, 0x40, 0xfc, 0xc0, 0xc0, 0x57,
    0x0, 0x0, 0x0, 0xeb, 0x3d, 0x0, 0x0, 0xdd,
    0x48, 0x0, 0x0, 0x40, 0xf3, 0x44, 0x44, 0x1e,
    0x0, 0x0, 0x0, 0xe6, 0x43, 0x0, 0x0, 0xe3,
    0x42, 0x0, 0x0, 0x40, 0xee, 0x0, 0x0, 0x0,
    0x0, 0x0, 0x0, 0xe0, 0x4a, 0x0, 0x0, 0xe8,
    0x3c, 0x0, 0x0, 0x40, 0xed, 0x0, 0x0, 0x0,
    0x19, 0xcc, 0xcc, 0xf8, 0xdc, 0xcc, 0xcc, 0xfb,
    0xd7, 0xd4, 0xb8, 0x40, 0xec, 0x0, 0x0, 0x0,
    0x7, 0x3c, 0x3c, 0x3c, 0x3c, 0x3c, 0x3c, 0x3c,
    0x38, 0x22, 0x9, 0x40, 0xeb, 0x0, 0x0, 0x0,
    0x0, 0x0, 0x0, 0x0, 0x0, 0x0, 0x0, 0x0,
    0x0, 0x0, 0x0, 0x40, 0xea, 0x0, 0x0, 0x0,
    0x0, 0x0, 0x0, 0x0, 0x0, 0x0, 0x0, 0x0,
    0x0, 0x0, 0x0, 0x40, 0xe9, 0x0, 0x0, 0x0,
    0x0, 0x0, 0x0, 0x0, 0x0, 0x0, 0x0, 0x0,
    0x0, 0x0, 0x0, 0x40, 0xe8, 0x0, 0x0, 0x0,
    0x0, 0x0, 0x0, 0x0, 0x0, 0x0, 0x0, 0x0,
    0x0, 0x0, 0x0, 0xc, 0x2b, 0x0, 0x0, 0x0,

    /* U+D328 "패" */
    0x0, 0x0, 0x0, 0x0, 0x0, 0x0, 0x0, 0x0,
    0x0, 0x0, 0x0, 0x0, 0x4a, 0xc0, 0x0, 0x0,
    0x0, 0x0, 0x0, 0x0, 0x0, 0x0, 0x0, 0x48,
    0xe0, 0x0, 0x54, 0xd8, 0x0, 0xe0, 0xff, 0xff,
    0xff, 0xff, 0xff, 0xff, 0x40, 0x48, 0xe0, 0x0,
    0x54, 0xd8, 0x0, 0xa, 0x32, 0x2b, 0xc, 0x15,
    0x48, 0xc, 0x3, 0x48, 0xe0, 0x0, 0x54, 0xd8,
    0x0, 0x0, 0x9f, 0x8b, 0x0, 0x2c, 0xfd, 0x0,
    0x0, 0x48, 0xe0, 0x0, 0x54, 0xd8, 0x0, 0x0,
    0x97, 0x90, 0x0, 0x31, 0xf6, 0x0, 0x0, 0x48,
    0xe0, 0x0, 0x54, 0xd8, 0x0, 0x0, 0x8f, 0x94,
    0x0, 0x35, 0xee, 0x0, 0x0, 0x48, 0xe8, 0x44,
    0x81, 0xd8, 0x0, 0x0, 0x87, 0x99, 0x0, 0x3a,
    0xe6, 0x0, 0x0, 0x48, 0xf9, 0xc8, 0xda, 0xd8,
    0x0, 0x0, 0x7f, 0x9e, 0x0, 0x3f, 0xde, 0x0,
    0x0, 0x48, 0xe0, 0x0, 0x54, 0xd8, 0x0, 0x0,
    0x77, 0xa3, 0x0, 0x44, 0xd6, 0x0, 0x0, 0x48,
    0xe0, 0x0, 0x54, 0xd8, 0xd, 0xac, 0xd1, 0xe2,
    0xac, 0xc3, 0xf0, 0xaf, 0x94, 0x48, 0xe0, 0x0,
    0x54, 0xd8, 0x7, 0x60, 0x60, 0x60, 0x60, 0x60,
    0x5f, 0x58, 0x39, 0x48, 0xe0, 0x0, 0x54, 0xd8,
    0x0, 0x0, 0x0, 0x0, 0x0, 0x0, 0x0, 0x0,
    0x0, 0x48, 0xe0, 0x0, 0x54, 0xd8, 0x0, 0x0,
    0x0, 0x0, 0x0, 0x0, 0x0, 0x0, 0x0, 0x48,
    0xe0, 0x0, 0x54, 0xd8, 0x0, 0x0, 0x0, 0x0,
    0x0, 0x0, 0x0, 0x0, 0x0, 0x48, 0xe0, 0x0,
    0x54, 0xd8, 0x0, 0x0, 0x0, 0x0, 0x0, 0x0,
    0x0, 0x0, 0x0, 0x0, 0x0, 0x0, 0xf, 0x28,

    /* U+D37C "퍼" */
    0x0, 0x0, 0x0, 0x0, 0x0, 0x0, 0x0, 0x0,
    0x0, 0x0, 0x0, 0x51, 0xbc, 0x0, 0x0, 0x0,
    0x0, 0x0, 0x0, 0x0, 0x0, 0x0, 0x0, 0x0,
    0x5c, 0xd4, 0x84, 0xff, 0xff, 0xff, 0xff, 0xff,
    0xff, 0xff, 0xff, 0x10, 0x0, 0x5c, 0xd4, 0x4,
    0x8, 0x3e, 0x18, 0x8, 0x8, 0x2f, 0x26, 0x8,
    0x0, 0x0, 0x5c, 0xd4, 0x0, 0x0, 0xe4, 0x4c,
    0x0, 0x0, 0xac, 0x7f, 0x0, 0x0, 0x0, 0x5c,
    0xd4, 0x0, 0x0, 0xde, 0x52, 0x0, 0x0, 0xb2,
    0x79, 0x9, 0x1c, 0x1c, 0x6d, 0xd4, 0x0, 0x0,
    0xd7, 0x58, 0x0, 0x0, 0xb8, 0x72, 0x4c, 0xe8,
    0xe8, 0xf0, 0xd4, 0x0, 0x0, 0xd1, 0x5f, 0x0,
    0x0, 0xbd, 0x6c, 0x0, 0x0, 0x0, 0x5c, 0xd4,
    0x0, 0x0, 0xcb, 0x65, 0x0, 0x0, 0xc3, 0x66,
    0x0, 0x0, 0x0, 0x5c, 0xd4, 0x0, 0x0, 0xc5,
    0x6b, 0x0, 0x0, 0xc8, 0x60, 0x0, 0x0, 0x0,
    0x5c, 0xd4, 0xa8, 0xcc, 0xf3, 0xe2, 0xcc, 0xcc,
    0xf5, 0xdf, 0xd3, 0xb7, 0x0, 0x5c, 0xd4, 0x31,
    0x3c, 0x3c, 0x3c, 0x3c, 0x3c, 0x3c, 0x38, 0x22,
    0x9, 0x0, 0x5c, 0xd4, 0x0, 0x0, 0x0, 0x0,
    0x0, 0x0, 0x0, 0x0, 0x0, 0x0, 0x0, 0x5c,
    0xd4, 0x0, 0x0, 0x0, 0x0, 0x0, 0x0, 0x0,
    0x0, 0x0, 0x0, 0x0, 0x5c, 0xd4, 0x0, 0x0,
    0x0, 0x0, 0x0, 0x0, 0x0, 0x0, 0x0, 0x0,
    0x0, 0x5c, 0xd4, 0x0, 0x0, 0x0, 0x0, 0x0,
    0x0, 0x0, 0x0, 0x0, 0x0, 0x0, 0x11, 0x27,

    /* U+D398 "페" */
    0x0, 0x0, 0x0, 0x0, 0x0, 0x0, 0x0, 0x0,
    0x0, 0x0, 0x0, 0x0, 0x39, 0xd2, 0x0, 0x0,
    0x0, 0x0, 0x0, 0x0, 0x0, 0x0, 0x0, 0x20,
    0xff, 0x8, 0x40, 0xec, 0x0, 0xec, 0xff, 0xff,
    0xff, 0xff, 0xff, 0xff, 0x34, 0x20, 0xff, 0x8,
    0x40, 0xec, 0x0, 0xb, 0x39, 0x2e, 0xc, 0x23,
    0x44, 0xc, 0x2, 0x20, 0xff, 0x8, 0x40, 0xec,
    0x0, 0x0, 0xa6, 0x83, 0x0, 0x5c, 0xd1, 0x0,
    0x0, 0x20, 0xff, 0x8, 0x40, 0xec, 0x0, 0x0,
    0x9f, 0x87, 0x0, 0x60, 0xc9, 0x0, 0x0, 0x20,
    0xff, 0x8, 0x40, 0xec, 0x0, 0x0, 0x97, 0x8c,
    0x0, 0x65, 0xc1, 0x41, 0xe8, 0xeb, 0xff, 0x8,
    0x40, 0xec, 0x0, 0x0, 0x90, 0x91, 0x0, 0x6a,
    0xb9, 0xa, 0x24, 0x3f, 0xff, 0x8, 0x40, 0xec,
    0x0, 0x0, 0x88, 0x95, 0x0, 0x6e, 0xb0, 0x0,
    0x0, 0x20, 0xff, 0x8, 0x40, 0xec, 0x0, 0x0,
    0x80, 0x9a, 0x0, 0x73, 0xa8, 0x0, 0x0, 0x20,
    0xff, 0x8, 0x40, 0xec, 0x26, 0x70, 0xb4, 0xc9,
    0x70, 0xb2, 0xcb, 0x75, 0x57, 0x20, 0xff, 0x8,
    0x40, 0xec, 0x35, 0x9c, 0x9c, 0x9c, 0x9c, 0x9c,
    0x9a, 0x93, 0x5a, 0x20, 0xff, 0x8, 0x40, 0xec,
    0x0, 0x0, 0x0, 0x0, 0x0, 0x0, 0x0, 0x0,
    0x0, 0x20, 0xff, 0x8, 0x40, 0xec, 0x0, 0x0,
    0x0, 0x0, 0x0, 0x0, 0x0, 0x0, 0x0, 0x20,
    0xff, 0x8, 0x40, 0xec, 0x0, 0x0, 0x0, 0x0,
    0x0, 0x0, 0x0, 0x0, 0x0, 0x20, 0xff, 0x8,
    0x40, 0xec, 0x0, 0x0, 0x0, 0x0, 0x0, 0x0,
    0x0, 0x0, 0x0, 0x0, 0x0, 0x0, 0xc, 0x2c,

    /* U+D3C9 "평" */
    0x0, 0x0, 0x0, 0x0, 0x0, 0x0, 0x0, 0x0,
    0x0, 0x0, 0x0, 0xa5, 0x40, 0x4, 0xff, 0xff,
    0xff, 0xff, 0xff, 0xff, 0xff, 0xff, 0x24, 0x0,
    0xd8, 0x54, 0x0, 0x8, 0x8, 0x8, 0x8, 0x8,
    0x8, 0x8, 0x8, 0x1, 0x0, 0xd8, 0x54, 0x0,
    0x0, 0x87, 0x8b, 0x0, 0x0, 0xc1, 0x50, 0x7a,
    0xf4, 0xf4, 0xfe, 0x54, 0x0, 0x0, 0x82, 0x96,
    0x0, 0x0, 0xcf, 0x48, 0x6, 0xc, 0xc, 0xd9,
    0x54, 0x0, 0x0, 0x77, 0x9e, 0x0, 0x0, 0xd7,
    0x3e, 0x22, 0x44, 0x44, 0xe2, 0x54, 0x0, 0x0,
    0x6d, 0xa6, 0x0, 0x0, 0xdf, 0x34, 0x5e, 0xbc,
    0xbc, 0xf5, 0x54, 0x23, 0x3c, 0x88, 0xc0, 0x3c,
    0x3c, 0xeb, 0x63, 0x4b, 0x3e, 0x0, 0xd8, 0x54,
    0x79, 0xcc, 0xcc, 0xcc, 0xcc, 0xcc, 0xcc, 0xc8,
    0xbc, 0x72, 0x0, 0xd8, 0x54, 0x0, 0x0, 0x0,
    0x0, 0x0, 0x0, 0x11, 0x20, 0x1b, 0x4, 0x0,
    0x68, 0x28, 0x0, 0x0, 0x0, 0x14, 0x95, 0xe8,
    0xf2, 0xe1, 0xea, 0xf7, 0xc3, 0x4c, 0x0, 0x0,
    0x0, 0x2, 0xd2, 0xab, 0x26, 0x0, 0x0, 0x0,
    0xc, 0x5d, 0xf2, 0x4f, 0x0, 0x0, 0x16, 0xff,
    0x2b, 0x0, 0x0, 0x0, 0x0, 0x0, 0x0, 0xb4,
    0x92, 0x0, 0x0, 0x0, 0xbc, 0xc7, 0x4a, 0x15,
    0x4, 0xd, 0x2c, 0x83, 0xf5, 0x3c, 0x0, 0x0,
    0x0, 0x8, 0x75, 0xc6, 0xee, 0xfd, 0xf8, 0xdd,
    0xa2, 0x30, 0x0,

    /* U+D3EC "포" */
    0x0, 0x80, 0xff, 0xff, 0xff, 0xff, 0xff, 0xff,
    0xff, 0xff, 0xff, 0xff, 0x84, 0x0, 0x0, 0x4,
    0x8, 0x29, 0x47, 0x8, 0x8, 0x8, 0x8, 0x45,
    0x2c, 0x8, 0x4, 0x0, 0x0, 0x0, 0x0, 0x5f,
    0xca, 0x0, 0x0, 0x0, 0x0, 0xc3, 0x66, 0x0,
    0x0, 0x0, 0x0, 0x0, 0x0, 0x53, 0xd6, 0x0,
    0x0, 0x0, 0x0, 0xd0, 0x5a, 0x0, 0x0, 0x0,
    0x0, 0x0, 0x0, 0x48, 0xe2, 0x0, 0x0, 0x0,
    0x0, 0xde, 0x4f, 0x0, 0x0, 0x0, 0x0, 0x10,
    0x18, 0x4f, 0xef, 0x18, 0x18, 0x18, 0x18, 0xec,
    0x56, 0x18, 0x10, 0x0, 0x0, 0xa7, 0xf4, 0xf4,
    0xf4, 0xf4, 0xfa, 0xfb, 0xf4, 0xf4, 0xf4, 0xf4,
    0xab, 0x0, 0x0, 0x0, 0x0, 0x0, 0x0, 0x0,
    0x94, 0x9c, 0x0, 0x0, 0x0, 0x0, 0x0, 0x0,
    0x0, 0x0, 0x0, 0x0, 0x0, 0x0, 0x94, 0x9c,
    0x0, 0x0, 0x0, 0x0, 0x0, 0x0, 0x0, 0x0,
    0x0, 0x0, 0x0, 0x0, 0x94, 0x9c, 0x0, 0x0,
    0x0, 0x0, 0x0, 0x0, 0xf0, 0xf4, 0xf4, 0xf4,
    0xf4, 0xf4, 0xfa, 0xfb, 0xf4, 0xf4, 0xf4, 0xf4,
    0xf4, 0xf4, 0x13, 0x14, 0x14, 0x14, 0x14, 0x14,
    0x14, 0x14, 0x14, 0x14, 0x14, 0x14, 0x14, 0x14,

    /* U+D45C "표" */
    0x0, 0x80, 0xff, 0xff, 0xff, 0xff, 0xff, 0xff,
    0xff, 0xff, 0xff, 0xff, 0x84, 0x0, 0x0, 0x4,
    0x8, 0x1c, 0x33, 0x8, 0x8, 0x8, 0x8, 0x31,
    0x1e, 0x8, 0x4, 0x0, 0x0, 0x0, 0x0, 0x58,
    0xcc, 0x0, 0x0, 0x0, 0x0, 0xc5, 0x5f, 0x0,
    0x0, 0x0, 0x0, 0x0, 0x0, 0x4c, 0xd8, 0x0,
    0x0, 0x0, 0x0, 0xd2, 0x53, 0x0, 0x0, 0x0,
    0x0, 0x0, 0x0, 0x40, 0xe4, 0x0, 0x0, 0x0,
    0x0, 0xdf, 0x47, 0x0, 0x0, 0x0, 0x0, 0x23,
    0x34, 0x5e, 0xf2, 0x34, 0x34, 0x34, 0x34, 0xef,
    0x64, 0x34, 0x24, 0x0, 0x0, 0x91, 0xd4, 0xdd,
    0xfd, 0xd4, 0xd4, 0xd4, 0xd4, 0xfc, 0xdf, 0xd4,
    0x95, 0x0, 0x0, 0x0, 0x0, 0x38, 0xf0, 0x0,
    0x0, 0x0, 0x0, 0xec, 0x40, 0x0, 0x0, 0x0,
    0x0, 0x0, 0x0, 0x38, 0xf0, 0x0, 0x0, 0x0,
    0x0, 0xec, 0x40, 0x0, 0x0, 0x0, 0x0, 0x0,
    0x0, 0x38, 0xf0, 0x0, 0x0, 0x0, 0x0, 0xec,
    0x40, 0x0, 0x0, 0x0, 0xf0, 0xf4, 0xf4, 0xf6,
    0xff, 0xf4, 0xf4, 0xf4, 0xf4, 0xff, 0xf7, 0xf4,
    0xf4, 0xf4, 0x13, 0x14, 0x14, 0x14, 0x14, 0x14,
    0x14, 0x14, 0x14, 0x14, 0x14, 0x14, 0x14, 0x14,

    /* U+D478 "푸" */
    0x0, 0x48, 0xff, 0xff, 0xff, 0xff, 0xff, 0xff,
    0xff, 0xff, 0xff, 0xff, 0x50, 0x0, 0x0, 0x3,
    0xc, 0x2b, 0x48, 0xc, 0xc, 0xc, 0xc, 0x46,
    0x2e, 0xc, 0x3, 0x0, 0x0, 0x0, 0x0, 0x5c,
    0xcc, 0x0, 0x0, 0x0, 0x0, 0xc6, 0x63, 0x0,
    0x0, 0x0, 0x0, 0x0, 0x0, 0x4e, 0xdc, 0x0,
    0x0, 0x0, 0x0, 0xd7, 0x55, 0x0, 0x0, 0x0,
    0x0, 0x5, 0xc, 0x48, 0xec, 0xc, 0xc, 0xc,
    0xc, 0xe9, 0x4f, 0xc, 0x6, 0x0, 0x0, 0x76,
    0xfc, 0xfc, 0xfc, 0xfc, 0xfc, 0xfc, 0xfc, 0xfc,
    0xfc, 0xfc, 0x7e, 0x0, 0x0, 0x0, 0x0, 0x0,
    0x0, 0x0, 0x0, 0x0, 0x0, 0x0, 0x0, 0x0,
    0x0, 0x0, 0x1b, 0x1c, 0x1c, 0x1c, 0x1c, 0x1c,
    0x1c, 0x1c, 0x1c, 0x1c, 0x1c, 0x1c, 0x1c, 0x1c,
    0xf0, 0xf4, 0xf4, 0xf4, 0xf4, 0xf4, 0xfa, 0xfb,
    0xf4, 0xf4, 0xf4, 0xf4, 0xf4, 0xf4, 0x0, 0x0,
    0x0, 0x0, 0x0, 0x0, 0x94, 0x9c, 0x0, 0x0,
    0x0, 0x0, 0x0, 0x0, 0x0, 0x0, 0x0, 0x0,
    0x0, 0x0, 0x94, 0x9c, 0x0, 0x0, 0x0, 0x0,
    0x0, 0x0, 0x0, 0x0, 0x0, 0x0, 0x0, 0x0,
    0x94, 0x9c, 0x0, 0x0, 0x0, 0x0, 0x0, 0x0,
    0x0, 0x0, 0x0, 0x0, 0x0, 0x0, 0x94, 0x9c,
    0x0, 0x0, 0x0, 0x0, 0x0, 0x0, 0x0, 0x0,
    0x0, 0x0, 0x0, 0x0, 0x94, 0x9c, 0x0, 0x0,
    0x0, 0x0, 0x0, 0x0, 0x0, 0x0, 0x0, 0x0,
    0x0, 0x0, 0x43, 0x46, 0x0, 0x0, 0x0, 0x0,
    0x0, 0x0,

    /* U+D504 "프" */
    0x0, 0x80, 0xff, 0xff, 0xff, 0xff, 0xff, 0xff,
    0xff, 0xff, 0xff, 0xff, 0x84, 0x0, 0x0, 0x6,
    0xc, 0x28, 0x4a, 0xc, 0xc, 0xc, 0xc, 0x48,
    0x29, 0xc, 0x6, 0x0, 0x0, 0x0, 0x0, 0x53,
    0xd0, 0x0, 0x0, 0x0, 0x0, 0xcc, 0x54, 0x0,
    0x0, 0x0, 0x0, 0x0, 0x0, 0x48, 0xdc, 0x0,
    0x0, 0x0, 0x0, 0xda, 0x47, 0x0, 0x0, 0x0,
    0x0, 0x0, 0x0, 0x3c, 0xe7, 0x0, 0x0, 0x0,
    0x0, 0xe8, 0x3a, 0x0, 0x0, 0x0, 0x0, 0xb,
    0x10, 0x3e, 0xf3, 0x10, 0x10, 0x10, 0x10, 0xf6,
    0x3b, 0x10, 0xb, 0x0, 0x0, 0xa7, 0xf4, 0xf4,
    0xf4, 0xf4, 0xf4, 0xf4, 0xf4, 0xf4, 0xf4, 0xf4,
    0xab, 0x0, 0x0, 0x0, 0x0, 0x0, 0x0, 0x0,
    0x0, 0x0, 0x0, 0x0, 0x0, 0x0, 0x0, 0x0,
    0x0, 0x0, 0x0, 0x0, 0x0, 0x0, 0x0, 0x0,
    0x0, 0x0, 0x0, 0x0, 0x0, 0x0, 0x7, 0x8,
    0x8, 0x8, 0x8, 0x8, 0x8, 0x8, 0x8, 0x8,
    0x8, 0x8, 0x8, 0x8, 0xfc, 0xff, 0xff, 0xff,
    0xff, 0xff, 0xff, 0xff, 0xff, 0xff, 0xff, 0xff,
    0xff, 0xff,

    /* U+D50C "플" */
    0x0, 0x44, 0xff, 0xff, 0xff, 0xff, 0xff, 0xff,
    0xff, 0xff, 0xff, 0xff, 0x4c, 0x0, 0x0, 0x0,
    0x0, 0x31, 0x75, 0x0, 0x0, 0x0, 0x0, 0x71,
    0x31, 0x0, 0x0, 0x0, 0x0, 0x0, 0x0, 0x4c,
    0xdd, 0x0, 0x0, 0x0, 0x0, 0xd8, 0x4b, 0x0,
    0x0, 0x0, 0x0, 0x17, 0x34, 0x65, 0xf0, 0x34,
    0x34, 0x34, 0x34, 0xed, 0x65, 0x34, 0x19, 0x0,
    0x0, 0x5c, 0xcc, 0xcc, 0xcc, 0xcc, 0xcc, 0xcc,
    0xcc, 0xcc, 0xcc, 0xcc, 0x62, 0x0, 0x13, 0x14,
    0x14, 0x14, 0x14, 0x14, 0x14, 0x14, 0x14, 0x14,
    0x14, 0x14, 0x14, 0x14, 0xf4, 0xf8, 0xf8, 0xf8,
    0xf8, 0xf8, 0xf8, 0xf8, 0xf8, 0xf8, 0xf8, 0xf8,
    0xf8, 0xf8, 0x0, 0x0, 0x0, 0x0, 0x0, 0x0,
    0x0, 0x0, 0x0, 0x0, 0x0, 0x0, 0x0, 0x0,
    0x0, 0x0, 0xa1, 0xf0, 0xf0, 0xf0, 0xf0, 0xf0,
    0xf0, 0xf0, 0xf0, 0xa8, 0x0, 0x0, 0x0, 0x0,
    0xd, 0x14, 0x14, 0x14, 0x14, 0x14, 0x14, 0x14,
    0x7e, 0xb4, 0x0, 0x0, 0x0, 0x0, 0x1a, 0x28,
    0x28, 0x28, 0x28, 0x28, 0x28, 0x28, 0x89, 0xb4,
    0x0, 0x0, 0x0, 0x0, 0xac, 0xec, 0xdc, 0xdc,
    0xdc, 0xdc, 0xdc, 0xdc, 0xdc, 0x9a, 0x0, 0x0,
    0x0, 0x0, 0xac, 0x7e, 0xc, 0xc, 0xc, 0xc,
    0xc, 0xc, 0xc, 0xc, 0x1, 0x0, 0x0, 0x0,
    0xac, 0xff, 0xff, 0xff, 0xff, 0xff, 0xff, 0xff,
    0xff, 0xff, 0x1c, 0x0,

    /* U+D53C "피" */
    0x0, 0x0, 0x0, 0x0, 0x0, 0x0, 0x0, 0x0,
    0x0, 0x0, 0x0, 0x39, 0xd2, 0x0, 0x0, 0x0,
    0x0, 0x0, 0x0, 0x0, 0x0, 0x0, 0x0, 0x0,
    0x40, 0xec, 0x30, 0xff, 0xff, 0xff, 0xff, 0xff,
    0xff, 0xff, 0xff, 0xec, 0x0, 0x40, 0xec, 0x1,
    0x8, 0x26, 0x2f, 0x8, 0x8, 0x8, 0x3f, 0x15,
    0x7, 0x0, 0x40, 0xec, 0x0, 0x0, 0x7f, 0xab,
    0x0, 0x0, 0x0, 0xf0, 0x37, 0x0, 0x0, 0x40,
    0xec, 0x0, 0x0, 0x78, 0xb1, 0x0, 0x0, 0x0,
    0xf6, 0x31, 0x0, 0x0, 0x40, 0xec, 0x0, 0x0,
    0x71, 0xb7, 0x0, 0x0, 0x0, 0xfc, 0x2a, 0x0,
    0x0, 0x40, 0xec, 0x0, 0x0, 0x6b, 0xbc, 0x0,
    0x0, 0x1, 0xff, 0x24, 0x0, 0x0, 0x40, 0xec,
    0x0, 0x0, 0x64, 0xc2, 0x0, 0x0, 0x7, 0xff,
    0x1e, 0x0, 0x0, 0x40, 0xec, 0x0, 0x0, 0x5d,
    0xc7, 0x0, 0x0, 0xc, 0xff, 0x18, 0x0, 0x0,
    0x40, 0xec, 0x7f, 0xcc, 0xde, 0xf5, 0xcc, 0xcc,
    0xcf, 0xff, 0xd2, 0xd8, 0x99, 0x40, 0xec, 0x25,
    0x3c, 0x3c, 0x3c, 0x3c, 0x3c, 0x3c, 0x3c, 0x35,
    0x1e, 0x6, 0x40, 0xec, 0x0, 0x0, 0x0, 0x0,
    0x0, 0x0, 0x0, 0x0, 0x0, 0x0, 0x0, 0x40,
    0xec, 0x0, 0x0, 0x0, 0x0, 0x0, 0x0, 0x0,
    0x0, 0x0, 0x0, 0x0, 0x40, 0xec, 0x0, 0x0,
    0x0, 0x0, 0x0, 0x0, 0x0, 0x0, 0x0, 0x0,
    0x0, 0x40, 0xec, 0x0, 0x0, 0x0, 0x0, 0x0,
    0x0, 0x0, 0x0, 0x0, 0x0, 0x0, 0xc, 0x2c,

    /* U+D544 "필" */
    0x0, 0x0, 0x0, 0x0, 0x0, 0x0, 0x0, 0x0,
    0x0, 0x0, 0x0, 0x81, 0x35, 0x0, 0xfc, 0xff,
    0xff, 0xff, 0xff, 0xff, 0xff, 0xff, 0x8c, 0x0,
    0xd4, 0x58, 0x0, 0x7, 0x34, 0x70, 0x8, 0x8,
    0x28, 0x7d, 0x8, 0x4, 0x0, 0xd4, 0x58, 0x0,
    0x0, 0x4d, 0xd4, 0x0, 0x0, 0x47, 0xdb, 0x0,
    0x0, 0x0, 0xd4, 0x58, 0x0, 0x0, 0x42, 0xe0,
    0x0, 0x0, 0x50, 0xcf, 0x0, 0x0, 0x0, 0xd4,
    0x58, 0x0, 0x0, 0x37, 0xec, 0x0, 0x0, 0x5a,
    0xc3, 0x0, 0x2, 0x1, 0xd4, 0x58, 0x83, 0xe4,
    0xe9, 0xfe, 0xe4, 0xe4, 0xee, 0xf8, 0xea, 0xf9,
    0x2c, 0xd4, 0x58, 0x14, 0x24, 0x24, 0x24, 0x24,
    0x24, 0x24, 0x23, 0x1c, 0xa, 0x0, 0xd4, 0x58,
    0x0, 0x0, 0x0, 0x0, 0x0, 0x0, 0x0, 0x0,
    0x0, 0x0, 0x0, 0xd, 0x5, 0x0, 0x0, 0x0,
    0xcc, 0xff, 0xff, 0xff, 0xff, 0xff, 0xff, 0xff,
    0xff, 0x58, 0x0, 0x0, 0x0, 0x6, 0x8, 0x8,
    0x8, 0x8, 0x8, 0x8, 0x8, 0xd1, 0x58, 0x0,
    0x0, 0x0, 0x95, 0xbc, 0xbc, 0xbc, 0xbc, 0xbc,
    0xbc, 0xbc, 0xf3, 0x58, 0x0, 0x0, 0x0, 0xcc,
    0x84, 0x44, 0x44, 0x44, 0x44, 0x44, 0x44, 0x44,
    0x17, 0x0, 0x0, 0x0, 0xcc, 0x5d, 0x8, 0x8,
    0x8, 0x8, 0x8, 0x8, 0x8, 0x7, 0x0, 0x0,
    0x0, 0xcc, 0xff, 0xff, 0xff, 0xff, 0xff, 0xff,
    0xff, 0xff, 0xf8,

    /* U+D558 "하" */
    0x0, 0x0, 0x0, 0x0, 0xe0, 0x2a, 0x0, 0x0,
    0x0, 0x0, 0x39, 0xce, 0x0, 0x0, 0x0, 0x0,
    0x0, 0x0, 0x0, 0xfc, 0x30, 0x0, 0x0, 0x0,
    0x0, 0x40, 0xe8, 0x0, 0x0, 0x0, 0x6c, 0x7c,
    0x7c, 0x7c, 0xfd, 0x94, 0x7c, 0x7c, 0x7c, 0x9,
    0x40, 0xe8, 0x0, 0x0, 0x0, 0x7e, 0x90, 0x90,
    0x90, 0x90, 0x90, 0x90, 0x90, 0x90, 0xb, 0x40,
    0xe8, 0x0, 0x0, 0x0, 0x0, 0x0, 0x0, 0x16,
    0x39, 0x1f, 0x1, 0x0, 0x0, 0x0, 0x40, 0xe8,
    0x0, 0x0, 0x0, 0x0, 0x16, 0xad, 0xef, 0xc7,
    0xe5, 0xc9, 0x2b, 0x0, 0x0, 0x40, 0xe8, 0x0,
    0x0, 0x0, 0x0, 0xc0, 0xb0, 0xd, 0x0, 0x3,
    0x86, 0xe6, 0xc, 0x0, 0x40, 0xe8, 0x0, 0x0,
    0x0, 0x1d, 0xff, 0x19, 0x0, 0x0, 0x0, 0x1,
    0xe1, 0x50, 0x0, 0x40, 0xfe, 0xf4, 0xf4, 0x6e,
    0x24, 0xfe, 0xe, 0x0, 0x0, 0x0, 0x0, 0xd6,
    0x58, 0x0, 0x40, 0xe9, 0x14, 0x14, 0x9, 0x1,
    0xd8, 0x88, 0x0, 0x0, 0x0, 0x55, 0xf5, 0x18,
    0x0, 0x40, 0xe8, 0x0, 0x0, 0x0, 0x0, 0x2e,
    0xd7, 0xca, 0x96, 0xb8, 0xe9, 0x4f, 0x0, 0x0,
    0x40, 0xe8, 0x0, 0x0, 0x0, 0x0, 0x0, 0x5,
    0x44, 0x66, 0x4d, 0xf, 0x0, 0x0, 0x0, 0x40,
    0xe8, 0x0, 0x0, 0x0, 0x0, 0x0, 0x0, 0x0,
    0x0, 0x0, 0x0, 0x0, 0x0, 0x0, 0x40, 0xe8,
    0x0, 0x0, 0x0, 0x0, 0x0, 0x0, 0x0, 0x0,
    0x0, 0x0, 0x0, 0x0, 0x0, 0x40, 0xe8, 0x0,
    0x0, 0x0, 0x0, 0x0, 0x0, 0x0, 0x0, 0x0,
    0x0, 0x0, 0x0, 0x0, 0x40, 0xe8, 0x0, 0x0,
    0x0, 0x0, 0x0, 0x0, 0x0, 0x0, 0x0, 0x0,
    0x0, 0x0, 0x0, 0xc, 0x2b, 0x0, 0x0, 0x0,

    /* U+D559 "학" */
    0x0, 0x0, 0x0, 0x0, 0xc8, 0x29, 0x0, 0x0,
    0x0, 0x0, 0x2b, 0xa9, 0x0, 0x0, 0x0, 0x0,
    0x0, 0x0, 0x0, 0xfc, 0x34, 0x0, 0x0, 0x0,
    0x0, 0x3c, 0xec, 0x0, 0x0, 0x0, 0xd5, 0xf4,
    0xf4, 0xf4, 0xff, 0xf6, 0xf4, 0xf4, 0xf4, 0xb,
    0x3c, 0xec, 0x0, 0x0, 0x0, 0x11, 0x14, 0x14,
    0x17, 0x2b, 0x1b, 0x14, 0x14, 0x14, 0x0, 0x3c,
    0xec, 0x0, 0x0, 0x0, 0x0, 0x21, 0xb0, 0xf7,
    0xe7, 0xf5, 0xcb, 0x40, 0x0, 0x0, 0x3c, 0xec,
    0x0, 0x0, 0x0, 0x0, 0xd4, 0x92, 0xd, 0x0,
    0x4, 0x61, 0xf2, 0x1a, 0x0, 0x3c, 0xff, 0xf4,
    0xf4, 0x31, 0xc, 0xff, 0x1c, 0x0, 0x0, 0x0,
    0x0, 0xdd, 0x47, 0x0, 0x3c, 0xed, 0x18, 0x18,
    0x4, 0x0, 0xbd, 0xa5, 0x20, 0x1, 0x11, 0x77,
    0xe5, 0x11, 0x0, 0x3c, 0xec, 0x0, 0x0, 0x0,
    0x0, 0x10, 0x89, 0xd7, 0xed, 0xde, 0xa1, 0x24,
    0x0, 0x0, 0x3c, 0xec, 0x0, 0x0, 0x0, 0x0,
    0x0, 0x0, 0x0, 0x0, 0x0, 0x0, 0x0, 0x0,
    0x0, 0x12, 0x49, 0x0, 0x0, 0x0, 0x0, 0x3,
    0xe8, 0xe8, 0xe8, 0xe8, 0xe8, 0xe8, 0xe8, 0xe8,
    0xe8, 0xd2, 0x0, 0x0, 0x0, 0x0, 0x0, 0x20,
    0x20, 0x20, 0x20, 0x20, 0x20, 0x20, 0x20, 0x54,
    0xe8, 0x0, 0x0, 0x0, 0x0, 0x0, 0x0, 0x0,
    0x0, 0x0, 0x0, 0x0, 0x0, 0x0, 0x3c, 0xe8,
    0x0, 0x0, 0x0, 0x0, 0x0, 0x0, 0x0, 0x0,
    0x0, 0x0, 0x0, 0x0, 0x0, 0x3c, 0xe8, 0x0,
    0x0, 0x0, 0x0, 0x0, 0x0, 0x0, 0x0, 0x0,
    0x0, 0x0, 0x0, 0x0, 0x3c, 0xe8, 0x0, 0x0,
    0x0, 0x0, 0x0, 0x0, 0x0, 0x0, 0x0, 0x0,
    0x0, 0x0, 0x0, 0xb, 0x2b, 0x0, 0x0, 0x0,

    /* U+D55C "한" */
    0x0, 0x0, 0x0, 0x0, 0xd0, 0x2b, 0x0, 0x0,
    0x0, 0x0, 0x35, 0xd2, 0x0, 0x0, 0x0, 0x0,
    0x0, 0x0, 0x0, 0xfc, 0x34, 0x0, 0x0, 0x0,
    0x0, 0x3c, 0xec, 0x0, 0x0, 0x0, 0xc0, 0xdc,
    0xdc, 0xdc, 0xff, 0xe3, 0xdc, 0xdc, 0xdc, 0x11,
    0x3c, 0xec, 0x0, 0x0, 0x0, 0x2a, 0x30, 0x30,
    0x30, 0x30, 0x30, 0x30, 0x30, 0x30, 0x3, 0x3c,
    0xec, 0x0, 0x0, 0x0, 0x0, 0x7, 0x7b, 0xd8,
    0xf6, 0xe1, 0x9a, 0x18, 0x0, 0x0, 0x3c, 0xec,
    0x0, 0x0, 0x0, 0x0, 0x9f, 0xc5, 0x33, 0x8,
    0x21, 0x9b, 0xd3, 0x7, 0x0, 0x3c, 0xec, 0x8,
    0x8, 0x1, 0x8, 0xfa, 0x27, 0x0, 0x0, 0x0,
    0x1, 0xe6, 0x3e, 0x0, 0x3c, 0xff, 0xff, 0xff,
    0x34, 0x2, 0xf0, 0x44, 0x0, 0x0, 0x0, 0x11,
    0xf3, 0x2d, 0x0, 0x3c, 0xec, 0xc, 0xc, 0x2,
    0x0, 0x67, 0xeb, 0x7a, 0x50, 0x69, 0xd5, 0x9f,
    0x0, 0x0, 0x3c, 0xec, 0x0, 0x0, 0x0, 0x0,
    0x0, 0x35, 0x91, 0xaf, 0x99, 0x51, 0x0, 0x0,
    0x0, 0x3c, 0xec, 0x0, 0x0, 0x0, 0x0, 0x0,
    0x10, 0x26, 0x0, 0x0, 0x0, 0x0, 0x0, 0x0,
    0x3c, 0xec, 0x0, 0x0, 0x0, 0x0, 0x0, 0x58,
    0xcc, 0x0, 0x0, 0x0, 0x0, 0x0, 0x0, 0x13,
    0x4d, 0x0, 0x0, 0x0, 0x0, 0x0, 0x58, 0xcc,
    0x0, 0x0, 0x0, 0x0, 0x0, 0x0, 0x0, 0x0,
    0x0, 0x0, 0x0, 0x0, 0x0, 0x58, 0xce, 0xc,
    0xc, 0xc, 0xc, 0xc, 0xc, 0xc, 0xc, 0x3,
    0x0, 0x0, 0x0, 0x0, 0x58, 0xff, 0xff, 0xff,
    0xff, 0xff, 0xff, 0xff, 0xff, 0xff, 0x48, 0x0,
    0x0,

    /* U+D560 "할" */
    0x0, 0x0, 0x0, 0x0, 0xa4, 0x19, 0x0, 0x0,
    0x0, 0x0, 0x1b, 0x6a, 0x0, 0x0, 0x0, 0x0,
    0x0, 0x0, 0x0, 0xff, 0x28, 0x0, 0x0, 0x0,
    0x0, 0x3c, 0xec, 0x0, 0x0, 0x0, 0xe0, 0xff,
    0xff, 0xff, 0xff, 0xff, 0xff, 0xff, 0xff, 0xc,
    0x3c, 0xec, 0x0, 0x0, 0x0, 0x0, 0x0, 0x0,
    0x7, 0x1d, 0xb, 0x0, 0x0, 0x0, 0x0, 0x3c,
    0xec, 0x0, 0x0, 0x0, 0x0, 0x34, 0xc3, 0xe9,
    0xce, 0xe1, 0xd4, 0x4d, 0x0, 0x0, 0x3c, 0xec,
    0x0, 0x0, 0x0, 0x4, 0xec, 0x6a, 0x1, 0x0,
    0x0, 0x47, 0xf9, 0x20, 0x0, 0x3c, 0xff, 0xf8,
    0xf8, 0x32, 0x15, 0xff, 0x1d, 0x0, 0x0, 0x0,
    0x4, 0xf0, 0x3f, 0x0, 0x3c, 0xec, 0xc, 0xc,
    0x2, 0x0, 0xa3, 0xd6, 0x6e, 0x51, 0x65, 0xc4,
    0xc5, 0x7, 0x0, 0x3c, 0xec, 0x0, 0x0, 0x0,
    0x0, 0x1, 0x46, 0x87, 0x9d, 0x8c, 0x55, 0x5,
    0x0, 0x0, 0x39, 0xe0, 0x0, 0x0, 0x0, 0x0,
    0x0, 0x17, 0x38, 0x38, 0x38, 0x38, 0x38, 0x38,
    0x38, 0x38, 0x33, 0x0, 0x0, 0x0, 0x0, 0x0,
    0x56, 0xcc, 0xcc, 0xcc, 0xcc, 0xcc, 0xcc, 0xcc,
    0xd7, 0xec, 0x0, 0x0, 0x0, 0x0, 0x0, 0x0,
    0x0, 0x0, 0x0, 0x0, 0x0, 0x0, 0x0, 0x38,
    0xec, 0x0, 0x0, 0x0, 0x0, 0x0, 0x6c, 0xfc,
    0xf4, 0xf4, 0xf4, 0xf4, 0xf4, 0xf4, 0xf4, 0xe0,
    0x0, 0x0, 0x0, 0x0, 0x0, 0x6c, 0xb8, 0x0,
    0x0, 0x0, 0x0, 0x0, 0x0, 0x0, 0x0, 0x0,
    0x0, 0x0, 0x0, 0x0, 0x6c, 0xfe, 0xfc, 0xfc,
    0xfc, 0xfc, 0xfc, 0xfc, 0xfc, 0xfc, 0x37, 0x0,
    0x0,

    /* U+D568 "함" */
    0x0, 0x0, 0x0, 0x0, 0xe8, 0x24, 0x0, 0x0,
    0x0, 0x0, 0x31, 0xc3, 0x0, 0x0, 0x0, 0x0,
    0x0, 0x0, 0x0, 0xff, 0x28, 0x0, 0x0, 0x0,
    0x0, 0x3c, 0xec, 0x0, 0x0, 0x0, 0xd5, 0xf4,
    0xf4, 0xf4, 0xff, 0xf5, 0xf4, 0xf4, 0xf4, 0x7,
    0x3c, 0xec, 0x0, 0x0, 0x0, 0x11, 0x14, 0x14,
    0x21, 0x3b, 0x29, 0x14, 0x14, 0x14, 0x0, 0x3c,
    0xec, 0x0, 0x0, 0x0, 0x0, 0x25, 0xbc, 0xfb,
    0xe7, 0xf6, 0xd7, 0x46, 0x0, 0x0, 0x3c, 0xec,
    0x0, 0x0, 0x0, 0x0, 0xd7, 0x91, 0xc, 0x0,
    0x3, 0x60, 0xf4, 0x1c, 0x0, 0x3c, 0xff, 0xf4,
    0xf4, 0x31, 0xc, 0xff, 0x1c, 0x0, 0x0, 0x0,
    0x0, 0xdd, 0x47, 0x0, 0x3c, 0xee, 0x1c, 0x1c,
    0x5, 0x0, 0xc1, 0xa1, 0x1e, 0x1, 0x10, 0x73,
    0xe7, 0x12, 0x0, 0x3c, 0xec, 0x0, 0x0, 0x0,
    0x0, 0x13, 0x92, 0xdf, 0xf6, 0xe6, 0xaa, 0x28,
    0x0, 0x0, 0x3c, 0xec, 0x0, 0x0, 0x0, 0x0,
    0x0, 0x0, 0x0, 0x0, 0x0, 0x0, 0x0, 0x0,
    0x0, 0xe, 0x37, 0x0, 0x0, 0x0, 0x0, 0x0,
    0x66, 0xf4, 0xf4, 0xf4, 0xf4, 0xf4, 0xf4, 0xf4,
    0xf4, 0xe0, 0x0, 0x0, 0x0, 0x0, 0x0, 0x6c,
    0xbd, 0x14, 0x14, 0x14, 0x14, 0x14, 0x14, 0x47,
    0xec, 0x0, 0x0, 0x0, 0x0, 0x0, 0x6c, 0xb8,
    0x0, 0x0, 0x0, 0x0, 0x0, 0x0, 0x38, 0xec,
    0x0, 0x0, 0x0, 0x0, 0x0, 0x6c, 0xbb, 0xc,
    0xc, 0xc, 0xc, 0xc, 0xc, 0x41, 0xec, 0x0,
    0x0, 0x0, 0x0, 0x0, 0x6c, 0xff, 0xff, 0xff,
    0xff, 0xff, 0xff, 0xff, 0xff, 0xec, 0x0, 0x0,
    0x0,

    /* U+D569 "합" */
    0x0, 0x0, 0x0, 0x0, 0xc8, 0x1f, 0x0, 0x0,
    0x0, 0x0, 0x2d, 0xb4, 0x0, 0x0, 0x0, 0x0,
    0x0, 0x0, 0x0, 0xff, 0x28, 0x0, 0x0, 0x0,
    0x0, 0x3c, 0xec, 0x0, 0x0, 0x0, 0xe0, 0xff,
    0xff, 0xff, 0xff, 0xff, 0xff, 0xff, 0xff, 0x8,
    0x3c, 0xec, 0x0, 0x0, 0x0, 0x3, 0x4, 0x4,
    0x20, 0x3b, 0x28, 0x8, 0x4, 0x4, 0x0, 0x3c,
    0xec, 0x0, 0x0, 0x0, 0x0, 0x2b, 0xc9, 0xdf,
    0xbb, 0xd0, 0xe0, 0x4f, 0x0, 0x0, 0x3c, 0xf1,
    0x44, 0x44, 0x3, 0x0, 0xdd, 0x75, 0x0, 0x0,
    0x0, 0x3c, 0xf4, 0x1f, 0x0, 0x3c, 0xfb, 0xc0,
    0xc0, 0x9, 0xc, 0xfe, 0x1e, 0x0, 0x0, 0x0,
    0x0, 0xdf, 0x46, 0x0, 0x3c, 0xec, 0x0, 0x0,
    0x0, 0x0, 0xb2, 0xb7, 0x32, 0xe, 0x23, 0x8e,
    0xde, 0xd, 0x0, 0x3c, 0xec, 0x0, 0x0, 0x0,
    0x0, 0xa, 0x7b, 0xca, 0xe4, 0xd1, 0x93, 0x1b,
    0x0, 0x0, 0x3c, 0xec, 0x0, 0x0, 0x0, 0x0,
    0x0, 0x1e, 0x2e, 0x0, 0x0, 0x0, 0x0, 0x0,
    0x0, 0x11, 0x49, 0x0, 0x0, 0x0, 0x0, 0x0,
    0x74, 0xb0, 0x0, 0x0, 0x0, 0x0, 0x0, 0x0,
    0x38, 0xec, 0x0, 0x0, 0x0, 0x0, 0x0, 0x74,
    0xb6, 0x14, 0x14, 0x14, 0x14, 0x14, 0x14, 0x47,
    0xec, 0x0, 0x0, 0x0, 0x0, 0x0, 0x74, 0xfb,
    0xf0, 0xf0, 0xf0, 0xf0, 0xf0, 0xf0, 0xf3, 0xec,
    0x0, 0x0, 0x0, 0x0, 0x0, 0x74, 0xb1, 0x4,
    0x4, 0x4, 0x4, 0x4, 0x4, 0x3b, 0xec, 0x0,
    0x0, 0x0, 0x0, 0x0, 0x74, 0xff, 0xff, 0xff,
    0xff, 0xff, 0xff, 0xff, 0xff, 0xec, 0x0, 0x0,
    0x0,

    /* U+D56D "항" */
    0x0, 0x0, 0x0, 0x0, 0xe8, 0x24, 0x0, 0x0,
    0x0, 0x0, 0x31, 0xc3, 0x0, 0x0, 0x0, 0x0,
    0x0, 0x0, 0x0, 0xff, 0x28, 0x0, 0x0, 0x0,
    0x0, 0x3c, 0xec, 0x0, 0x0, 0x0, 0xd5, 0xf4,
    0xf4, 0xf4, 0xff, 0xf5, 0xf4, 0xf4, 0xf4, 0x7,
    0x3c, 0xec, 0x0, 0x0, 0x0, 0x11, 0x14, 0x14,
    0x25, 0x3f, 0x2d, 0x15, 0x14, 0x14, 0x0, 0x3c,
    0xec, 0x0, 0x0, 0x0, 0x0, 0x26, 0xc0, 0xf2,
    0xd7, 0xea, 0xda, 0x49, 0x0, 0x0, 0x3c, 0xec,
    0x0, 0x0, 0x0, 0x0, 0xd7, 0x88, 0x7, 0x0,
    0x0, 0x54, 0xf4, 0x1b, 0x0, 0x3c, 0xff, 0xf4,
    0xf4, 0xb, 0xd, 0xff, 0x1c, 0x0, 0x0, 0x0,
    0x0, 0xdd, 0x48, 0x0, 0x3c, 0xee, 0x1c, 0x1c,
    0x1, 0x0, 0xc9, 0xa2, 0x1c, 0x0, 0xe, 0x73,
    0xec, 0x14, 0x0, 0x3c, 0xec, 0x0, 0x0, 0x0,
    0x0, 0x19, 0xa2, 0xef, 0xfa, 0xf5, 0xb8, 0x30,
    0x0, 0x0, 0x3c, 0xec, 0x0, 0x0, 0x0, 0x0,
    0x0, 0x0, 0x0, 0x8, 0x2, 0x11, 0x14, 0x7,
    0x0, 0x1b, 0x6a, 0x0, 0x0, 0x0, 0x0, 0x0,
    0x0, 0x61, 0xc7, 0xf6, 0xef, 0xe9, 0xf7, 0xe1,
    0x95, 0x18, 0x0, 0x0, 0x0, 0x0, 0x0, 0x74,
    0xe7, 0x4d, 0x9, 0x0, 0x0, 0x0, 0x28, 0xa5,
    0xdc, 0x6, 0x0, 0x0, 0x0, 0x0, 0xb7, 0x95,
    0x0, 0x0, 0x0, 0x0, 0x0, 0x0, 0x22, 0xff,
    0x26, 0x0, 0x0, 0x0, 0x0, 0x61, 0xee, 0x65,
    0x1e, 0x6, 0x2, 0x10, 0x3e, 0xb8, 0xcf, 0x3,
    0x0, 0x0, 0x0, 0x0, 0x0, 0x44, 0xad, 0xe1,
    0xf9, 0xfc, 0xef, 0xc9, 0x7e, 0xd, 0x0, 0x0,
    0x0,

    /* U+D574 "해" */
    0x0, 0x0, 0x0, 0x0, 0x0, 0x0, 0x0, 0x0,
    0x0, 0x0, 0x0, 0x2e, 0xdc, 0x0, 0x0, 0x0,
    0x8f, 0x84, 0x0, 0x0, 0x0, 0x24, 0xff, 0x4,
    0x34, 0xf8, 0x0, 0x0, 0x0, 0x9c, 0x90, 0x0,
    0x0, 0x0, 0x24, 0xff, 0x4, 0x34, 0xf8, 0x9c,
    0xa4, 0xa4, 0xdc, 0xd7, 0xa4, 0xa4, 0x94, 0x24,
    0xff, 0x4, 0x34, 0xf8, 0x5b, 0x60, 0x60, 0x60,
    0x60, 0x60, 0x60, 0x57, 0x24, 0xff, 0x4, 0x34,
    0xf8, 0x0, 0x0, 0x39, 0x80, 0x81, 0x3a, 0x0,
    0x0, 0x24, 0xff, 0x4, 0x34, 0xf8, 0x0, 0x77,
    0xe7, 0x81, 0x7d, 0xe1, 0x78, 0x0, 0x24, 0xff,
    0x4, 0x34, 0xf8, 0x1c, 0xf6, 0x25, 0x0, 0x0,
    0x1c, 0xf1, 0x1f, 0x24, 0xff, 0x7e, 0x96, 0xf8,
    0x4b, 0xd3, 0x0, 0x0, 0x0, 0x0, 0xc8, 0x4e,
    0x24, 0xff, 0x89, 0xa0, 0xf8, 0x2f, 0xef, 0xa,
    0x0, 0x0, 0x7, 0xe8, 0x33, 0x24, 0xff, 0x4,
    0x34, 0xf8, 0x0, 0xb6, 0xb3, 0x34, 0x31, 0xae,
    0xbc, 0x1, 0x24, 0xff, 0x4, 0x34, 0xf8, 0x0,
    0xa, 0x83, 0xcd, 0xce, 0x87, 0xb, 0x0, 0x24,
    0xff, 0x4, 0x34, 0xf8, 0x0, 0x0, 0x0, 0x0,
    0x0, 0x0, 0x0, 0x0, 0x24, 0xff, 0x4, 0x34,
    0xf8, 0x0, 0x0, 0x0, 0x0, 0x0, 0x0, 0x0,
    0x0, 0x24, 0xff, 0x4, 0x34, 0xf8, 0x0, 0x0,
    0x0, 0x0, 0x0, 0x0, 0x0, 0x0, 0x24, 0xff,
    0x4, 0x34, 0xf8, 0x0, 0x0, 0x0, 0x0, 0x0,
    0x0, 0x0, 0x0, 0x0, 0x0, 0x0, 0x9, 0x2e,

    /* U+D5C8 "허" */
    0x0, 0x0, 0x0, 0x11, 0xdc, 0x11, 0x0, 0x0,
    0x0, 0x0, 0x0, 0xc3, 0x47, 0x0, 0x0, 0x0,
    0x14, 0xff, 0x14, 0x0, 0x0, 0x0, 0x0, 0x0,
    0xdc, 0x50, 0x69, 0x70, 0x70, 0x7b, 0xff, 0x7b,
    0x70, 0x70, 0x70, 0x11, 0x0, 0xdc, 0x50, 0x8e,
    0x98, 0x98, 0x98, 0x98, 0x98, 0x98, 0x98, 0x98,
    0x17, 0x0, 0xdc, 0x50, 0x0, 0x0, 0x9, 0x42,
    0x5b, 0x32, 0x0, 0x0, 0x0, 0x0, 0x0, 0xdc,
    0x50, 0x0, 0x2f, 0xdd, 0xce, 0xac, 0xe4, 0xb3,
    0x9, 0x0, 0x0, 0x0, 0xdc, 0x50, 0x2, 0xd6,
    0x7c, 0x0, 0x0, 0xb, 0xbe, 0x8b, 0x0, 0x0,
    0x0, 0xdc, 0x50, 0x26, 0xf1, 0x2, 0x0, 0x0,
    0x0, 0x40, 0xd9, 0x78, 0xf0, 0xf0, 0xfd, 0x50,
    0x2b, 0xec, 0x0, 0x0, 0x0, 0x0, 0x39, 0xde,
    0xc, 0x18, 0x18, 0xdf, 0x50, 0x4, 0xe3, 0x5d,
    0x0, 0x0, 0x1, 0xa7, 0x9a, 0x0, 0x0, 0x0,
    0xdc, 0x50, 0x0, 0x41, 0xec, 0xad, 0x8c, 0xcb,
    0xcd, 0x12, 0x0, 0x0, 0x0, 0xdc, 0x50, 0x0,
    0x0, 0x16, 0x60, 0x78, 0x4f, 0x4, 0x0, 0x0,
    0x0, 0x0, 0xdc, 0x50, 0x0, 0x0, 0x0, 0x0,
    0x0, 0x0, 0x0, 0x0, 0x0, 0x0, 0x0, 0xdc,
    0x50, 0x0, 0x0, 0x0, 0x0, 0x0, 0x0, 0x0,
    0x0, 0x0, 0x0, 0x0, 0xdc, 0x50, 0x0, 0x0,
    0x0, 0x0, 0x0, 0x0, 0x0, 0x0, 0x0, 0x0,
    0x0, 0xdc, 0x50, 0x0, 0x0, 0x0, 0x0, 0x0,
    0x0, 0x0, 0x0, 0x0, 0x0, 0x0, 0x29, 0xf,

    /* U+D5E4 "헤" */
    0x0, 0x0, 0x0, 0x0, 0x0, 0x0, 0x0, 0x0,
    0x0, 0x0, 0x0, 0x39, 0xd2, 0x0, 0x0, 0x0,
    0x96, 0x87, 0x0, 0x0, 0x0, 0x0, 0xf4, 0x34,
    0x40, 0xec, 0x0, 0x0, 0x0, 0xa0, 0x90, 0x0,
    0x0, 0x0, 0x0, 0xf4, 0x34, 0x40, 0xec, 0x72,
    0x78, 0x78, 0xcd, 0xc4, 0x78, 0x78, 0x6c, 0x0,
    0xf4, 0x34, 0x40, 0xec, 0x89, 0x90, 0x90, 0x90,
    0x90, 0x90, 0x90, 0x82, 0x0, 0xf4, 0x34, 0x40,
    0xec, 0x0, 0x0, 0x36, 0x7d, 0x82, 0x33, 0x0,
    0x0, 0x0, 0xf4, 0x34, 0x40, 0xec, 0x0, 0x73,
    0xe8, 0x86, 0x8a, 0xee, 0x68, 0x0, 0x0, 0xf4,
    0x34, 0x40, 0xec, 0x1a, 0xf4, 0x25, 0x0, 0x0,
    0x32, 0xf4, 0xa0, 0xa0, 0xfb, 0x34, 0x40, 0xec,
    0x4a, 0xd0, 0x0, 0x0, 0x0, 0x0, 0xdd, 0x88,
    0x60, 0xf8, 0x34, 0x40, 0xec, 0x35, 0xe8, 0x3,
    0x0, 0x0, 0x7, 0xf1, 0x2b, 0x0, 0xf4, 0x34,
    0x40, 0xec, 0x3, 0xc9, 0x97, 0x12, 0x15, 0xa2,
    0xc1, 0x0, 0x0, 0xf4, 0x34, 0x40, 0xec, 0x0,
    0x18, 0xa7, 0xee, 0xf3, 0xa4, 0x13, 0x0, 0x0,
    0xf4, 0x34, 0x40, 0xec, 0x0, 0x0, 0x0, 0x0,
    0x0, 0x0, 0x0, 0x0, 0x0, 0xf4, 0x34, 0x40,
    0xec, 0x0, 0x0, 0x0, 0x0, 0x0, 0x0, 0x0,
    0x0, 0x0, 0xf4, 0x34, 0x40, 0xec, 0x0, 0x0,
    0x0, 0x0, 0x0, 0x0, 0x0, 0x0, 0x0, 0xf4,
    0x34, 0x40, 0xec, 0x0, 0x0, 0x0, 0x0, 0x0,
    0x0, 0x0, 0x0, 0x0, 0x0, 0x0, 0xc, 0x2c,

    /* U+D604 "현" */
    0x0, 0x0, 0x0, 0x6, 0xc8, 0x12, 0x0, 0x0,
    0x0, 0x0, 0x0, 0xc0, 0x4a, 0x0, 0x0, 0x0,
    0x8, 0xff, 0x18, 0x0, 0x0, 0x0, 0x0, 0x0,
    0xd8, 0x54, 0x93, 0xc0, 0xc0, 0xc2, 0xff, 0xc6,
    0xc0, 0xc0, 0xc0, 0xc, 0x0, 0xd8, 0x54, 0x3d,
    0x50, 0x50, 0x50, 0x50, 0x50, 0x50, 0x50, 0x50,
    0x5, 0x0, 0xd8, 0x54, 0x0, 0x2, 0x64, 0xc2,
    0xde, 0xc5, 0x6e, 0x4, 0x21, 0x60, 0x60, 0xe7,
    0x54, 0x0, 0x88, 0xd5, 0x4b, 0x24, 0x45, 0xcc,
    0x97, 0x3b, 0xac, 0xac, 0xf2, 0x54, 0x0, 0xee,
    0x38, 0x0, 0x0, 0x0, 0x28, 0xf8, 0x5, 0x0,
    0x0, 0xd8, 0x54, 0x0, 0xde, 0x56, 0x0, 0x0,
    0x0, 0x47, 0xed, 0x3, 0x8, 0x8, 0xd9, 0x54,
    0x0, 0x53, 0xef, 0x8f, 0x67, 0x89, 0xed, 0x60,
    0x58, 0xff, 0xff, 0xff, 0x54, 0x0, 0x0, 0x25,
    0x7c, 0x97, 0x7f, 0x2c, 0x0, 0x0, 0x0, 0x0,
    0xd8, 0x54, 0x0, 0x0, 0x3, 0x24, 0x0, 0x0,
    0x0, 0x0, 0x0, 0x0, 0x0, 0xd8, 0x54, 0x0,
    0x0, 0x1c, 0xff, 0x0, 0x0, 0x0, 0x0, 0x0,
    0x0, 0x0, 0x54, 0x20, 0x0, 0x0, 0x1c, 0xff,
    0x0, 0x0, 0x0, 0x0, 0x0, 0x0, 0x0, 0x0,
    0x0, 0x0, 0x0, 0x1c, 0xff, 0x8, 0x8, 0x8,
    0x8, 0x8, 0x8, 0x8, 0x8, 0x7, 0x0, 0x0,
    0x1c, 0xff, 0xff, 0xff, 0xff, 0xff, 0xff, 0xff,
    0xff, 0xff, 0xf0,

    /* U+D615 "형" */
    0x0, 0x0, 0x0, 0x6, 0xd8, 0x14, 0x0, 0x0,
    0x0, 0x0, 0x0, 0xa5, 0x40, 0x0, 0x0, 0x0,
    0x8, 0xff, 0x18, 0x0, 0x0, 0x0, 0x0, 0x0,
    0xd8, 0x54, 0xae, 0xe4, 0xe4, 0xe4, 0xff, 0xe6,
    0xe4, 0xe4, 0xe4, 0xe, 0x0, 0xd8, 0x54, 0x1b,
    0x24, 0x24, 0x38, 0x53, 0x3b, 0x24, 0x24, 0x24,
    0x2, 0x0, 0xd8, 0x54, 0x0, 0x1d, 0xbd, 0xeb,
    0xcc, 0xe8, 0xc5, 0x25, 0x53, 0xf4, 0xf4, 0xfe,
    0x54, 0x0, 0xc1, 0x90, 0x4, 0x0, 0x3, 0x85,
    0xd0, 0x4, 0xc, 0xc, 0xd9, 0x54, 0x0, 0xf5,
    0x2e, 0x0, 0x0, 0x0, 0x1f, 0xfe, 0xd, 0x14,
    0x14, 0xdb, 0x54, 0x0, 0xb5, 0x9a, 0x7, 0x0,
    0x5, 0x8c, 0xc4, 0x53, 0xf4, 0xf4, 0xfe, 0x54,
    0x0, 0x15, 0xa9, 0xed, 0xd3, 0xeb, 0xb2, 0x1b,
    0x0, 0x0, 0x0, 0xd8, 0x54, 0x0, 0x0, 0x0,
    0x5, 0x1b, 0x6, 0xb, 0x15, 0xd, 0x0, 0x0,
    0x7c, 0x30, 0x0, 0x0, 0x0, 0x29, 0xa5, 0xe9,
    0xf5, 0xe8, 0xf4, 0xef, 0xb0, 0x38, 0x0, 0x0,
    0x0, 0x1c, 0xf1, 0x85, 0x1d, 0x0, 0x0, 0x0,
    0x17, 0x74, 0xf7, 0x32, 0x0, 0x0, 0x53, 0xf1,
    0x1, 0x0, 0x0, 0x0, 0x0, 0x0, 0x0, 0xd7,
    0x72, 0x0, 0x0, 0x14, 0xe7, 0x9f, 0x35, 0xd,
    0x1, 0xb, 0x2f, 0x8f, 0xf2, 0x27, 0x0, 0x0,
    0x0, 0x1a, 0x8d, 0xd2, 0xf3, 0xfc, 0xf5, 0xd7,
    0x97, 0x24, 0x0,

    /* U+D638 "호" */
    0x0, 0x0, 0x0, 0x0, 0x0, 0x0, 0x4a, 0x4e,
    0x0, 0x0, 0x0, 0x0, 0x0, 0x0, 0x0, 0x0,
    0x0, 0x0, 0x0, 0x0, 0x90, 0x98, 0x0, 0x0,
    0x0, 0x0, 0x0, 0x0, 0x0, 0x81, 0xac, 0xac,
    0xac, 0xac, 0xdb, 0xdd, 0xac, 0xac, 0xac, 0xac,
    0x83, 0x0, 0x0, 0x45, 0x5c, 0x5c, 0x5c, 0x5c,
    0x5c, 0x5c, 0x5c, 0x5c, 0x5c, 0x5c, 0x46, 0x0,
    0x0, 0x0, 0x0, 0x1e, 0x83, 0xbb, 0xd1, 0xd2,
    0xba, 0x83, 0x1f, 0x0, 0x0, 0x0, 0x0, 0x0,
    0x44, 0xf3, 0x9a, 0x4a, 0x2f, 0x2f, 0x4a, 0x9a,
    0xf3, 0x45, 0x0, 0x0, 0x0, 0x0, 0xcc, 0x86,
    0x0, 0x0, 0x0, 0x0, 0x0, 0x0, 0x86, 0xcb,
    0x0, 0x0, 0x0, 0x0, 0xcd, 0x84, 0x0, 0x0,
    0x0, 0x0, 0x0, 0x0, 0x84, 0xcd, 0x0, 0x0,
    0x0, 0x0, 0x49, 0xf5, 0x92, 0x44, 0x29, 0x2a,
    0x43, 0x92, 0xf6, 0x4a, 0x0, 0x0, 0x0, 0x0,
    0x0, 0x1d, 0x85, 0xb9, 0xec, 0xee, 0xba, 0x87,
    0x1f, 0x0, 0x0, 0x0, 0x0, 0x0, 0x0, 0x0,
    0x0, 0x0, 0x90, 0x98, 0x0, 0x0, 0x0, 0x0,
    0x0, 0x0, 0x0, 0x0, 0x0, 0x0, 0x0, 0x0,
    0x90, 0x98, 0x0, 0x0, 0x0, 0x0, 0x0, 0x0,
    0xf0, 0xf4, 0xf4, 0xf4, 0xf4, 0xf4, 0xfa, 0xfb,
    0xf4, 0xf4, 0xf4, 0xf4, 0xf4, 0xf4, 0xf, 0x10,
    0x10, 0x10, 0x10, 0x10, 0x10, 0x10, 0x10, 0x10,
    0x10, 0x10, 0x10, 0x10,

    /* U+D648 "홈" */
    0x0, 0x0, 0x0, 0x0, 0x0, 0x0, 0x36, 0x39,
    0x0, 0x0, 0x0, 0x0, 0x0, 0x0, 0x0, 0x0,
    0x0, 0x0, 0x0, 0x0, 0x90, 0x98, 0x0, 0x0,
    0x0, 0x0, 0x0, 0x0, 0x0, 0xa8, 0xff, 0xff,
    0xff, 0xff, 0xff, 0xff, 0xff, 0xff, 0xff, 0xff,
    0xac, 0x0, 0x0, 0x2, 0xc, 0x76, 0xc5, 0xeb,
    0xfb, 0xfb, 0xeb, 0xc5, 0x75, 0xc, 0x2, 0x0,
    0x0, 0x0, 0xac, 0xce, 0x4d, 0x1b, 0xb, 0xb,
    0x1c, 0x50, 0xce, 0xaa, 0x0, 0x0, 0x0, 0x0,
    0xcf, 0x98, 0x4, 0x0, 0x0, 0x0, 0x0, 0x4,
    0x95, 0xce, 0x0, 0x0, 0x0, 0x0, 0x2f, 0xc4,
    0xf0, 0xc6, 0xb5, 0xb6, 0xc5, 0xf0, 0xc4, 0x2e,
    0x0, 0x0, 0x0, 0x0, 0x0, 0x0, 0x11, 0x36,
    0xad, 0xb4, 0x37, 0x11, 0x0, 0x0, 0x0, 0x0,
    0x13, 0x14, 0x14, 0x14, 0x14, 0x14, 0x98, 0xa0,
    0x14, 0x14, 0x14, 0x14, 0x14, 0x14, 0xe8, 0xec,
    0xec, 0xec, 0xec, 0xec, 0xec, 0xec, 0xec, 0xec,
    0xec, 0xec, 0xec, 0xec, 0x0, 0x0, 0xa, 0xc,
    0xc, 0xc, 0xc, 0xc, 0xc, 0xc, 0xc, 0xa,
    0x0, 0x0, 0x0, 0x0, 0xe0, 0xf7, 0xf4, 0xf4,
    0xf4, 0xf4, 0xf4, 0xf4, 0xf7, 0xe4, 0x0, 0x0,
    0x0, 0x0, 0xe0, 0x4c, 0x0, 0x0, 0x0, 0x0,
    0x0, 0x0, 0x48, 0xe4, 0x0, 0x0, 0x0, 0x0,
    0xe0, 0x4c, 0x0, 0x0, 0x0, 0x0, 0x0, 0x0,
    0x48, 0xe4, 0x0, 0x0, 0x0, 0x0, 0xe0, 0xff,
    0xff, 0xff, 0xff, 0xff, 0xff, 0xff, 0xff, 0xe4,
    0x0, 0x0,

    /* U+D654 "화" */
    0x0, 0x0, 0x0, 0x0, 0x0, 0xbc, 0x38, 0x0,
    0x0, 0x0, 0x0, 0x39, 0xd2, 0x0, 0x0, 0x0,
    0x0, 0x0, 0x0, 0x0, 0x0, 0xe4, 0x44, 0x0,
    0x0, 0x0, 0x0, 0x40, 0xec, 0x0, 0x0, 0x0,
    0x0, 0xa8, 0xcc, 0xcc, 0xcc, 0xfa, 0xd9, 0xcc,
    0xcc, 0xcc, 0x26, 0x40, 0xec, 0x0, 0x0, 0x0,
    0x0, 0x38, 0x44, 0x44, 0x44, 0x44, 0x44, 0x44,
    0x44, 0x44, 0xc, 0x40, 0xec, 0x0, 0x0, 0x0,
    0x0, 0x0, 0x8, 0x77, 0xd0, 0xee, 0xde, 0xa3,
    0x27, 0x0, 0x0, 0x40, 0xec, 0x0, 0x0, 0x0,
    0x0, 0x0, 0xae, 0xcc, 0x40, 0x14, 0x27, 0x92,
    0xf1, 0x1e, 0x0, 0x40, 0xec, 0x0, 0x0, 0x0,
    0x0, 0x10, 0xff, 0x29, 0x0, 0x0, 0x0, 0x0,
    0xce, 0x6c, 0x0, 0x40, 0xec, 0x0, 0x0, 0x0,
    0x0, 0x3, 0xf5, 0x43, 0x0, 0x0, 0x0, 0x7,
    0xe0, 0x51, 0x0, 0x40, 0xff, 0xfc, 0xfc, 0x3b,
    0x0, 0x0, 0x6a, 0xea, 0x81, 0x58, 0x6a, 0xca,
    0xb8, 0x3, 0x0, 0x40, 0xed, 0x14, 0x14, 0x4,
    0x0, 0x0, 0x0, 0x2f, 0x7f, 0xf6, 0xa7, 0x4f,
    0x1, 0x0, 0x0, 0x40, 0xec, 0x0, 0x0, 0x0,
    0x0, 0x0, 0x0, 0x0, 0x0, 0xe8, 0x44, 0x0,
    0x0, 0x0, 0x0, 0x40, 0xec, 0x0, 0x0, 0x0,
    0x19, 0x3d, 0x3f, 0x43, 0x48, 0xef, 0x80, 0x56,
    0x5c, 0x66, 0x61, 0x40, 0xec, 0x0, 0x0, 0x0,
    0x45, 0xbf, 0xbe, 0xbd, 0xb9, 0xb5, 0xaf, 0xa8,
    0xa0, 0x96, 0x7b, 0x40, 0xec, 0x0, 0x0, 0x0,
    0x0, 0x0, 0x0, 0x0, 0x0, 0x0, 0x0, 0x0,
    0x0, 0x0, 0x0, 0x40, 0xec, 0x0, 0x0, 0x0,
    0x0, 0x0, 0x0, 0x0, 0x0, 0x0, 0x0, 0x0,
    0x0, 0x0, 0x0, 0x40, 0xec, 0x0, 0x0, 0x0,
    0x0, 0x0, 0x0, 0x0, 0x0, 0x0, 0x0, 0x0,
    0x0, 0x0, 0x0, 0xc, 0x2c, 0x0, 0x0, 0x0,

    /* U+D655 "확" */
    0x0, 0x0, 0x0, 0x0, 0x0, 0x6e, 0x36, 0x0,
    0x0, 0x0, 0x0, 0x1a, 0x67, 0x0, 0x0, 0x0,
    0x0, 0x0, 0x0, 0x0, 0x0, 0xc4, 0x60, 0x0,
    0x0, 0x0, 0x0, 0x3c, 0xec, 0x0, 0x0, 0x0,
    0x0, 0xb0, 0xff, 0xff, 0xff, 0xff, 0xff, 0xff,
    0xff, 0xff, 0x30, 0x3c, 0xec, 0x0, 0x0, 0x0,
    0x0, 0x5, 0xb, 0x66, 0xb4, 0xcf, 0xc3, 0x95,
    0x2b, 0x8, 0x1, 0x3c, 0xec, 0x0, 0x0, 0x0,
    0x0, 0x0, 0x95, 0xd0, 0x51, 0x2b, 0x33, 0x76,
    0xee, 0x2d, 0x0, 0x3c, 0xec, 0x0, 0x0, 0x0,
    0x0, 0x0, 0xe4, 0x52, 0x0, 0x0, 0x0, 0x0,
    0xb7, 0x74, 0x0, 0x3c, 0xf3, 0x5c, 0x5c, 0xf,
    0x0, 0x0, 0x99, 0xd1, 0x4f, 0x27, 0x2f, 0x72,
    0xef, 0x2e, 0x0, 0x3c, 0xfa, 0xb8, 0xb8, 0x1f,
    0x0, 0x0, 0x4, 0x63, 0xad, 0xf3, 0xd6, 0x97,
    0x2d, 0x0, 0x0, 0x3c, 0xec, 0x0, 0x0, 0x0,
    0x0, 0x0, 0x0, 0x0, 0x0, 0xc8, 0x5f, 0x9,
    0xe, 0x17, 0x1e, 0x3c, 0xec, 0x0, 0x0, 0x0,
    0x28, 0xf4, 0xf5, 0xf8, 0xfc, 0xff, 0xff, 0xf8,
    0xef, 0xe4, 0xc7, 0x3c, 0xec, 0x0, 0x0, 0x0,
    0x1, 0xf, 0xe, 0xc, 0xa, 0x5, 0x0, 0x0,
    0x0, 0x0, 0x0, 0x12, 0x49, 0x0, 0x0, 0x0,
    0x0, 0x0, 0x0, 0xc2, 0xf4, 0xf4, 0xf4, 0xf4,
    0xf4, 0xf4, 0xf4, 0xf4, 0xe0, 0x0, 0x0, 0x0,
    0x0, 0x0, 0x0, 0xf, 0x14, 0x14, 0x14, 0x14,
    0x14, 0x14, 0x14, 0x4b, 0xec, 0x0, 0x0, 0x0,
    0x0, 0x0, 0x0, 0x0, 0x0, 0x0, 0x0, 0x0,
    0x0, 0x0, 0x0, 0x3c, 0xec, 0x0, 0x0, 0x0,
    0x0, 0x0, 0x0, 0x0, 0x0, 0x0, 0x0, 0x0,
    0x0, 0x0, 0x0, 0x3c, 0xec, 0x0, 0x0, 0x0,
    0x0, 0x0, 0x0, 0x0, 0x0, 0x0, 0x0, 0x0,
    0x0, 0x0, 0x0, 0x15, 0x54, 0x0, 0x0, 0x0,

    /* U+D658 "환" */
    0x0, 0x0, 0x0, 0x0, 0x0, 0x7b, 0x34, 0x0,
    0x0, 0x0, 0x0, 0x28, 0x93, 0x0, 0x0, 0x0,
    0x0, 0x0, 0x0, 0x0, 0x0, 0xd0, 0x58, 0x0,
    0x0, 0x0, 0x0, 0x40, 0xec, 0x0, 0x0, 0x0,
    0x0, 0xa5, 0xf0, 0xf0, 0xf0, 0xfd, 0xf5, 0xf0,
    0xf0, 0xf0, 0x2d, 0x40, 0xec, 0x0, 0x0, 0x0,
    0x0, 0xd, 0x14, 0x16, 0x45, 0x5f, 0x52, 0x28,
    0x14, 0x14, 0x3, 0x40, 0xec, 0x0, 0x0, 0x0,
    0x0, 0x0, 0x3d, 0xe0, 0xca, 0xa3, 0xae, 0xe7,
    0x96, 0x3, 0x0, 0x40, 0xec, 0x0, 0x0, 0x0,
    0x0, 0x0, 0xde, 0x67, 0x0, 0x0, 0x0, 0xe,
    0xd8, 0x5f, 0x0, 0x40, 0xec, 0x0, 0x0, 0x0,
    0x0, 0x0, 0xdd, 0x66, 0x0, 0x0, 0x0, 0xd,
    0xd8, 0x5a, 0x0, 0x40, 0xf9, 0xb0, 0xb0, 0x1e,
    0x0, 0x0, 0x39, 0xd9, 0xc8, 0xa3, 0xae, 0xe8,
    0x95, 0x2, 0x0, 0x40, 0xf2, 0x58, 0x58, 0xf,
    0x0, 0x0, 0x0, 0x2, 0x26, 0xdf, 0x77, 0xf,
    0x0, 0x0, 0x0, 0x40, 0xec, 0x0, 0x0, 0x0,
    0x13, 0x98, 0x9b, 0x9f, 0xa4, 0xf0, 0xc8, 0xb3,
    0xbb, 0xc5, 0xae, 0x40, 0xec, 0x0, 0x0, 0x0,
    0x7, 0x62, 0x5f, 0x5b, 0x58, 0x53, 0x4c, 0x41,
    0x36, 0x2b, 0x1c, 0x40, 0xec, 0x0, 0x0, 0x0,
    0x0, 0x0, 0x0, 0x97, 0x67, 0x0, 0x0, 0x0,
    0x0, 0x0, 0x0, 0x3d, 0xe0, 0x0, 0x0, 0x0,
    0x0, 0x0, 0x0, 0xb0, 0x78, 0x0, 0x0, 0x0,
    0x0, 0x0, 0x0, 0x0, 0x0, 0x0, 0x0, 0x0,
    0x0, 0x0, 0x0, 0xb0, 0x7a, 0x4, 0x4, 0x4,
    0x4, 0x4, 0x4, 0x4, 0x4, 0x1, 0x0, 0x0,
    0x0, 0x0, 0x0, 0xb0, 0xff, 0xff, 0xff, 0xff,
    0xff, 0xff, 0xff, 0xff, 0xff, 0x64, 0x0, 0x0,

    /* U+D6C4 "후" */
    0x0, 0x0, 0x0, 0x0, 0x0, 0x0, 0x61, 0x66,
    0x0, 0x0, 0x0, 0x0, 0x0, 0x0, 0x0, 0x0,
    0x0, 0x0, 0x0, 0x0, 0x94, 0x9c, 0x0, 0x0,
    0x0, 0x0, 0x0, 0x0, 0x0, 0xac, 0xff, 0xff,
    0xff, 0xff, 0xff, 0xff, 0xff, 0xff, 0xff, 0xff,
    0xb0, 0x0, 0x0, 0x2, 0x4, 0x4, 0x4, 0x10,
    0x22, 0x23, 0x10, 0x4, 0x4, 0x4, 0x2, 0x0,
    0x0, 0x0, 0x7, 0x7f, 0xdd, 0xf1, 0xdc, 0xdd,
    0xf1, 0xdd, 0x7e, 0x7, 0x0, 0x0, 0x0, 0x0,
    0x9b, 0xd3, 0x38, 0x1, 0x0, 0x0, 0x1, 0x38,
    0xd3, 0x9b, 0x0, 0x0, 0x0, 0x0, 0xd2, 0x76,
    0x0, 0x0, 0x0, 0x0, 0x0, 0x0, 0x77, 0xd1,
    0x0, 0x0, 0x0, 0x0, 0x69, 0xf4, 0x84, 0x42,
    0x2c, 0x2c, 0x42, 0x84, 0xf4, 0x67, 0x0, 0x0,
    0x0, 0x0, 0x0, 0x37, 0x91, 0xbd, 0xd0, 0xd0,
    0xbd, 0x91, 0x36, 0x0, 0x0, 0x0, 0xf, 0x10,
    0x10, 0x10, 0x10, 0x10, 0x10, 0x10, 0x10, 0x10,
    0x10, 0x10, 0x10, 0x10, 0xf4, 0xf8, 0xf8, 0xf8,
    0xf8, 0xf8, 0xfc, 0xfc, 0xf8, 0xf8, 0xf8, 0xf8,
    0xf8, 0xf8, 0x0, 0x0, 0x0, 0x0, 0x0, 0x0,
    0x94, 0x9c, 0x0, 0x0, 0x0, 0x0, 0x0, 0x0,
    0x0, 0x0, 0x0, 0x0, 0x0, 0x0, 0x94, 0x9c,
    0x0, 0x0, 0x0, 0x0, 0x0, 0x0, 0x0, 0x0,
    0x0, 0x0, 0x0, 0x0, 0x94, 0x9c, 0x0, 0x0,
    0x0, 0x0, 0x0, 0x0, 0x0, 0x0, 0x0, 0x0,
    0x0, 0x0, 0x94, 0x9c, 0x0, 0x0, 0x0, 0x0,
    0x0, 0x0, 0x0, 0x0, 0x0, 0x0, 0x0, 0x0,
    0x3c, 0x3f, 0x0, 0x0, 0x0, 0x0, 0x0, 0x0,

    /* U+D750 "흐" */
    0x0, 0x0, 0x0, 0x0, 0x0, 0x0, 0x4a, 0x4e,
    0x0, 0x0, 0x0, 0x0, 0x0, 0x0, 0x0, 0x0,
    0x0, 0x0, 0x0, 0x0, 0x90, 0x98, 0x0, 0x0,
    0x0, 0x0, 0x0, 0x0, 0x0, 0x8a, 0xb8, 0xb8,
    0xb8, 0xb8, 0xe0, 0xe2, 0xb8, 0xb8, 0xb8, 0xb8,
    0x8c, 0x0, 0x0, 0x33, 0x44, 0x44, 0x44, 0x44,
    0x44, 0x44, 0x44, 0x44, 0x44, 0x44, 0x34, 0x0,
    0x0, 0x0, 0x0, 0x20, 0x87, 0xbe, 0xd5, 0xd6,
    0xbe, 0x85, 0x1f, 0x0, 0x0, 0x0, 0x0, 0x0,
    0x45, 0xf4, 0x9a, 0x4a, 0x2f, 0x2f, 0x4a, 0x9a,
    0xf3, 0x44, 0x0, 0x0, 0x0, 0x0, 0xcb, 0x88,
    0x0, 0x0, 0x0, 0x0, 0x0, 0x0, 0x88, 0xca,
    0x0, 0x0, 0x0, 0x0, 0xcf, 0x7e, 0x0, 0x0,
    0x0, 0x0, 0x0, 0x0, 0x7e, 0xcf, 0x0, 0x0,
    0x0, 0x0, 0x53, 0xf5, 0x7e, 0x2d, 0x12, 0x12,
    0x2c, 0x7e, 0xf6, 0x53, 0x0, 0x0, 0x0, 0x0,
    0x0, 0x33, 0xa2, 0xdb, 0xf3, 0xf2, 0xda, 0xa2,
    0x34, 0x0, 0x0, 0x0, 0x0, 0x0, 0x0, 0x0,
    0x0, 0x0, 0x0, 0x0, 0x0, 0x0, 0x0, 0x0,
    0x0, 0x0, 0x0, 0x0, 0x0, 0x0, 0x0, 0x0,
    0x0, 0x0, 0x0, 0x0, 0x0, 0x0, 0x0, 0x0,
    0xf0, 0xf4, 0xf4, 0xf4, 0xf4, 0xf4, 0xf4, 0xf4,
    0xf4, 0xf4, 0xf4, 0xf4, 0xf4, 0xf4, 0xf, 0x10,
    0x10, 0x10, 0x10, 0x10, 0x10, 0x10, 0x10, 0x10,
    0x10, 0x10, 0x10, 0x10,

    /* U+D788 "히" */
    0x0, 0x0, 0x0, 0x0, 0xcb, 0x40, 0x0, 0x0,
    0x0, 0x0, 0x0, 0xe0, 0x27, 0x0, 0x0, 0x0,
    0x0, 0xe4, 0x48, 0x0, 0x0, 0x0, 0x0, 0x0,
    0xfc, 0x2c, 0x6e, 0x7c, 0x7c, 0x7c, 0xf1, 0xa1,
    0x7c, 0x7c, 0x7c, 0x24, 0x0, 0xfc, 0x2c, 0x80,
    0x90, 0x90, 0x90, 0x90, 0x90, 0x90, 0x90, 0x90,
    0x2a, 0x0, 0xfc, 0x2c, 0x0, 0x0, 0x0, 0x12,
    0x37, 0x23, 0x2, 0x0, 0x0, 0x0, 0x0, 0xfc,
    0x2c, 0x0, 0xe, 0x9f, 0xf2, 0xc8, 0xe0, 0xd5,
    0x39, 0x0, 0x0, 0x0, 0xfc, 0x2c, 0x0, 0xaa,
    0xc1, 0x14, 0x0, 0x0, 0x69, 0xf3, 0x1b, 0x0,
    0x0, 0xfc, 0x2c, 0xb, 0xfd, 0x2e, 0x0, 0x0,
    0x0, 0x0, 0xc3, 0x6e, 0x0, 0x0, 0xfc, 0x2c,
    0x10, 0xff, 0x22, 0x0, 0x0, 0x0, 0x0, 0xb6,
    0x78, 0x0, 0x0, 0xfc, 0x2c, 0x0, 0xc3, 0x9d,
    0x2, 0x0, 0x0, 0x3d, 0xf8, 0x2f, 0x0, 0x0,
    0xfc, 0x2c, 0x0, 0x21, 0xcc, 0xd3, 0x97, 0xb0,
    0xee, 0x63, 0x0, 0x0, 0x0, 0xfc, 0x2c, 0x0,
    0x0, 0x2, 0x3f, 0x64, 0x50, 0x15, 0x0, 0x0,
    0x0, 0x0, 0xfc, 0x2c, 0x0, 0x0, 0x0, 0x0,
    0x0, 0x0, 0x0, 0x0, 0x0, 0x0, 0x0, 0xfc,
    0x2c, 0x0, 0x0, 0x0, 0x0, 0x0, 0x0, 0x0,
    0x0, 0x0, 0x0, 0x0, 0xfc, 0x2c, 0x0, 0x0,
    0x0, 0x0, 0x0, 0x0, 0x0, 0x0, 0x0, 0x0,
    0x0, 0xfc, 0x2c, 0x0, 0x0, 0x0, 0x0, 0x0,
    0x0, 0x0, 0x0, 0x0, 0x0, 0x0, 0x2f, 0x8
};


/*---------------------
 *  GLYPH DESCRIPTION
 *--------------------*/

static const lv_font_fmt_txt_glyph_dsc_t glyph_dsc[] = {
    {.bitmap_index = 0, .adv_w = 0, .box_w = 0, .box_h = 0, .ofs_x = 0, .ofs_y = 0} /* id = 0 reserved */,
    {.bitmap_index = 0, .adv_w = 90, .box_w = 0, .box_h = 0, .ofs_x = 0, .ofs_y = 0},
    {.bitmap_index = 0, .adv_w = 155, .box_w = 10, .box_h = 11, .ofs_x = 0, .ofs_y = 1},
    {.bitmap_index = 110, .adv_w = 214, .box_w = 13, .box_h = 12, .ofs_x = 0, .ofs_y = 0},
    {.bitmap_index = 266, .adv_w = 78, .box_w = 4, .box_h = 15, .ofs_x = 1, .ofs_y = -3},
    {.bitmap_index = 326, .adv_w = 78, .box_w = 4, .box_h = 15, .ofs_x = 0, .ofs_y = -3},
    {.bitmap_index = 386, .adv_w = 179, .box_w = 9, .box_h = 9, .ofs_x = 1, .ofs_y = 0},
    {.bitmap_index = 467, .adv_w = 56, .box_w = 3, .box_h = 4, .ofs_x = 0, .ofs_y = -2},
    {.bitmap_index = 479, .adv_w = 105, .box_w = 5, .box_h = 2, .ofs_x = 1, .ofs_y = 4},
    {.bitmap_index = 489, .adv_w = 56, .box_w = 3, .box_h = 2, .ofs_x = 0, .ofs_y = 0},
    {.bitmap_index = 495, .adv_w = 101, .box_w = 8, .box_h = 15, .ofs_x = -1, .ofs_y = -3},
    {.bitmap_index = 615, .adv_w = 141, .box_w = 9, .box_h = 12, .ofs_x = 0, .ofs_y = 0},
    {.bitmap_index = 723, .adv_w = 141, .box_w = 5, .box_h = 12, .ofs_x = 1, .ofs_y = 0},
    {.bitmap_index = 783, .adv_w = 141, .box_w = 8, .box_h = 12, .ofs_x = 0, .ofs_y = 0},
    {.bitmap_index = 879, .adv_w = 141, .box_w = 7, .box_h = 12, .ofs_x = 1, .ofs_y = 0},
    {.bitmap_index = 963, .adv_w = 141, .box_w = 9, .box_h = 12, .ofs_x = 0, .ofs_y = 0},
    {.bitmap_index = 1071, .adv_w = 141, .box_w = 7, .box_h = 12, .ofs_x = 1, .ofs_y = 0},
    {.bitmap_index = 1155, .adv_w = 141, .box_w = 9, .box_h = 12, .ofs_x = 0, .ofs_y = 0},
    {.bitmap_index = 1263, .adv_w = 141, .box_w = 9, .box_h = 12, .ofs_x = 0, .ofs_y = 0},
    {.bitmap_index = 1371, .adv_w = 141, .box_w = 9, .box_h = 12, .ofs_x = 0, .ofs_y = 0},
    {.bitmap_index = 1479, .adv_w = 141, .box_w = 8, .box_h = 12, .ofs_x = 0, .ofs_y = 0},
    {.bitmap_index = 1575, .adv_w = 56, .box_w = 3, .box_h = 9, .ofs_x = 0, .ofs_y = 0},
    {.bitmap_index = 1602, .adv_w = 56, .box_w = 3, .box_h = 12, .ofs_x = 0, .ofs_y = -3},
    {.bitmap_index = 1638, .adv_w = 179, .box_w = 9, .box_h = 6, .ofs_x = 1, .ofs_y = 2},
    {.bitmap_index = 1692, .adv_w = 251, .box_w = 14, .box_h = 14, .ofs_x = 1, .ofs_y = -2},
    {.bitmap_index = 1888, .adv_w = 169, .box_w = 11, .box_h = 12, .ofs_x = 0, .ofs_y = 0},
    {.bitmap_index = 2020, .adv_w = 149, .box_w = 8, .box_h = 12, .ofs_x = 1, .ofs_y = 0},
    {.bitmap_index = 2116, .adv_w = 163, .box_w = 10, .box_h = 12, .ofs_x = 0, .ofs_y = 0},
    {.bitmap_index = 2236, .adv_w = 184, .box_w = 10, .box_h = 12, .ofs_x = 1, .ofs_y = 0},
    {.bitmap_index = 2356, .adv_w = 132, .box_w = 7, .box_h = 12, .ofs_x = 1, .ofs_y = 0},
    {.bitmap_index = 2440, .adv_w = 128, .box_w = 7, .box_h = 12, .ofs_x = 1, .ofs_y = 0},
    {.bitmap_index = 2524, .adv_w = 180, .box_w = 11, .box_h = 12, .ofs_x = 0, .ofs_y = 0},
    {.bitmap_index = 2656, .adv_w = 186, .box_w = 10, .box_h = 12, .ofs_x = 1, .ofs_y = 0},
    {.bitmap_index = 2776, .adv_w = 69, .box_w = 2, .box_h = 12, .ofs_x = 1, .ofs_y = 0},
    {.bitmap_index = 2800, .adv_w = 92, .box_w = 5, .box_h = 12, .ofs_x = 0, .ofs_y = 0},
    {.bitmap_index = 2860, .adv_w = 151, .box_w = 9, .box_h = 12, .ofs_x = 1, .ofs_y = 0},
    {.bitmap_index = 2968, .adv_w = 123, .box_w = 7, .box_h = 12, .ofs_x = 1, .ofs_y = 0},
    {.bitmap_index = 3052, .adv_w = 235, .box_w = 13, .box_h = 12, .ofs_x = 1, .ofs_y = 0},
    {.bitmap_index = 3208, .adv_w = 196, .box_w = 10, .box_h = 12, .ofs_x = 1, .ofs_y = 0},
    {.bitmap_index = 3328, .adv_w = 198, .box_w = 12, .box_h = 12, .ofs_x = 0, .ofs_y = 0},
    {.bitmap_index = 3472, .adv_w = 146, .box_w = 8, .box_h = 12, .ofs_x = 1, .ofs_y = 0},
    {.bitmap_index = 3568, .adv_w = 198, .box_w = 13, .box_h = 14, .ofs_x = 0, .ofs_y = -2},
    {.bitmap_index = 3750, .adv_w = 156, .box_w = 9, .box_h = 12, .ofs_x = 1, .ofs_y = 0},
    {.bitmap_index = 3858, .adv_w = 139, .box_w = 8, .box_h = 12, .ofs_x = 0, .ofs_y = 0},
    {.bitmap_index = 3954, .adv_w = 137, .box_w = 9, .box_h = 12, .ofs_x = 0, .ofs_y = 0},
    {.bitmap_index = 4062, .adv_w = 180, .box_w = 9, .box_h = 12, .ofs_x = 1, .ofs_y = 0},
    {.bitmap_index = 4170, .adv_w = 162, .box_w = 10, .box_h = 12, .ofs_x = 0, .ofs_y = 0},
    {.bitmap_index = 4290, .adv_w = 244, .box_w = 16, .box_h = 12, .ofs_x = 0, .ofs_y = 0},
    {.bitmap_index = 4482, .adv_w = 154, .box_w = 10, .box_h = 12, .ofs_x = 0, .ofs_y = 0},
    {.bitmap_index = 4602, .adv_w = 144, .box_w = 9, .box_h = 12, .ofs_x = 0, .ofs_y = 0},
    {.bitmap_index = 4710, .adv_w = 149, .box_w = 9, .box_h = 12, .ofs_x = 0, .ofs_y = 0},
    {.bitmap_index = 4818, .adv_w = 78, .box_w = 4, .box_h = 15, .ofs_x = 1, .ofs_y = -3},
    {.bitmap_index = 4878, .adv_w = 78, .box_w = 4, .box_h = 15, .ofs_x = 0, .ofs_y = -3},
    {.bitmap_index = 4938, .adv_w = 109, .box_w = 7, .box_h = 2, .ofs_x = 0, .ofs_y = -3},
    {.bitmap_index = 4952, .adv_w = 133, .box_w = 8, .box_h = 9, .ofs_x = 0, .ofs_y = 0},
    {.bitmap_index = 5024, .adv_w = 154, .box_w = 8, .box_h = 13, .ofs_x = 1, .ofs_y = 0},
    {.bitmap_index = 5128, .adv_w = 121, .box_w = 7, .box_h = 9, .ofs_x = 0, .ofs_y = 0},
    {.bitmap_index = 5191, .adv_w = 154, .box_w = 9, .box_h = 13, .ofs_x = 0, .ofs_y = 0},
    {.bitmap_index = 5308, .adv_w = 137, .box_w = 8, .box_h = 9, .ofs_x = 0, .ofs_y = 0},
    {.bitmap_index = 5380, .adv_w = 81, .box_w = 6, .box_h = 13, .ofs_x = 0, .ofs_y = 0},
    {.bitmap_index = 5458, .adv_w = 154, .box_w = 9, .box_h = 13, .ofs_x = 0, .ofs_y = -4},
    {.bitmap_index = 5575, .adv_w = 148, .box_w = 8, .box_h = 13, .ofs_x = 1, .ofs_y = 0},
    {.bitmap_index = 5679, .adv_w = 63, .box_w = 2, .box_h = 13, .ofs_x = 1, .ofs_y = 0},
    {.bitmap_index = 5705, .adv_w = 63, .box_w = 5, .box_h = 17, .ofs_x = -2, .ofs_y = -4},
    {.bitmap_index = 5790, .adv_w = 130, .box_w = 8, .box_h = 13, .ofs_x = 1, .ofs_y = 0},
    {.bitmap_index = 5894, .adv_w = 63, .box_w = 2, .box_h = 13, .ofs_x = 1, .ofs_y = 0},
    {.bitmap_index = 5920, .adv_w = 225, .box_w = 12, .box_h = 9, .ofs_x = 1, .ofs_y = 0},
    {.bitmap_index = 6028, .adv_w = 148, .box_w = 8, .box_h = 9, .ofs_x = 1, .ofs_y = 0},
    {.bitmap_index = 6100, .adv_w = 153, .box_w = 9, .box_h = 9, .ofs_x = 0, .ofs_y = 0},
    {.bitmap_index = 6181, .adv_w = 154, .box_w = 8, .box_h = 13, .ofs_x = 1, .ofs_y = -4},
    {.bitmap_index = 6285, .adv_w = 154, .box_w = 9, .box_h = 13, .ofs_x = 0, .ofs_y = -4},
    {.bitmap_index = 6402, .adv_w = 91, .box_w = 5, .box_h = 10, .ofs_x = 1, .ofs_y = 0},
    {.bitmap_index = 6452, .adv_w = 111, .box_w = 7, .box_h = 9, .ofs_x = 0, .ofs_y = 0},
    {.bitmap_index = 6515, .adv_w = 88, .box_w = 6, .box_h = 12, .ofs_x = 0, .ofs_y = 0},
    {.bitmap_index = 6587, .adv_w = 148, .box_w = 7, .box_h = 9, .ofs_x = 1, .ofs_y = 0},
    {.bitmap_index = 6650, .adv_w = 125, .box_w = 8, .box_h = 9, .ofs_x = 0, .ofs_y = 0},
    {.bitmap_index = 6722, .adv_w = 189, .box_w = 12, .box_h = 9, .ofs_x = 0, .ofs_y = 0},
    {.bitmap_index = 6830, .adv_w = 119, .box_w = 8, .box_h = 9, .ofs_x = 0, .ofs_y = 0},
    {.bitmap_index = 6902, .adv_w = 126, .box_w = 8, .box_h = 13, .ofs_x = 0, .ofs_y = -4},
    {.bitmap_index = 7006, .adv_w = 118, .box_w = 8, .box_h = 9, .ofs_x = 0, .ofs_y = 0},
    {.bitmap_index = 7078, .adv_w = 61, .box_w = 2, .box_h = 18, .ofs_x = 1, .ofs_y = -4},
    {.bitmap_index = 7114, .adv_w = 179, .box_w = 9, .box_h = 4, .ofs_x = 1, .ofs_y = 3},
    {.bitmap_index = 7150, .adv_w = 56, .box_w = 3, .box_h = 2, .ofs_x = 0, .ofs_y = 4},
    {.bitmap_index = 7156, .adv_w = 243, .box_w = 15, .box_h = 13, .ofs_x = 0, .ofs_y = -1},
    {.bitmap_index = 7351, .adv_w = 256, .box_w = 11, .box_h = 14, .ofs_x = 3, .ofs_y = -2},
    {.bitmap_index = 7505, .adv_w = 256, .box_w = 12, .box_h = 14, .ofs_x = 2, .ofs_y = -2},
    {.bitmap_index = 7673, .adv_w = 256, .box_w = 15, .box_h = 16, .ofs_x = 1, .ofs_y = -2},
    {.bitmap_index = 7913, .adv_w = 256, .box_w = 15, .box_h = 15, .ofs_x = 1, .ofs_y = -1},
    {.bitmap_index = 8138, .adv_w = 256, .box_w = 15, .box_h = 16, .ofs_x = 1, .ofs_y = -2},
    {.bitmap_index = 8378, .adv_w = 256, .box_w = 14, .box_h = 16, .ofs_x = 0, .ofs_y = -2},
    {.bitmap_index = 8602, .adv_w = 256, .box_w = 13, .box_h = 16, .ofs_x = 1, .ofs_y = -2},
    {.bitmap_index = 8810, .adv_w = 256, .box_w = 13, .box_h = 15, .ofs_x = 1, .ofs_y = -1},
    {.bitmap_index = 9005, .adv_w = 256, .box_w = 13, .box_h = 16, .ofs_x = 1, .ofs_y = -2},
    {.bitmap_index = 9213, .adv_w = 256, .box_w = 13, .box_h = 16, .ofs_x = 1, .ofs_y = -2},
    {.bitmap_index = 9421, .adv_w = 256, .box_w = 13, .box_h = 15, .ofs_x = 1, .ofs_y = -1},
    {.bitmap_index = 9616, .adv_w = 256, .box_w = 13, .box_h = 15, .ofs_x = 1, .ofs_y = -1},
    {.bitmap_index = 9811, .adv_w = 256, .box_w = 13, .box_h = 16, .ofs_x = 1, .ofs_y = -2},
    {.bitmap_index = 10019, .adv_w = 256, .box_w = 14, .box_h = 11, .ofs_x = 1, .ofs_y = 1},
    {.bitmap_index = 10173, .adv_w = 256, .box_w = 14, .box_h = 14, .ofs_x = 1, .ofs_y = -1},
    {.bitmap_index = 10369, .adv_w = 256, .box_w = 16, .box_h = 16, .ofs_x = 0, .ofs_y = -2},
    {.bitmap_index = 10625, .adv_w = 256, .box_w = 15, .box_h = 15, .ofs_x = 1, .ofs_y = -1},
    {.bitmap_index = 10850, .adv_w = 256, .box_w = 14, .box_h = 11, .ofs_x = 1, .ofs_y = 1},
    {.bitmap_index = 11004, .adv_w = 256, .box_w = 14, .box_h = 15, .ofs_x = 1, .ofs_y = -2},
    {.bitmap_index = 11214, .adv_w = 256, .box_w = 14, .box_h = 15, .ofs_x = 1, .ofs_y = -1},
    {.bitmap_index = 11424, .adv_w = 256, .box_w = 14, .box_h = 14, .ofs_x = 1, .ofs_y = -1},
    {.bitmap_index = 11620, .adv_w = 256, .box_w = 14, .box_h = 11, .ofs_x = 1, .ofs_y = 1},
    {.bitmap_index = 11774, .adv_w = 256, .box_w = 14, .box_h = 14, .ofs_x = 1, .ofs_y = -1},
    {.bitmap_index = 11970, .adv_w = 256, .box_w = 14, .box_h = 14, .ofs_x = 1, .ofs_y = -1},
    {.bitmap_index = 12166, .adv_w = 256, .box_w = 13, .box_h = 16, .ofs_x = 1, .ofs_y = -2},
    {.bitmap_index = 12374, .adv_w = 256, .box_w = 16, .box_h = 16, .ofs_x = 0, .ofs_y = -2},
    {.bitmap_index = 12630, .adv_w = 256, .box_w = 13, .box_h = 16, .ofs_x = 1, .ofs_y = -2},
    {.bitmap_index = 12838, .adv_w = 256, .box_w = 14, .box_h = 16, .ofs_x = 2, .ofs_y = -2},
    {.bitmap_index = 13062, .adv_w = 256, .box_w = 14, .box_h = 15, .ofs_x = 2, .ofs_y = -1},
    {.bitmap_index = 13272, .adv_w = 256, .box_w = 12, .box_h = 16, .ofs_x = 2, .ofs_y = -2},
    {.bitmap_index = 13464, .adv_w = 256, .box_w = 12, .box_h = 16, .ofs_x = 2, .ofs_y = -2},
    {.bitmap_index = 13656, .adv_w = 256, .box_w = 12, .box_h = 16, .ofs_x = 2, .ofs_y = -2},
    {.bitmap_index = 13848, .adv_w = 256, .box_w = 14, .box_h = 11, .ofs_x = 1, .ofs_y = 1},
    {.bitmap_index = 14002, .adv_w = 256, .box_w = 14, .box_h = 15, .ofs_x = 1, .ofs_y = -2},
    {.bitmap_index = 14212, .adv_w = 256, .box_w = 14, .box_h = 15, .ofs_x = 1, .ofs_y = -2},
    {.bitmap_index = 14422, .adv_w = 256, .box_w = 14, .box_h = 11, .ofs_x = 1, .ofs_y = 1},
    {.bitmap_index = 14576, .adv_w = 256, .box_w = 14, .box_h = 14, .ofs_x = 1, .ofs_y = -1},
    {.bitmap_index = 14772, .adv_w = 256, .box_w = 14, .box_h = 14, .ofs_x = 1, .ofs_y = -1},
    {.bitmap_index = 14968, .adv_w = 256, .box_w = 12, .box_h = 16, .ofs_x = 2, .ofs_y = -2},
    {.bitmap_index = 15160, .adv_w = 256, .box_w = 12, .box_h = 16, .ofs_x = 2, .ofs_y = -2},
    {.bitmap_index = 15352, .adv_w = 256, .box_w = 14, .box_h = 16, .ofs_x = 2, .ofs_y = -2},
    {.bitmap_index = 15576, .adv_w = 256, .box_w = 14, .box_h = 15, .ofs_x = 2, .ofs_y = -1},
    {.bitmap_index = 15786, .adv_w = 256, .box_w = 12, .box_h = 16, .ofs_x = 2, .ofs_y = -2},
    {.bitmap_index = 15978, .adv_w = 256, .box_w = 12, .box_h = 16, .ofs_x = 2, .ofs_y = -2},
    {.bitmap_index = 16170, .adv_w = 256, .box_w = 12, .box_h = 16, .ofs_x = 2, .ofs_y = -2},
    {.bitmap_index = 16362, .adv_w = 256, .box_w = 14, .box_h = 12, .ofs_x = 1, .ofs_y = 0},
    {.bitmap_index = 16530, .adv_w = 256, .box_w = 14, .box_h = 14, .ofs_x = 1, .ofs_y = -1},
    {.bitmap_index = 16726, .adv_w = 256, .box_w = 13, .box_h = 16, .ofs_x = 1, .ofs_y = -2},
    {.bitmap_index = 16934, .adv_w = 256, .box_w = 13, .box_h = 15, .ofs_x = 1, .ofs_y = -1},
    {.bitmap_index = 17129, .adv_w = 256, .box_w = 13, .box_h = 15, .ofs_x = 1, .ofs_y = -1},
    {.bitmap_index = 17324, .adv_w = 256, .box_w = 14, .box_h = 14, .ofs_x = 1, .ofs_y = -1},
    {.bitmap_index = 17520, .adv_w = 256, .box_w = 14, .box_h = 14, .ofs_x = 1, .ofs_y = -1},
    {.bitmap_index = 17716, .adv_w = 256, .box_w = 14, .box_h = 14, .ofs_x = 1, .ofs_y = -1},
    {.bitmap_index = 17912, .adv_w = 256, .box_w = 14, .box_h = 11, .ofs_x = 1, .ofs_y = 1},
    {.bitmap_index = 18066, .adv_w = 256, .box_w = 14, .box_h = 14, .ofs_x = 1, .ofs_y = -1},
    {.bitmap_index = 18262, .adv_w = 256, .box_w = 12, .box_h = 16, .ofs_x = 2, .ofs_y = -2},
    {.bitmap_index = 18454, .adv_w = 256, .box_w = 15, .box_h = 16, .ofs_x = 1, .ofs_y = -2},
    {.bitmap_index = 18694, .adv_w = 256, .box_w = 13, .box_h = 16, .ofs_x = 1, .ofs_y = -2},
    {.bitmap_index = 18902, .adv_w = 256, .box_w = 13, .box_h = 16, .ofs_x = 1, .ofs_y = -2},
    {.bitmap_index = 19110, .adv_w = 256, .box_w = 14, .box_h = 12, .ofs_x = 1, .ofs_y = 0},
    {.bitmap_index = 19278, .adv_w = 256, .box_w = 14, .box_h = 16, .ofs_x = 2, .ofs_y = -2},
    {.bitmap_index = 19502, .adv_w = 256, .box_w = 13, .box_h = 16, .ofs_x = 1, .ofs_y = -2},
    {.bitmap_index = 19710, .adv_w = 256, .box_w = 12, .box_h = 16, .ofs_x = 2, .ofs_y = -2},
    {.bitmap_index = 19902, .adv_w = 256, .box_w = 12, .box_h = 15, .ofs_x = 2, .ofs_y = -1},
    {.bitmap_index = 20082, .adv_w = 256, .box_w = 13, .box_h = 16, .ofs_x = 1, .ofs_y = -2},
    {.bitmap_index = 20290, .adv_w = 256, .box_w = 12, .box_h = 16, .ofs_x = 2, .ofs_y = -2},
    {.bitmap_index = 20482, .adv_w = 256, .box_w = 14, .box_h = 12, .ofs_x = 1, .ofs_y = 0},
    {.bitmap_index = 20650, .adv_w = 256, .box_w = 14, .box_h = 15, .ofs_x = 1, .ofs_y = -2},
    {.bitmap_index = 20860, .adv_w = 256, .box_w = 14, .box_h = 12, .ofs_x = 1, .ofs_y = 0},
    {.bitmap_index = 21028, .adv_w = 256, .box_w = 14, .box_h = 15, .ofs_x = 1, .ofs_y = -2},
    {.bitmap_index = 21238, .adv_w = 256, .box_w = 14, .box_h = 15, .ofs_x = 1, .ofs_y = -2},
    {.bitmap_index = 21448, .adv_w = 256, .box_w = 14, .box_h = 12, .ofs_x = 1, .ofs_y = 0},
    {.bitmap_index = 21616, .adv_w = 256, .box_w = 14, .box_h = 14, .ofs_x = 1, .ofs_y = -1},
    {.bitmap_index = 21812, .adv_w = 256, .box_w = 12, .box_h = 16, .ofs_x = 2, .ofs_y = -2},
    {.bitmap_index = 22004, .adv_w = 256, .box_w = 14, .box_h = 16, .ofs_x = 2, .ofs_y = -2},
    {.bitmap_index = 22228, .adv_w = 256, .box_w = 15, .box_h = 15, .ofs_x = 1, .ofs_y = -1},
    {.bitmap_index = 22453, .adv_w = 256, .box_w = 13, .box_h = 16, .ofs_x = 1, .ofs_y = -2},
    {.bitmap_index = 22661, .adv_w = 256, .box_w = 12, .box_h = 16, .ofs_x = 2, .ofs_y = -2},
    {.bitmap_index = 22853, .adv_w = 256, .box_w = 12, .box_h = 15, .ofs_x = 2, .ofs_y = -1},
    {.bitmap_index = 23033, .adv_w = 256, .box_w = 13, .box_h = 16, .ofs_x = 1, .ofs_y = -2},
    {.bitmap_index = 23241, .adv_w = 256, .box_w = 13, .box_h = 15, .ofs_x = 2, .ofs_y = -1},
    {.bitmap_index = 23436, .adv_w = 256, .box_w = 13, .box_h = 15, .ofs_x = 2, .ofs_y = -1},
    {.bitmap_index = 23631, .adv_w = 256, .box_w = 14, .box_h = 12, .ofs_x = 1, .ofs_y = 0},
    {.bitmap_index = 23799, .adv_w = 256, .box_w = 14, .box_h = 15, .ofs_x = 1, .ofs_y = -2},
    {.bitmap_index = 24009, .adv_w = 256, .box_w = 14, .box_h = 15, .ofs_x = 1, .ofs_y = -2},
    {.bitmap_index = 24219, .adv_w = 256, .box_w = 14, .box_h = 11, .ofs_x = 1, .ofs_y = 1},
    {.bitmap_index = 24373, .adv_w = 256, .box_w = 12, .box_h = 16, .ofs_x = 2, .ofs_y = -2},
    {.bitmap_index = 24565, .adv_w = 256, .box_w = 12, .box_h = 15, .ofs_x = 2, .ofs_y = -1},
    {.bitmap_index = 24745, .adv_w = 256, .box_w = 15, .box_h = 16, .ofs_x = 1, .ofs_y = -2},
    {.bitmap_index = 24985, .adv_w = 256, .box_w = 15, .box_h = 15, .ofs_x = 1, .ofs_y = -1},
    {.bitmap_index = 25210, .adv_w = 256, .box_w = 15, .box_h = 15, .ofs_x = 1, .ofs_y = -1},
    {.bitmap_index = 25435, .adv_w = 256, .box_w = 13, .box_h = 16, .ofs_x = 1, .ofs_y = -2},
    {.bitmap_index = 25643, .adv_w = 256, .box_w = 13, .box_h = 16, .ofs_x = 1, .ofs_y = -2},
    {.bitmap_index = 25851, .adv_w = 256, .box_w = 12, .box_h = 16, .ofs_x = 2, .ofs_y = -2},
    {.bitmap_index = 26043, .adv_w = 256, .box_w = 13, .box_h = 15, .ofs_x = 2, .ofs_y = -1},
    {.bitmap_index = 26238, .adv_w = 256, .box_w = 12, .box_h = 15, .ofs_x = 2, .ofs_y = -1},
    {.bitmap_index = 26418, .adv_w = 256, .box_w = 13, .box_h = 16, .ofs_x = 1, .ofs_y = -2},
    {.bitmap_index = 26626, .adv_w = 256, .box_w = 13, .box_h = 15, .ofs_x = 2, .ofs_y = -1},
    {.bitmap_index = 26821, .adv_w = 256, .box_w = 14, .box_h = 12, .ofs_x = 1, .ofs_y = 0},
    {.bitmap_index = 26989, .adv_w = 256, .box_w = 14, .box_h = 15, .ofs_x = 1, .ofs_y = -2},
    {.bitmap_index = 27199, .adv_w = 256, .box_w = 14, .box_h = 15, .ofs_x = 1, .ofs_y = -2},
    {.bitmap_index = 27409, .adv_w = 256, .box_w = 14, .box_h = 14, .ofs_x = 1, .ofs_y = -1},
    {.bitmap_index = 27605, .adv_w = 256, .box_w = 14, .box_h = 15, .ofs_x = 1, .ofs_y = -1},
    {.bitmap_index = 27815, .adv_w = 256, .box_w = 14, .box_h = 11, .ofs_x = 1, .ofs_y = 1},
    {.bitmap_index = 27969, .adv_w = 256, .box_w = 12, .box_h = 16, .ofs_x = 2, .ofs_y = -2},
    {.bitmap_index = 28161, .adv_w = 256, .box_w = 16, .box_h = 16, .ofs_x = 0, .ofs_y = -2},
    {.bitmap_index = 28417, .adv_w = 256, .box_w = 15, .box_h = 16, .ofs_x = 1, .ofs_y = -2},
    {.bitmap_index = 28657, .adv_w = 256, .box_w = 15, .box_h = 15, .ofs_x = 1, .ofs_y = -1},
    {.bitmap_index = 28882, .adv_w = 256, .box_w = 14, .box_h = 16, .ofs_x = 1, .ofs_y = -2},
    {.bitmap_index = 29106, .adv_w = 256, .box_w = 13, .box_h = 16, .ofs_x = 1, .ofs_y = -2},
    {.bitmap_index = 29314, .adv_w = 256, .box_w = 14, .box_h = 15, .ofs_x = 0, .ofs_y = -1},
    {.bitmap_index = 29524, .adv_w = 256, .box_w = 13, .box_h = 16, .ofs_x = 1, .ofs_y = -2},
    {.bitmap_index = 29732, .adv_w = 256, .box_w = 13, .box_h = 16, .ofs_x = 1, .ofs_y = -2},
    {.bitmap_index = 29940, .adv_w = 256, .box_w = 13, .box_h = 15, .ofs_x = 1, .ofs_y = -1},
    {.bitmap_index = 30135, .adv_w = 256, .box_w = 13, .box_h = 15, .ofs_x = 1, .ofs_y = -1},
    {.bitmap_index = 30330, .adv_w = 256, .box_w = 13, .box_h = 15, .ofs_x = 1, .ofs_y = -1},
    {.bitmap_index = 30525, .adv_w = 256, .box_w = 14, .box_h = 16, .ofs_x = 0, .ofs_y = -2},
    {.bitmap_index = 30749, .adv_w = 256, .box_w = 15, .box_h = 15, .ofs_x = 0, .ofs_y = -1},
    {.bitmap_index = 30974, .adv_w = 256, .box_w = 14, .box_h = 12, .ofs_x = 1, .ofs_y = 0},
    {.bitmap_index = 31142, .adv_w = 256, .box_w = 14, .box_h = 15, .ofs_x = 1, .ofs_y = -2},
    {.bitmap_index = 31352, .adv_w = 256, .box_w = 14, .box_h = 14, .ofs_x = 1, .ofs_y = -1},
    {.bitmap_index = 31548, .adv_w = 256, .box_w = 14, .box_h = 15, .ofs_x = 1, .ofs_y = -2},
    {.bitmap_index = 31758, .adv_w = 256, .box_w = 14, .box_h = 14, .ofs_x = 1, .ofs_y = -1},
    {.bitmap_index = 31954, .adv_w = 256, .box_w = 14, .box_h = 11, .ofs_x = 1, .ofs_y = 1},
    {.bitmap_index = 32108, .adv_w = 256, .box_w = 14, .box_h = 14, .ofs_x = 1, .ofs_y = -1},
    {.bitmap_index = 32304, .adv_w = 256, .box_w = 13, .box_h = 16, .ofs_x = 1, .ofs_y = -2},
    {.bitmap_index = 32512, .adv_w = 256, .box_w = 13, .box_h = 16, .ofs_x = 1, .ofs_y = -2},
    {.bitmap_index = 32720, .adv_w = 256, .box_w = 13, .box_h = 15, .ofs_x = 1, .ofs_y = -1},
    {.bitmap_index = 32915, .adv_w = 256, .box_w = 13, .box_h = 15, .ofs_x = 1, .ofs_y = -1},
    {.bitmap_index = 33110, .adv_w = 256, .box_w = 13, .box_h = 15, .ofs_x = 1, .ofs_y = -1},
    {.bitmap_index = 33305, .adv_w = 256, .box_w = 16, .box_h = 16, .ofs_x = 0, .ofs_y = -2},
    {.bitmap_index = 33561, .adv_w = 256, .box_w = 14, .box_h = 16, .ofs_x = 0, .ofs_y = -2},
    {.bitmap_index = 33785, .adv_w = 256, .box_w = 13, .box_h = 16, .ofs_x = 1, .ofs_y = -2},
    {.bitmap_index = 33993, .adv_w = 256, .box_w = 15, .box_h = 16, .ofs_x = 1, .ofs_y = -2},
    {.bitmap_index = 34233, .adv_w = 256, .box_w = 15, .box_h = 15, .ofs_x = 1, .ofs_y = -1},
    {.bitmap_index = 34458, .adv_w = 256, .box_w = 15, .box_h = 15, .ofs_x = 1, .ofs_y = -1},
    {.bitmap_index = 34683, .adv_w = 256, .box_w = 15, .box_h = 15, .ofs_x = 1, .ofs_y = -1},
    {.bitmap_index = 34908, .adv_w = 256, .box_w = 13, .box_h = 16, .ofs_x = 1, .ofs_y = -2},
    {.bitmap_index = 35116, .adv_w = 256, .box_w = 13, .box_h = 16, .ofs_x = 1, .ofs_y = -2},
    {.bitmap_index = 35324, .adv_w = 256, .box_w = 12, .box_h = 15, .ofs_x = 2, .ofs_y = -1},
    {.bitmap_index = 35504, .adv_w = 256, .box_w = 13, .box_h = 16, .ofs_x = 2, .ofs_y = -2},
    {.bitmap_index = 35712, .adv_w = 256, .box_w = 13, .box_h = 16, .ofs_x = 1, .ofs_y = -2},
    {.bitmap_index = 35920, .adv_w = 256, .box_w = 12, .box_h = 15, .ofs_x = 2, .ofs_y = -1},
    {.bitmap_index = 36100, .adv_w = 256, .box_w = 12, .box_h = 15, .ofs_x = 2, .ofs_y = -1},
    {.bitmap_index = 36280, .adv_w = 256, .box_w = 14, .box_h = 12, .ofs_x = 1, .ofs_y = 0},
    {.bitmap_index = 36448, .adv_w = 256, .box_w = 14, .box_h = 14, .ofs_x = 1, .ofs_y = -1},
    {.bitmap_index = 36644, .adv_w = 256, .box_w = 16, .box_h = 16, .ofs_x = 0, .ofs_y = -2},
    {.bitmap_index = 36900, .adv_w = 256, .box_w = 15, .box_h = 15, .ofs_x = 1, .ofs_y = -1},
    {.bitmap_index = 37125, .adv_w = 256, .box_w = 14, .box_h = 12, .ofs_x = 1, .ofs_y = 0},
    {.bitmap_index = 37293, .adv_w = 256, .box_w = 14, .box_h = 15, .ofs_x = 1, .ofs_y = -1},
    {.bitmap_index = 37503, .adv_w = 256, .box_w = 14, .box_h = 15, .ofs_x = 1, .ofs_y = -2},
    {.bitmap_index = 37713, .adv_w = 256, .box_w = 14, .box_h = 14, .ofs_x = 1, .ofs_y = -1},
    {.bitmap_index = 37909, .adv_w = 256, .box_w = 13, .box_h = 15, .ofs_x = 1, .ofs_y = -1},
    {.bitmap_index = 38104, .adv_w = 256, .box_w = 14, .box_h = 16, .ofs_x = 0, .ofs_y = -2},
    {.bitmap_index = 38328, .adv_w = 256, .box_w = 14, .box_h = 12, .ofs_x = 1, .ofs_y = 0},
    {.bitmap_index = 38496, .adv_w = 256, .box_w = 14, .box_h = 14, .ofs_x = 1, .ofs_y = -1},
    {.bitmap_index = 38692, .adv_w = 256, .box_w = 14, .box_h = 15, .ofs_x = 1, .ofs_y = -1},
    {.bitmap_index = 38902, .adv_w = 256, .box_w = 14, .box_h = 15, .ofs_x = 1, .ofs_y = -1},
    {.bitmap_index = 39112, .adv_w = 256, .box_w = 13, .box_h = 16, .ofs_x = 1, .ofs_y = -2},
    {.bitmap_index = 39320, .adv_w = 256, .box_w = 12, .box_h = 15, .ofs_x = 2, .ofs_y = -1},
    {.bitmap_index = 39500, .adv_w = 256, .box_w = 12, .box_h = 15, .ofs_x = 2, .ofs_y = -1},
    {.bitmap_index = 39680, .adv_w = 256, .box_w = 12, .box_h = 16, .ofs_x = 2, .ofs_y = -2},
    {.bitmap_index = 39872, .adv_w = 256, .box_w = 12, .box_h = 15, .ofs_x = 2, .ofs_y = -1},
    {.bitmap_index = 40052, .adv_w = 256, .box_w = 14, .box_h = 15, .ofs_x = 2, .ofs_y = -1},
    {.bitmap_index = 40262, .adv_w = 256, .box_w = 15, .box_h = 16, .ofs_x = 1, .ofs_y = -2},
    {.bitmap_index = 40502, .adv_w = 256, .box_w = 16, .box_h = 16, .ofs_x = 0, .ofs_y = -2},
    {.bitmap_index = 40758, .adv_w = 256, .box_w = 16, .box_h = 15, .ofs_x = 0, .ofs_y = -1},
    {.bitmap_index = 40998, .adv_w = 256, .box_w = 14, .box_h = 16, .ofs_x = 1, .ofs_y = -2},
    {.bitmap_index = 41222, .adv_w = 256, .box_w = 13, .box_h = 16, .ofs_x = 1, .ofs_y = -2},
    {.bitmap_index = 41430, .adv_w = 256, .box_w = 13, .box_h = 16, .ofs_x = 1, .ofs_y = -2},
    {.bitmap_index = 41638, .adv_w = 256, .box_w = 13, .box_h = 15, .ofs_x = 1, .ofs_y = -1},
    {.bitmap_index = 41833, .adv_w = 256, .box_w = 13, .box_h = 15, .ofs_x = 1, .ofs_y = -1},
    {.bitmap_index = 42028, .adv_w = 256, .box_w = 14, .box_h = 15, .ofs_x = 1, .ofs_y = -1},
    {.bitmap_index = 42238, .adv_w = 256, .box_w = 13, .box_h = 16, .ofs_x = 1, .ofs_y = -2},
    {.bitmap_index = 42446, .adv_w = 256, .box_w = 14, .box_h = 12, .ofs_x = 1, .ofs_y = 0},
    {.bitmap_index = 42614, .adv_w = 256, .box_w = 14, .box_h = 15, .ofs_x = 1, .ofs_y = -2},
    {.bitmap_index = 42824, .adv_w = 256, .box_w = 14, .box_h = 14, .ofs_x = 1, .ofs_y = -1},
    {.bitmap_index = 43020, .adv_w = 256, .box_w = 14, .box_h = 14, .ofs_x = 1, .ofs_y = -1},
    {.bitmap_index = 43216, .adv_w = 256, .box_w = 14, .box_h = 11, .ofs_x = 1, .ofs_y = 1},
    {.bitmap_index = 43370, .adv_w = 256, .box_w = 13, .box_h = 16, .ofs_x = 1, .ofs_y = -2},
    {.bitmap_index = 43578, .adv_w = 256, .box_w = 13, .box_h = 15, .ofs_x = 1, .ofs_y = -1},
    {.bitmap_index = 43773, .adv_w = 256, .box_w = 13, .box_h = 15, .ofs_x = 1, .ofs_y = -1},
    {.bitmap_index = 43968, .adv_w = 256, .box_w = 13, .box_h = 15, .ofs_x = 1, .ofs_y = -1},
    {.bitmap_index = 44163, .adv_w = 256, .box_w = 16, .box_h = 16, .ofs_x = 0, .ofs_y = -2},
    {.bitmap_index = 44419, .adv_w = 256, .box_w = 14, .box_h = 16, .ofs_x = 0, .ofs_y = -2},
    {.bitmap_index = 44643, .adv_w = 256, .box_w = 15, .box_h = 16, .ofs_x = 1, .ofs_y = -2},
    {.bitmap_index = 44883, .adv_w = 256, .box_w = 14, .box_h = 16, .ofs_x = 0, .ofs_y = -2},
    {.bitmap_index = 45107, .adv_w = 256, .box_w = 13, .box_h = 16, .ofs_x = 1, .ofs_y = -2},
    {.bitmap_index = 45315, .adv_w = 256, .box_w = 13, .box_h = 15, .ofs_x = 1, .ofs_y = -1},
    {.bitmap_index = 45510, .adv_w = 256, .box_w = 13, .box_h = 15, .ofs_x = 1, .ofs_y = -1},
    {.bitmap_index = 45705, .adv_w = 256, .box_w = 14, .box_h = 16, .ofs_x = 0, .ofs_y = -2},
    {.bitmap_index = 45929, .adv_w = 256, .box_w = 14, .box_h = 13, .ofs_x = 1, .ofs_y = 0},
    {.bitmap_index = 46111, .adv_w = 256, .box_w = 13, .box_h = 16, .ofs_x = 1, .ofs_y = -2},
    {.bitmap_index = 46319, .adv_w = 256, .box_w = 14, .box_h = 15, .ofs_x = 1, .ofs_y = -1},
    {.bitmap_index = 46529, .adv_w = 256, .box_w = 14, .box_h = 17, .ofs_x = 1, .ofs_y = -2},
    {.bitmap_index = 46767, .adv_w = 256, .box_w = 14, .box_h = 12, .ofs_x = 1, .ofs_y = 1},
    {.bitmap_index = 46935, .adv_w = 256, .box_w = 14, .box_h = 16, .ofs_x = 1, .ofs_y = -2},
    {.bitmap_index = 47159, .adv_w = 256, .box_w = 13, .box_h = 16, .ofs_x = 1, .ofs_y = -2},
    {.bitmap_index = 47367, .adv_w = 256, .box_w = 13, .box_h = 15, .ofs_x = 1, .ofs_y = -1},
    {.bitmap_index = 47562, .adv_w = 256, .box_w = 15, .box_h = 16, .ofs_x = 1, .ofs_y = -2},
    {.bitmap_index = 47802, .adv_w = 256, .box_w = 14, .box_h = 16, .ofs_x = 0, .ofs_y = -2},
    {.bitmap_index = 48026, .adv_w = 256, .box_w = 14, .box_h = 15, .ofs_x = 1, .ofs_y = -1},
    {.bitmap_index = 48236, .adv_w = 256, .box_w = 13, .box_h = 16, .ofs_x = 1, .ofs_y = -2},
    {.bitmap_index = 48444, .adv_w = 256, .box_w = 13, .box_h = 16, .ofs_x = 1, .ofs_y = -2},
    {.bitmap_index = 48652, .adv_w = 256, .box_w = 13, .box_h = 16, .ofs_x = 1, .ofs_y = -2},
    {.bitmap_index = 48860, .adv_w = 256, .box_w = 14, .box_h = 11, .ofs_x = 1, .ofs_y = 1},
    {.bitmap_index = 49014, .adv_w = 256, .box_w = 14, .box_h = 14, .ofs_x = 1, .ofs_y = -1},
    {.bitmap_index = 49210, .adv_w = 256, .box_w = 14, .box_h = 11, .ofs_x = 1, .ofs_y = 1},
    {.bitmap_index = 49364, .adv_w = 256, .box_w = 13, .box_h = 16, .ofs_x = 1, .ofs_y = -2},
    {.bitmap_index = 49572, .adv_w = 256, .box_w = 14, .box_h = 16, .ofs_x = 2, .ofs_y = -2},
    {.bitmap_index = 49796, .adv_w = 256, .box_w = 14, .box_h = 15, .ofs_x = 2, .ofs_y = -1},
    {.bitmap_index = 50006, .adv_w = 256, .box_w = 12, .box_h = 16, .ofs_x = 2, .ofs_y = -2},
    {.bitmap_index = 50198, .adv_w = 256, .box_w = 12, .box_h = 16, .ofs_x = 2, .ofs_y = -2},
    {.bitmap_index = 50390, .adv_w = 256, .box_w = 12, .box_h = 15, .ofs_x = 2, .ofs_y = -1},
    {.bitmap_index = 50570, .adv_w = 256, .box_w = 12, .box_h = 16, .ofs_x = 2, .ofs_y = -2},
    {.bitmap_index = 50762, .adv_w = 256, .box_w = 12, .box_h = 16, .ofs_x = 2, .ofs_y = -2},
    {.bitmap_index = 50954, .adv_w = 256, .box_w = 13, .box_h = 15, .ofs_x = 2, .ofs_y = -1},
    {.bitmap_index = 51149, .adv_w = 256, .box_w = 14, .box_h = 12, .ofs_x = 1, .ofs_y = 0},
    {.bitmap_index = 51317, .adv_w = 256, .box_w = 14, .box_h = 14, .ofs_x = 1, .ofs_y = -1},
    {.bitmap_index = 51513, .adv_w = 256, .box_w = 14, .box_h = 15, .ofs_x = 1, .ofs_y = -2},
    {.bitmap_index = 51723, .adv_w = 256, .box_w = 14, .box_h = 12, .ofs_x = 1, .ofs_y = 0},
    {.bitmap_index = 51891, .adv_w = 256, .box_w = 14, .box_h = 14, .ofs_x = 1, .ofs_y = -1},
    {.bitmap_index = 52087, .adv_w = 256, .box_w = 12, .box_h = 16, .ofs_x = 2, .ofs_y = -2},
    {.bitmap_index = 52279, .adv_w = 256, .box_w = 12, .box_h = 15, .ofs_x = 2, .ofs_y = -1},
    {.bitmap_index = 52459, .adv_w = 256, .box_w = 16, .box_h = 16, .ofs_x = 0, .ofs_y = -2},
    {.bitmap_index = 52715, .adv_w = 256, .box_w = 14, .box_h = 16, .ofs_x = 0, .ofs_y = -2},
    {.bitmap_index = 52939, .adv_w = 256, .box_w = 13, .box_h = 16, .ofs_x = 1, .ofs_y = -2},
    {.bitmap_index = 53147, .adv_w = 256, .box_w = 14, .box_h = 16, .ofs_x = 0, .ofs_y = -2},
    {.bitmap_index = 53371, .adv_w = 256, .box_w = 13, .box_h = 15, .ofs_x = 1, .ofs_y = -1},
    {.bitmap_index = 53566, .adv_w = 256, .box_w = 14, .box_h = 12, .ofs_x = 1, .ofs_y = 0},
    {.bitmap_index = 53734, .adv_w = 256, .box_w = 14, .box_h = 12, .ofs_x = 1, .ofs_y = 0},
    {.bitmap_index = 53902, .adv_w = 256, .box_w = 14, .box_h = 15, .ofs_x = 1, .ofs_y = -2},
    {.bitmap_index = 54112, .adv_w = 256, .box_w = 14, .box_h = 11, .ofs_x = 1, .ofs_y = 1},
    {.bitmap_index = 54266, .adv_w = 256, .box_w = 14, .box_h = 14, .ofs_x = 1, .ofs_y = -1},
    {.bitmap_index = 54462, .adv_w = 256, .box_w = 13, .box_h = 16, .ofs_x = 1, .ofs_y = -2},
    {.bitmap_index = 54670, .adv_w = 256, .box_w = 13, .box_h = 15, .ofs_x = 1, .ofs_y = -1},
    {.bitmap_index = 54865, .adv_w = 256, .box_w = 15, .box_h = 16, .ofs_x = 1, .ofs_y = -2},
    {.bitmap_index = 55105, .adv_w = 256, .box_w = 15, .box_h = 16, .ofs_x = 1, .ofs_y = -2},
    {.bitmap_index = 55345, .adv_w = 256, .box_w = 15, .box_h = 15, .ofs_x = 1, .ofs_y = -1},
    {.bitmap_index = 55570, .adv_w = 256, .box_w = 15, .box_h = 15, .ofs_x = 1, .ofs_y = -1},
    {.bitmap_index = 55795, .adv_w = 256, .box_w = 15, .box_h = 15, .ofs_x = 1, .ofs_y = -1},
    {.bitmap_index = 56020, .adv_w = 256, .box_w = 15, .box_h = 15, .ofs_x = 1, .ofs_y = -1},
    {.bitmap_index = 56245, .adv_w = 256, .box_w = 15, .box_h = 15, .ofs_x = 1, .ofs_y = -1},
    {.bitmap_index = 56470, .adv_w = 256, .box_w = 13, .box_h = 16, .ofs_x = 1, .ofs_y = -2},
    {.bitmap_index = 56678, .adv_w = 256, .box_w = 13, .box_h = 16, .ofs_x = 1, .ofs_y = -2},
    {.bitmap_index = 56886, .adv_w = 256, .box_w = 13, .box_h = 16, .ofs_x = 1, .ofs_y = -2},
    {.bitmap_index = 57094, .adv_w = 256, .box_w = 13, .box_h = 15, .ofs_x = 1, .ofs_y = -1},
    {.bitmap_index = 57289, .adv_w = 256, .box_w = 13, .box_h = 15, .ofs_x = 1, .ofs_y = -1},
    {.bitmap_index = 57484, .adv_w = 256, .box_w = 14, .box_h = 14, .ofs_x = 1, .ofs_y = 0},
    {.bitmap_index = 57680, .adv_w = 256, .box_w = 14, .box_h = 15, .ofs_x = 1, .ofs_y = -1},
    {.bitmap_index = 57890, .adv_w = 256, .box_w = 16, .box_h = 16, .ofs_x = 0, .ofs_y = -2},
    {.bitmap_index = 58146, .adv_w = 256, .box_w = 16, .box_h = 16, .ofs_x = 0, .ofs_y = -2},
    {.bitmap_index = 58402, .adv_w = 256, .box_w = 16, .box_h = 15, .ofs_x = 0, .ofs_y = -1},
    {.bitmap_index = 58642, .adv_w = 256, .box_w = 14, .box_h = 16, .ofs_x = 1, .ofs_y = -2},
    {.bitmap_index = 58866, .adv_w = 256, .box_w = 14, .box_h = 14, .ofs_x = 1, .ofs_y = 0},
    {.bitmap_index = 59062, .adv_w = 256, .box_w = 13, .box_h = 16, .ofs_x = 1, .ofs_y = -2}
};

/*---------------------
 *  CHARACTER MAPPING
 *--------------------*/

static const uint8_t glyph_id_ofs_list_0[] = {
    0, 0, 0, 1, 0, 2, 0, 0,
    3, 4, 0, 5, 6, 7, 8, 9,
    10, 11, 12, 13, 14, 15, 16, 17,
    18, 19, 20, 21, 0, 22, 0, 0,
    23, 24, 25, 26, 27, 28, 29, 30,
    31, 32, 33, 34, 35, 36, 37, 38,
    39, 40, 41, 42, 43, 44, 45, 46,
    47, 48, 49, 50, 0, 51, 0, 52
};

static const uint16_t unicode_list_2[] = {
    0x0, 0x2, 0x3b, 0x2087, 0x253a, 0x2544, 0xab84, 0xab88,
    0xab96, 0xaba0, 0xabf4, 0xac04, 0xac10, 0xac2d, 0xac34, 0xac41,
    0xac48, 0xac64, 0xac79, 0xac80, 0xac88, 0xacd4, 0xacf0, 0xad10,
    0xad64, 0xad7c, 0xad80, 0xad84, 0xadb4, 0xadd0, 0xae40, 0xb01c,
    0xb024, 0xb038, 0xb08c, 0xb0a8, 0xb0fc, 0xb188, 0xb1f8, 0xb214,
    0xb218, 0xb229, 0xb24c, 0xb24d, 0xb268, 0xb26c, 0xb284, 0xb2d8,
    0xb2f4, 0xb348, 0xb35d, 0xb39c, 0xb3ac, 0xb3ad, 0xb3d4, 0xb3e4,
    0xb44c, 0xb460, 0xb464, 0xb498, 0xb4b4, 0xb4d0, 0xb524, 0xb594,
    0xb700, 0xb71c, 0xb770, 0xb780, 0xb78c, 0xb7a9, 0xb7e0, 0xb7e1,
    0xb850, 0xb86c, 0xb8dc, 0xb8f8, 0xb900, 0xb930, 0xb94c, 0xb950,
    0xb968, 0xb9bc, 0xb9c0, 0xb9d8, 0xb9f8, 0xba09, 0xba2c, 0xba2d,
    0xbab8, 0xbb44, 0xbb7c, 0xbb84, 0xbb98, 0xbb9c, 0xbbad, 0xbbb4,
    0xbbb5, 0xbc08, 0xbc0c, 0xbc18, 0xbc24, 0xbc44, 0xbc78, 0xbc79,
    0xbd04, 0xbd08, 0xbd1d, 0xbd90, 0xbdc8, 0xc030, 0xc031, 0xc045,
    0xc04c, 0xc04d, 0xc05c, 0xc0a0, 0xc0a1, 0xc0a4, 0xc0a8, 0xc0b5,
    0xc0bc, 0xc0c0, 0xc110, 0xc111, 0xc125, 0xc19c, 0xc1a0, 0xc228,
    0xc239, 0xc260, 0xc261, 0xc264, 0xc268, 0xc270, 0xc27c, 0xc2ec,
    0xc4ad, 0xc4c8, 0xc4cc, 0xc4ce, 0xc4d9, 0xc4e4, 0xc538, 0xc549,
    0xc54a, 0xc554, 0xc574, 0xc578, 0xc5a8, 0xc5ac, 0xc5c4, 0xc5c8,
    0xc618, 0xc62d, 0xc634, 0xc638, 0xc654, 0xc688, 0xc6c0, 0xc6c4,
    0xc6c8, 0xc6d0, 0xc6f8, 0xc6fc, 0xc700, 0xc701, 0xc709, 0xc70c,
    0xc714, 0xc715, 0xc729, 0xc730, 0xc784, 0xc785, 0xc788, 0xc794,
    0xc799, 0xc7a0, 0xc7f4, 0xc880, 0xc884, 0xc895, 0xc90c, 0xc944,
    0xc948, 0xc954, 0xc955, 0xc960, 0xc9d0, 0xcbac, 0xcbc8, 0xcc1c,
    0xcc20, 0xcc31, 0xcc38, 0xcc8c, 0xcce0, 0xcd18, 0xcd19, 0xcda4,
    0xcda5, 0xcddc, 0xcded, 0xcdf8, 0xce14, 0xce18, 0xce68, 0xce84,
    0xcea0, 0xced8, 0xcf64, 0xcff0, 0xd028, 0xd044, 0xd054, 0xd060,
    0xd061, 0xd071, 0xd0b4, 0xd0d0, 0xd0e0, 0xd124, 0xd139, 0xd1b0,
    0xd23c, 0xd240, 0xd274, 0xd289, 0xd290, 0xd2ac, 0xd300, 0xd31c,
    0xd34d, 0xd370, 0xd3e0, 0xd3fc, 0xd488, 0xd490, 0xd4c0, 0xd4c8,
    0xd4dc, 0xd4dd, 0xd4e0, 0xd4e4, 0xd4ec, 0xd4ed, 0xd4f1, 0xd4f8,
    0xd54c, 0xd568, 0xd588, 0xd599, 0xd5bc, 0xd5cc, 0xd5d8, 0xd5d9,
    0xd5dc, 0xd648, 0xd6d4, 0xd70c
};

/*Collect the unicode lists and glyph_id offsets*/
static const lv_font_fmt_txt_cmap_t cmaps[] =
{
    {
        .range_start = 32, .range_length = 64, .glyph_id_start = 1,
        .unicode_list = NULL, .glyph_id_ofs_list = glyph_id_ofs_list_0, .list_length = 64, .type = LV_FONT_FMT_TXT_CMAP_FORMAT0_FULL
    },
    {
        .range_start = 97, .range_length = 26, .glyph_id_start = 54,
        .unicode_list = NULL, .glyph_id_ofs_list = NULL, .list_length = 0, .type = LV_FONT_FMT_TXT_CMAP_FORMAT0_TINY
    },
    {
        .range_start = 124, .range_length = 55053, .glyph_id_start = 80,
        .unicode_list = unicode_list_2, .glyph_id_ofs_list = NULL, .list_length = 260, .type = LV_FONT_FMT_TXT_CMAP_SPARSE_TINY
    }
};



/*--------------------
 *  ALL CUSTOM DATA
 *--------------------*/

#if LVGL_VERSION_MAJOR == 8
/*Store all the custom data of the font*/
static  lv_font_fmt_txt_glyph_cache_t cache;
#endif

#if LVGL_VERSION_MAJOR >= 8
static const lv_font_fmt_txt_dsc_t font_dsc = {
#else
static lv_font_fmt_txt_dsc_t font_dsc = {
#endif
    .glyph_bitmap = glyph_bitmap,
    .glyph_dsc = glyph_dsc,
    .cmaps = cmaps,
    .kern_dsc = NULL,
    .kern_scale = 0,
    .cmap_num = 3,
    .bpp = 8,
    .kern_classes = 0,
    .bitmap_format = 0,
#if LVGL_VERSION_MAJOR == 8
    .cache = &cache
#endif

};



/*-----------------
 *  PUBLIC FONT
 *----------------*/

/*Initialize a public general font descriptor*/
#if LVGL_VERSION_MAJOR >= 8
const lv_font_t korean_16 = {
#else
lv_font_t korean_16 = {
#endif
    .get_glyph_dsc = lv_font_get_glyph_dsc_fmt_txt,    /*Function pointer to get glyph's data*/
    .get_glyph_bitmap = lv_font_get_bitmap_fmt_txt,    /*Function pointer to get glyph's bitmap*/
    .line_height = 19,          /*The maximum line height required by the font*/
    .base_line = 4,             /*Baseline measured from the bottom of the line*/
#if !(LVGL_VERSION_MAJOR == 6 && LVGL_VERSION_MINOR == 0)
    .subpx = LV_FONT_SUBPX_NONE,
#endif
#if LV_VERSION_CHECK(7, 4, 0) || LVGL_VERSION_MAJOR >= 8
    .underline_position = -3,
    .underline_thickness = 1,
#endif
  
    .dsc = &font_dsc,          /*The custom font data. Will be accessed by `get_glyph_bitmap/dsc` */
#if LV_VERSION_CHECK(8, 2, 0) || LVGL_VERSION_MAJOR >= 9
    .fallback = NULL,
#endif
    .user_data = NULL,
};



#endif /*#if KOREAN_16*/
